PSA_Id,Domain,English,Kiswahili,Dholuo,Kiswahili_accurate,Dholuo_accurate,Reviewer_comments,Corrected_Dholuo,Corrected_Kiswahili
828,Health,"Nairobi, Kajiado, Machakos, Kiambu & Nakuru counties are individually and collectively declared a disease infected area. There shall be a cessation of movement by road, rail, air in to & out of these areas effective midnight","Kaunti za Nairobi, Kajiado, Machakos, Kiambu na Nakuru zimetangazwa kuwa eneo lililoathiriwa na magonjwa moja moja na kwa pamoja. Kutakuwa na kusimamishwa kwa usafiri kwa barabara, reli, hewa kuingia na kutoka katika maeneo haya kuanzia saa sita usiku.","Kaunti mag Nairobi, Kajiado, Machakos, Kiambu kod Nakuru, ka ng'ato ka ng'ato kuomgi, kod ka gin kanyachiel, oseyudo ni gin kuonde ma tuwono landoree. Dhano ok nyal wuotho e nderni, e gach reru, kata e ndege ka gidonjo kata ka gia e alworago chakre sa auchiel otieno",Yes,No,Corrected verb form and improved natural fluency.,Luok lweti kinde duto.,
3392,Agriculture,Protect your sunflower from termites by practicing timely weeding.,Linda alizeti yako dhidi ya mchwa kwa kupalilia kwa wakati.,Rit maua mari mar chieng' mondo kik oyud winyo kuom timo puonjruok mar ng'ado yien e kinde mowinjore.,Yes,Yes,,,
2919,Health,COVID-19 Outbreak in Kenya Daily report SITREP-131 26-Jul-2020,Mlipuko wa COVID-19 nchini Kenya Ripoti ya kila siku SITREP-131 26-Jul-2020,Tuwo mar COVID-19 e piny Kenya Ripot ma pile pile mar SITREP-131 tarik 26 dwe mar Jula-2020,Yes,Yes,,,
4075,Education,Any inadequate sanitation facilities affecting learners at special needs unit should be raised during exam preparation discussions.,vyoo visivyotosha yoyote inayoathiri wanafunzi katika kitengo cha mahitaji maalum inapaswa kuibuliwa wakati wa majadiliano ya maandalizi ya mtihani.,Gimoro amora ma ok oromo mar rito ler ma mulo jopuonjre e unit mar dwaro makende onego oketgi e kinde ma itimo mbaka mag ikruok mar penj.,Yes,Yes,,,
3813,Education,"As part of improving day secondary school, parents are asked to support keeping a study timetable at home.","Kama sehemu ya kuboresha shule ya upili ya kutwa, wazazi wanaombwa kusaidia kuweka ratiba ya masomo nyumbani.","Kaka achiel kuom yore mag bero skul mar sekondari mar odiechieng', ikwayo jonyuol mondo ochung' ne keto chenro mar somo e ot.",Yes,No,Improved grammatical agreement.,...,
2008,Security & Safety,Be wary of strangers offering unsolicited help with ATMs or banking.,Kuwa mwangalifu na wageni wanaotoa msaada usioombwa na ATM au benki.,Tang' gi joma ok ing'eyo ma nyalo konyi tiyo gi gige pesa kata gige bengi.,Yes,Yes,,,
825,Health,"Coronavirus: A lockdown in Kenya is an option, but taxes won't be lifted","Virusi vya Korona: Kufungiwa nchini Kenya ni chaguo, lakini kodi hazitaondolewa","Coronavirus: Geng'o ji e piny Kenya en yiero, to osuru ok bi gol",Yes,Yes,,,
565,Education,Rift Valley Technical Training Institute leads in competency-based TVET.,Taasisi ya Mafunzo ya Ufundi ya Bonde la Ufa inaongoza katika TVET inayotegemea uwezo.,Rift Valley Technical Training Institute ema tayo e weche mag tiegruok gi tiegruok e okang' mamalo.,Yes,Yes,,,
3760,Agriculture,Combine improving drainage with proper spacing to boost your coffee yield.,Changanya kuboresha mifereji ya maji na nafasi sahihi ili kuongeza mavuno ya kahawa.,Riw bero yor pi kod keto thuolo mowinjore mondo omed kelo kahawa mari.,Yes,Yes,,,
1908,Security & Safety,"""If you receive an email asking you to verify your bank account, dont click it's phishing. Report to the DCI Cybercrime Unit.""","""Ukipokea barua pepe inayokuomba uthibitishe akaunti yako ya benki, usibofye ni ulaghai. Ripoti kwa Kitengo cha Uhalifu wa Mtandaoni cha DCI.""","""Ka imiyo barua-pepe ma kwayo ni mondo ine ka in gi bengi, kik idwok e wi wachno.",Yes,No,"Truncated -- drops ""Report to the DCI Cybercrime Unit.""","""Ka iyudo barua-pepe makwayo mondo iyie gi akaunti mari mar bengi, kik idwok nikech en wuond. Chiw ripot ne DCI Cybercrime Unit.""",
1289,Agriculture,Adopt best practices in aquaculture (fish farming) for species like catfish to maximize yields and profitability sustainably.,Tumia mbinu bora katika ufugaji samaki (ufugaji samaki) kwa spishi kama vile samaki aina ya kambare ili kuongeza mavuno na faida endelevu.,Bed gi timbe mabeyo mag pidho rech mag pi (pith) mondo omi rech obed gi nyak maber.,Yes,Yes,,,
4807,Governance,Join youth empowerment forums this month to learn how to access national ID replacement and report delayed government services.,Jiunge na mabaraza ya uwezeshaji wa vijana mwezi huu kujifunza jinsi ya kupata ubadilishaji wa kitambulisho cha taifa na kuripoti huduma za serikali kuchelewa.,Inyalo donjo e forum mag chiwo teko ne joma tindo e dwe ni mondo ing'e kaka inyalo yudo oboke mar ID mar piny kendo igoyo ripot mar tije mag sirkal ma osebedo ka okadho.,Yes,Yes,,,
2370,Security & Safety,Report environmental violations and support community advocacy for natural resource protection.,Ripoti ukiukwaji wa mazingira na uunge mkono utetezi wa jamii kwa ajili ya ulinzi wa maliasili.,Riw ripot kuom ketho alwora kendo riwo lwedo riwruok mar oganda ma kedo ne ritruok mar mwandu mag piny.,Yes,Yes,,,
3565,Agriculture,Combine mulching early with proper spacing to boost your groundnuts yield.,Changanya kufunika udongo mapema na nafasi sahihi ili kuongeza mavuno ya karanga.,Kod ng'ado lum mapiyo ka iketo thuolo mowinjore mondo imed ng'iewo lum mari.,Yes,Yes,,,
1985,Security & Safety,Be aware of common scams like fake lottery winnings or inheritance claims.,Kuwa mwangalifu kuhusu ulaghai wa kawaida kama vile ushindi bandia wa bahati nasibu au madai ya urithi.,Bed motang' gi timbe mag wuond kaka loso loso loso tuke mag loyo mich kuom hawi kata kawo mwandu.,Yes,Yes,,,
2115,Security & Safety,"NPS launched an online portal providing access to oversight reports, misconduct statistics, complaint status, and disciplinary actions.","NPS ilizindua lango la mtandaoni linalotoa ufikiaji wa ripoti za usimamizi, takwimu za utovu wa nidhamu, hali ya malalamiko, na hatua za kinidhamu.","NPS nochako chenro mar tiyo gi intanet mar yudo ripode mag jarit, weche mag timbe maricho, chal mar gik ma ji wacho, koda weche mag kum.",Yes,Yes,,,
1788,Security & Safety,Proper manure handling prevents disease. Compost before use and store away from water sources.,Utunzaji sahihi wa mbolea huzuia magonjwa. Mbolea kabla ya matumizi na uhifadhi mbali na vyanzo vya maji.,"Ka itiyo gi yien e yo makare, inyalo geng'o tuoche.",Yes,No,"Drops second sentence: ""Compost before use and store away from water sources.""",Tiyo gi yien e yo makare geng'o tuoche. Los yien kapok itiyo kode kendo kane mabor gi sokni mag pi.,
1280,Agriculture,"access especially by the smallholder farmers, and ... of relative agricultural economic growth and also shows the size of the agriculture market in Kenya.","upatikanaji hasa kwa wakulima wadogo, na ... wa ukuaji wa uchumi wa kilimo na pia unaonyesha ukubwa wa soko la kilimo nchini Kenya.",Yudo kod tiyo gi jopur matindo e timo tijno bende nyiso duong' mar chiro mar pith kod pur e piny ma Kenya.,Yes,Yes,,,
3218,Health,This could enable the spread of the outbreak to other districts.,Hii inaweza kuwezesha kuenea kwa mlipuko katika wilaya zingine.,Mano nyalo miyo tuwono olandre e distrikt mamoko.,Yes,Yes,,,
1746,Security & Safety,"Many children drown in open water sources. Parents should supervise kids near pools, rivers, and wells.","Watoto wengi huzama kwenye vyanzo vya maji vilivyo wazi. Wazazi wanapaswa kuwasimamia watoto karibu na madimbwi ya maji, mito, na visima.","Nyithindo mang'eny thoga e pi ma yudore e dho nam, kendo jonyuol onego orit nyithindgi machiegni gi yawo, aore, kod sokni.",Yes,Yes,,,
2029,Security & Safety,Verify identity of delivery personnel before allowing access to property.,Thibitisha utambulisho wa wafanyakazi wa usafirishaji kabla ya kuruhusu ufikiaji wa mali.,Non ane nying joma chiwo chiwo ka pok oyienegi donjo e ot.,Yes,Yes,,,
2283,Security & Safety,Kenya adopts updated UN and FATF sanctions lists targeting terrorism financing.,Kenya yapitisha orodha mpya za vikwazo vya Umoja wa Mataifa na FATF zinazolenga ufadhili wa ugaidi.,Kenya oyie gi list mar UN kod FATF mar chulo buche ma dwaro ni oti gi pesa e siro weche mag lweny.,Yes,Yes,,,
2981,Governance,"Corrigenda - Polling Stations for the 9th August, 2022 General Election","Corrigenda - Vituo vya Kupigia Kura kwa Uchaguzi Mkuu wa tarehe 9 Agosti, 2022",Oboke - Kuonde mag goyo ombulu mag tarik 9 dwe mar aboro higa mar 2022,Yes,Yes,,,
2924,Health,MINISTRY OF HEALTH KENYA COVID-19 IMMUNIZATION STATUS REPORT 13TH MAY 2022,RIPOTI YA HALI YA CHANJO YA WIZARA YA AFYA KENYA COVID-19 TAREHE 13 MEI 2022,RIPOT MAR CHALO MAR CHOTH TUO MAR CHOKO MAR TUDO MAR TUDO MAR KENYA TAR 13 MAR ABICH 2022,Yes,No,"Garbled/nonsensical -- repeated words (""TUDO MAR TUDO""), does not read as coherent Dholuo.",RIPOT MAR CHAL MAR CHANJO OSECHOPO MAR MINISTRI MAR THIETH KENYA COVID-19 TARIK 13 DWE MAR ABICH 2022,
3336,Agriculture,Vaccinate your goats against lumpy skin disease before the rainy season.,Chanja mbuzi yako dhidi ya ugonjwa wa ngozi ya uvimbe kabla ya msimu wa mvua.,Chiw ne dier mari chanjo mar geng'o tuoche mag dende ma lumpy kapok kinde koth ochopo.,Yes,Yes,,,
4430,Security & Safety,"In light of recent arson cases, residents are reminded to follow curfew regulations.","Kutokana na visa vya hivi karibuni vya uchomaji moto wa makusudi, wakazi wanakumbushwa kufuata kanuni za amri ya kutotoka nje.","Kaluwore gi kes mag wang'o mach mosekalo, iparo ne jodak mondo oluw chike mag kafiu.",Yes,Yes,,,
1741,Security & Safety,Children in areas like Northern Kenya face abduction and recruitment into armed groups. Security agencies must prioritize their safety.,Watoto katika maeneo kama Kaskazini mwa Kenya wanakabiliwa na utekaji nyara na kuajiriwa katika vikundi vyenye silaha. Mashirika ya usalama lazima yape kipaumbele usalama wao.,Nyithindo manie alwora kaka Northern Kenya yudo ka ikwalo kendo iketo e grube mag lweny.,Yes,No,"Drops second sentence: ""Security agencies must prioritize their safety.""",Nyithindo manie alworni kaka Kenya ma Nyandwat yudo ka ikwalo kendo idonjo e grube mag lweny. Migepe mag arita nyaka ket ritgi mokwongo.,
2979,Governance,"Names and Symbols of Persons of Independent Candidates Scheduled to Participate in the Commission Nominations for the General Election Scheduled to be held on 9th August, 2022","Majina na Alama za Watu Wagombea Huru Waliopangwa Kushiriki katika Uteuzi wa Tume kwa ajili ya Uchaguzi Mkuu Uliopangwa kufanyika tarehe 9 Agosti, 2022.",Nying' kod Ranyisi mag Ji mag Jotelo ma Ok Ochung' Motelo ma Oketi ni Bidhi e Okang' mar Ong'ado Nying' mag Komiti mar Yiero Maduong' ma Oketi ni otimre tarik 9 dwe mar aboro higa mar 2022,Yes,Yes,,,
690,Education,Train communities! Teach banditry prevention near schools.,Toa mafunzo kwa jamii! Fundisha kuzuia ujambazi karibu na shule.,Tieguru ji obed gi winjruok maber! Puonj ji kaka ginyalo geng'o jomecho machiegni gi skunde.,Yes,Yes,,,
4184,Health,Practice using treated mosquito nets to prevent the spread of disease in your household.,Fanya kutumia vyandarua vilivyotibiwa ili kuzuia kuenea kwa magonjwa nyumbani kwako.,Praktis tiyo kod mtoka ma nigi thieth mondo kik tuoche olandre e ot mari.,Yes,Yes,,,
4733,Security & Safety,Stay alert for updates on cybersecurity threats from official government channels.,Kaa macho kwa taarifa kuhusu vitisho vya usalama wa mtandao kutoka njia rasmi za serikali.,Bed gi ritruok kuom weche ma nyasani ewi luoro mag mbui mawuok e chanel mag sirkal.,Yes,Yes,,,
792,Health,Judges in all stations will in the meantime review the deserving cases already identified by Prisons authorities and issue appropriate revision orders in an effort to decongest the prisons. Magistrate Courts will also review bail terms for those in remand.,Majaji katika vituo vyote kwa wakati huo huo watapitia kesi zinazostahili ambazo tayari zimetambuliwa na mamlaka ya Magereza na kutoa amri zinazofaa za marekebisho katika juhudi za kupunguza msongamano wa magereza. Mahakama za Mahakimu pia zitapitia masharti ya dhamana kwa wale walio mahabusu.,Jong'ad bura e stesen duto biro nono weche mag joma owinjore ma jotelo mag jela oseyudo kendo biro chiwo chike mowinjore mag timo nonro e temo duoko chien pek mag joma nie jela. Kot mag Magistrate bende biro nono weche mag bond ne jogo ma ne nie remand.,Yes,Yes,,,
2228,Security & Safety,Advisories recommend avoiding large gatherings and taking caution during religious and cultural events due to elevated risks.,Ushauri unapendekeza kuepuka mikusanyiko mikubwa na kuchukua tahadhari wakati wa matukio ya kidini na kitamaduni kutokana na hatari kubwa.,Jotim nonro nyiso ni ber mondo kik ichokre e chokruoge madongo kendo iti gi rieko sama itimo chokruoge mag din kod kit ngima ji nikech nitie pek mang'eny.,Yes,Yes,,,
4005,Education,Enroll your child in vocational training college before the term begins.,Andikisha mtoto wako katika chuo cha mafunzo ya ufundi kabla ya muhula kuanza.,Ndik nying nyathini e kolej ma puonjo ji tich kapok term ochako.,Yes,Yes,,,
3695,Agriculture,Farmers growing coffee are advised to watch out for drought this season.,Wakulima wanaolima kahawa washauriwa kuchunga ukame msimu huu.,Jopur ma pidho kahawa ipuonjogi mondo gibed gi ritruok kuom oro e kindeni.,Yes,Yes,,,
3096,Health,"""The resilience demonstrated by counties during the funding disruptions proved that Kenya's HIV response is not built on donor support alone, it is anchored in committed healthcare workers, empowered communities, and strong county leadership.","""Ustahimilivu ulioonyeshwa na kaunti wakati wa kutatizwa kwa ufadhili ulithibitisha kuwa mwitikio wa VVU nchini Kenya hautegemei usaidizi wa wafadhili pekee, unaegemezwa na wafanyikazi wa afya waliojitolea, jamii zilizoimarishwa, na uongozi thabiti wa kaunti.","""Kinda ma ne onyis gi kaunti e kinde ma ne okethore gi pesa nonyiso ni dwoko mar HIV e piny Kenya ok ogere kuom kony mar jochiw kende, ochung'ne jotich mag thieth ma nigi gombo, oganda ma nigi teko, kod telo motegno mar kaunti.""",Yes,Yes,,,
4619,Security & Safety,Communities in flood-prone areas should prepare for lightning strikes this rainy season.,Jamii katika maeneo yanayokumbwa na mafuriko zijiandae kwa mapigo ya radi msimu huu wa mvua.,Jodak ma ni e kuonde ma pi mang'eny nyalo pong'o piny onego oikre ne yamo mager mabiro e kinde kothni.,Yes,Yes,,,
3717,Agriculture,Farmers growing cotton are advised to watch out for locusts this season.,Wakulima wanaolima pamba washauriwa kuchunga nzige msimu huu.,Jopur ma pidho pamba omiye rieko mondo kik giyud winyo e kindeni.,Yes,Yes,,,
2993,Governance,Suspension of continuous voter registration availability of the register of voters for verification,Kusitishwa kwa usajili endelevu wa upatikanaji wa daftari la wapigakura ili kuthibitishwa,Ochung' ne bedo ni rejista mar jogo ma goyo ombulu nitie mondo otim nonro,Yes,Yes,,,
3737,Agriculture,Vaccinate your pigs against rabies before the rainy season.,Chanja nguruwe yako dhidi ya kichaa cha mbwa kabla ya msimu wa mvua.,Chiw ng'ombe mari chanjo mar geng'o tuo mar rabies kapok kinde koth ochopo.,Yes,No,"""pigs"" mistranslated as ng'ombe (cattle).",Chiw anguro mari chanjo mar geng'o tuo mar rabies kapok kinde koth ochopo.,
4577,Security & Safety,Communities facing water contamination should follow fire safety precautions issued by county disaster teams.,Jamii zinazokabiliwa na uchafuzi wa maji zinapaswa kufuata tahadhari za usalama wa moto zilizotolewa na timu za maafa za kaunti.,Oganda maromo gi chilo mag pi onego oluw yore mag arita mar mach ma ogol gi jokanyo mag kaunti mag masira.,Yes,Yes,,,
428,Education,Maintain playgrounds safely 2021.,Tunza viwanja vya michezo kwa usalama mwaka 2021.,Rit maber kuonde tugo e higa mar 2021.,Yes,Yes,,,
2262,Security & Safety,Overview of updated United Kingdom counter terrorism laws including youth diversion and enhanced risk management tools.,Muhtasari wa sheria mpya za kukabiliana na ugaidi za Uingereza ikiwa ni pamoja na upotoshaji wa vijana na zana zilizoboreshwa za usimamizi wa hatari.,Weche ma ne otim e wi chike mag piny United Kingdom ma ne otigo e kedo gi timbe mahundu moriwo nyaka loko pach rowere kod yore mag loyo chandruoge.,Yes,Yes,,,
4072,Education,Teachers recommend combining time management with regular attendance to address bullying.,Walimu wanapendekeza kuchanganya usimamizi wa muda na mahudhurio ya mara kwa mara kushughulikia unyanyasaji.,Jopuonj golo paro ni mondo oriw rito thuolo kod bedo e chokruoge pile mondo ilos lweny mar anjao.,Yes,Yes,,,
3337,Agriculture,Protect your bananas from root rot by mulching early.,Linda ndizi yako dhidi ya kuoza kwa mizizi kwa kufunika udongo mapema.,Rit ng'injo mari mondo kik otur kuom ng'injogi mapiyo.,Yes,No,"""bananas"" mistranslated/garbled -- uses ng'injo (roots/termites), sentence structure confused.",Rit ndizi mari mondo kik oyud tuo mar ng'injo kuom umo lowo mapiyo.,
1496,Agriculture,Protect your agricultural innovations and new varieties by understanding Intellectual Property (IP) rights like patents and plant breeders' rights.,Linda uvumbuzi wako wa kilimo na aina mpya kwa kuelewa haki za Miliki Bunifu (IP) kama vile hati miliki na haki za wafugaji wa mimea.,Rit kit pur ma itiyogo gi lony e tijno kuom ng'eyo gik ma nyalo miyo ng'ato obed gi ratiro mar pidho dhok kod chamo cham.,Yes,Yes,,,
1585,Agriculture,"This publication describes climate-smart agriculture (CSA) case studies from around the world, showing how the approach is implemented to address challenges ...","Chapisho hili linaelezea tafiti za mifano ya kilimo kinachozingatia mabadiliko ya tabianchi (CSA) kutoka kote ulimwenguni, likionyesha jinsi mbinu hiyo inavyotekelezwa ili kushughulikia changamoto ...","Bukni lero kaka tij chwoyo gik moko e bwo chal mar kor lwasi (Climate Agriculture - CSA) en gima timore e piny mangima, kendo nyiso kaka otiyo gi yorno e nyagore gi pek ma ji yudo ka piny otimo kamano.",Yes,Yes,,,
3601,Agriculture,Protect your rice from coffee berry disease by improving drainage.,Linda mchele yako dhidi ya ugonjwa wa chungu wa kahawa kwa kuboresha mifereji ya maji.,Rit mzabibu mari mondo kik oyud tuoche mag berry mag kahawa kuom bero kaka pi nyalo ng'ado.,Yes,No,"""rice"" mistranslated as mzabibu (grapevine) -- known systemic crop-term error.",Rit mchele mari mondo kik oyud tuoche mag berry mag kahawa kuom bero kaka pi nyalo ng'ado.,
2056,Security & Safety,IMLU report on community policing committees in Narumoru (serving Nyeri and Nyandarua region),Ripoti ya IMLU kuhusu kamati za polisi jamii huko Narumoru (zinazohudumia mkoa wa Nyeri na Nyandarua),Ripot mar IMLU e wi komiti mag polise e Narumoru (ma tiyo ne alwora mar Nyeri kod Nyandarua),Yes,Yes,,,
3691,Agriculture,Visit your nearest agricultural office to learn about post-harvest storage.,Tembelea ofisi ya kilimo ya karibu kujifunza kuhusu uhifadhi baada ya mavuno.,Dhi e ofis man machiegni kodi mar pur mondo ing'e kaka inyalo kano mwandu bang' keyo cham.,Yes,Yes,,,
1465,Agriculture,"Many farmers rely on digital services, especially those delivered through platforms accessible via mobile phones, to access this information.","Wakulima wengi hutegemea huduma za kidijitali, hasa zile zinazotolewa kupitia mifumo inayopatikana kupitia simu za mkononi, ili kupata taarifa hii.","Mondo omi ging'e wachni, jopur mang'eny tiyo gi gik ma yudore e Intanet, to ahinya wuon gik ma yudore e Intanet.",Yes,Yes,,,
736,Education,Update safety standards 2022.,Sasisha viwango vya usalama 2022.,Lok chike mag rito ngima e higa mar 2022.,Yes,Yes,,,
193,Education,Enforce anti-corruption in education 2023.,Timiza kupambana na rushwa katika elimu 2023.,Tiuru gi yore mag kedo gi mibadhi e somo 2023.,Yes,Yes,,,
4715,Security & Safety,Communities facing building collapse risk should follow fire safety precautions issued by county disaster teams.,Jamii zinazokabiliwa na hatari ya kuporomoka kwa jengo zinapaswa kufuata tahadhari za usalama wa moto zilizotolewa na timu za maafa za kaunti.,Oganda maromo gi luoro mar ketruok mar udi onego oluw okenge mag arita mag mach moketi gi riwruoge mag masira mag kaunti.,Yes,Yes,,,
3040,Governance,Appointment of Returning and Deputy Returning Officers for purposes of the by–elections,Uteuzi wa Wasimamizi wa Uchaguzi na Naibu Wasimamizi wa Uchaguzi kwa madhumuni ya uchaguzi mdogo,Oketo jotelo ma ng'ado bura kod jotelo ma luwogi mondo otim yiero matin,Yes,Yes,,,
3404,Agriculture,Combine rotating crops with proper spacing to boost your millet yield.,Changanya kubadilisha mazao na nafasi sahihi ili kuongeza mavuno ya wimbi.,Kod cham ma ilokore gi thuolo mowinjore mondo omed cham mari mar ngano.,Yes,No,Crop-term error: millet mistranslated as ngano (wheat).,Kod cham ma ilokore gi thuolo mowinjore mondo omed cham mari mar kal.,
553,Education,Report bullying incidents immediately.,Ripoti matukio ya unyanyasaji mara moja.,"Ka nitie wach moro ma chandi, ler wachno mapiyo.",Yes,Yes,,,
1361,Agriculture,Efficient transportation gets your onions to market quickly and in good condition. Understand logistics options and cost considerations.,Usafiri mzuri husafirisha vitunguu vyako sokoni haraka na katika hali nzuri. Elewa chaguzi za vifaa na mambo ya kuzingatia kuhusu gharama.,"Ka itiyo gi yore ma ok rach e nyiewo adundo, to mano miyo ng'ato ong'iewo adundo mapiyo kendo e yo maber.",Yes,No,Onion translated with a different term than used elsewhere (otungu); also drops second sentence about logistics/cost considerations.,"Ka itiyo gi yore mowinjore mar wuoth, otungu mari nyalo chopo e chiro mapiyo kendo e yo maber. Ng'e yore mopogore mag tero gik moko kod gik midwaro paro kuom nengo.",
2560,Governance,"Accident Investigation and WIBA Processing When an accident occurs, and an employee is injured, the employer must report to DOSHS County offices within 24 hours if the accident is fatal, and within 7 days for non-fatal accidents.","Uchunguzi wa Ajali na Usindikaji wa WIBA Wakati ajali inatokea, na mfanyakazi akaumia, mwajiri lazima aripoti kwa ofisi za Kaunti ya DOSHS ndani ya saa 24 ikiwa ajali hiyo ni mbaya, na ndani ya siku 7 kwa ajali zisizo mbaya.","Nonro mar masich apaya kod chenro mar WIBA e kinde ma masich apaya otimore, kendo jatich oyudo hinyruok, jatelo onego ochiw ripot ne apise mar kaunti mar DOSHS motelo ne seche piero ariyo kod ang'wen ka masira no rach ahinya kendo motelo ne ndalo abiriyo ka masich apaya no ok lich ahinya.",Yes,Yes,,,
3613,Agriculture,Combine rotating crops with proper spacing to boost your beans yield.,Changanya kubadilisha mazao na nafasi sahihi ili kuongeza mavuno ya maharagwe.,Kod cham ma ilokore gi thuolo mowinjore mondo omed cham mari mar beans.,Yes,Yes,,,
1994,Security & Safety,Every Kenyan must join the fight against corruption.Uuphold our dignity and justice.,Kila Mkenya lazima ajiunge na vita dhidi ya ufisadi. Tulinde utu na haki yetu.,Ji duto manie piny Kenya nyaka riwre e kedo gi mibadhi. Rituru duong' kod timbewa makare.,Yes,Yes,,,
4944,Governance,"To reduce nepotism in hiring, the county is expanding access to business permit applications this year.","Ili kupunguza upendeleo katika uajiri, kaunti inapanua upatikanaji wa maombi ya leseni za biashara mwaka huu.","Mondo ogeng' ng'anjo mar jowetegi e ng'ado tich, kaunti medo ng'ado bura kuom kwayo mag oboke mar timo ohala e higa ni.",Yes,Yes,,,
1146,Health,Announcement of multi-sector collaboration to support school nutrition and small-scale dairy livelihoods through public procurement.,Tangazo la ushirikiano wa sekta mbalimbali ili kusaidia lishe shuleni na riziki ndogo za maziwa kupitia ununuzi wa umma.,Lando mar tudruok e kind migepe mopogore opogore mondo okony chiemo e skunde kod yore mag dak mar joma tiyo gi chak e okang' matin kokalo kuom chenro mar ng'iewo gik moko.,Yes,Yes,,,
1949,Security & Safety,Teach children how to call for help in emergencies (999 or 112).,Wafundishe watoto jinsi ya kupiga simu kuomba msaada katika dharura (999 au 112).,Puonj nyithindo kaka ginyalo kwayo kony e kinde mag chandruok (999 kata 112).,Yes,Yes,,,
3621,Agriculture,Farmers growing bananas are advised to watch out for root rot this season.,Wakulima wanaolima ndizi washauriwa kuchunga kuoza kwa mizizi msimu huu.,Jopur ma pidho ng'ombe ipuonjogi mondo gibed gi ritruok kuom ng'injo mag ng'injo e kindeni.,Yes,No,"""bananas"" mistranslated as ng'ombe (cattle).",Jopur mapidho ndizi ipuonjogi mondo gibed gi ritruok kuom tuoche mag ng'injo e kindeni.,
3428,Agriculture,Ask your extension officer for guidance on beekeeping before the next planting season.,Muulize afisa ugani kuhusu ufugaji nyuki kabla ya msimu ujao wa kupanda.,Kwa apisa mari ma rito gik moko mondo omiyi yore mag rito kich kapok kinde mar pidho mabiro ochopo.,Yes,Yes,,,
4562,Security & Safety,"In light of recent theft cases, residents are reminded to follow curfew regulations.","Kutokana na visa vya hivi karibuni vya wizi, wakazi wanakumbushwa kufuata kanuni za amri ya kutotoka nje.","Kaluwore gi kes mag kuo ma osetimore machiegni, iparo ne jodak mondo oluw chike mag kafiu.",Yes,Yes,Correction to earlier review: this row's Dholuo is accurate for its own English text (theft). It was only flagged because the same wording is reused for a different row (armed robbery) elsewhere in the full dataset -- that other row isn't in this subset.,,
1322,Agriculture,"Both pets and babies use begging and finicky eating habits to control what they are given, in a push-pull relationship. Day and his ...","Wanyama kipenzi na watoto wachanga hutumia tabia za kuombaomba na kula kwa njia finyu ili kudhibiti kile wanachopewa, katika uhusiano wa kusukumana. Siku na ...","Le koda nyithindo bende tiyo gi yoo mar kwecho kod ng'weyo ma en timgi mar chamo chiemo mondo gikaw okang' mar chiko gik ma imiyogi, e kindgi.",Yes,Yes,,,
2649,Governance,Ministry of Water encourages citizens to report any incidents of corruption to official government portal.,Wizara ya Maji inawahimiza raia kuripoti matukio yoyote ya ufisadi kwenye lango rasmi la serikali.,Apis mar pi jiwo raia mondo oland weche duto mag mibadhi e websait mar sirkal.,Yes,Yes,,,
2232,Security & Safety,Kenya hosts regional training to strengthen capacity in combating terrorism financing with participation from experts across Africa.,Kenya inaandaa mafunzo ya kikanda ili kuimarisha uwezo katika kupambana na ufadhili wa ugaidi kwa kushirikisha wataalamu kote Afrika.,Kenya timo tiegruok e pinje mag Afrika mondo omed jiwo nyalo mar kedo gi pesa ma itiyogo e chulo tuke mag mahundu.,Yes,Yes,,,
858,Health,Rising temperatures elevate the risk to Nairobi's malaria-free status,Kuongezeka kwa joto huongeza hatari ya kutokuwepo kwa malaria jijini Nairobi,Medruok mar liet miyo Nairobi bedo kama tuwo mar malaria ok yudie,Yes,Yes,,,
4143,Health,Parents should watch for high blood pressure in children and seek HIV testing promptly.,Wazazi wanapaswa kuchunga shinikizo la damu kwa watoto na kutafuta upimaji wa VVU haraka.,Jonyuol onego orit ka be nyithindgi nigi presa mamalo mar remo kendo onego otimnegi pim mar HIV mapiyo.,Yes,Yes,,,
2652,Governance,Citizens are reminded to remain vigilant about before the election deadline.,Wananchi wanakumbushwa kuwa macho kuhusu kabla ya tarehe ya mwisho ya uchaguzi.,Jopiny ijiwo mondo obed motang'kuom motelo ne yiero.,Yes,Yes,,,
1202,Health,Public communication campaign across radio and TV networks during national mental health month.,Kampeni ya mawasiliano ya umma katika mitandao ya redio na televisheni wakati wa mwezi wa kitaifa wa afya ya akili.,Kampen mar tudruok gi oganda e redio kod TV e dwe mar thieth mar paro.,Yes,Yes,,,
4096,Health,Talk to a health worker about elderly care to protect your family's health.,Zungumza na mhudumu wa afya kuhusu utunzaji wa wazee ili kulinda afya ya familia yako.,Wuo gi jatich mar thieth kuom rito jogo mahikgi oniang' mondo orit ngima mar joodu.,Yes,Yes,,,
4330,Health,Outbreaks of typhoid are prevented through using treated mosquito nets and timely immunization services.,Milipuko ya homa ya matumbo huzuiwa kupitia kutumia vyandarua vilivyotibiwa na huduma za chanjo kwa wakati.,Gigeng'o tuoche mag typhoid kokalo kuom tiyo kod gik ma osetimnegi thieth kod chiwo thieth e kinde mowinjore.,Yes,Yes,,,
5054,Governance,You can now apply for tax compliance certificates online through the eCitizen portal.,Sasa unaweza kuomba vyeti vya ufuasi wa kodi mtandaoni kupitia mfumo wa eCitizen.,Koro inyalo ndiko kwayo mar oboke mag luwo chike mag osuru mbui kokalo e mbui mar eCitizen.,Yes,Yes,,,
3667,Agriculture,Keep your goats healthy by monitoring for signs of lumpy skin disease.,Weka mbuzi wako na afya kwa kuchunguza dalili za ugonjwa wa ngozi ya uvimbe.,Ket dier mari obed gi ngima maber kuom luwo ranyisi mag tuo mar del ma opong' gi lumpy.,Yes,Yes,,,
2331,Security & Safety,Terror threats remain high; avoid high‑profile crowded areas.,Vitisho vya ugaidi vinabaki juu; epuka maeneo yenye msongamano mkubwa.,"Kata kamano, nitie gik ma nyalo miyo ji obed gi luoro mang'eny.",Yes,No,"Meaning drift -- rephrases into a vague generic statement, drops the specific instruction ""avoid high-profile crowded areas.""",Siem mag lweny pod nigi teko; tang' gi kuonde ma ji ochokore mang'eny kata ma nigi paro mang'eny.,
1960,Security & Safety,"Emergency contacts are: Police (999), Ambulance (911), Fire (990).","Watu wa dharura wanaowasiliana nao ni: Polisi (999), Ambulensi (911), Zimamoto (990).","Joma nyalo konyi e masira gin: Polise (999), Ambulance (911), Mach (990).",Yes,Yes,,,
417,Education,Learn ethics! Include anti-corruption in school curricula.,Jifunze maadili! Jumuisha kupambana na rushwa katika mitaala ya shule.,Puonjri timbe mabeyo! Ket weche mag kedo gi mibadhi obed achiel kuom gik ma ipuonjo e skul.,Yes,Yes,,,
3358,Agriculture,Ask your extension officer for guidance on agroforestry before the next planting season.,Muulize afisa ugani kuhusu kilimo mseto kabla ya msimu ujao wa kupanda.,Kwa apisa mari ma rito gik moko mondo omiyi yore mag ng'ado yien kapok kinde mar pidho yien mabiro ochopo.,Yes,Yes,,,
2053,Security & Safety,KIPPRA analysis of community policing reforms,Uchambuzi wa KIPPRA wa mageuzi ya polisi jamii,Nonro mar KIPPRA mar lokruok e weche mag polise e kind oganda,Yes,Yes,,,
700,Education,Train on inclusive teaching 2023.,Mafunzo kuhusu ufundishaji jumuishi 2023.,Tieguru ji mondo opuonjre e higa mar 2023.,Yes,Yes,,,
3193,Health,Catherine Kemuto had no warning when the floodwaters came.,Catherine Kemuto hakuwa na onyo wakati mafuriko yalipokuja.,Catherine Kemuto ne onge kod siem kane pi momolne obiro.,Yes,Yes,,,
32,Education,All can learn! Use braille and ramps for disabled students.,Wote wanaweza kujifunza! Tumia braille na ramps kwa wanafunzi walemavu.,Ji duto nyalo puonjore! Ti gi Braille kod kuonde ma nyithindo nyalo kaloe.,Yes,Yes,,,
563,Education,Resolve conflicts peacefully! Report grievances to school boards.,Tatua migogoro kwa amani! Ripoti malalamiko kwa bodi za shule.,"Tiuru gi Yore mag Loso Kuwe! Ka nitie wach moro ma chando chunyi, wuo gi jodong-skunde.",Yes,Yes,,,
1849,Security & Safety,"""Public notice: DCI has shut down a fraudulent real estate company operating under multiple names in Kiambu. Always perform a search at the Lands Ministry.""","""Taarifa kwa umma: DCI imefunga kampuni ya ulaghai ya mali isiyohamishika inayofanya kazi kwa majina mengi huko Kiambu. Daima fanya utafutaji katika Wizara ya Ardhi.""",DCI osemako jomatimo ohand lowo e yo morochore kiambu,Yes,No,"Severely truncated -- most content (fraud details, advice to search Lands Ministry) missing. Known from prior QA pass.","Wach ne oganda: DCI osego kampuni mar wuond mar lowo motiyo gi nying' mopogore e Kiambu. Kinde duto, tim nonro e Ministry mar Lowo kapok ing'iewo lowo.",
3191,Health,"This initiative has been spearheaded by WHO in the African region and is the result of an innovative partnership with WHS and Aga Khan University, Kenya.","Mpango huu umeongozwa na WHO katika kanda ya Afrika na ni matokeo ya ushirikiano wa kibunifu na WHS na Chuo Kikuu cha Aga Khan, Kenya.","Chenro ni osetelne gi WHO e ong'om mag Afrika kendo en duoko mar riwruok manyien gi WHS kod Yunivasiti mar Aga Khan, Kenya.",Yes,Yes,,,
3052,Governance,Appointment of RO and DRO for the purpose of the by-election for Batalu CAW,Uteuzi wa RO na DRO kwa madhumuni ya uchaguzi mdogo wa Batalu CAW,Oketo RO kod DRO mondo otim yiero matin mar Batalu CAW,Yes,Yes,,,
2420,Security & Safety,Reduce speeds near schools during opening and closing hours.,Punguza kasi karibu na shule wakati wa saa za kufungua na kufunga.,Med dhi machiegni gi skul e seche mag yawo koda mag loko.,Yes,Yes,,,
4497,Security & Safety,Communities facing fire outbreaks should follow road safety guidelines issued by county disaster teams.,Jamii zinazokabiliwa na milipuko ya moto zinapaswa kufuata miongozo ya usalama barabarani zilizotolewa na timu za maafa za kaunti.,Oganda maromo gi midhiero mag mach onego oluw chike mag arita mag yore ogol gi riwruoge mag masira mag kaunti.,Yes,Yes,,,
2151,Security & Safety,"Government issued updates on North Rift anti-banditry operations, including arrests and livestock recovery, urging public cooperation.","Serikali ilitoa taarifa mpya kuhusu shughuli za kupambana na ujambazi za North Rift, ikiwa ni pamoja na kukamatwa na kurejeshwa kwa mifugo, ikihimiza ushirikiano wa umma.","Sirkal ne ogolo weche manyien e wi tij lweny ma ne itimo e North Rift, moriwo nyaka twech kod choko jamni, kendo ne ojiwo ji mondo oti kanyachiel.",Yes,Yes,,,
4339,Health,Combine exclusive breastfeeding for six months with regular child growth monitoring visits to stay healthy all year round.,Changanya kunyonyesha maziwa ya mama pekee kwa miezi sita na ziara za mara kwa mara za ufuatiliaji wa ukuaji wa mtoto ili kuwa na afya mwaka mzima.,Kod chiwo thuno makende kuom dweche auchiel kod limo ma pile ka pile mar luwo dongruok mar nyathi mondo obed gi ngima maber e higa duto.,Yes,Yes,,,
1681,Security & Safety,"Educational institutions must implement prevention programs that address harassment, assault, and exploitation in learning environments.","Taasisi za elimu lazima zitekeleze programu za kuzuia zinazoshughulikia unyanyasaji, unyanyasaji, na unyonyaji katika mazingira ya kujifunzia.","Skunde mag somo nyaka ket chenro mag geng'o chandruok, timbe mahundu, kod tiyo gi mwandu marach e kuonde tiegruok.",Yes,Yes,,,
1137,Health,Blue band kicks off the campaign in Nairobi. Campaign aims at promoting good nutrition,Bendi ya Bluu yaanza kampeni jijini Nairobi. Kampeni inalenga kukuza lishe bora,Blue band chako kampen e Nairobi. Kampenno dwaro jiwo wach chiemo maber,Yes,Yes,,,
354,Education,Inclusive CBC exams: Braille & sign language papers ready – collect from KNEC!,"Mitihani ya CBC jumuishi: Karatasi za Braille na lugha ya ishara tayari ""kukusanywa kutoka KNEC!",Nonro mag CBC: Barupe mag Braille kod dhok mar ranyisi oikore mar kawo e KNEC!,Yes,Yes,,,
3763,Agriculture,Combine planting drought-resistant varieties with proper spacing to boost your maize yield.,Changanya kupanda aina zinazostahimili ukame na nafasi sahihi ili kuongeza mavuno ya mahindi.,Riw pidho kit cham ma ok nyal geng'o oro kod thuolo mowinjore mondo omed cham mari mar cham.,Yes,Yes,,,
2220,Security & Safety,Training delivered to Anti Terrorism Police Unit officers to strengthen ideological awareness and operational skills under the national CVE framework.,Mafunzo yametolewa kwa maafisa wa Kitengo cha Polisi cha Kupambana na Ugaidi ili kuimarisha ufahamu wa kiitikadi na ujuzi wa uendeshaji chini ya mfumo wa kitaifa wa CVE.,Tiegruok ma ne omi jotelo mag polis ma kedo gi timbe mahundu mondo omed jiwo paro kod lony e weche mag tich e bwo chenro mar piny mangima mar CVE.,Yes,Yes,,,
1273,Agriculture,AATF is looking for a consultant to develop and deploy a contemporary knowledge management hub that will enhance internal and external information sharing ...,AATF inatafuta mshauri wa kutengeneza na kupeleka kitovu cha kisasa cha usimamizi wa maarifa ambacho kitaboresha ushiriki wa taarifa za ndani na nje ...,AATF manyo jatelo manyalo chako kendo loso chenro mar tiego ji e weche mag tiegruok mabiro miyo weche mag tiegruok mag piny koda mag pinje obed maber.,Yes,Yes,,,
5074,Governance,Citizens are encouraged to join youth empowerment forums organised by the county government.,Wananchi wanahimizwa kujiunga na mabaraza ya uwezeshaji wa vijana zinazoandaliwa na serikali ya kaunti.,Jodak jiwo mondo odonj e chokruoge mag chiwo teko ne joma tindo ma sirkal mar kaunti oloso.,Yes,Yes,,,
2103,Security & Safety,"A court verdict held a police sergeant accountable in a fatal shooting case, setting precedent for misconduct prosecutions.","Uamuzi wa mahakama ulimfanya sajenti wa polisi kuwajibika katika kesi ya kupigwa risasi na kusababisha kifo, na kuweka mfano wa mashtaka ya utovu wa nidhamu.",Kot nong'ado bura ma nomiyo jatend polise odonjo e bura nikech ne oneg ng'ato ka ne onege. Mano nomiyo oter kesno e kot nikech timbe maricho.,Yes,Yes,,,
3633,Agriculture,Protect your tea from aphids by applying recommended pesticide.,Linda chai yako dhidi ya vidukari kwa kutumia dawa inayopendekezwa.,Rit chai mari mondo kik oyud aphids kuom tiyo kod yath ma ng'ato nyalo ng'ado mar nego yien.,Yes,Yes,,,
4190,Health,Health officials warn residents to watch for signs of measles this season.,Maafisa wa afya wanaonya wakazi kuchunga dalili za surua msimu huu.,Jotelo mag thieth onyiso jodak mondo orit ranyisi mag tuo mar ng'ut e kindeni.,Yes,No,Duplicate translation shared with another row (measles/pneumonia mix-up).,Jotelo mag thieth onyiso jodak mondo orit ranyisi mag tuo mar midusi e kindeni.,
3230,Health,The first cholera outbreak reported in 2017 was in Tana River County.,Mlipuko wa kwanza wa kipindupindu kuripotiwa mwaka wa 2017 ulikuwa katika Kaunti ya Tana River.,Tuwo mar kolera mokwongo mane oyudre e higa mar 2017 ne en e Kaunti mar Tana River.,Yes,Yes,,,
3353,Agriculture,Combine applying recommended pesticide with proper spacing to boost your groundnuts yield.,Changanya kutumia dawa inayopendekezwa na nafasi sahihi ili kuongeza mavuno ya karanga.,Kod tiyo kod yath mar ketho yien kod keto thuolo mowinjore mondo omed cham mar njugu mari.,Yes,Yes,,,
973,Health,Do not apply substances to the cord. Keep it dry and clean until it falls off naturally.,Usipake vitu kwenye kamba. Iweke kavu na safi hadi ianguke kiasili.,Kik iti gi gimoro amora e ng'ulo nanga. Ketgi kama otwo kendo gibed maler nyaka chop kama gipodho.,Yes,Yes,,,
2523,Governance,"Ethekon urged Kenyans to help rebuild trust in the new IEBC, assuring that the commission has strengthened accountability systems, including robust voter identification and result transmission technology.","Ethekon aliwasihi Wakenya kusaidia kujenga upya imani katika IEBC mpya, akihakikisha kwamba tume imeimarisha mifumo ya uwajibikaji, ikiwa ni pamoja na utambuzi thabiti wa wapiga kura na teknolojia ya uwasilishaji wa matokeo.","Ethekon nojiwo Jo-Kenya mondo okony e gero yie e duol manyien mar yiero , IEBC , kendo nojiwo ni kamisen no osetego chenro mag yore maler moriwo koda ng'eyo joma oyiero kod lony ma nya sani mar chiwo duoko.",Yes,Yes,,,
4272,Health,Combine boiling drinking water with regular family planning services visits to stay healthy all year round.,Changanya kuchemsha maji ya kunywa na ziara za mara kwa mara za huduma za uzazi wa mpango ili kuwa na afya mwaka mzima.,Kod pi ma ng'ich mar madho kod limo ma pile ka pile mag rito chenro mar joot mondo ibed gi ngima maber e higa duto.,Yes,Yes,,,
87,Education,Broadcasts customized per region,Matangazo yaliyobinafsishwa kwa kila mkoa,Ohendni miloso kaluwore gi alwora,Yes,Yes,,,
311,Education,GBV desks active in every public school – report anonymously today!,Madawati ya GBV yanafanya kazi katika kila shule ya umma – ripoti bila kujulikana leo!,"Buge mawuoyo kuom timbe gero mag nindruok e kind chwo gi mon, sani yudore e skunde duto mag sirkal!",Yes,Yes,,,
2373,Security & Safety,"Join campaigns promoting public health, sanitation, and safe school environments.","Jiunge na kampeni za kuhamasisha afya ya umma, usafi wa mazingira, na mazingira salama ya shule.","Bed achiel kuom joma jiwo weche thieth, thieth, kod kuonde ma ji dhiyoe e skul.",Yes,Yes,,,
785,Health,Kenya on high alert over new and deadly mosquito. Anopheles Stephensi causes the deadliest type of Malaria. Health researchers have found the mosquito in Mandera. Mosquito spreads Malaria in both urban and rural areas,Kenya iko macho kuhusu mbu mpya na hatari. Anopheles Stephensi husababisha aina mbaya zaidi ya Malaria. Watafiti wa afya wamegundua mbu huko Mandera. Mbu hueneza Malaria katika maeneo ya mijini na vijijini,Piny Kenya ni e bwo rit maduong' nikech kute manyien ma nego ji mang'eny. Anopheles Stephensi en tuwo mar malaria makelo tho ahinya. Jotim nonro e weche thieth oseyudo kutego e Mandera. Tunge keyo malaria e taonde koda e gwenge,Yes,Yes,,,
3589,Agriculture,Combine monitoring fields weekly with proper spacing to boost your cassava yield.,Changanya kufuatilia mashamba kila wiki na nafasi sahihi ili kuongeza mavuno ya muhogo.,Riw puothe mag luwo juma ka juma kod thuolo mowinjore mondo omed cham mari mar ngano.,Yes,No,Crop-term error: cassava mistranslated as ngano (wheat).,Riw puothe mag luwo juma ka juma kod thuolo mowinjore mondo omed cham mari mar muhogo.,
1719,Security & Safety,Child marriage harms children's health and future. Communities must report cases and support girls' education.,Ndoa za utotoni hudhuru afya na mustakabali wa watoto. Jamii lazima ziripoti visa na kuunga mkono elimu ya wasichana.,Kend mar nyithindo nyalo ketho ngima nyithindo e kinde mabiro.,Yes,No,"Drops second sentence: ""Communities must report cases and support girls' education.""",Kend mar nyithindo nyalo hinyo ngima kod kinde mabiro mar nyithindo. Oganda nyaka chiw ripot kuom kes ma kamano kendo okony somo mar nyiri.,
3019,Governance,"Names and Symbols of Persons Intending to Contest as Independent Candidates for the By-election of Member of the National Assembly for Kiambaa Constituency, scheduled on 15th July, 2021","Majina na Alama za Watu Wanaotaka Kugombea Kama Wagombea Huru katika Uchaguzi Mdogo wa Mbunge wa Jimbo la Kiambaa, unaotarajiwa kufanyika tarehe 15 Julai, 2021.","Nying' kod Ranyisi mag Joma Odwaro Dwarruok kaka Jochung' Mopogore e Yiero Maduong' mar Jatend Bura mar Pinyruoth mar Kiambaa, ma oket tarik 15 dwe mar Julaini higa mar 2021",Yes,Yes,,,
5079,Governance,Residents attending civic education drives can also learn how to access passport application services on the spot.,Wakazi wanaohudhuria kampeni za elimu ya uraia wanaweza pia kujifunza jinsi ya kupata huduma za maombi ya pasipoti papo hapo.,Jodak ma dhi e chokruoge mag somo mar oganda bende nyalo ng'eyo kaka ginyalo yudo kony mar oro kwayo mar pasport e kanyo.,Yes,Yes,,,
2554,Governance,"ARTICLE 19 urges the Independent International Fact-Finding Mission on Sudan and the International Criminal Court to specifically consider how the information war in Sudan exacerbates harm to civilians, obstructs vital documentation of gross human rights and humanitarian law violations, and contributes to the commission of crimes.","KIFUNGU CHA 19 kinahimiza Ujumbe Huru wa Kimataifa wa Kutafuta Ukweli kuhusu Sudan na Mahakama ya Kimataifa ya Jinai kuzingatia mahususi jinsi vita vya habari nchini Sudan vinavyozidisha madhara kwa raia, kuzuia uandishi muhimu wa haki za binadamu na ukiukwaji mkubwa wa sheria za kibinadamu, na kuchangia katika utendaji wa uhalifu.","SULA MAR apar gi ochiko jiwo kamisen mar ratich oganda e piny mangima e piny Sudan kod od bura mar piny mangima mondo onon ahinya kaka lwenje mag weche e piny Sudan medo ketho ngima raia, geng'o weche motudore gi ratiro mag dhano kod ketho chike mag dhano, koda kaka gikonyo e tieko timbe mahundu.",Yes,Yes,,,
4008,Education,Teachers recommend combining keeping a study timetable with regular attendance to address unsafe classroom conditions.,Walimu wanapendekeza kuchanganya kuweka ratiba ya masomo na mahudhurio ya mara kwa mara kushughulikia hali isiyo salama ya darasa.,Jopuonj golo paro ni mondo oriw keto chenro mar somo kod bedo e klas kinde ka kinde mondo ilos chal ma ok ber e klas.,Yes,Yes,,,
1566,Agriculture,"The second edition of the African Conference on Agricultural Technology (ACAT) will take placein Kigali, Rwanda from June 9-13, 2025.","Toleo la pili la Mkutano wa Afrika kuhusu Teknolojia ya Kilimo (ACAT) litafanyika Kigali, Rwanda kuanzia Juni 9-13, 2025.","Chokruok mar ariyo mar African Conference on Agricultural Technology (ACAT) ibiro tim e taon mar Kigali, Rwanda, chakre Jun 9-13, 2025.",Yes,Yes,,,
4802,Governance,Join public participation forums this month to learn how to access national ID replacement and report corruption.,Jiunge na mabaraza ya ushiriki wa umma mwezi huu kujifunza jinsi ya kupata ubadilishaji wa kitambulisho cha taifa na kuripoti ufisadi.,Idonji e forum mag ji duto e dwe ni mondo ing'e kaka inyalo yud kar ID mar piny kendo ripot mar ketho chik.,Yes,Yes,,,
79,Education,Be cautious! Avoid chemical hazards near schools.,Kuwa mwangalifu! Epuka hatari za kemikali karibu na shule.,Bed motang'! Tang' gi gik manyalo hinyo ng'ato ka in machiegni gi skul.,Yes,Yes,,,
3258,Health,Cholera outbreaks have been reported in the Republic of Kenya every year with large cyclical epidemics every five to seven years.,Milipuko ya kipindupindu imeripotiwa katika Jamhuri ya Kenya kila mwaka huku kukiwa na milipuko mikubwa ya mzunguko kila baada ya miaka mitano hadi saba.,Kolera osebedo ka yudore e piny Kenya higa ka higa ka tuoche madongo ma ng'ato nyalo ng'ado bang' higni abich nyaka abiro.,Yes,Yes,,,
3963,Education,Apply for the free sanitary products programme to help with your child's school fees.,Omba mpango wa taulo za bure kusaidia ada ya shule ya mtoto wako.,Kwayo program mar gik ma itiyogo e rito ler ma onge chudo mondo okonyi chulo skul mar nyathini.,Yes,Yes,,,
4803,Governance,Access national ID replacement through your county government's official channels.,Pata ubadilishaji wa kitambulisho cha taifa kupitia njia rasmi za serikali ya kaunti yako.,Yudo loch mar ID mar piny kokalo kuom chanel ma sirkal mar kaunti mari.,Yes,Yes,,,
5014,Governance,Understanding public participation in law-making makes it easier to report nepotism in hiring when you see it.,Kuelewa ushiriki wa umma katika utungaji sheria hurahisisha kuripoti upendeleo katika uajiri unapoiona.,Ng'eyo kaka oganda ng'ado bura e loso chike miyo bedo mayot mondo ior ripot mar ng'anjo e ng'ado tich ka inene.,Yes,Yes,,,
4511,Security & Safety,Communities facing lightning strikes should follow workplace safety standards issued by county disaster teams.,Jamii zinazokabiliwa na mapigo ya radi zinapaswa kufuata viwango vya usalama mahali pa kazi zilizotolewa na timu za maafa za kaunti.,Jodak ma yudo masira mag mil polo onego oluw chike mag arita mag kar tich ma ogol gi jokanyo mag kaunti mag masira.,Yes,Yes,,,
5045,Governance,Officials encourage citizens to combine community development meetings participation with awareness of the devolution process.,Maafisa wanahimiza wananchi kuchanganya ushiriki katika mikutano ya maendeleo ya jamii na uelewa wa mchakato wa ugatuzi.,Jotelo jiwo jodak mondo oket kanyakla bedo e chokruoge mag dongruok mag oganda kod ng'eyo kaka inyalo keto loch e lwetgi.,Yes,Yes,,,
3825,Education,Any teacher absenteeism affecting learners at Junior Secondary School should be raised during infrastructure development plans discussions.,walimu kutohudhuria yoyote inayoathiri wanafunzi katika shule ya upili ya chini inapaswa kuibuliwa wakati wa majadiliano ya mipango ya uendelezaji wa miundombinu.,"Ka japuonj moro amora ma ok dhi e skul ma mulo jopuonjre e skul mar sekondari, onego oketgi e kinde ma itimoe mbaka mag chenro mag dongruok mar gedo mag piny.",Yes,Yes,,,
4139,Health,Vaccinate your child against hepatitis B at your nearest health centre.,Chanja mtoto wako dhidi ya homa ya ini aina B katika kituo cha afya cha karibu.,Chiw nyathini chanjo mar hepatitis B e kar thieth man machiegni kodi.,Yes,Yes,,,
3697,Agriculture,Combine using certified seeds with proper spacing to boost your coffee yield.,Changanya kutumia mbegu zilizothibitishwa na nafasi sahihi ili kuongeza mavuno ya kahawa.,Kod tiyo kod kodhi ma nigi oboke ma nyiso ni nitie thuolo mowinjore mondo omed ng'eny mar kahawa mari.,Yes,Yes,,,
71,Education,Attend CBC forum on February 20 at county hall.,Hudhuria jukwaa la CBC mnamo Februari 20 katika ukumbi wa kaunti.,Dhi e romo mar CBC e Februar 20 e od bura mar kaunti.,Yes,Yes,,,
4495,Security & Safety,"During displacement crises, always keep emergency contacts on hand in case of lightning strikes.","Wakati wa migogoro ya kuhamishwa, weka nambari za dharura karibu endapo kutakuwa na mapigo ya radi.","E kinde mag masira mag weyo udigi, kinde duto bed gi jogo ma inyalo tudruokgo mapiyo kapo ni mil polo omako.",Yes,Yes,,,
4749,Governance,The county government invites residents to anti-corruption awareness campaigns scheduled for this month.,Serikali ya kaunti inawaalika wakazi kwenye kampeni za uhamasishaji dhidi ya ufisadi iliyopangwa mwezi huu.,Sirkal mar kaunti rwako jodak mondo odhi e kampen mag puonjo ji e wi tim mag ketho chik ma ibiro timo e dwe mar apar.,Yes,Yes,,,
361,Education,Install solar power in remote schools 2020.,Sakinisha umeme wa jua katika shule za mbali 2020.,Ket teko mar chieng' e skunde man kuonde maboyo e higa 2020.,Yes,Yes,,,
3494,Agriculture,Vaccinate your donkeys against mastitis before the rainy season.,Chanja punda yako dhidi ya maambukizi ya kiwele kabla ya msimu wa mvua.,Inyalo keto ng'ombe mari chanjo mar geng'o tuo mar master kapok kinde koth ochopo.,Yes,No,"""donkeys"" mistranslated as ng'ombe (cattle).",Chiw punda mari chanjo mar geng'o tuo mar mastitis kapok kinde koth ochopo.,
4932,Governance,"To fight corruption, the county is promoting local development planning sessions alongside easier access to disability registration services.","Ili kupambana na ufisadi, kaunti inahamasisha vikao vya upangaji wa maendeleo ya eneo pamoja na upatikanaji rahisi wa huduma za usajili wa ulemavu.","Mondo oked gi tim mag ketho chik, kauntino loso chenro mag dongruok mag alwora kaachiel gi yudo mayot mar ndiko nying' jogo ma nigi nyawo mag del.",Yes,Yes,,,
1294,Agriculture,Adopting sustainable crop rotation methods protects the environment and ensures long-term productivity for cattle.,Kutumia mbinu endelevu za mzunguko wa mazao hulinda mazingira na kuhakikisha uzalishaji wa muda mrefu kwa ng'ombe.,Tiyo gi yore mabeyo mag pidho cham konyo rito alwora kendo miyo dhok yudo cham ma biro siko.,Yes,Yes,,,
1450,Agriculture,"Learn about extension services available in your area from KALRO. Know how to access advice, training, and support.","Jifunze kuhusu huduma za ugani zinazopatikana katika eneo lako kutoka KALRO. Jua jinsi ya kupata ushauri, mafunzo, na usaidizi.",Som weche momedore e wi tije ma konyo ji e alwora ma intiere kowuok e KALRO.,Yes,Yes,,,
4839,Governance,"To reduce unfair resource allocation, the county is expanding access to disability registration services this year.","Ili kupunguza ugawaji usio wa haki wa rasilimali, kaunti inapanua upatikanaji wa huduma za usajili wa ulemavu mwaka huu.","Mondo ogeng' ng'iewo mwandu ma ok owinjore, kauntino medo ng'iewo gik moko e higa ni.",Yes,No,Duplicate translation shared with another row (passport/disability registration mix-up).,"Mondo ogeng' pogo mwandu ma ok winjore, kaunti medo yudo mayot mar ndiko nying' jogo ma nigi nyawo mag del e higa ni.",
3477,Agriculture,Protect your sorghum from fall armyworm by rotating crops.,Linda mtama yako dhidi ya funza jeshi kwa kubadilisha mazao.,Rik cham mari mondo kik oyud winyo ma ng'ato nyalo yudo kuom loko cham.,Yes,Yes,,,
2936,Governance,"Appointment of Returning and Deputy Returning Officers for Purposes of the By-Elections for Member of National Assembly for Olkalou Constituency, Nyandarua County Scheduled to be held on Thursday, 16th July, 2026","Uteuzi wa Wasimamizi wa Uchaguzi na Manaibu Wasimamizi wa Uchaguzi kwa Madhumuni ya Uchaguzi Mdogo wa Mbunge wa Jimbo la Olkalou, Kaunti ya Nyandarua Uliopangwa kufanyika Alhamisi, Julai 16, 2026.","Oketo jotelo mabiro yiero kod jotelo ma luwogi mondo otim yiero mabiro timore mar Jatend Bura mar Pinyruoth e Distrikt mar Olkalou, e Distrik mar Nyandarua.",Yes,Yes,,,
4734,Security & Safety,Anyone who witnesses a road accident during fire disasters should alert authorities immediately.,Yeyote anayeshuhudia ajali ya barabarani wakati wa majanga ya moto anapaswa kuarifu mamlaka mara moja.,"Ng'at ang'ata ma neno masira mar yo e kinde ma masira mar mach timore, onego onyis jotelo mapiyo.",Yes,Yes,,,
108,Education,Civic education now 30% of Grade 9 final score – download free notes from KICD TODAY!,Elimu ya uraia sasa 30% ya alama ya mwisho ya Daraja la 9 – pakua madokezo ya bure kutoka KICD TODAY!,Puonjruok mar oganda sani 30% mar penj mogik mar klas 9 download free notes from KICD TODAY!,Yes,Yes,,,
2682,Governance,"Canada wishes IEBC success in #ECVR2021, urges citizens to register as their vote matters.","Kanada inaitakia IEBC mafanikio katika #ECVR2021, inawasihi raia kujiandikisha kwani kura zao ni muhimu.","Kanada dwaro ni IEBC otim dongruok e #ECVR2021, dwaro ni ji duto odonjre kaka joma biro goyo ombulu nikech ombuchgi en gima duong ahinya.",Yes,Yes,,,
4862,Governance,"To fight delayed government services, the county is promoting county budget consultations alongside easier access to business permit applications.","Ili kupambana na huduma za serikali kuchelewa, kaunti inahamasisha mashauriano ya bajeti ya kaunti pamoja na upatikanaji rahisi wa maombi ya leseni za biashara.","Mondo oked gi tich ma sirkal timo ma dero, kauntino kelo paro mag bajet mar kaunti kaachiel gi yudo mayot mar kwayo oboke mar timo ohala.",Yes,Yes,,,
1316,Agriculture,Awareness creation of smallholder farmers on and adoption of push-pull technology reduces fall armyworm (Spodoptera frugiperda) infestation on ...,Kuunda uelewa wa wakulima wadogo kuhusu na kutumia teknolojia ya kusukuma-vuta hupunguza uvamizi wa viwavi jeshi la kuanguka (Spodoptera frugiperda) kwenye ...,"Bedo gi ng'eyo kuom kaka jopur matindo nyalo loso kod kaka ginyalo tiyo gi teknoloji mar riembo ji e yo maber, miyo ogolo mag jolweny (Spodoptera frugiperda) ok nyal makowa ahinya.",Yes,Yes,,,
2985,Governance,Appointment of Second Deputy Constituency Returning Officers for the General Election Scheduled to be held on 9th August 2022,Uteuzi wa Naibu wa Pili wa Wasimamizi wa Uchaguzi wa Majimbo kwa ajili ya Uchaguzi Mkuu uliopangwa kufanyika tarehe 9 Agosti 2022.,Oketo jotelo ma luwo ariyo mag yiero mabiro timore tarik 9 dwe mar aboro higa mar 2022,Yes,Yes,,,
2572,Governance,"We encourage other schools and the public to follow suit and ensure plastics are properly recycled,â '¬  he said.","Tunahimiza shule zingine na umma kufuata mkondo huo na kuhakikisha plastiki zinasindikwa ipasavyo, alisema.",Owacho ni wajiwo skunde mamoko kod ji duto mondo oluw ranyisino kendo gitim duto ma ginyalo mondo gine ni plastik owiti e yo mowinjore.,Yes,Yes,,,
1862,Security & Safety,"""We urge Kenyans to double-check the legitimacy of any NGO requesting donations via mobile payment. Many have been flagged for fraud.""","""Tunawahimiza Wakenya kuangalia upya uhalali wa shirika lolote lisilo la kiserikali linaloomba michango kupitia malipo ya simu. Mengi yametajwa kwa ulaghai.""","""Wakwayo jo Kenya mondo onon ane ni riwruok moro amora mar NGO ma kwayo chiwo kokalo kuom pesa mitimo e yor simo en riwruok mar oganda Nyasaye.",Yes,No,Truncated and the ending reads as garbled/non-sequitur.,"""Wakwayo Jo-Kenya mondo onon malo malo ni riwruok moro amora mar NGO ma kwayo chiwo kokalo kuom pesa mag simo en adier. Mang'eny kuomgi oseyudi ka gin gi wuond.""",
3585,Agriculture,Protect your sugarcane from root rot by rotating crops.,Linda miwa yako dhidi ya kuoza kwa mizizi kwa kubadilisha mazao.,Rit mzabibu mari mondo kik otur kuom loko cham.,Yes,Yes,,,
142,Education,"Deputy President William Ruto on Wednesday ordered the Ministry of Education to purchase a new generator for the Kenya Technical Trainers College (KTTC). The directive by Ruto came after his speech, w...","Naibu Rais William Ruto siku ya Jumatano aliamuru Wizara ya Elimu kununua jenereta mpya kwa ajili ya Chuo cha Wakufunzi wa Ufundi cha Kenya (KTTC). Agizo hilo la Ruto lilikuja baada ya hotuba yake, w...","Jalup Ker William Ruto ne ochiko e odiechieng' Tich Adek ni Migawo mar Puonjruok mondo ong'iew masin manyien mar kelo stima ne Kenya Technical Trainers College (KTTC). Chik ma Ruto ne ochiwo ne obiro bang' twak ma ne ogolo, ma...",Yes,Yes,,,
1391,Agriculture,"For IFAD, this shows why digital agriculture needs to be at the very heart of its work. As the world's poorest people face spiralling food ...","Kwa IFAD, hii inaonyesha kwa nini kilimo cha kidijitali kinahitaji kuwa kitovu cha kazi yake. Huku watu maskini zaidi duniani wakikabiliwa na ongezeko la chakula ...","Kuom ISEAD, mano nyiso gimomiyo pur mar digital onego obed gima duong' ahinya e tijno.",Yes,Yes,,,
3406,Agriculture,The coffee seedling development programme is now open — visit your county office to apply.,mpango wa uendelezaji wa miche ya kahawa sasa imefunguliwa — tembelea ofisi ya kaunti yako kuomba.,Program mar loso kodhi mag kahawa sani oyabere — dhi e ofis mar kaunti mari mondo ior kwayo.,Yes,Yes,,,
1725,Security & Safety,Domestic violence harms children. Report incidents to local authorities or child helplines.,Vurugu za nyumbani huwadhuru watoto. Ripoti matukio kwa mamlaka za mitaa au simu za usaidizi kwa watoto.,Dhaw e udi nyalo hinyo nyithindo. Omiyo jonyuol onego ochiw ripot kagiparo ni nitie nyithindo misando,Yes,No,"Second half is garbled/unclear (""misando"" does not correspond to ""child helplines"").",Dhaw e udi nyalo hinyo nyithindo. Chiw ripot mar gik ma timore ne jotelo mag alworani kata namba mag kony ne nyithindo.,
4315,Health,Attend your nearest clinic for dental checkups this month.,Hudhuria kliniki ya karibu kwa uchunguzi wa meno mwezi huu.,Dhi e klinik man machiegni kodi mondo itimne nonro mar lak e dwe mar apar.,Yes,Yes,,,
1570,Agriculture,"The strategy aims to transform Kenya's food system to be healthy, inclusive, environmentally sustainable, and resilient, using agroecology, which integrates ...","Mkakati huu unalenga kubadilisha mfumo wa chakula wa Kenya kuwa na afya njema, jumuishi, endelevu kimazingira, na ustahimilivu, kwa kutumia kilimo ikolojia, ambacho kinajumuisha ...","Chenrono dwaro ni Kenya olok chiemo obed maber, maber, mosiko, kendo mosiko, kotiyo gi agroecology, ma en chenro mar loso ...",Yes,Yes,,,
2514,Governance,"The Public is urged to report any incidences of recruitment malpractices to the nearest Police Station or call 0709099000, 999, 911,112 or #fichuakwaDCI 0800722203.","Umma unahimizwa kuripoti matukio yoyote ya ukiukwaji wa sheria za ajira kwa Kituo cha Polisi kilicho karibu au piga simu 0709099000, 999, 911,112 au #fichuakwaDCI 0800722203.","Oganda duto ijiwo mondo ochiw ripot mag mibadhi e ndikruok stesend obila machiegni kodgi kata gigochne 0709099000, 999, 911,112 kata #chiwo wach ne apisa ma timo norno 0800722203.",Yes,Yes,,,
4641,Security & Safety,Stay informed on disease outbreak alerts and follow curfew regulations to keep your family safe.,Endelea kufahamishwa kuhusu tahadhari za milipuko ya magonjwa na ufuate kanuni za amri ya kutotoka nje kuweka familia yako salama.,Bed gi ng'eyo ewi lendo mag tuoche kendo luwo chike mag kafiu mondo orit joodu maber.,Yes,Yes,,,
3716,Agriculture,Protect your cotton from drought by applying organic manure.,Linda pamba yako dhidi ya ukame kwa kutumia mbolea ya asili.,Riek pamba mari mondo kik obed gi oro kuom keto lum ma onge gik ma dongo dongo.,Yes,Yes,,,
455,Education,No learner to walk more than 5km to school – free buses deployed in rural areas!,"Hakuna mwanafunzi anayeruhusiwa kutembea zaidi ya kilomita 5 kwenda shuleni, mabasi ya bure yanapelekwa vijijini!",Onge japuonjre mabiro wuotho mokalo kilomita abich mondo odhi e skul gi bas ma onge chudo moketi e gwenge maboyo!,Yes,Yes,,,
922,Health,Communities can come together to support individuals facing both mental health issues and substance use challenges through several strategies,Jamii zinaweza kukusanyika pamoja ili kuwasaidia watu wanaokabiliwa na matatizo ya afya ya akili na changamoto za matumizi ya dawa za kulevya kupitia mikakati kadhaa.,Dibed ni chandruogeni en pesa? Kik ibed ng'ama chich gi paro ma ok owinjore!,Yes,No,Dholuo text is about an unrelated topic entirely -- does not match the English/Kiswahili meaning.,"Oganda nyalo riwore kanyakla mondo okony joma nigi chandruok mar paro kod joma tiyo marach gi weche machandogi, kokalo kuom yore mopogore opogore.",
2215,Security & Safety,Media Council of Kenya urged journalists to report violent extremism responsibly with emphasis on fact checking and ethical coverage to avoid amplifying radical narratives.,"Baraza la Habari la Kenya liliwahimiza waandishi wa habari kuripoti itikadi kali za kikatili kwa uwajibikaji, wakisisitiza kuangalia ukweli na uandishi wa maadili ili kuepuka kukuza masimulizi ya kikatili.","Bura mar Joote Kenya ne ojiwo jondik weche mondo onyis timbe gero mag gero e yo mowinjore, ka giketo pek ahinya kuom nono adiera kod nyiso timbe mabeyo mondo kik giwuo kuom weche ma kelo timbe gero.",Yes,Yes,,,
1317,Agriculture,"Be inspired by the story of Kitale Growers Group, a successful example of increased yields in Tharaka Nithi.","Pata msukumo kutoka kwa hadithi ya Kitale Growers Group, mfano mzuri wa mavuno yaliyoongezeka huko Tharaka Nithi.","Nikech ne omor gi sigand Jo-Farmer Group, ne oketo ranyisi maber mar chwoyo cham e Tharaka Nithi.",Yes,Yes,,,
2012,Security & Safety,Install motion-activated lights in dark areas around your property.,Sakinisha taa zinazowezesha mwendo katika maeneo yenye giza karibu na nyumba yako.,Ket ler ma rieny e alwora ma mudho nitie.,Yes,Yes,,,
4419,Security & Safety,Communities facing drought should follow fire safety precautions issued by county disaster teams.,Jamii zinazokabiliwa na ukame zinapaswa kufuata tahadhari za usalama wa moto zilizotolewa na timu za maafa za kaunti.,Oganda maromo gi oro onego oluw okenge mag arita mar mach moketi gi riwruoge mag masira mag kaunti.,Yes,Yes,,,
3713,Agriculture,Protect your groundnuts from fungal blight by using certified seeds.,Linda karanga yako dhidi ya ugonjwa wa fangasi kwa kutumia mbegu zilizothibitishwa.,Rit ng'injo mari mondo kik oyud tuoche mag fungi kuom tiyo kod kodhi ma nigi oboke ma nyiso ni ng'ato nigi oboke.,Yes,No,"""groundnuts"" mistranslated as ng'injo.",Rit njugu mari mondo kik oyud tuoche mag fungi kuom tiyo kod kodhi ma nigi oboke.,
3367,Agriculture,Keep your dairy cows healthy by monitoring for signs of rabies.,Weka ng'ombe wa maziwa wako na afya kwa kuchunguza dalili za kichaa cha mbwa.,Ket dhiang' magi mag chak obed gi ngima maber kuom luwo ranyisi mag tuo mar rabies.,Yes,Yes,,,
2190,Security & Safety,"JLTM NGO documented over 500 protest-related arrests, urging release of minors and access to legal representation.","Shirika lisilo la kiserikali la JLTM lilirekodi zaidi ya watu 500 waliokamatwa kuhusiana na maandamano, likihimiza kuachiliwa kwa watoto na kupata uwakilishi wa kisheria.","JLTM NGO ne ondiko weche mokalo 500 motudore gi makruok gi ji, ka gikwayo ni ogony nyithindo matindo kendo mondo giyud thuolo mar bedo e bwo chik.",Yes,Yes,,,
390,Education,"Ksh 30,000 HELB graduation loan released – apply via app in 2 minutes!","Mkopo wa kuhitimu wa HELB wa Ksh 30,000 umetolewa – tuma maombi kupitia programu ndani ya dakika 2!","Ksh 30,000 HELB ma en pesa ma ng'ato nyalo yudo bang' tieko skul, osegol oko. Ti gi app e dakika 2!",Yes,Yes,,,
1320,Agriculture,"Biotechnology advances are reshaping agriculture and improving food security among other spheres. However, agricultural biotechnology is a relatively ...","Maendeleo ya bioteknolojia yanabadilisha kilimo na kuboresha usalama wa chakula miongoni mwa nyanja zingine. Hata hivyo, bioteknolojia ya kilimo ni ...","Dongruok mar teknoloji mag pur medo dongruok e pur kod chiemo e pinje mamoko. Kata kamano, teknoloji mag pur chalo gi ......",Yes,Yes,,,
4027,Education,The digital learning devices programme now covers learners at pre-primary school facing financial hardship.,mpango wa vifaa vya kujifunzia vya kidijitali sasa inahusisha wanafunzi katika shule ya chekechea wanaokabiliwa na ugumu wa kifedha.,Program mar gige somo mag dijital sani oriwo jopuonjre ma ni e skul ma pok ochako somo ma yudo pek mag pesa.,Yes,Yes,,,
2460,Security & Safety,Train citizens on accessing government documents.,Wafunze raia kuhusu kupata hati za serikali.,Tieg raia mondo obed gi thuolo mar somo buge mag sirkal.,Yes,Yes,,,
495,Education,Project helps Nairobi schools access teacher training and learning tools.,Mradi husaidia shule za Nairobi kupata mafunzo ya walimu na zana za kujifunzia.,Chenrono konyo skunde mag Nairobi yudo tiegruok mar jopuonj kod gige puonjruok.,Yes,Yes,,,
346,Education,IEBC voter registration starts Monday – bring ID to your school or chief's office NOW!,Usajili wa wapiga kura wa IEBC unaanza Jumatatu. Lete kitambulisho shuleni kwako au ofisini kwa mkuu wa shule SASA!,IEBC chako ndiko ji e ombulu chieng' Tich Ariyo. Kel kad mar injili e skul kata e ofis mar jatend skul KINDEGI!,Yes,Yes,,,
97,Education,Build your future! Join TVET programs for technical skills.,Jenga mustakabali wako! Jiunge na programu za TVET kwa ujuzi wa kiufundi.,Los ngimani obed maber! Donj e chenro mag tiegruok e weche mag teknoloji.,Yes,Yes,,,
4225,Health,Parents should watch for persistent cough in children and seek child growth monitoring promptly.,Wazazi wanapaswa kuchunga kikohozi cha kudumu kwa watoto na kutafuta ufuatiliaji wa ukuaji wa mtoto haraka.,Jonyuol onego orit ka nyathino bedo gi ahola ma ok rum kendo giyud luwo dongruok mar nyathi mapiyo.,Yes,Yes,,,
359,Education,Inspect school buses 2020.,Kagua mabasi ya shule 2020.,Nonuru mtokni mag skul 2020.,Yes,Yes,,,
602,Education,Sew your future! Join textile vocational courses in Kitui.,Shona mustakabali wako! Jiunge na kozi za ufundi wa nguo huko Kitui.,Bed gi geno kuom kinde mabiro! Donj e tiegruok mag tije mag tweng'o e Kitui.,Yes,Yes,,,
1215,Health,"Kenya confirms three new Mpox cases from Nairobi, Nakuru and Mombasa counties, this brings the total to 17, Health CS Barasa says.","Kenya yathibitisha visa vitatu vipya vya Mpox kutoka kaunti za Nairobi, Nakuru na Mombasa, hii inafikisha jumla ya visa 17, Waziri wa Afya Barasa anasema.","Kenya onyiso ji adek manyien ma nigi tuwo mar Mpox koa Nairobi, Nakuru kod Mombasa, ma kelo kwan duto mar ji 17, Health CS Barasa wacho.",Yes,Yes,,,
1973,Security & Safety,"Use strong padlocks for gates and sheds - avoid cheap, easy-to-cut locks.",Tumia kufuli imara kwa malango na vibanda - epuka kufuli za bei rahisi na rahisi kukata.,Ti gi yiende motegno e dhoudi kod ute mag joma ok nyal yieyo.,Yes,Yes,,,
5008,Governance,Citizens are encouraged to join local development planning sessions organised by the county government.,Wananchi wanahimizwa kujiunga na vikao vya upangaji wa maendeleo ya eneo zinazoandaliwa na serikali ya kaunti.,Jodak jiwo mondo odonj e chokruoge mag keto chenro mag dongruok mag gwenge ma sirkal mar kaunti oloso.,Yes,Yes,,,
2156,Security & Safety,Authorities issued detailed Cyclone Hidaya safety guidance urging coastal residents to secure property and avoid non-essential travel.,Mamlaka yalitoa mwongozo wa kina wa usalama wa Kimbunga Hidaya kikiwataka wakazi wa pwani kulinda mali na kuepuka usafiri usio wa lazima.,Sirkal ne ogolo weche matut e wi weche mag ritruok mag kodh yamo mag Hurricane Hidaya ka gikwayo jogweng' manie nam mondo orit mwandugi kendo gitang' gi wuoth maok ochuno.,Yes,Yes,,,
2882,Governance,"Citizens should report corruption cases to hotline 999, 911, or 112.","Raia wanapaswa kuripoti kesi za ufisadi kwa simu ya dharura 999, 911, au 112.","Jopiny onego ochiw lipode mag koso arita kwe e namba mar 999, 911, kata 112.",Yes,Yes,,,
4709,Security & Safety,Report any suspicious activity to the nearest police station immediately.,Ripoti shughuli za kutiliwa shaka yoyote kwa kituo cha polisi cha karibu mara moja.,Chiw ripot mar tim moro amora ma igeno ni itimo ne obila man machiegni mapiyo.,Yes,Yes,,,
620,Education,Stay alert! Avoid unsafe routes to school in banditry zones.,Kuwa macho! Epuka njia zisizo salama za kwenda shuleni katika maeneo ya majambazi.,Beduru motang'! Tang' gi yore maok ler mag dhi e skul e gwenge mopong' gi jo mahundu.,Yes,Yes,,,
1694,Security & Safety,"Institutions must coordinate across sectors to provide effective, compassionate responses to survivors.",Taasisi lazima ziratibu katika sekta mbalimbali ili kutoa majibu yenye ufanisi na huruma kwa waathirika.,Oganda onego oriw lwedo tije mopogore opogore mondo ojiw joma osekale masira,Yes,Yes,,,
3372,Agriculture,The farmer training programme is now open — visit your county office to apply.,mpango wa mafunzo ya wakulima sasa imefunguliwa — tembelea ofisi ya kaunti yako kuomba.,Program mar puonjo jopur sani oyabere — dhi e ofis mar kaunti mari mondo ior kwayo.,Yes,Yes,,,
3013,Governance,"Corrigenda - Appointment of Returning and Deputy Returning Officers for Purposes of the By–elections Of Members of Eldas, Kiagu and Nguu/Masumba Wards of Wajir, Meru and Makueni County Assemblies scheduled to be held on 14th October, 2021","Corrigenda - Uteuzi wa Wasimamizi wa Uchaguzi na Naibu Wasimamizi wa Uchaguzi kwa Madhumuni ya Uchaguzi Mdogo wa Wanachama wa Eldas, Kiagu na Nguu/Masumba Wadi za Mabunge ya Wajir, Meru na Makueni Kaunti iliyoratibiwa kufanyika tarehe 14 Oktoba, 2021.","- Keto jotelo mabiro yiero kod jotelo ma luwogi mondo otim yiero matin mag jokanyo mag gwenge mag Eldas, Kiagu kod Nguu/Masumba mag Wajir, Meru kod Makueni ma oket mondo otimre tarik 14 dwe mar apar higa mar 2021",Yes,Yes,,,
352,Education,Include everyone! Ensure schools accommodate students with disabilities.,Jumuisha kila mtu! Hakikisha shule zinawapa nafasi wanafunzi wenye ulemavu.,Ji duto mondo oriwre! Neno ni skunde rwako jopuonjre ma nigi midekre.,Yes,Yes,,,
2160,Security & Safety,Authorities notified the public of an Al-Shabaab attack in Garissa and urged vigilance as additional troops were deployed.,Mamlaka iliwaarifu umma kuhusu shambulio la Al-Shabaab huko Garissa na kuhimiza kuwa macho huku wanajeshi wengine wakipelekwa.,Sirkal ne onyiso ji ni Al-Shabaab ne omonjo Garissa kendo ne gikwayo ji mondo obed motang' nikech ne omed jolweny mamoko.,Yes,Yes,,,
4199,Health,Health workers recommend learning about mental health support alongside practicing safe food handling at home.,Wahudumu wa afya wanapendekeza kujifunza kuhusu usaidizi wa afya ya akili pamoja na kufanya utunzaji salama wa chakula nyumbani.,Jotich mag thieth nyiso ni onego opuonjre kuom konyo thieth mar paro kaachiel gi puonjruok mar rito chiemo maber e ot.,Yes,Yes,,,
2040,Security & Safety,Usifanye maonyesho ya mali thamani kwa umma - weka kwa siri na salama.,Usifanye maonyesho ya mali thamani kwa umma - weka kwa siri na salama.,Kik itim gima nyiso ni in gi nengo maduong' ne oganda - weka kwa siri na salama.,Yes,No,"Source English cell itself contains Swahili text (data issue, not translator error); Dholuo output still leaves part of the sentence untranslated in Swahili (""weka kwa siri na salama"").",Kik itim gima nyiso ni in gi nengo maduong' ne oganda - ket kama opandi kendo maber.,
5037,Governance,"To reduce electoral malpractice, the county is expanding access to voter registration updates this year.","Ili kupunguza udanganyifu wa uchaguzi, kaunti inapanua upatikanaji wa masasisho ya usajili wa wapiga kura mwaka huu.","Mondo ogeng' tim marach mag yiero, kaunti medo yudo weche ma manyien mag ndiko nying' jogo ma dhi goyo ombulu e higa ni.",Yes,Yes,,,
3854,Education,Any bullying affecting learners at Grade 6 should be raised during the CBC curriculum transition discussions.,unyanyasaji yoyote inayoathiri wanafunzi katika darasa la sita inapaswa kuibuliwa wakati wa majadiliano ya mpito wa mtaala wa CBC.,Gimoro amora ma nyalo ketho nyithindo ma ni e klas mar 6 onego oketgi e kinde ma itimoe mbaka mag loko chenro mar somo mar CBC.,Yes,Yes,,,
2749,Governance,ODM Leader Raila Odinga urges residents of Migori County to register as party members.,Kiongozi wa ODM Raila Odinga awahimiza wakazi wa Kaunti ya Migori kujiandikisha kama wanachama wa chama.,Jatend riwruok mar ODM Raila Odinga jiwo ji duto modak e kaunti ma Migori mondo ondikre kaka jokanyo mar duond od bura.,Yes,Yes,,,
3995,Education,Any teacher absenteeism affecting learners at Junior Secondary School should be raised during digital literacy programmes discussions.,walimu kutohudhuria yoyote inayoathiri wanafunzi katika shule ya upili ya chini inapaswa kuibuliwa wakati wa majadiliano ya mipango ya ujuzi wa kidijitali.,"Ka japuonj moro amora ma ok dhi e skul ma mulo jopuonjre e Skul mar Sekondari, onego oting' e kinde ma itimo mbaka mag chenro mag somo kod ndiko mag dijital.",Yes,Yes,,,
200,Education,"Enhanced security for 2025 exams: personalized papers, no phones.","Usalama ulioimarishwa kwa mitihani ya 2025: karatasi za kibinafsi, hakuna simu.","Ritruok momedore ne penj mar 2025: kalatese ma ng'ato owuon ema biro ndiko, maonge simo.",Yes,Yes,,,
697,Education,Train on emergency response 2021.,Treni ya dharura 2021.,Tieguru ji kaka ginyalo chiwo kony e kinde mag masira.,Yes,Yes,,,
3245,Health,"In the week ending 25 June 2017, 18 samples out of 25 tested positive for Vibrio cholerae Ogawa by culture at the National Public Health Laboratory in Nairobi.","Wiki inayoishia tarehe 25 Juni 2017, sampuli 18 kati ya 25 zilithibitishwa kuwa na Vibrio cholerae Ogawa kulingana na utamaduni katika Maabara ya Kitaifa ya Afya ya Umma jijini Nairobi.","E juma mane orumo tarik 25 dwe mar auchiel higa mar 2017, sampol 18 kuom sampol 25 ne oyudi gi midhusi mar kolera kaluwore gi kit oganda e Kar Rang'iny mar Thieth mar Oganda ma Nairobi.",Yes,Yes,,,
4447,Security & Safety,Stay informed on wildfire risk and follow fire safety precautions to keep your family safe.,Endelea kufahamishwa kuhusu hatari ya moto wa mwituni na ufuate tahadhari za usalama wa moto kuweka familia yako salama.,Bed gi ng'eyo matut kuom gik ma nyalo kelo mach e bungu kendo luwo okenge mag arita mar mach mondo orit joodu maber.,Yes,Yes,,,
1448,Agriculture,Latest Opinions & Insights. Opinions & Insights. Taking stock of IFAD's digital agriculture efforts in the Asia-Pacific region. Digital agriculture is an ...,Maoni na Ufahamu wa Hivi Karibuni. Maoni na Ufahamu. Kuchunguza juhudi za kilimo cha kidijitali za IFAD katika eneo la Asia-Pasifiki. Kilimo cha kidijitali ni ...,"Kuom ranyisi, e Asia Pacific, tij pur mitimo gi IED en tich matek ahinya. Pur ma nyasani en .....",Yes,Yes,,,
2778,Governance,"0ver 200,000 propagules planted along the Coastal Stretch CSs led the exercise across the coastal region Residents urged to embrace the exercise in a bid to salvage their livelihood.",Wakazi wa eneo la pwani waliomba kukumbatia zoezi hilo kwa lengo la kuokoa maisha yao.,"Cham moloyo alufu mia ariyo opidh e dho wath ma ne ni machiegni gi dho nam, Jatend migawo ne otelo ne tijno e dho wath jodak ojiw mondo orwak tijno mondo okony e ngimagi mapile.",Yes,Yes,,,
524,Education,Provide internet in schools 2024.,Kutoa intaneti shuleni 2024.,Chiwo intanet e skunde 2024.,Yes,Yes,,,
212,Education,Ensure disability ramps 2020.,Hakikisha njia za ulemavu 2020.,Bed gi kuonde ma joma ong'ol nyalo chopoe e higa mar 2020.,Yes,Yes,,,
2694,Governance,Commissioner Francis Wanderi urges the POs and DPOs to respect the law and be impartial to all candidates and pledged to support them to deliver a credible Nguu/Masumba County Assembly Ward (CAW) by-election for #October14thBy-elections,Kamishna Francis Wanderi anawasihi PO na DPO kuheshimu sheria na kutokuwa na upendeleo kwa wagombea wote na kuahidi kuwaunga mkono ili kutoa uchaguzi mdogo wa Bunge la Kaunti ya Nguu/Masumba (CAW) unaoaminika kwa ajili ya uchaguzi mdogo wa #Oktoba14.,Kamisona Francis Wanderi osayo POS kod DPOs mondo oluw chik kendo kik gidonjre gi ng'ato gi ng'ato kendo gisesingore ni gibiro riwo lwedo jogo mabiro chiwo kad mar loch mar waod mar kaunti (CAW) ne yiero ma adundo mar dwe mar apar tarik apar kod ang'wen yiero ma adundo.,Yes,Yes,,,
4960,Governance,Officials encourage citizens to combine local development planning sessions participation with awareness of accessing government services online.,Maafisa wanahimiza wananchi kuchanganya ushiriki katika vikao vya upangaji wa maendeleo ya eneo na uelewa wa kupata huduma za serikali mtandaoni.,Jotelo jiwo jodak mondo oket kanyakla bedo e chokruoge mag loso chenro mag dongruok mag alwora kod ng'eyo kaka ginyalo yudo kony mag sirkal e yor mbui.,Yes,Yes,,,
3437,Agriculture,Farmers growing coffee are advised to watch out for flooding this season.,Wakulima wanaolima kahawa washauriwa kuchunga mafuriko msimu huu.,Jopur ma pidho kahawa ipuonjogi mondo gibed gi ritruok kuom pi ma pong'o piny e kindeni.,Yes,Yes,,,
2112,Security & Safety,An audit exposed misuse of public funds in police operations and prompted calls for fiscal transparency and procurement reform.,Ukaguzi ulifichua matumizi mabaya ya fedha za umma katika shughuli za polisi na kusababisha wito wa uwazi wa kifedha na mageuzi ya ununuzi.,nonro mar pesa mitiyogo e migao mag polise osekelo lokruok mabeyo e chano kaka pesa tiyo,Yes,Yes,,,
801,Health,The cost of targeted testing for Covid-19 and government quarantine facilities shall be met by the government effective today. Kenyans should not be afraid to get tested,Gharama ya upimaji unaolengwa wa Covid-19 na vituo vya karantini vya serikali italipwa na serikali kuanzia leo. Wakenya hawapaswi kuogopa kupimwa.,Pesa ma itiyogo e timo nonro mar Covid-19 kod keto ji kar kendgi biro dhi ne sirkal chakre kawuono. Jo-Kenya ok onego oluor dhi e nonro,Yes,Yes,,,
5071,Governance,Officials encourage citizens to combine civic education drives participation with awareness of your constitutional rights.,Maafisa wanahimiza wananchi kuchanganya ushiriki katika kampeni za elimu ya uraia na uelewa wa haki zako za kikatiba.,Jotelo jiwo jodak mondo oket somo mar oganda kanyachiel mondo gibed gi ng'eyo kuom ratiro ma un-go e chik piny.,Yes,Yes,,,
667,Education,Support schools! Fund education in drought-affected areas.,Saidia shule! Fadhili elimu katika maeneo yaliyoathiriwa na ukame.,Support schools! Fund education in drought-affected areas.,Yes,No,Not translated at all -- Dholuo column is identical to English.,Konyuru skunde! Chiwuru pesa ne somo e gwenge mohewore gi oro.,
4212,Health,Vaccinate your child against pneumonia at your nearest health centre.,Chanja mtoto wako dhidi ya nimonia katika kituo cha afya cha karibu.,Chiw nyathini chanjo mar tuo mar ng'ut e kar thieth man machiegni kodi.,Yes,No,Duplicate translation shared with another row (pneumonia/measles mix-up).,Chiw nyathini chanjo mar nyumonia e kar thieth man machiegni kodi.,
1234,Health,"MoH announces 5-day Polio vaccination campaign from October 2 to 6, 2024","Wizara ya Afya yatangaza kampeni ya chanjo ya polio ya siku 5 kuanzia Oktoba 2 hadi 6, 2024","Migawo mar Weche Thieth lando kampen mar ndalo abich mar chanjo tuo mar polio kochakore Oktoba 2 nyaka 6, 2024.",Yes,Yes,,,
4969,Governance,"To fight delayed government services, the county is promoting public participation forums alongside easier access to marriage certificate registration.","Ili kupambana na huduma za serikali kuchelewa, kaunti inahamasisha mabaraza ya ushiriki wa umma pamoja na upatikanaji rahisi wa usajili wa cheti cha ndoa.","Mondo oked gi tich ma sirkal timo ma dero, kauntino loso forum mag ji mondo odonjre kanyachiel gi yudo yot mar ndiko nying' oboke mar keny.",Yes,Yes,,,
3246,Health,"The main causative factors of the current outbreak include the high population density that is conducive to the propagation and spread of the disease, mass gatherings (a wedding party held in Karen and in a hotel during an international conference), low access to safe water and proper sanitation and the massive population movements in country and with neighbouring countries.","Sababu kuu za mlipuko wa sasa ni pamoja na msongamano mkubwa wa watu ambao unafaa kwa uenezi na kuenea kwa ugonjwa huo, mikusanyiko ya watu wengi (karamu ya harusi iliyofanyika Karen na katika hoteli wakati wa mkutano wa kimataifa), upatikanaji mdogo wa maji salama na usafi wa mazingira unaofaa na harakati kubwa ya watu nchini na nchi jirani.","Gik madongo ma kelo tuo mar korona gin kaka kwan maduong' mar oganda ma nyalo konyo e lando kendo lando tuo mar korona, chokruok mathoth (nyasi mar keny ma ne otim e Karen kendo e otel e kinde chokruok mar piny mangima), yudo pi maler kod ler mowinjore kod kwan maduong' mar oganda ma ni e pinje ma machiegni.",Yes,Yes,,,
4477,Security & Safety,Contact the Kenya Red Cross for assistance during disease outbreaks.,Wasiliana na Msalaba Mwekundu wa Kenya kwa msaada wakati wa milipuko ya magonjwa.,Tudri kod Red Cross mar piny Kenya mondo iyud kony e seche ma tuoche opong'o piny.,Yes,Yes,,,
5031,Governance,"To fight misuse of public funds, the county is promoting public participation forums alongside easier access to voter registration updates.","Ili kupambana na matumizi mabaya ya fedha za umma, kaunti inahamasisha mabaraza ya ushiriki wa umma pamoja na upatikanaji rahisi wa masasisho ya usajili wa wapiga kura.","Mondo oked gi tiyo marach gi pesa mag sirkal, kauntino loso forum mag ji duto mondo odonjre e yiero kaachiel gi yudo mayot mar ndiko nying' jogo ma dhi goyo ombulu.",Yes,Yes,,,
869,Health,Communities in Baringo fight back against malaria with local solutions and mosquito nets,Jamii huko Baringo zinapambana na malaria kwa kutumia suluhisho za kienyeji na vyandarua,Joma odak e gwenge mag Baringo kedo gi malaria ka gitiyo gi yore mag geng'o kute mag ayaki,Yes,Yes,,,
2937,Governance,"Tallying Centres for The By-Elections Scheduled to be held on 14th May, 2026","Vituo vya Kujumuika kwa ajili ya Uchaguzi Mdogo Uliopangwa kufanyika tarehe 14 Mei, 2026.",Kuonde mag kwano yiero mabiro timore tarik 14 dwe mar abich higa mar 2026,Yes,Yes,,,
1667,Security & Safety,Kenya's policy framework ensures coordinated disaster management. Understand your rights and government obligations.,Mfumo wa sera wa Kenya unahakikisha usimamizi wa maafa ulioratibiwa. Elewa haki zako na majukumu ya serikali.,Chenro mar Kenya mar timo lokruok e weche mag siasa miyo ji bedo gi chenro maber mar rito masiche.,Yes,Yes,,,
2719,Governance,"PS Foreign Affairs @AmbMKamau, PS, Devolution Julius Korir, and PS Planning Saitoti Torome are currently inspecting the Kitale Airport project in Transnzioia County in the ongoing NDITC Project Assessment by PSs","Katibu Mkuu wa Mambo ya Nje @AmbMKamau, Katibu Mkuu, Ugatuzi Julius Korir, na Katibu Mkuu wa Mipango Saitoti Torome kwa sasa wanakagua mradi wa Uwanja wa Ndege wa Kitale katika Kaunti ya Transnzioia katika Tathmini ya Mradi wa NDITC unaoendelea na PS","Weche mag oko @AmbMKamuu, PS, Devolution Julius Korir, kod PSonation Saitoti Torome sani nono chenro mar Kiale Airport e Transnzioia State e NDITC Project mar PS",Yes,Yes,,,
1552,Agriculture,"The drafting of this Sourcebook on Climate-Smart Agriculture, Forestry and Fisheries has been a collaborative effort involving professionals from within several ...","Uandishi wa Kitabu hiki cha Chanzo kuhusu Kilimo, Misitu na Uvuvi Kinachozingatia Hali ya Hewa umekuwa juhudi za ushirikiano zinazohusisha wataalamu kutoka ndani ya ...","Gocho mar Sourcebook on Climate-Smart Agriculture, Forestry and Fisheries, osedonjo e tich ma oseloso gi josomo ma wuok e pinje moko e piny mangima.",Yes,Yes,,,
3063,Governance,"List of Nomination Candidates Baringo South, North Kadem and Bobasi By-elections","Orodha ya Wagombea Uteuzi katika Uchaguzi Mdogo wa Baringo Kusini, Kadem Kaskazini na Bobasi","Listi mar Jochung' ma ochung' ne yiero matin mar Baringo ma Nyanduat, Kadem ma Nyanduat kod Bobasi",Yes,Yes,,,
3899,Education,Attend the school meeting to discuss infrastructure development plans for this term.,Hudhuria mkutano wa shule kujadili mipango ya uendelezaji wa miundombinu kwa muhula huu.,Chopo e chokruok mar skul mondo wawuo kuom chenro mag dongruok mag gedo mag piny e dwe mar higa ni.,Yes,Yes,,,
4282,Health,Anyone showing signs of high fever should seek medical attention promptly.,Yeyote anayeonyesha dalili za homa kali anapaswa kutafuta matibabu haraka.,Ng'at ang'ata ma nyiso ranyisi mag liet maduong' onego odhi ir laktar mapiyo.,Yes,Yes,,,
3007,Governance,"By-election for Member of the County Assembly for Mahoo Ward in Taita Taveta County Assembly Scheduled to be held on 16th December, 2021.","Uchaguzi Mdogo wa Mbunge wa Kaunti ya Wadi ya Mahoo katika Bunge la Kaunti ya Taita Taveta Umeratibiwa kufanywa tarehe 16 Desemba, 2021.",Oyierruok mar bedo Jatend Bung' mar Kaunti mar Mahoo e Bung' mar Kaunti mar Taita Taveta oket mondo otimre tarik 16 dwe mar apar gi ariyo higa mar 2021.,Yes,Yes,,,
2097,Security & Safety,An NGO launched a citizen oversight toolkit with training materials and reporting templates to strengthen youth involvement in accountability.,Shirika lisilo la kiserikali lilizindua zana ya usimamizi wa raia yenye vifaa vya mafunzo na vielelezo vya kuripoti ili kuimarisha ushiriki wa vijana katika uwajibikaji.,Riwruok moro mar oganda maok nie sirkal nochako chenro mar konyo ji mondo obed gi chenro mar tiego ji kendo chiwo ripot e yo maber mondo omed jiwo rowere mondo obed gi thuolo mar timo yiero.,Yes,Yes,,,
4142,Health,Health workers recommend learning about nutrition for young children alongside practicing boiling drinking water at home.,Wahudumu wa afya wanapendekeza kujifunza kuhusu lishe kwa watoto wadogo pamoja na kufanya kuchemsha maji ya kunywa nyumbani.,Jotich mag thieth wacho ni onego opuonjre weche mag chiemo ma nigi gik ma konyo nyithindo matindo kaachiel gi puonjruok mar ng'iewo pi ma ng'ich e ot.,Yes,Yes,,,
1577,Agriculture,"These technologies minimize crop damage and reducing losses, increasing yields and income for farmers. Market access: AI can enhance market ...","Teknolojia hizi hupunguza uharibifu wa mazao na kupunguza hasara, kuongeza mavuno na mapato kwa wakulima. Upatikanaji wa soko: AI inaweza kuboresha soko ...","Teknoloji ma kamano miyo cham ok kethre kendo okethre, kendo mano miyo jopur yudo pesa mang'eny.",Yes,Yes,,,
60,Education,App gives points for learning and reporting,Programu inatoa pointi za kujifunza na kuripoti,App chiwo points kuom puonjruok kod chiwo ripot,Yes,Yes,,,
4010,Education,The digital learning devices programme now covers learners at day secondary school facing financial hardship.,mpango wa vifaa vya kujifunzia vya kidijitali sasa inahusisha wanafunzi katika shule ya upili ya kutwa wanaokabiliwa na ugumu wa kifedha.,Program mar gige somo mag dijital sani oriwo jopuonjre ma ni e skul ma malo ma yudo pek mag pesa.,Yes,Yes,,,
1662,Security & Safety,"Village loudspeakers, SMS alerts, and radio broadcasts help disseminate disaster warnings quickly.","Vipaza sauti vya kijijini, arifa za SMS, na matangazo ya redio husaidia kusambaza maonyo ya maafa haraka.","Auja, weche ma ji oroga kokalo kuom SMS, kod nyakalondo konyo e lando siem mag masiche mapiyo.",Yes,Yes,,,
3490,Agriculture,Keep your sheep healthy by monitoring for signs of Newcastle disease.,Weka kondoo wako na afya kwa kuchunguza dalili za ugonjwa wa mdondo.,Ket rombe magi obed mangima kuom luwo ranyisi mag tuo mar Newcastle.,Yes,Yes,,,
4376,Health,Outbreaks of measles are prevented through safe food handling and timely child growth monitoring.,Milipuko ya surua huzuiwa kupitia utunzaji salama wa chakula na ufuatiliaji wa ukuaji wa mtoto kwa wakati.,Ogeng'o tuoche mag ng'ut ng'ato kokalo kuom tiyo maber gi chiemo kod luwo dongruok mar nyathi e kinde mowinjore.,Yes,No,Duplicate translation shared with another row (measles/pneumonia mix-up).,Ogeng'o tuoche mag midusi kokalo kuom tiyo maber gi chiemo kod luwo dongruok mar nyathi e kinde mowinjore.,
4109,Health,Combine boiling drinking water with regular immunization services visits to stay healthy all year round.,Changanya kuchemsha maji ya kunywa na ziara za mara kwa mara za huduma za chanjo ili kuwa na afya mwaka mzima.,Kod pi ma ng'ich mar madho kod limo ma pile ka pile mag thieth mondo ibed gi ngima maber e higa duto.,Yes,Yes,,,
772,Health,"A small number of vaccinated people may get infected with COVID-19 after vaccination; this is called a breakthrough infection, but they are likely to have milder symptoms than if they were not vaccinated.","Idadi ndogo ya watu waliochanjwa wanaweza kuambukizwa COVID-19 baada ya chanjo; hii inaitwa maambukizi ya mafanikio, lakini kuna uwezekano wa kuwa na dalili ndogo kuliko kama hawakuchanjwa.","Kwan matin mar ji moseyudo chanjo nyalo yudo tuo mar COVID-19 bang' yudo chanjo; mano iluongo ni tuo mar breakthrough, to nyalo bedo ni gin gi ranyisi matin moloyo ka dine bed ni ok omigi chanjo.",Yes,Yes,,,
372,Education,Keep learning! Enroll in nomadic schools for pastoralists.,Endelea kujifunza! Jiandikishe katika shule za kuhamahama kwa wafugaji.,Dhi nyime puonjori! Dhi e skunde mag jokwath ma jowuoth.,Yes,Yes,,,
11,Education,"15,000 full secondary scholarships for arid counties – apply before Nov 30 via county office!","Ufadhili kamili wa masomo 15,000 wa sekondari kwa kaunti kame ...","15,000 mar basaris mag sekondari ma opong'o ne counties ma onge pi, kwa kapok Novemba 30 ochopo kokalo kuom ofis mar county!",Yes,Yes,,,
4053,Education,Teachers recommend combining asking questions in class with regular attendance to address bullying.,Walimu wanapendekeza kuchanganya kuuliza maswali darasani na mahudhurio ya mara kwa mara kushughulikia unyanyasaji.,Jopuonj golo paro ni mondo oriw penjo e klas kod bedo pile pile mondo ilos tim mar ng'anjo.,Yes,Yes,,,
2065,Security & Safety,KNCHR tells of citizen engagement programs boosting security and human rights awareness in Kisumu County,KNCHR inasimulia kuhusu programu za ushirikishwaji wa raia zinazoimarisha usalama na uhamasishaji wa haki za binadamu katika Kaunti ya Kisumu,KNCHR wacho ni nitie chenro mag konyo ji mondo obed gi winjruok maber gi sirkal kod chike mag dhano e gweng' mar Kisumu,Yes,Yes,,,
262,Education,Free bus fare for all TVET students reporting in January – present your admission letter.,Nauli ya basi bila malipo kwa wanafunzi wote wa TVET wanaoripoti Januari wasilisha barua yako ya kujiunga.,Ng'ato ang'ata ma dhi e TVET dwe mar Januar nyaka nyis barupe mar kwayo.,Yes,Yes,,,
1696,Security & Safety,Women in politics face violence aimed at limiting participation. Electoral laws protect candidates and voters from gender-based harm.,Wanawake katika siasa wanakabiliwa na vurugu zinazolenga kupunguza ushiriki. Sheria za uchaguzi huwalinda wagombea na wapiga kura kutokana na madhara yanayotokana na jinsia.,Mon ma tiyo e siasa kale ywarruok mokel kod achaya omiyo nitie chike mag konyogi tiyo gi kue,Yes,Yes,,,
3335,Agriculture,Vaccinate your sheep against foot-and-mouth disease before the rainy season.,Chanja kondoo yako dhidi ya ugonjwa wa miguu na midomo kabla ya msimu wa mvua.,Chiw rombe mari chanjo mar tuoche mag tielo kod dhok kapok kinde koth ochopo.,Yes,Yes,,,
2163,Security & Safety,"PRWG urged police to prevent masked infiltrators during protests, maintain professional crowd control, and ensure accountability for misconduct.","PRWG iliwasihi polisi kuzuia wavamizi waliovaa barakoa wakati wa maandamano, kudumisha udhibiti wa kitaalamu wa umati, na kuhakikisha uwajibikaji kwa utovu wa nidhamu.","PRWG ne ojiwo polise mondo ogeng' joma donjo e timbe mag wuondo, kendo mondo gichak rito oganda mar ji, kendo mondo gimi ji duto obed gi ketho kuom timbe maricho.",Yes,Yes,,,
367,Education,Integrate values education 2022.,Unganisha thamani za elimu 2022.,Ti gi puonj kod chike mag ngima e higa mar 2022.,Yes,Yes,,,
3285,Agriculture,Protect your kale from coffee berry disease by rotating crops.,Linda sukuma wiki yako dhidi ya ugonjwa wa chungu wa kahawa kwa kubadilisha mazao.,Rit kale mari mondo kik oyud tuoche mag berry mag kahawa kuom loko cham ma ipidho.,Yes,Yes,,,
3714,Agriculture,Protect your wheat from drought by rotating crops.,Linda ngano yako dhidi ya ukame kwa kubadilisha mazao.,Rit ngano mari mondo kik oyud oro kuom loko cham ma ipidho.,Yes,Yes,,,
3221,Health,"These include regional drought, conflict, and insecurity in the Horn of Africa, and the increased movement within and to the country by people fleeing conflicts in Somalia and South Sudan.","Hizi ni pamoja na ukame wa kikanda, migogoro, na ukosefu wa usalama katika Pembe ya Afrika, na kuongezeka kwa harakati ndani na ndani ya nchi na watu wanaokimbia migogoro nchini Somalia na Sudan Kusini.","Magi oriwo oro, lweny, kod bedo ni onge arita e piny Tung' mar Afrika, kod medruok mar wuoth ei pinyno kendo donjo e pinyno kuom oganda maring'o lwenje e piny Somalia kod Sudan ma Milambo.",Yes,Yes,,,
737,Education,Update school records digitally 2023.,Sasisha rekodi za shule kidijitali 2023.,Lok rekod mag skul e yor digital 2023.,Yes,Yes,,,
2247,Security & Safety,The National Counter Terrorism Centre calls for prompt reporting of suspicious activities.,Kituo cha Kitaifa cha Kupambana na Ugaidi kinatoa wito wa kuripotiwa haraka kwa shughuli zinazotiliwa shaka.,National Counter Terrorism Centre dwaro ni ji ochiw ripot mapiyo kuom gik ma chando ji.,Yes,Yes,,,
4292,Health,Outbreaks of hepatitis B are prevented through safe food handling and timely family planning services.,Milipuko ya homa ya ini aina B huzuiwa kupitia utunzaji salama wa chakula na huduma za uzazi wa mpango kwa wakati.,Twoche mag hepatitis B ogeng'o kokalo kuom tiyo maber gi chiemo ma ichamo kod chiwo kony mag komo anyuola e kinde mowinjore.,Yes,Yes,,,
1699,Security & Safety,Women in agriculture face distinct risks. Cooperatives should adopt prevention policies and reporting options.,Wanawake katika kilimo wanakabiliwa na hatari tofauti. Vyama vya ushirika vinapaswa kupitisha sera za kuzuia na chaguzi za kuripoti.,Mon ma tiyo e tij pur romo gi pek mopogore opogore. Migepe pur nyaka jiw arito jopur mamon,Yes,No,"Drops ""reporting options"" from the second sentence.",Mon ma tiyo e tij pur romo gi pek mopogore opogore. Migepe mag pur nyaka kaw yore mag geng'o pek kod yore mag chiwo ripot.,
2658,Governance,Ministry of Interior calls upon citizens to contribute their views on to strengthen governance.,Wizara ya Mambo ya Ndani inatoa wito kwa raia kutoa maoni yao kuhusu kuimarisha utawala.,Apis mar weche mag arita kwayo raia mondo ochiw pachgi kuom wach gero sirkal.,Yes,Yes,,,
832,Health,Govt kicks of distribution of mosquito nets. Govt aims at distributing 15.3M treated nets,Serikali yazindua usambazaji wa vyandarua. Serikali inalenga kusambaza vyandarua milioni 15.3 vilivyotibiwa,Sirkal chako pogo net mag kwiri. Sirkal dwaro ni opog ne ji net milion 15.3 mosetigo,Yes,Yes,,,
1916,Security & Safety,Use crossing points and traffic lights where available.,Tumia sehemu za kuingilia na taa za trafiki inapopatikana.,Ti gi ler mag ndara mondo kik gari nyoni,Yes,Yes,,,
3908,Education,Teachers recommend combining regular homework review with regular attendance to address lack of learning materials.,Walimu wanapendekeza kuchanganya kupitia kazi za nyumbani mara kwa mara na mahudhurio ya mara kwa mara kushughulikia ukosefu wa vifaa vya kujifunzia.,Jopuonj golo paro ni mondo oriw somo mar tije mag ot pile ka pile kod chopo e chokruoge pile ka pile mondo ilos bedo maonge gi gige somo.,Yes,Yes,,,
4475,Security & Safety,"During mass gatherings, always keep emergency contacts on hand in case of drought.","Wakati wa mikusanyiko mikubwa, weka nambari za dharura karibu endapo kutakuwa na ukame.","E kinde mag chokruok mag ji mang'eny, kinde duto bed gi jogo ma inyalo tudruokgo mapiyo ka ng'ato otho.",Yes,Yes,,,
4020,Education,Any lack of learning materials affecting learners at Junior Secondary School should be raised during infrastructure development plans discussions.,ukosefu wa vifaa vya kujifunzia yoyote inayoathiri wanafunzi katika shule ya upili ya chini inapaswa kuibuliwa wakati wa majadiliano ya mipango ya uendelezaji wa miundombinu.,"Gimoro amora ma onge gi gik mitiyogo e somo ma mulo jopuonjre e Skul mar Sekondari ma piny, onego oketgi e paro e kinde ma itimoe mbaka mag chenro mag dongruok mar gedo mag piny.",Yes,Yes,,,
1939,Security & Safety,Never leave candles burning unattended - use hurricane lamps instead.,Usiache mishumaa ikiwaka bila mtu anayeiangalia - tumia taa za kimbunga badala yake.,Kik iweya ka teyni liel maok iketo pachi e yo maber - ti gi teyni mag yamo mager kar mano.,Yes,Yes,,,
3174,Health,"Kenya's Ministry of Health and the World Health Organization (WHO) handed over 108 electric obstetric theatre beds and a package of women's cancer screening and management equipment at Kenyatta National Hospital on 9 June 2026, in a move intended to strengthen the country's capacity to manage obstetric emergencies and expand access to cervical and breast cancer services.","Wizara ya Afya ya Kenya na Shirika la Afya Duniani (WHO) zilikabidhi vitanda 108 vya maonyesho ya uzazi na kifurushi cha vifaa vya uchunguzi na udhibiti wa saratani ya wanawake katika Hospitali ya Kitaifa ya Kenyatta tarehe 9 Juni 2026, katika hatua iliyokusudiwa kuimarisha uwezo wa nchi wa kudhibiti dharura za uzazi na kupanua ufikiaji wa huduma za saratani ya mlango wa kizazi na matiti.","Od thieth mar piny Kenya kod Riwruok mar Thieth mar Pinyruoth (WHO) nomiyo otanda 108 mag ot mar nyuol kod gik ma itiyogo e ng'iyo kendo rito tuo mar kansa mar mon e Od thieth maduong' mar Kenyatta tarik 9 dwe mar auchiel higa mar 2026, e chenro ma ne ochung'ne jiwo nyalo mar pinyno mar nyuol kendo rito tuoche mag kansa. tich mar thieth mar kansa.",Yes,Yes,,,
308,Education,Fund schools! Support education for refugee children.,Fadhili shule! Saidia elimu kwa watoto wakimbizi.,Konyuru Skunde mag Pinyruoth! Kony nyithindo ma oringo thuchegi.,Yes,Yes,,,
2916,Health,COVID-19 PCR LABS TRAINED ON TRUSTED TRAVEL AS AT 21.09.2021,MAABARA YA COVID-19 PCR YALIYOFUNZWA KWA USAFIRI UNAOAMINIWA MNAMO TAREHE 21.09.2021,LABO MAR PCR MAR COVID-19 OPUONJI E WUOTH MOGINE CHIEKO TAR 21.09.2021,Yes,Yes,,,
556,Education,"Report issues! Schools, set up grievance systems.","Ripoti masuala! Shule, weka mifumo ya malalamiko.","Lando wach ma chandou! Skunde, keto chenro mag ng'ado bura.",Yes,Yes,,,
201,Education,Enroll in TVET programs for skills development 2025.,Jiandikishe katika programu za TVET kwa ajili ya ukuzaji wa ujuzi 2025.,Donj e chenro mag TVET mar dongruok mar lony 2025.,Yes,Yes,,,
2782,Governance,Saving Marsabit Forests: Measures launched to protect forests and water bodies in the county Stakeholders urged to sensitise residents to help combat degradation Residents urged to plant trees to protect water catchment areas,Kuokoa Misitu ya Marsabit: Hatua zilizozinduliwa kulinda misitu na vyanzo vya maji katika kaunti Wadau wahimizwa kuhamasisha wakazi kusaidia kupambana na uharibifu Wakazi wahimizwa kupanda miti ili kulinda maeneo ya vyanzo vya maji,Konyo bungu mar Masabit: Chenro mag rito bunge kod yiende mag pi e kaunti'no ne ojiw jokanyo ne ojwi mondo owuo kod jodak mondo okony e rito lowo ojiw jodak mondo opidh yiende mondo oywa pi.,Yes,Yes,,,
1893,Security & Safety,Don't use 'Mothers maiden name' for security questions! Use a fictional answer.,Usitumie 'Jina la ukoo la Mama' kwa maswali ya usalama! Tumia jibu la kubuni.,"Kik iti gi nying mamau sama iseto paswad, to ti gi dwoko ma ok nyal bedo adier.",Yes,Yes,,,
3955,Education,Teachers recommend combining daily reading with regular attendance to address lack of learning materials.,Walimu wanapendekeza kuchanganya kusoma kila siku na mahudhurio ya mara kwa mara kushughulikia ukosefu wa vifaa vya kujifunzia.,Jopuonj golo paro ni mondo oriw somo ma pile ka pile kod bedo e chokruoge pile mondo ilos bedo maonge gi gige somo.,Yes,Yes,,,
2429,Security & Safety,Follow correct procedures when your vehicle breaks down.,Fuata taratibu sahihi gari lako linapoharibika.,Tim gik makare sama mtoka okethore.,Yes,Yes,,,
3993,Education,The textbook subsidy programme now covers learners at pre-primary school facing financial hardship.,mpango wa ruzuku ya vitabu sasa inahusisha wanafunzi katika shule ya chekechea wanaokabiliwa na ugumu wa kifedha.,Program mar konyo buge mag somo sani oriwo jopuonjre ma ni e skul ma pok ochako somo ma yudo pek mag pesa.,Yes,Yes,,,
572,Education,Safety guidelines for school reopening 2021.,Miongozo ya usalama kwa ajili ya kufungua tena shule 2021.,Puonj mag ritruok e chako skul kendo 2021.,Yes,Yes,,,
4963,Governance,"To reduce abuse of office, the county is expanding access to tax compliance certificates this year.","Ili kupunguza matumizi mabaya ya ofisi, kaunti inapanua upatikanaji wa vyeti vya ufuasi wa kodi mwaka huu.","Mondo ogeng' tiyo marach gi ofis, kaunti medo yudo oboke mag luwo chike mag osuru e higa ni.",Yes,Yes,,,
3010,Governance,"Voter Polling Stations for the By-elections Scheduled to be held on 14th October, 2021","Vituo vya Kupigia Kura kwa ajili ya Uchaguzi Mdogo wa Madiwani Uliopangwa kufanyika tarehe 14 Oktoba, 2021.",Kuonde mag goyo ombulu mag yiero mabiro timore tarik 14 dwe mar apar higa mar 2021,Yes,Yes,,,
4280,Health,Health workers recommend learning about safe pregnancy practices alongside practicing using treated mosquito nets at home.,Wahudumu wa afya wanapendekeza kujifunza kuhusu mazoezi salama ya ujauzito pamoja na kufanya kutumia vyandarua vilivyotibiwa nyumbani.,Jotich mag thieth chiwo paro ni mondo ipuonjri yore mabeyo mag bedo gi ich kaachiel gi puonjruok mar tiyo kod gik ma itiyogo e geng'o suna e ot.,Yes,Yes,,,
4226,Health,Combine safe disposal of medical waste with regular dental checkups visits to stay healthy all year round.,Changanya utupaji salama wa taka za hospitalini na ziara za mara kwa mara za uchunguzi wa meno ili kuwa na afya mwaka mzima.,Kod bolo yugi mar thieth maber kod limo pim mar lak pile pile mondo ibed gi ngima maber higa duto.,Yes,Yes,,,
4284,Health,Combine regular handwashing with soap with regular maternal health checkups visits to stay healthy all year round.,Changanya kunawa mikono mara kwa mara kwa sabuni na ziara za mara kwa mara za uchunguzi wa afya ya uzazi ili kuwa na afya mwaka mzima.,Kod lwoko lwedo pile ka pile gi sabun kod limo pile pile mag pim mag ngima mar min mondo obed gi ngima maber higa duto.,Yes,Yes,,,
1836,Security & Safety,EACC warns of imposters offering job placements at parastatals for upfront cash. All official job listings are published on PSC and organization websites.,EACC yaonya kuhusu matapeli wanaotoa nafasi za kazi katika mashirika ya umma kwa pesa taslimu mapema. Orodha zote rasmi za kazi huchapishwa kwenye tovuti za PSC na mashirika.,EACC chiwo siem ne joma wuondore ni chiwo tije e sirkal kaluwore gi pesa,Yes,No,Truncated -- drops the second sentence about official job listings on PSC/organization websites.,EACC chiwo siem ne joma wuondore ni chiwo tije e sirkal kaluwore gi pesa michulo mokwongo. Weche duto mag tije mowinjore iyudo e website mag PSC kod mag migepe mamoko.,
1731,Security & Safety,Children with disabilities face higher risks of abuse. Ensure inclusive education and accessible reporting mechanisms for their protection.,Watoto wenye ulemavu wanakabiliwa na hatari kubwa zaidi za unyanyasaji. Hakikisha elimu jumuishi na mifumo ya kuripoti inayopatikana kwa urahisi kwa ajili ya ulinzi wao.,Nyithindo ma nigi midekre yudo pek mang'eny e kwedo timbe njore.,Yes,No,"Drops second sentence: ""Ensure inclusive education and accessible reporting mechanisms for their protection.""",Nyithindo ma nigi midekre yudo pek mang'eny mar timbe marach. Ne ni somo rwako ji duto kendo nitie yore mayot mag chiwo ripot mar ritgi.,
974,Health,"Severe headaches, swelling, or bleeding during pregnancy require immediate medical attention.","Maumivu makali ya kichwa, uvimbe, au kutokwa na damu wakati wa ujauzito kunahitaji matibabu ya haraka.","Pich wich mager, chwoyo, kata chwero remo e kinde ma dhako nie ich, dwaro ni oyud thieth mapiyo.",Yes,Yes,,,
323,Education,Grade 7 reporting January 13: Bring only birth certificate – no shopping list allowed.,Kuripoti Darasa la 7 Januari 13: Leta cheti cha kuzaliwa pekee – hakuna orodha ya ununuzi inayoruhusiwa.,Klas mar 7 biro chopo Januar 13: Inyalo mana kelo barupe manyiso ni onyuoli to ok iyie gi chenro mar nyiewo gik moko.,Yes,Yes,,,
3166,Health,WHO and Kenya hand over theatre beds and cancer equipment to strengthen maternal and women's health...,WHO na Kenya zakabidhi vitanda vya maonyesho na vifaa vya saratani ili kuimarisha afya ya mama na wanawake...,WHO kod Kenya chiwo otanda mag sinema kod gige kansa mondo ojing' ngima mar mon kod mon...,Yes,Yes,,,
2551,Governance,"ARTICLE 19 condemns Kenyan officials' use of violence and intimidation against students, the public, and journalists.","KIFUNGU CHA 19 kinalaani matumizi ya vurugu na vitisho kwa maafisa wa Kenya dhidi ya wanafunzi, umma, na waandishi wa habari.","""Sula apar kod ochiko kwero jotend Piny Kenya tiyo kod lweny kod ayany ewi jopuonjre, oganda, koda jofwambo kod keyo.",Yes,Yes,,,
2172,Security & Safety,"The Guardian covered the arrest of a constable linked to a political blogger's death in custody, seen as a rare step toward accountability.","Gazeti la Guardian liliripoti kukamatwa kwa polisi aliyehusishwa na kifo cha mwanablogu wa kisiasa akiwa kizuizini, jambo linaloonekana kama hatua adimu kuelekea uwajibikaji.","Gaset mar Guardian ne olero ni polis moro ma ne oneko e jela osemaki, kendo mano ne en okang' maber ahinya mar nyiso ratiro jomotue",Yes,Yes,,,
4921,Governance,Residents attending citizen feedback sessions can also learn how to access tax compliance certificates on the spot.,Wakazi wanaohudhuria vikao vya maoni ya wananchi wanaweza pia kujifunza jinsi ya kupata vyeti vya ufuasi wa kodi papo hapo.,Jodak ma dhi e chokruoge mag dwoko paro mag jodak bende nyalo ng'eyo kaka ginyalo yudo oboke mag luwo chike mag osuru e kanyo.,Yes,Yes,,,
657,Education,Support nomadic education 2022.,Saidia elimu ya kuhamahama 2022.,Riw lwedo somo mar jowuoth 2022.,Yes,Yes,,,
2338,Security & Safety,Interior Ministry condemned attacks on security installations.,Wizara ya Mambo ya Ndani ililaani mashambulizi dhidi ya vituo vya usalama.,Ministry of Interior nokwedo monj ma ne otim e ute mag sirkal.,Yes,Yes,,,
3115,Health,Engaging boys and men in the HIV response and promoting gender equality in Kenya is crucial for sustainable health outcomes and addressing gender disparities.,Kushirikisha wavulana na wanaume katika mwitikio wa VVU na kukuza usawa wa kijinsia nchini Kenya ni muhimu kwa matokeo endelevu ya afya na kushughulikia tofauti za kijinsia.,Kuong'o nyithindo ma yawuowi kod chwo e dwoko mar HIV kendo keto puonj maromre e kind chwo gi mon e piny Kenya en gima duong' ahinya e yudo duoko maber mag thieth kendo loso pogruok ma nitie e kind chwo gi mon.,Yes,Yes,,,
1979,Security & Safety,Park in well-lit areas at night and check surroundings before exiting vehicle.,Egesha gari katika maeneo yenye mwanga wa kutosha usiku na angalia mazingira kabla ya kutoka.,Par kar dak e alwora ma ler ler nitie gotieno kendo ne kama idakie kapok iwuok e mtoka.,Yes,Yes,,,
850,Health,Mental well-being is essential for a productive and healthy workplace. Prioritize mental health just as you would physical health.,Ustawi wa akili ni muhimu kwa mahali pa kazi penye tija na afya. Panga afya ya akili kama vile unavyoweza kuipa kipaumbele afya ya mwili.,Bedo gi paro maber en gima dwarore ahinya mondo ng'ato obed gi ngima maber e kar tich. Par ni bedo gi paro mowinjore en gima duong' ahinya mana kaka rito dendi.,Yes,Yes,,,
4080,Health,Health workers recommend learning about first aid basics alongside practicing safe food handling at home.,Wahudumu wa afya wanapendekeza kujifunza kuhusu misingi ya huduma ya kwanza pamoja na kufanya utunzaji salama wa chakula nyumbani.,Jotich mag thieth nyiso ni nyaka ipuonjri weche madongo mag kony mokwongo kaachiel gi puonjruok kaka inyalo rito chiemo maber e ot.,Yes,Yes,,,
939,Health,"Caregivers should follow the national immunization schedule to protect children against deadly diseases such as measles, polio, and tuberculosis.","Walezi wanapaswa kufuata ratiba ya kitaifa ya chanjo ili kuwalinda watoto dhidi ya magonjwa hatari kama vile surua, polio, na kifua kikuu.","Joma rito nyithindo onego oluw chenro moketi mar kano yedhe mag geng'o tuoche kaka, ayaki, polio, kod kahera.",Yes,Yes,,,
4268,Health,Health workers recommend learning about mental health support alongside practicing safe disposal of medical waste at home.,Wahudumu wa afya wanapendekeza kujifunza kuhusu usaidizi wa afya ya akili pamoja na kufanya utupaji salama wa taka za hospitalini nyumbani.,Jotich mag thieth nyiso ni onego opuonjre e wi konyo thieth mar paro kaachiel gi puonjruok mar wito yugi mag thieth e ot.,Yes,Yes,,,
1199,Health,World cancer day themed 'united by unique'. Experts emphasize on individualized patient-centered care. Govt called upon to ensure easy accessibility to cancer services Rising burden of cancer considered a threat to the economy,Siku ya saratani duniani yenye mada 'kuunganishwa na kipekee'. Wataalamu wanasisitiza huduma ya kibinafsi inayolenga mgonjwa. Serikali imeomba kuhakikisha upatikanaji rahisi wa huduma za saratani. Mzigo unaoongezeka wa saratani unachukuliwa kuwa tishio kwa uchumi,"Odiechieng' mar thieth mar kansa e piny mangima ne dhi bedo gi wich mawacho ni, 'Winjruok e kind gik mopogore opogore.' Lakteche jiwo ahinya wach rito jatuwo ka luwore gi chal mare. Ne okwa sirkal mondo omi ji thuolo mar yudo thieth mar kansa e yo mayot Medruok mar tuo mar kansa en gima kelo hinyruok ne yuto mar piny",Yes,Yes,,,
3111,Health,"Media plays a crucial role in shaping positive health outcomes, contributing significantly to Kenya's success in combating HIV and AIDS.","Vyombo vya habari vina jukumu muhimu katika kuunda matokeo chanya ya afya, na kuchangia kwa kiasi kikubwa mafanikio ya Kenya katika kupambana na VVU na UKIMWI.","Oboke mag lando wach nigi tich maduong' ahinya e loso gik mabeyo mag thieth, kendo gikonyo ahinya e loch mar piny Kenya e lweny mar HIV kod AIDS.",Yes,Yes,,,
292,Education,"Free startup capital Ksh 200,000 for top 1,000 TVET graduates!","Mtaji wa kuanzisha biashara bila malipo Ksh 200,000 kwa wahitimu 1,000 bora wa TVET!","Ohala mar Ksh 200,000 mar chako tich ne jopuonjre 1,000 ma osetieko tiegruok mar TVET!",Yes,Yes,,,
210,Education,Ensure compliance with safety manual.,Hakikisha kufuata mwongozo wa usalama.,Ne ni oluw weche manie buk moting'o chike mag rito ngima.,Yes,Yes,,,
821,Health,"Gov't now calls for wearing of masks, vaccination as Kenya faces 6th COVID-19 wave",Serikali sasa yatoa wito wa kuvaa barakoa na chanjo huku Kenya ikikabiliwa na wimbi la 6 la COVID-19,"Sirkal koro dwaro ni ji orwak lep lak, kendo gichiw thieth e kinde ma Kenya romo gi COVID-19 mar auchiel",Yes,Yes,,,
4443,Security & Safety,Emergency responders are on standby to assist during disease outbreaks.,Wahudumu wa dharura wako tayari kusaidia wakati wa milipuko ya magonjwa.,Jogo ma konyo e kinde mag masira gin gi gombo mar konyo e kinde ma tuoche opong'o piny.,Yes,Yes,,,
4678,Security & Safety,Stay informed on security threats and follow fire safety precautions to keep your family safe.,Endelea kufahamishwa kuhusu vitisho vya usalama na ufuate tahadhari za usalama wa moto kuweka familia yako salama.,Bed gi ng'eyo matut kuom gik ma nyalo kelo luoro kendo luwo okenge mag arita mar mach mondo orit joodu maber.,Yes,Yes,,,
2294,Security & Safety,Reporting corruption aids asset recovery and strengthens law enforcement. Use official channels.,Kuripoti ufisadi husaidia kurejesha mali na kuimarisha utekelezaji wa sheria. Tumia njia rasmi.,"Ka ng'ato chiwo ripot e wi mibadhi, mano konyo e chulo mwandu kendo jiwo chike.",Yes,Yes,,,
2925,Health,MINISTRY OF HEALTH KENYA COVID-19 IMMUNIZATION STATUS REPORT 12TH MAY 2022,RIPOTI YA HALI YA CHANJO YA WIZARA YA AFYA KENYA COVID-19 TAREHE 12 MEI 2022,RIPOT MAR CHALO MAR CHOTH TUO MAR CHOKO MAR TUDO MAR KENYA TAR 12 MAR ABICH 2022,Yes,Yes,,,
2570,Governance,By 3 months ago KWS concludes public consultations on new park fees The public input process will culminate this Friday with a national validation forum at the Kenyatta International Convention Centre (KICC) in Nairobi.,Kufikia miezi 3 iliyopita KWS yakamilisha mashauriano ya umma kuhusu ada mpya za bustani. Mchakato wa michango ya umma utafikia kilele Ijumaa hii kwa jukwaa la kitaifa la uthibitishaji katika Kituo cha Mikutano cha Kimataifa cha Kenyatta (KICC) jijini Nairobi.,"Kuom dweche adek mosekalo, duol mar weche lee mag bungu osetieko goyo mbaka gi ji e wi chudo manyien mar puothe mag ji duto ma biro chopo e chokruok maduong' mar piny mangima ma ibiro tim chieng' Tich Abich e kar romo mar piny mangima mar Kenyatta, KICC e boma ma Nairobi.",Yes,Yes,,,
1109,Health,Early testing helps protect the unborn baby from HIV transmission.,Kupima mapema husaidia kumlinda mtoto ambaye hajazaliwa kutokana na maambukizi ya VVU.,Pimruok chon konyo e rito nyathi mapok onyuol kuom yudo tuo mar HIV.,Yes,Yes,,,
4045,Education,The digital learning devices programme now covers learners at Senior School facing financial hardship.,mpango wa vifaa vya kujifunzia vya kidijitali sasa inahusisha wanafunzi katika shule ya upili ya juu wanaokabiliwa na ugumu wa kifedha.,Program mar gige somo mag dijital sani oriwo jopuonjre ma ni e Skul Maduong' ma yudo pek mag pesa.,Yes,Yes,,,
755,Education,Welcome refugees! Enroll refugee children in local schools.,Karibuni wakimbizi! Waandikishe watoto wakimbizi katika shule za mitaa.,Warwakuru joma oringo thuchegi! Kel nyithindo ma oringo thuchegi e skunde manie alworau.,Yes,Yes,,,
5110,Governance,Any suspected misuse of public funds can be reported anonymously through the ethics hotline.,matumizi mabaya ya fedha za umma yoyote inayoshukiwa inaweza kuripotiwa bila kujulikana kupitia laini ya maadili.,Gimoro amora ma iparo ni otiyo marach gi pesa mag piny inyalo lando ma ok ong'ere kokalo kuom namba mar ng'ado bura.,Yes,Yes,,,
2795,Governance,Thank you for your feedback. Please report all cases of corruption and bribery to EACCKenya,Asante kwa maoni yako. Tafadhali ripoti kesi zote za ufisadi na rushwa kwa EACCKenya,Erokamano kuom dwoko mari. nyis weche duto motudore gi mibadhi kod asoya ne riwruok mar EACC Kenya.,Yes,Yes,,,
2948,Governance,"By-Elections for Member of National Assembly for Isiolo South Constituency and Member of County Assembly for Muminji Ward and Evurore Ward, Mbeere North Constituency, Embu County and West Kabras Ward, Malava Constituency, Kakamega County Scheduled to be held on Thursday 26th February, 2026.","Uchaguzi Mdogo wa Mbunge wa Kitaifa wa Eneobunge la Isiolo Kusini na Mbunge wa Kaunti ya Wadi ya Muminji na Wadi ya Evurore, Eneo Bunge la Mbeere Kaskazini, Kaunti ya Embu na Wadi ya Kabras Magharibi, Eneo Bunge la Malava, Kaunti ya Kakamega Ulioratibiwa kufanywa Alhamisi Februari 26, 2026.","<2Zepa> Yiero matin mar bedo jatend bura mar piny owacho mar Isiolo ma milambo kod jatend bura mar piny owacho e gweng' mar Muminji kod gweng' mar Evurore, gweng' mar Mbeere ma nyandwat, gweng' mar Embu kod gweng' mar Kabras ma yo podho chieng', gweng' mar Malava, gweng' mar Kakamega.",Yes,Yes,,,
185,Education,Elimination of school levies: All public schools must comply with free education policy.,Kuondolewa kwa ada za shule: Shule zote za umma lazima zizingatie sera ya elimu bila malipo.,Golo osuru mag somo: Skunde duto mag sirkal nyaka luw chike mag somo maonge chudo.,Yes,Yes,,,
102,Education,Centre Managers and Invigilators must register on CP2 system.,Wasimamizi wa Vituo na Wasimamizi lazima wajiandikishe kwenye mfumo wa CP2.,Jorit koda jorit onego odonj e chenro mar CP2.,Yes,Yes,,,
4133,Health,Health workers recommend learning about adolescent reproductive health alongside practicing safe disposal of medical waste at home.,Wahudumu wa afya wanapendekeza kujifunza kuhusu afya ya uzazi kwa vijana pamoja na kufanya utupaji salama wa taka za hospitalini nyumbani.,Jotich mag thieth chiwo paro ni ji opuonjre e wi thieth mar nyuol mar nyithindo ma rowere kaachiel gi puonjruok mar wito yugi mag thieth e ot maber.,Yes,Yes,,,
2620,Governance,The Communications Authority has issued a directive requiring the public to participate in.,Mamlaka ya Mawasiliano imetoa agizo linalowataka umma kushiriki.,Tend weche tudruok ochiwo mar Wuoyo gi Ji osechiwo chike ma dwaro ni ji duto ochiw pachgi.,Yes,Yes,,,
4729,Security & Safety,"In light of recent domestic violence cases, residents are reminded to follow workplace safety standards.","Kutokana na visa vya hivi karibuni vya unyanyasaji wa nyumbani, wakazi wanakumbushwa kufuata viwango vya usalama mahali pa kazi.","Kaluwore gi kes ma osetimore machiegni mag ng'anjo e ot, iparo ne jodak mondo giluw chike mag arita e kar tich.",Yes,Yes,,,
1810,Security & Safety,"Research farms need strict security. Use CCTV, controlled access, and patrols.","Mashamba ya utafiti yanahitaji ulinzi mkali. Tumia CCTV, ufikiaji unaodhibitiwa, na doria.",Puothe mitime nonro mopogre dwaro arita,Yes,No,"Severely truncated -- drops ""Use CCTV, controlled access, and patrols"" entirely.","Puothe mag nonro dwaro arita motegno. Ti gi CCTV, donjo ma orit, kod jorit ma wuotho ka rito.",
3979,Education,Teachers recommend combining peer study groups with regular attendance to address inadequate sanitation facilities.,Walimu wanapendekeza kuchanganya vikundi vya wenzao vya kusoma na mahudhurio ya mara kwa mara kushughulikia vyoo visivyotosha.,Jopuonj chiwo paro mar keto kanyakla grup mag somo mag jowetegi kanyachiel gi bedoe kinde ka kinde mar loso kuonde ma ok oromo mag ler.,Yes,Yes,,,
1074,Health,"Announcement that hospitals will include African indigenous vegetables (e.g., amaranth, spider plant, African nightshade) in patient meals to improve nutrition.","Tangazo kwamba hospitali zitajumuisha mboga za asili za Kiafrika (k.m., mchicha, mmea wa buibui, mti wa mtu wa Kiafrika) katika milo ya wagonjwa ili kuboresha lishe.","Lando ni osiptande biro keto alode mag Afrika (kaka amaranth, spider plant, African nightshade) e chiemo ma jotuo chamo mondo okonygi yudo chiemo maber.",Yes,Yes,,,
2332,Security & Safety,Enhanced airport and public‑space security aims to protect visitors.,Usalama ulioimarishwa wa viwanja vya ndege na anga za umma unalenga kuwalinda wageni.,Tego sirkal mar ndege kod sirkal mar alwora dwaro rito jowuoth.,Yes,Yes,,,
3873,Education,Apply for the school infrastructure improvement fund to help with your child's school fees.,Omba mfuko wa uboreshaji wa miundombinu ya shule kusaidia ada ya shule ya mtoto wako.,Kwayo pesa mar loso gik moko e skul mondo okonyi chulo skul mar nyathini.,Yes,Yes,,,
2888,Health,Malaria vaccination targeting children within Kenya's lake-endemic region,Chanjo ya malaria inayolenga watoto katika eneo la ziwa la Kenya,Chanjo mar maleria ma ochung' ne nyithindo ma ni e alwora mar nam ma Kenya,Yes,Yes,,,
1191,Health,"Launch of smartphone app to track daily steps, hydration, dietary intake, and stress levels with community leaderboards.","Uzinduzi wa programu ya simu mahiri ili kufuatilia hatua za kila siku, unyevu, ulaji wa chakula, na viwango vya msongo wa mawazo kwa kutumia ubao wa viongozi wa jamii.","Chakruok mar app mar smartphone mar nono okenge ma ng'ato kawo pile, pi, chiemo ma ng'ato chamo, kod pek ma ng'ato nigo kaluwore gi joma nie kanyakla.",Yes,Yes,,,
462,Education,Organize career guidance days 2021.,Panga siku za mwongozo wa kazi 2021.,Chenro mar bedo gi odiechienge mag chiwo paro e wi tije 2021.,Yes,Yes,,,
829,Health,Uganda declares Ebola outbreak after the Health Ministry confirmed a 24-year-old man showed symptoms and later died,Uganda yatangaza mlipuko wa Ebola baada ya Wizara ya Afya kuthibitisha kuwa mwanaume wa miaka 24 alionyesha dalili na baadaye akafariki,Uganda wacho ni Ebola osewuok bang' ka Ministri mar Thieth ne oseyie ni jal moro ma jahigini 24 ne nigi ranyisi mag tuwono to bang'e ne otho.,Yes,Yes,,,
1389,Agriculture,"Focused cow and calf vaccinations, quality colostrum, and herd-specific programs improve calf health and reduce mortality.","Chanjo maalum za ng'ombe na ndama, kolostramu bora, na programu maalum za kundi huboresha afya ya ndama na kupunguza vifo.","Chiemo mar dhok kod mar rwath ma ji neno ni ber, kaachiel gi chenro mag pidho dhok konyo nyirombe obed gi ngima maber kendo miyo tho ok bedie.",Yes,Yes,,,
1816,Security & Safety,Several Kenyans have reported scam calls claiming to be from international couriers requesting customs clearance payments. Confirm such calls with KRA or the courier directly,Wakenya kadhaa wameripoti simu za ulaghai zinazodaiwa kutoka kwa wasafirishaji wa kimataifa wanaoomba malipo ya kibali cha forodha. Thibitisha simu hizo moja kwa moja na KRA au msafirishaji.,Jo Kenya mang'eny osewacho ni ne giwuoyo gi mikoche ma ne dwaro ni mondo gichul pesa mondo giso gig ohala e gweng' ka,Yes,No,"Truncated -- drops ""Confirm such calls with KRA or the courier directly.""","Jo-Kenya mang'eny osewacho ni ne giyudo mikoch mag wuond, ka jowuoyogo wacho ni gin jo-kompuni mag oro gik moko e pinje mamoko, ka gikwayo chudo mar customs. Nonre ane gi KRA kata gi kompuni mar oro gik moko owuon kapok ichiwo pesa.",
1346,Agriculture,Demonstratable knowledge on agriculture technology in Africa,Maarifa yanayoonekana kuhusu teknolojia ya kilimo barani Afrika,Ng'eyo matut kuom teknoloji mag pur e Afrika,Yes,Yes,,,
4195,Health,Combine safe food handling with regular cancer screening visits to stay healthy all year round.,Changanya utunzaji salama wa chakula na ziara za mara kwa mara za uchunguzi wa saratani ili kuwa na afya mwaka mzima.,Kod rito chiemo maber kod limo pile pile mar pim kansa mondo ibed gi ngima maber e higa duto.,Yes,Yes,,,
3487,Agriculture,Farmers growing beans are advised to watch out for coffee berry disease this season.,Wakulima wanaolima maharagwe washauriwa kuchunga ugonjwa wa chungu wa kahawa msimu huu.,Jopur mapidho olemb ng'ombe ipuonjo mondo oritgi tuoche mag berry mag kahawa e kindeni.,Yes,No,"""beans"" rendered as an unusual/unclear term (""olemb ng'ombe"") -- recommend native-speaker check.",Jopur mapidho beans ipuonjo mondo oritgi tuoche mag berry mag kahawa e kindeni.,
2872,Governance,"Mombasa, Your Voice Matters! Mombasa County invites all citizens to engage in the Finance Bill 2025, ADP, and CBROP discussions. Youth leaders and changemakers read, engage & influence decisions shaping our county's future. Let's show up,speak up & build the Mombasa we deserve.","Mombasa, Sauti Yako Ni Muhimu! Kaunti ya Mombasa inawaalika raia wote kushiriki katika mijadala ya Muswada wa Fedha wa 2025, ADP, na CBROP. Viongozi wa vijana na waleta mabadiliko husoma, kushirikisha na kushawishi maamuzi yanayounda mustakabali wa kaunti yetu. Tujitokeze, tuzungumze na tujenge Mombasa tunayostahili.","Mombasa, dwondi konyo! Kaunti mar Mombasa gwelo ji duto mondo oriwre e loso pesa mar 2025, ADP, kod mbaka mar CBROP. Jotelo mag rowere kod joma kelo lokruok somo, riwo lwedo kendo chiko yiero makelo lokruok e ngima kaunti marwa. Weuru wanenre, wawuo, kendo wakeduru e ngima maber mar Mombasa.",Yes,Yes,,,
40,Education,All schools get Ksh 10M for ICT upgrade – principal must apply by Nov 30!,"Shule zote zitapokea Ksh 10M kwa ajili ya kuboresha ICT ""Mkuu wa shule lazima aombe ifikapo Novemba 30!",Skunde duto yudo Ksh 10M mar medo lony e yore mag ICT.,Yes,Yes,,,
4482,Security & Safety,"During search and rescue operations, always keep emergency contacts on hand in case of disease outbreaks.","Wakati wa operesheni za utafutaji na uokoaji, weka nambari za dharura karibu endapo kutakuwa na milipuko ya magonjwa.","E kinde mag manyo kendo reso ji, kinde duto bed gi jogo ma inyalo tudorego mapiyo kapo ni tuoche moko owuok.",Yes,Yes,,,
413,Education,Learn anywhere! Join mobile schools for pastoralist children.,Jifunze popote! Jiunge na shule zinazotembea za watoto wafugaji.,Puonjri kamoro amora! Dhiuru e skunde mitimoe limbe ne nyithindo modak e gwenge maboyo.,Yes,Yes,,,
3779,Agriculture,Visit your nearest agricultural office to learn about fertiliser subsidies.,Tembelea ofisi ya kilimo ya karibu kujifunza kuhusu ruzuku ya mbolea.,Dhi e ofis man machiegni kodi mar pur mondo ing'e weche mag sir mar chiwo lum.,Yes,Yes,,,
1539,Agriculture,"The ""push–pull"" technology is one example of this, using one plant species that pushes fall armyworm away from maize and another species that pulls them ...","Teknolojia ya ""kusukuma - kuvuta"" ni mfano mmoja wa hili, kwa kutumia spishi moja ya mimea inayosukuma viwavi jeshi kutoka mahindi na spishi nyingine inayowavuta ...","Ranyisi achiel en mar kit yien moro ma chuno chumbi e ngano, kendo machielo ma ywayo chumbi.",Yes,Yes,,,
3583,Agriculture,Combine mulching early with proper spacing to boost your cassava yield.,Changanya kufunika udongo mapema na nafasi sahihi ili kuongeza mavuno ya muhogo.,Riw ng'ado lum mapiyo kod keto thuolo mowinjore mondo omed cham mar mzabibu mari.,Yes,No,Crop-term error: cassava mistranslated as mzabibu (grapevine).,Riw ng'ado lum mapiyo kod keto thuolo mowinjore mondo omed cham mar muhogo mari.,
635,Education,Stay vigilant! Report banditry threats near schools to police.,Kuwa macho! Ripoti vitisho vya ujambazi karibu na shule kwa polisi.,Beduru motang'! Lando ne polise ka nitie jokuoge machiegni gi skunde.,Yes,Yes,,,
50,Education,All TTC students must complete civic education module before graduation – KICD directive.,"Wanafunzi wote wa TTC lazima wamalize moduli ya elimu ya uraia kabla ya kuhitimu ""agizo la KICD"".",Jopuonjre duto mag TTC nyaka tiek somo mar somo mar dak mar oganda kapok gi tieko tiegruok.,Yes,Yes,,,
2060,Security & Safety,Research showing how police community collaboration contributed to crime reduction in Machakos Sub County,Utafiti unaoonyesha jinsi ushirikiano wa jamii ya polisi ulivyochangia kupunguza uhalifu katika Kaunti Ndogo ya Machakos,Nonro manyiso kaka riwruok mar oganda mar polise nokonyo e dwoko piny mahundu e sub county mar Machakos,Yes,Yes,,,
816,Health,Kenya confirms three cases of Covid-19 Omicron variant; Health CS Kagwe says it has been detected among travelers who have been quarantined,Kenya yathibitisha visa vitatu vya Covid-19 Omicron; Waziri wa Afya Kagwe anasema imegunduliwa miongoni mwa wasafiri ambao wametengwa,Kenya nyiso ni ji adek nigi kit tuo mar Covid-19 Omicron; Kagwe wacho ni oseyude kuom jowuoth ma oseketi kar kendgi,Yes,Yes,,,
2864,Governance,Lamu County Government Urges Liquor Board to Refrain from Licensing in High-Risk Areas.,Serikali ya Kaunti ya Lamu Yaitaka Bodi ya Vinywaji Kuacha Kutoa Leseni katika Maeneo Yenye Hatari Kubwa.,Sirkal mar kaunti ma Lamu jiwo jotelo mag kong'o mondo kik chiw otiko mag kong'o e gwenge ma nyalo kelo hinyruok maduong'.,Yes,Yes,,,
718,Education,Train teachers! Support digital learning for all students.,Wafunze walimu! Saidia ujifunzaji wa kidijitali kwa wanafunzi wote.,Tieguru jopuonj! Kony jopuonjre duto mondo opuonjre e yor kompyuta.,Yes,Yes,,,
3412,Agriculture,Combine applying recommended pesticide with proper spacing to boost your cassava yield.,Changanya kutumia dawa inayopendekezwa na nafasi sahihi ili kuongeza mavuno ya muhogo.,Riw tiyo gi yath ma jiwo yien kod thuolo mowinjore mondo omed cham mari mar mzabibu.,Yes,No,Crop-term error: cassava mistranslated as mzabibu (grapevine).,Riw tiyo gi yath ma jiwo yien kod thuolo mowinjore mondo omed cham mari mar muhogo.,
2580,Governance,GNDEM stands in solidarity with I Watch and all nonpartisan citizen election observers who face threats against their right to observe elections and defend the right of citizens to exercise their vote.,GNDEM inasimama kwa mshikamano na I Watch na waangalizi wote wa uchaguzi wa raia wasioegemea upande wowote ambao wanakabiliwa na vitisho dhidi ya haki yao ya kuangalia uchaguzi na kutetea haki ya raia ya kutumia kura yao.,GNDEM ochung' motegno kod riwruok mar I Watch kaachiel gi jotelo duto ma nono yiero mag ji duto ma romo gi pek ewi ratiro ma gin-go mar chiko yiero kendo riwo lwedo ratiro ma ji nigo mar yiero.,Yes,Yes,,,
1214,Health,"Announcement of first public wellness zone offering outdoor fitness equipment, dietary kiosks, and mental wellness pods at Nairobi's stadium.","Tangazo la eneo la kwanza la ustawi wa umma linalotoa vifaa vya mazoezi ya nje, vibanda vya lishe, na vifaa vya afya ya akili katika uwanja wa michezo wa Nairobi.","Lando mar kar rito ngima maber mar ji mokwongo ma chiwo gige timo tiegruok oko mar pacho, kuonde michiwoe chiemo, kod kuonde michiwoe paro maber e pap mar Nairobi.",Yes,Yes,,,
2333,Security & Safety,UN urges transparent investigations after protest fatalities.,Umoja wa Mataifa wahimiza uchunguzi wa wazi baada ya vifo vya waandamanaji.,Riwruok mar Pinje dwaro ni otim nonro e wi joma notho nikech akwede.,Yes,Yes,,,
137,Education,Correct details on CBA portal to avoid issues.,Sahihisha maelezo kwenye lango la CBA ili kuepuka masuala.,Lok weche e CBA portal mondo ogeng' chandruok.,Yes,Yes,,,
1372,Agriculture,"Explore opportunities for your dairy farm or cooperative to supply fresh eggs to colleges (schools, hospitals) for their feeding programs.","Chunguza fursa kwa shamba lako la maziwa au ushirika wa kusambaza mayai mabichi kwa vyuo (shule, hospitali) kwa ajili ya programu zao za kulisha.","Non ane yore ma puotheu nyalo tiyogo e pidho dhok kata riw lwedo chenro mag puothe mag nyithindo (skunde, osiptal) mondo omi gimi nyithindgi chiemo.",Yes,Yes,,,
2371,Security & Safety,"Engage in antidiscrimination, refugee inclusion, and youth empowerment initiatives","Shiriki katika mipango ya kupinga ubaguzi, ujumuishaji wa wakimbizi, na uwezeshaji vijana","Tiyo gi chenro mag kedo gi buono ji, keto joma oringo thuchegi e ngima mar joma odak e pinje mamoko, kod konyo rowere obed gi teko",Yes,Yes,,,
1865,Security & Safety,Beware of emails pretending to be from banks asking for account verification.,Jihadhari na barua pepe zinazojifanya kuwa zinatoka benki zinazoomba uthibitishaji wa akaunti.,Tang' gi barupe ma nyiso ni gin mag bengi,Yes,No,"Truncated -- drops ""asking for account verification.""",Tang' gi email ma nyiso ni gin mag bengi ma kwayo mondo ithiedh akaunti mari.,
2834,Governance,PROCEEDS OF CORRUPTION EACC hands to the President Sh5B assets recovered from proceeds of graft President Ruto urges MPs to pass Conflict of Interest Bill in its original form,MAPATO YA UFISADI EACC YAMkabidhi Rais Mali ya Sh5B zilizopatikana kutokana na mapato ya ufisadi Rais Ruto awahimiza wabunge kupitisha Mswada wa Mgogoro wa Maslahi katika umbo lake la asili,Weche momedi mag mibadhi EACC okelo mwandu mag ker bilion abich mwandu mokaw kowuok kerRuto jood bura mondo okal chochni mar paro e chik yie.,Yes,Yes,,,
1219,Health,"Ministry of Health launches HIV\AIDS marathon to be held on December 1, as it targets to eradicate the disease by 2030","Wizara ya Afya yazindua mbio za marathon za VVU/UKIMWI zitakazofanyika Desemba 1, huku ikilenga kutokomeza ugonjwa huo ifikapo mwaka 2030","Migawo mar weche thieth chako piem mar HIV/AIDS mabiro timore Desemba 1, nikech en chenro mar tieko tuo mar HIV/AIDS e higa mar 2030",Yes,Yes,,,
2547,Governance,"He further pledged to work closely with Governor Timamy to foster unity in Lamu County, urging residents to shun divisive politics â '¬  especially those driven by tribal, religious, or regional differences â '¬  for the sake of progress.","Zaidi ya hayo, aliahidi kufanya kazi kwa karibu na Gavana Timamy ili kukuza umoja katika Kaunti ya Lamu, akiwahimiza wakazi kuepuka siasa za mgawanyiko - hasa zile zinazoendeshwa na tofauti za kikabila, kidini, au kikanda - kwa ajili ya maendeleo.","Ne omedo singore mar tiyo kanyachiel gi Gavana Timamy e jiwo winjruok e kaunti mar Lamu, kojiwo jogweng'no mondo owe siasa mag pogruok, to ahinya wuon jogo motenore gi pogruok mar oganda, din, kata alwora nikech dongruok.",Yes,Yes,,,
2145,Security & Safety,NPS dismissed a viral terror-warning poster as a hoax and urged the public to verify information before sharing.,NPS ilipuuza bango lililokuwa likieneza onyo la ugaidi kama ulaghai na kuwahimiza umma kuthibitisha taarifa kabla ya kuzisambaza.,NPS ne oketo poster ma ne nyiso ni ji nigi sigu gi timbe mahundu kaka miriambo kendo ne ojiwo ji mondo onon weche kapok gipogogi.,Yes,Yes,,,
1467,Agriculture,"Mark your calendars for the upcoming Agricultural Show, a key event for stakeholders in the livestock sector.","Weka alama kwenye kalenda zako kwa ajili ya Maonyesho ya Kilimo yajayo, tukio muhimu kwa wadau katika sekta ya mifugo.","Ndik kalenda mari mar romo mar Agriculture Expo mabiro, ma en gima duong' ahinya ne jogo madwaro rito jamni.",Yes,Yes,,,
4934,Governance,Understanding how county budgets work makes it easier to report nepotism in hiring when you see it.,Kuelewa jinsi bajeti za kaunti zinavyofanya kazi hurahisisha kuripoti upendeleo katika uajiri unapoiona.,Ng'eyo kaka bajet mag kaunti tiyo miyo bedo mayot mondo ior ripot mar ng'anjo e ng'ado tich ka inene.,Yes,Yes,,,
2016,Security & Safety,Be alert in parking lots - have keys ready and check backseat before entering.,Kuwa mwangalifu katika maegesho ya magari - uwe na funguo tayari na uangalie kiti cha nyuma kabla ya kuingia.,Bed motang' sama idonjo e kar park - bed gi ofungu kendo tem ng'eyo kama idhiye bang' donjo.,Yes,Yes,,,
3926,Education,The school feeding programme now covers learners at Junior Secondary School facing financial hardship.,mpango wa chakula shuleni sasa inahusisha wanafunzi katika shule ya upili ya chini wanaokabiliwa na ugumu wa kifedha.,Program mar chiwo chiemo e skul sani oriwo jopuonjre ma ni e skul mar sekondari ma yudo pek mag pesa.,Yes,Yes,,,
2623,Governance,The County Government urges the public to register for to strengthen governance.,Serikali ya Kaunti inawahimiza umma kujiandikisha ili kuimarisha utawala.,Sirkal mar gweng'no jiwo ji mondo ondikre ne mondo ober loch.,Yes,Yes,,,
1907,Security & Safety,"Avoid using public Wi-Fi for banking. Use a VPN if you must connect. Most free networks are not secure.""","Epuka kutumia Wi-Fi ya umma kwa ajili ya benki. Tumia VPN ikiwa ni lazima uunganishe. Mitandao mingi ya bure si salama.""","Kik iti gi Wi-Fi e weche mag bengi, to iti gi VPN kapo ni idwaro tudori kodgi.",Yes,Yes,,,
2507,Governance,"The County Government appeals to all residents to exercise utmost caution, avoid crossing flooded roads or walking near swollen rivers, and to immediately report any emergencies or incidents to the nearest local administration office or through the County emergency hotline.","Serikali ya Kaunti inatoa wito kwa wakazi wote kuwa waangalifu sana, kuepuka kuvuka barabara zilizofurika au kutembea karibu na mito iliyofurika, na kuripoti mara moja dharura au matukio yoyote kwa ofisi ya utawala ya karibu au kupitia simu ya dharura ya Kaunti.","Sirkal mar kaunti no jiwo ji duto mondo otang' ahinya, kik ging'ad nderni mopong' gi pi kata wuoth machiegni gi aoche ma pi opong'o, kendo gikanyono gichiw lipot mar masira moramora e apis maduong' mar sirkal manie gweng'no kata ka gitiyo kod namba mag chwalo masiche.",Yes,Yes,,,
4654,Security & Safety,"During severe weather events, always keep emergency contacts on hand in case of disease outbreaks.","Wakati wa matukio makali ya hali ya hewa, weka nambari za dharura karibu endapo kutakuwa na milipuko ya magonjwa.","E kinde ma piny bedo mager ahinya, kinde duto bed gi jogo ma inyalo tudruokgo mapiyo ka tuoche ochako.",Yes,Yes,,,
279,Education,"Free national digital library launched – 100,000 books, no login required!","Maktaba ya kitaifa ya kidijitali ya bure yazinduliwa – Vitabu 100,000, hakuna kuingia kunakohitajika!","Laibrari mar piny mangima mar digital ma onge chudo, ne ogolo buge 100,000, maonge chuno mar donjo!",Yes,Yes,,,
159,Education,Download KJSEA samples from CBA portal now.,Pakua karatasi za sampuli za KJSEA kutoka kwa lango la CBA sasa.,Gol KJSEA samples e CBA portal sani.,Yes,Yes,,,
4337,Health,Outbreaks of diarrhoeal disease are prevented through exclusive breastfeeding for six months and timely family planning services.,Milipuko ya ugonjwa wa kuhara huzuiwa kupitia kunyonyesha maziwa ya mama pekee kwa miezi sita na huduma za uzazi wa mpango kwa wakati.,Ogeng'o tuoche mag ng'ut ng'ato kokalo kuom miyo nyathi thuolo mar pi kende kuom dweche auchiel kod tich mar loso chenro mar anyuola e kinde mowinjore.,Yes,Yes,,,
3060,Governance,"Gazette Notice for Abakaile (Garissa County), Loiyangalani (Marsabit County), Ganda (Kilifi County) and Mutonguni (Kitui County) By-election to be held on 17th October, 2019","Notisi ya Gazeti la Abakaile (Kaunti ya Garissa), Loiyangalani (Kaunti ya Marsabit), Ganda (Kaunti ya Kilifi) na Uchaguzi Mdogo wa Mutonguni (Kaunti ya Kitui) utakaofanyika tarehe 17 Oktoba, 2019.",Oboke mar Oboke mar Yiero Maduong' mabiro timore tarik 17 dwe mar apar higa mar 2019,Yes,Yes,,,
3548,Agriculture,Vaccinate your goats against foot-and-mouth disease before the rainy season.,Chanja mbuzi yako dhidi ya ugonjwa wa miguu na midomo kabla ya msimu wa mvua.,Chiw ne dier mari chanjo mar tuoche mag tielo kod dhok kapok kinde koth ochopo.,Yes,Yes,,,
3475,Agriculture,The livestock insurance scheme is now open — visit your county office to apply.,mpango wa bima ya mifugo sasa imefunguliwa — tembelea ofisi ya kaunti yako kuomba.,Okang' mar insurans mar le koro oyabere — dhi e ofis mar kaunti mari mondo ior kwayo.,Yes,Yes,,,
1336,Agriculture,"Connect with institutional buyers like hotels to supply your milk regularly. Understand their quality, quantity, and delivery requirements.","Ungana na wanunuzi wa taasisi kama vile hoteli ili kusambaza maziwa yako mara kwa mara. Elewa ubora, wingi, na mahitaji yao ya utoaji.","Tem loso kod jo ma tiyo gi chak e magawa ma biro konyi yudo chak mapile. Tem ng'eyo rang'iny, ber, romo kod gik ma dwarore.",Yes,Yes,,,
4844,Governance,Residents attending county budget consultations can also learn how to access birth certificate registration on the spot.,Wakazi wanaohudhuria mashauriano ya bajeti ya kaunti wanaweza pia kujifunza jinsi ya kupata usajili wa cheti cha kuzaliwa papo hapo.,Jodak ma dhi e chokruoge mag bajet mar kaunti bende nyalo ng'eyo kaka ginyalo yudo oboke mar nyuol e kanyo.,Yes,Yes,,,
3172,Health,Kenya broadens sexual and reproductive health services for hard-to-reach communities,Kenya inapanua huduma za afya ya ngono na uzazi kwa jamii ambazo ni ngumu kuzifikia,Kenya medo lando tich mar thieth mar nindruok kod nyuol ne oganda ma tek chopo,Yes,Yes,,,
5083,Governance,"To fight misuse of public funds, the county is promoting local development planning sessions alongside easier access to voter registration updates.","Ili kupambana na matumizi mabaya ya fedha za umma, kaunti inahamasisha vikao vya upangaji wa maendeleo ya eneo pamoja na upatikanaji rahisi wa masasisho ya usajili wa wapiga kura.","Mondo oked gi tiyo marach gi pesa mag piny, kauntino loso chenro mag dongruok mag alwora kaachiel gi yudo mayot mar ndiko nying' jogo ma dhi goyo ombulu.",Yes,Yes,,,
4690,Security & Safety,The National Disaster Operations Centre has issued an update on civil unrest warnings.,Kituo cha Kitaifa cha Uendeshaji wa Maafa kimetoa taarifa kuhusu tahadhari za machafuko ya kiraia.,Ofis mar piny mangima mar rito masira osegolo wach manyien kuom siem mag ng'anjo mag oganda.,Yes,Yes,,,
1326,Agriculture,"By definition, the CSA approach pursues three pillars: to sustainably increase agricultural productivity and improve farmers' incomes; to build resilience and.","Kwa ufafanuzi, mbinu ya CSA inafuata nguzo tatu: kuongeza tija ya kilimo endelevu na kuboresha mapato ya wakulima; kujenga ustahimilivu na.","Kuom ranyisi, chenro mar CSA oriwo gik moko adek: jiwo tij pur kendo konyo jopur; gero nyalo mar nano e bwo chal matek.",Yes,Yes,,,
4657,Security & Safety,"During disease outbreaks, always keep emergency contacts on hand in case of lightning strikes.","Wakati wa milipuko ya magonjwa, weka nambari za dharura karibu endapo kutakuwa na mapigo ya radi.","E kinde ma tuoche pong'o piny, kinde duto bed gi jogo ma inyalo tudruokgo mapiyo kapo ni mil polo omako.",Yes,Yes,,,
2816,Governance,Interior PS urges Kuria residents to work closely with local administration,Katibu Mkuu wa Mambo ya Ndani awahimiza wakazi wa Kuria kufanya kazi kwa karibu na utawala wa eneo hilo,Jagoro maduong' mar arita kwe Interior PS jiwo ji duto modak Kuria mondo oti kanyachiel gi sirkal mar alworano,Yes,Yes,,,
2984,Governance,"Corrigenda - Nominated Candidates for the 9th August, 2022 General Election –","Corrigenda - Wagombea Waliopendekezwa kwa Uchaguzi Mkuu wa tarehe 9 Agosti, 2022 -",- Jogo ma ochung' ne yiero maduong' mar 9 dwe mar aboro higa mar 2022 –,Yes,Yes,,,
4253,Health,Outbreaks of pneumonia are prevented through boiling drinking water and timely maternal health checkups.,Milipuko ya nimonia huzuiwa kupitia kuchemsha maji ya kunywa na uchunguzi wa afya ya uzazi kwa wakati.,Ogeng'o tuoche mag ng'ut ng'ato kokalo kuom pi ma ng'ato madho ma ng'we ng'ar kod timo nonro mag ngima mar min e kinde mowinjore.,Yes,Yes,,,
3971,Education,Any long distances to school affecting learners at pre-primary school should be raised during digital literacy programmes discussions.,umbali mrefu kwenda shuleni yoyote inayoathiri wanafunzi katika shule ya chekechea inapaswa kuibuliwa wakati wa majadiliano ya mipango ya ujuzi wa kidijitali.,Gimoro amora mabor ma dhi e skul ma mulo jopuonjre e skul ma pok ochako somo onego oting' e kinde ma itimo mbaka mag chenro mag somo kod ndiko mag dijital.,Yes,Yes,,,
4413,Security & Safety,Stay informed on disease outbreak alerts and follow public transport safety rules to keep your family safe.,Endelea kufahamishwa kuhusu tahadhari za milipuko ya magonjwa na ufuate kanuni za usalama wa usafiri wa umma kuweka familia yako salama.,Bed gi ng'eyo matut kuom tuoche manyalo landore kendo luwo chike mag arita mag gari mar ji duto mondo orit joodu maber.,Yes,Yes,,,
3909,Education,Teachers recommend combining asking questions in class with regular attendance to address student unrest.,Walimu wanapendekeza kuchanganya kuuliza maswali darasani na mahudhurio ya mara kwa mara kushughulikia machafuko ya wanafunzi.,Jopuonj ogolo paro ni mondo oriw penjo e klas kod bedo e klas kinde ka kinde mondo ilos ywak mar nyithind skul.,Yes,Yes,,,
1560,Agriculture,The pilot projects of the Mitigation of Climate Change in Agriculture (MICCA) Programme of FAO in Kenya and the United Republic of Tanzania have integrated ...,Miradi ya majaribio ya Mpango wa Kupunguza Mabadiliko ya Tabianchi katika Kilimo (MICCA) wa FAO nchini Kenya na Jamhuri ya Muungano wa Tanzania imeunganisha ...,Riwruok mar FAO e piny Kenya kod riwruok mar piny Tanzania mar Amerka ma loso lokruok e kit yamo e weche mag pur (MICCA) oseriwore...,Yes,Yes,,,
748,Education,Vaccinate students against measles 2020.,Wachanje wanafunzi dhidi ya surua 2020.,Miyo jopuonjre chanjo mar midusi mar higa 2020.,Yes,Yes,,,
3816,Education,The orphan and vulnerable children fund now covers learners at technical training institute facing financial hardship.,mfuko wa watoto yatima na walio hatarini sasa inahusisha wanafunzi katika chuo cha mafunzo ya kiufundi wanaokabiliwa na ugumu wa kifedha.,Fund mar nyithindo ma onge jonyuol kod ma nigi pek sani konyo jopuonjre ma ni e skul mar puonjruok mar teknoloji ma yudo pek mag pesa.,Yes,Yes,,,
4546,Security & Safety,"During severe weather events, always keep emergency contacts on hand in case of flooding.","Wakati wa matukio makali ya hali ya hewa, weka nambari za dharura karibu endapo kutakuwa na mafuriko.","E kinde ma piny bedo matek ahinya, kinde duto bed gi jogo ma inyalo tudruokgo mapiyo ka pi opong'o piny.",Yes,Yes,,,
3720,Agriculture,Protect your rice from coffee berry disease by applying recommended pesticide.,Linda mchele yako dhidi ya ugonjwa wa chungu wa kahawa kwa kutumia dawa inayopendekezwa.,Rik mzabibu mari mondo kik oyud tuoche mag berry mag kahawa kuom tiyo kod yath ma ng'ato nyalo tiyogo mar nego yien.,Yes,No,Crop-term error: rice mistranslated as mzabibu (grapevine).,Rit mchele mari mondo kik oyud tuoche mag berry mag kahawa kuom tiyo kod yath ma ng'ato nyalo tiyogo mar nego yien.,
964,Health,"Families are encouraged to identify emergency transport options in advance, in case labor begins unexpectedly. Delays in reaching the hospital can lead to complications.","Familia zinahimizwa kutambua njia za usafiri wa dharura mapema, iwapo uchungu wa kujifungua utaanza bila kutarajia. Kuchelewa kufika hospitalini kunaweza kusababisha matatizo.","Ijiwo joot mondo ong'e motelo yore ma ginyalo tiyogo e kinde ma masira moro oyudogi, kapo ni masira ma kamano otimore apoya. Deko me donyo i ot yat twero kelo peko mapol.",Yes,Yes,,,
1688,Security & Safety,Strategic communication campaigns promote non-violent norms and responsible media coverage of gender-based violence.,Kampeni za mawasiliano ya kimkakati zinakuza kanuni zisizo za vurugu na uandishi wa habari unaowajibika kuhusu vurugu zinazotokana na jinsia kwenye vyombo vya habari.,Chenro mag tieko ywarruok e kind mon gi chuo onego osir mbaka e wi wechegi,Yes,Yes,,,
3555,Agriculture,Combine using certified seeds with proper spacing to boost your sunflower yield.,Changanya kutumia mbegu zilizothibitishwa na nafasi sahihi ili kuongeza mavuno ya alizeti.,Kod ka itiyo gi kodhi ma nigi oboke ma nyiso ni nitie thuolo mowinjore mondo omed cham mar maua mar chieng'.,Yes,Yes,,,
1148,Health,Announcement that pre‑service nursing curriculum now includes nutrition and wellness modules for community care.,Tangazo kwamba mtaala wa uuguzi wa kabla ya huduma sasa unajumuisha moduli za lishe na ustawi kwa ajili ya utunzaji wa jamii.,Ng'eyo ni program mar tiegruok e weche thieth sani oriwo weche mag chiemo kod ngima maber mar joma odak e alwora.,Yes,Yes,,,
3516,Agriculture,Protect your tomatoes from maize streak virus by using certified seeds.,Linda nyanya yako dhidi ya virusi vya mistari ya mahindi kwa kutumia mbegu zilizothibitishwa.,Rik nyanya mari kuom midhusi mar ng'injo mar ngano kuom tiyo kod kodhi ma nigi oboke mar ng'eyo.,Yes,No,"""maize"" (in ""maize streak virus"") mistranslated as ngano (wheat).",Rit nyanya mari kuom midhusi mar ng'injo mar mahindi kuom tiyo kod kodhi ma nigi oboke.,
640,Education,Study from home! Access online education platforms for rural students.,Jifunze kutoka nyumbani! Pata majukwaa ya elimu mtandaoni kwa wanafunzi wa vijijini.,Puonjri Muma ka in pacho! Yud thuolo mar somo e intanet ne jopuonjre ma odak e gwenge.,Yes,Yes,,,
3435,Agriculture,Combine improving drainage with proper spacing to boost your kale yield.,Changanya kuboresha mifereji ya maji na nafasi sahihi ili kuongeza mavuno ya sukuma wiki.,Kod loso maber yore mag pi kod keto thuolo mowinjore mondo omed cham mari mar kale.,Yes,Yes,,,
4227,Health,Outbreaks of pneumonia are prevented through using treated mosquito nets and timely dental checkups.,Milipuko ya nimonia huzuiwa kupitia kutumia vyandarua vilivyotibiwa na uchunguzi wa meno kwa wakati.,Ogeng'o tuoche mag ng'ut ng'ato kokalo kuom tiyo kod gik ma oting'o ng'injo ma osethiedh kendo timo nonro mag lak e kinde mowinjore.,Yes,Yes,,,
4515,Security & Safety,Anyone who witnesses vandalism of public property during search and rescue operations should alert authorities immediately.,Yeyote anayeshuhudia uharibifu wa mali ya umma wakati wa operesheni za utafutaji na uokoaji anapaswa kuarifu mamlaka mara moja.,"Ng'at ang'ata ma neno ka ng'ato oketho mwandu mag piny e kinde ma gidhi manyo kendo reso ji, onego onyis jotelo mapiyo.",Yes,Yes,,,
1814,Security & Safety,"""DCI is investigating a fake 'youth startup grant' program circulating on TikTok and Instagram. There is no such initiative funded by the Government of Kenya.""","""DCI inachunguza mpango bandia wa 'ruzuku ya vijana wanaoanza' unaosambazwa kwenye TikTok na Instagram. Hakuna mpango kama huo unaofadhiliwa na Serikali ya Kenya.""","""DCI nono chenro mar miriambo ma yudore e TikTok kod Instagram. onge chenro ma kamano ma sirkal mar Kenya nigo mar chiwo pesa"".",Yes,Yes,,,
5121,Governance,Join public participation forums this month to learn how to access tax compliance certificates and report nepotism in hiring.,Jiunge na mabaraza ya ushiriki wa umma mwezi huu kujifunza jinsi ya kupata vyeti vya ufuasi wa kodi na kuripoti upendeleo katika uajiri.,Idonji e chokruoge mag ji duto dwe ni mondo ing'e kaka inyalo yud oboke mag luwo osuru kendo igolo ripot mar ng'anjo e kepo.,Yes,Yes,,,
4991,Governance,Officials encourage citizens to combine youth empowerment forums participation with awareness of the devolution process.,Maafisa wanahimiza wananchi kuchanganya ushiriki katika mabaraza ya uwezeshaji wa vijana na uelewa wa mchakato wa ugatuzi.,Jotelo jiwo jodak mondo oket kanyachiel bedo e forum mag miyo joma tindo teko kod ng'eyo kaka inyalo keto teko e piny.,Yes,Yes,,,
4420,Security & Safety,"During displacement crises, always keep emergency contacts on hand in case of building collapse risk.","Wakati wa migogoro ya kuhamishwa, weka nambari za dharura karibu endapo kutakuwa na hatari ya kuporomoka kwa jengo.","E kinde mag masira mag weyo udi, kinde duto bed gi jogo ma inyalo tudruokgo mapiyo ka ot nyalo kethore.",Yes,Yes,,,
4435,Security & Safety,Emergency responders are on standby to assist during displacement crises.,Wahudumu wa dharura wako tayari kusaidia wakati wa migogoro ya kuhamishwa.,Jogo ma konyo e kinde mag masira gin gi gombo mar konyo e kinde mag masira mag jodak.,Yes,Yes,,,
1092,Health,"A mother's diet during pregnancy influences her child's long-term health. Eat diverse, nutritious foods.",Lishe ya mama wakati wa ujauzito huathiri afya ya muda mrefu ya mtoto wake. Kula vyakula mbalimbali na vyenye lishe.,"Chiemo ma miyo chamo e kinde ma en gi ich, nyalo miyo nyathine obed gi ngima maber e kinde mabiro. Chiemuru chiemo moting'o gik mopogore opogore kendo mabeyo.",Yes,Yes,,,
2744,Governance,Reprieve in Tiaty: Tiaty gets office for registration of births and deaths Office to save residents over 230 km of travel PS Bitok urges residents to make use of office,Ahueni Tiaty: Tiaty yapata ofisi kwa ajili ya usajili wa vizazi na vifo Ofisi ya kuwaokoa wakazi zaidi ya kilomita 230 za usafiri Katibu Mkuu Bitok awahimiza wakazi kutumia ofisi,Konyruok e Tiaty: Tiaty yudo ofis mar ndiko nyuol kod ofis mar ndiko thoe mondo ores joma odak kuom kilomita mia ariyo kod piero adek mag wuoth mar Jagoro Bitok jiwo jodak mondooti kod apisno.,Yes,Yes,,,
2591,Governance,From: Cabinet Office Updated: 6 November 2025 Public Switched Telephone Network charter The Public Switched Telephone Network charter sets out a voluntary agreement between the government and communication providers to protect vulnerable people when they are moved onto digital services.,Kutoka: Ofisi ya Baraza la Mawaziri Imesasishwa: 6 Novemba 2025 Mkataba wa Mtandao wa Simu Uliobadilishwa na Umma Mkataba wa Mtandao wa Simu Uliobadilishwa na Umma unatoa makubaliano ya hiari kati ya serikali na watoa huduma za mawasiliano ili kuwalinda watu walio katika mazingira magumu wanapohamishiwa kwenye huduma za kidijitali.,"kowuok e apis tend migao okete : Tarikauchiel dwe mar apr kod achiel higa mar alufu ariyo piero ariyo kod abich , Intanet mar jii Duto Intanet mar jii Duto keto winjruok mamuol e kind sirkla kod jochiw weche e yamo mondo orit jopiny mok nyal ka orakgi e chenro mag mbui.",Yes,Yes,,,
3006,Governance,"Revocation of the Notice of Contributions and Spending Limits for Political Parties and Candidates for Purposes of the General Election Scheduled to be held on 9th August, 2022","Kutenguliwa kwa Notisi ya Michango na Ukomo wa Matumizi kwa Vyama vya Siasa na Wagombea kwa Madhumuni ya Uchaguzi Mkuu uliopangwa kufanyika tarehe 9 Agosti, 2022.",Oweyo lendo mar pesa ma ibiro chiw kod giko mar pesa ma ibiro tiyogo ne duonde mag siasa kod jogo ma dhi bedo jotelo mondo otim yiero maduong' ma ibiro tim tarik 9 dwe mar aboro higa mar 2022,Yes,Yes,,,
3199,Health,"From 1 January though 29 November 2017, a total of 3967 laboratory-confirmed and probable cases including 76 deaths (case fatality rate = 1.9%) were reported by the Ministry of Health to WHO.","Kuanzia tarehe 1 Januari hadi 29 Novemba 2017, jumla ya kesi 3967 zilizothibitishwa kimaabara na zinazowezekana ikiwa ni pamoja na vifo 76 (kiwango cha vifo = 1.9%) ziliripotiwa na Wizara ya Afya kwa WHO.","Chakre tarik 1 dwe mar achiel nyaka tarik 29 dwe mar apar gi achiel higa mar 2017, kwan mar jogo ma ne oyudo tuwo 3967 kendo ma nyalo bedo ni oyudo tuwo ma oting'o tho 76 (kwan mar jogo ma ne otho = 1.9%) ne ondiki gi Ofis mar Thieth ne WHO.",Yes,Yes,,,
1669,Security & Safety,Intimate partner violence often escalates gradually. Early recognition and training for frontline professionals support prevention and safe referrals.,Vurugu za wapenzi wa karibu mara nyingi huongezeka polepole. Utambuzi wa mapema na mafunzo kwa wataalamu wa mstari wa mbele husaidia kuzuia na rufaa salama.,Kinde mang'eny dhap dhako gi dichuo modak kanyakla medo bedo marach mosmos. Omiyo chop lendo mag dhao e migepe mohangi ne jopiny,Yes,Yes,,,
5051,Governance,Residents attending youth empowerment forums can also learn how to access marriage certificate registration on the spot.,Wakazi wanaohudhuria mabaraza ya uwezeshaji wa vijana wanaweza pia kujifunza jinsi ya kupata usajili wa cheti cha ndoa papo hapo.,Jodak ma dhi e chokruoge mag miyo joma tindo teko bende nyalo ng'eyo kaka ginyalo yudo oboke mar ndiko nying' e kanyo.,Yes,Yes,,,
2279,Security & Safety,EU and Kenya expand engagement to operationalize the NSCVE.,EU na Kenya zapanua ushirikiano ili kuendesha NSCVE.,EU kod Kenya medo tiyo gi chenro mar tiyo gi chenro mar NSCVE.,Yes,Yes,,,
1676,Security & Safety,"Healthcare workers require specialized training in trauma-informed care, evidence collection, mandatory reporting, and coordinated referrals for survivors.","Wafanyakazi wa afya wanahitaji mafunzo maalum katika utunzaji unaozingatia majeraha, ukusanyaji wa ushahidi, kuripoti kwa lazima, na rufaa zilizoratibiwa kwa waathirika.","Joma tiyo e weche thieth dwaro tiegruok makende e weche mag rito joma oyudo masira, choko gik manyiso ni githo, chiwo ripot e yo ma ratiro, kod chiwo paro e yo mochanore ne joma otony.",Yes,Yes,,,
1143,Health,Launch of the MaziwaPlus initiative in Nyeri County to reduce mastitis incidence and curb antibiotic overuse in dairy cattle.,Uzinduzi wa mpango wa MaziwaPlus katika Kaunti ya Nyeri ili kupunguza matukio ya ugonjwa wa mastitis na kupunguza matumizi ya dawa za kuua vijidudu kupita kiasi kwa ng'ombe wa maziwa.,Chakruok mar chenro mar MaziwaPlus e kaunti mar Nyeri mar duoko piny tuo mar mastitis kod geng'o tiyo gi antibayotik mokalo tong' e dhok mag chak.,Yes,Yes,,,
1025,Health,Always use boiled or treated water when preparing infant food to prevent diarrhea.,Tumia maji yaliyochemshwa au yaliyotibiwa kila wakati unapoandaa chakula cha watoto wachanga ili kuzuia kuhara.,"Kinde duto, ti gi pi moketie chumbi kata pi motimgo yath sama iloso chiemo ne nyithindo matindo mondo ogeng'o tuwo mar nyolruok.",Yes,Yes,,,
5128,Governance,Residents attending local development planning sessions can also learn how to access land title services on the spot.,Wakazi wanaohudhuria vikao vya upangaji wa maendeleo ya eneo wanaweza pia kujifunza jinsi ya kupata huduma za hati za ardhi papo hapo.,Jodak ma dhi e chokruoge mag keto chenro mag dongruok e alwora bende nyalo ng'eyo kaka ginyalo yudo kony mar yudo oboke mar piny e kanyo.,Yes,Yes,,,
2543,Governance,"He urged residents to continue registering under the scheme to access free healthcare services, and to enable the government plan better for better health provision.","Aliwasihi wakazi kuendelea kujiandikisha chini ya mpango huo ili kupata huduma za afya bila malipo, na kuwezesha mpango wa serikali kuwa bora zaidi kwa ajili ya utoaji bora wa afya.","Nojiwo jodak mondo odhi nyime timo chenro mar yudo thieth maonge chudo, kendo mano ne dhi miyo sirkal obed gi chenro maber mar yudo thieth.",Yes,Yes,,,
335,Education,"Here is President William Ruto's full speech during the Jamhuri Day Celebrations on Monday, December 12, 2022. We come together on this 59th Jamhuri Day to celebrate our freedom. It is the first natio...","Hapa kuna hotuba kamili ya Rais William Ruto wakati wa Sherehe za Siku ya Jamhuri Jumatatu, Desemba 12, 2022. Tunakusanyika pamoja katika Siku hii ya 59 ya Jamhuri kusherehekea uhuru wetu. Ni taifa la kwanza...","Magi e weche duto ma Ker William Ruto ne owacho e kinde nyasi mar Jamhuri Day ma ne otim Tich Ariyo, Desemba 12, 2022. Wachokore kanyachiel e odiechieng'ni mar 59 mar Jamhuri mondo wapar thuolo ma wan-go. En e piny mokwongo...",Yes,Yes,,,
1426,Agriculture,Innovation drives progress. Discover new developments in agribusiness that can benefit small-scale farmers.,Ubunifu huchochea maendeleo. Gundua maendeleo mapya katika biashara ya kilimo ambayo yanaweza kuwanufaisha wakulima wadogo.,Mumbni jiwo dongruok.Yudo dongruok manyien e tij pur manyalo konyo jopur matindo.,Yes,Yes,,,
4940,Governance,Understanding the devolution process helps citizens engage more effectively with local government.,Kuelewa mchakato wa ugatuzi husaidia wananchi kushirikiana vyema na serikali ya eneo lao.,Ng'eyo kaka inyalo keto teko ne ji okonyo jodak mondo otim tudruok maber gi sirkal ma kamago.,Yes,Yes,,,
4675,Security & Safety,"During flooding emergencies, always keep emergency contacts on hand in case of disease outbreaks.","Wakati wa dharura za mafuriko, weka nambari za dharura karibu endapo kutakuwa na milipuko ya magonjwa.","E kinde mag masira mag pi ma pong'o piny, kinde duto bed gi jogo ma nyalo konyi e lweti mondo kik tuoche ochop.",Yes,Yes,,,
2945,Governance,"Polling Stations for the 26th February, 2026 By-Elections for Member of National Assembly for Isiolo South Constituency and Member of County Assembly for Muminji Ward and Evurore Ward, Mbeere North Constituency, Embu County and West Kabras Ward, Malava Constituency, Kakamega County","Vituo vya Kupigia Kura kwa Uchaguzi Mdogo wa Februari 26, 2026 kwa Mbunge wa Isiolo Kusini na Mbunge wa Wadi ya Muminji na Wadi ya Evurore, Eneo bunge la Mbeere Kaskazini, Kaunti ya Embu na Wadi ya Kabras Magharibi, Eneo Bunge la Malava, Kaunti ya Kakamega.","2026, 2026, yiero ma ng'ato nyalo timo mar bedo jatend bura mar piny owacho mar Isiolo ma milambo kod jatend bura mar piny owacho mar gwenge mar Muminji kod gwenge mar Evurore, gwenge mag Mbeere ma nyandwat, gwenge mag Embu kod gwenge mag Kabras ma milambo, gwenge mag Malava, gwenge mag Kakamega",Yes,Yes,,,
1014,Health,Some traditional herbs can be harmful during pregnancy. Always consult a qualified health worker before use.,Baadhi ya mimea ya kitamaduni inaweza kuwa na madhara wakati wa ujauzito. Daima wasiliana na mtaalamu wa afya aliyehitimu kabla ya kutumia.,"Nitie yedhe moko ma ji tiyogo ahinya e thieth to ginyalo hinyo ng'ato ka en gi ich. Kinde duto, penj laktar molony kapok itiyo kode.",Yes,Yes,,,
3092,Governance,Status Updates on Election Preparednesss June 9th - IEBC Chairman Statement,Taarifa za Hali Kuhusu Matayarisho ya Uchaguzi Juni 9 - Taarifa ya Mwenyekiti wa IEBC,Oboke mag ikruok mar yiero tarik 9 dwe mar auchiel - Wach mar Jatend IEBC,Yes,Yes,,,
654,Education,Support learning! Provide meals in drought-affected schools.,Saidia kujifunza! Toa milo katika shule zilizoathiriwa na ukame.,Konyuru jopuonjre! Chiw chiemo e skunde ma nokethore nikech oro.,Yes,Yes,,,
3520,Agriculture,Combine rotating crops with proper spacing to boost your onions yield.,Changanya kubadilisha mazao na nafasi sahihi ili kuongeza mavuno ya vitunguu.,Riw cham ma ilokore gi thuolo mowinjore mondo omed cham mar otungu mari.,Yes,Yes,,,
1661,Security & Safety,Older adults need tailored evacuation plans. Identify caregivers and accessible shelters in advance.,Wazee wanahitaji mipango maalum ya uokoaji. Tambua walezi na makazi yanayoweza kufikiwa mapema.,"Joma hikgi ng'eny onego otim chenro mar wuok e utegi, kendo onego ging'e joma rito nyithindgi kod kuonde dak ma ginyalo dhiye chon.",Yes,Yes,,,
1499,Agriculture,Public advisory on use of certified seeds to boost national food production.,Ushauri wa umma kuhusu matumizi ya mbegu zilizoidhinishwa ili kuongeza uzalishaji wa chakula kitaifa.,Oganda duto ong'eyo ni kodhi ma ne osepwodhi ne dhi medore e pinygi.,Yes,Yes,,,
2176,Security & Safety,"Missing Voices documented a sharp rise in enforced disappearances and killings linked to protests, urging justice for families of missing victims.","Missing Voices ilirekodi ongezeko kubwa la kutoweka kwa watu na mauaji yaliyohusishwa na maandamano, ikihimiza haki kwa familia za waathiriwa waliopotea.",Missing Voices ne onyiso ni kwan mar joma ne onegi gi thuologi duto kod joma ne onegi ne medore ahinya nikech ne gineno ni onge gima ne dhi timore ne joodgi ma ne olal.,Yes,Yes,,,
4567,Security & Safety,Report any a road accident to the nearest police station immediately.,Ripoti ajali ya barabarani yoyote kwa kituo cha polisi cha karibu mara moja.,"Ka ng'ato otimo masira moro amora e yo, ng'adne polisi man machiegni mapiyo.",Yes,Yes,,,
3418,Agriculture,Farmers growing cassava are advised to watch out for coffee berry disease this season.,Wakulima wanaolima muhogo washauriwa kuchunga ugonjwa wa chungu wa kahawa msimu huu.,Jopur mapidho mzabibu ipuonjogi mondo gibed gi ritruok kuom tuo mar berry mag kahawa e kindeni.,Yes,No,Crop-term error: cassava mistranslated as mzabibu (grapevine).,Jopur mapidho muhogo ipuonjogi mondo gibed gi ritruok kuom tuo mar berry mag kahawa e kindeni.,
1838,Security & Safety,The Ministry of Transport has received reports of fake NTSA agents collecting bribes along major highways. Report any suspicious activity via 999 or NTSA portal,Wizara ya Uchukuzi imepokea ripoti za maajenti bandia wa NTSA wakikusanya rushwa kwenye barabara kuu. Ripoti shughuli yoyote ya kutiliwa shaka kupitia 999 au lango la NTSA,Tij Lando osemiyo ofis mar weche mag wuoth ofwenyo ni joma ok kare ma tiyo gi NTSA ne kawo asoya e nderni madongo.,Yes,Yes,,,
3456,Agriculture,Vaccinate your poultry against Newcastle disease before the rainy season.,Chanja kuku yako dhidi ya ugonjwa wa mdondo kabla ya msimu wa mvua.,Chiw ne winyo mari chanjo mar tuo mar Newcastle kapok kinde koth ochopo.,Yes,Yes,,,
2798,Governance,Good morning. We process number plates within 7 working days. Never deal with brokers. Report cases of corruption to @EACCKenya,Habari za asubuhi. Tunashughulikia nambari za usajili ndani ya siku 7 za kazi. Kamwe usishughulikie madalali. Ripoti visa vya ufisadi kwa @EACCKenya,Okinyi maber . Watiyo gi ndalo abiriyo mag tich e loso plede. Kik iti kod broka. Chiw Ripot mar mibadhi ne @EACCKenya.,Yes,Yes,,,
3528,Agriculture,Combine using certified seeds with proper spacing to boost your sorghum yield.,Changanya kutumia mbegu zilizothibitishwa na nafasi sahihi ili kuongeza mavuno ya mtama.,Kod tiyo kod kodhi ma nigi oboke ma nyiso ni nitie thuolo mowinjore mondo omed cham mari mar ngano.,Yes,No,Crop-term error: sorghum mistranslated as ngano (wheat).,Kod tiyo kod kodhi ma nigi oboke ma nyiso ni nitie thuolo mowinjore mondo omed cham mari mar bel.,
4813,Governance,Participate in town hall meetings to have your voice heard in local decisions.,Shiriki katika mikutano ya hadhara ili sauti yako isikike katika maamuzi ya eneo lako.,Inyalo bedo e chokruoge mag od lamo mondo dwondi owinjre e yiero ma itimo e alwora.,Yes,Yes,,,
2111,Security & Safety,"A public forum in Kakamega enabled citizens to report misconduct directly to officials, strengthening community oversight.","Jukwaa la umma huko Kakamega liliwawezesha raia kuripoti utovu wa nidhamu moja kwa moja kwa maafisa, na hivyo kuimarisha usimamizi wa jamii.","Chokruok moro mar ji duto ma ne otim Kakamega ne omiyo raia thuolo mar nyiso jotelo wach timbe maricho ma ne gitimo, kendo mano nomiyo ji omedo bedo gi paro maler",Yes,Yes,,,
1118,Health,Government annmounncing a National Nutrition Symposium to share strategies on universal health care (UHC) and community nutrition.,Serikali yatangaza Kongamano la Kitaifa la Lishe ili kushiriki mikakati kuhusu huduma ya afya kwa wote (UHC) na lishe ya jamii.,Sirkal lando National Nutrition Symposium mar chiwo paro e wi yore mag thieth ne ji duto (UHC) kod chiemo ne oganda.,Yes,Yes,,,
452,Education,No fees for public primary – report any demand to 0800721490 immediately!,Hakuna ada kwa ajili ya shule za msingi za umma toa taarifa kuhusu ombi lolote kwa 0800721490 mara moja!,"Onge chudo moro amora ne sirkal mar Primary. Ka ng'ato dwaro kony, goch ne 0800721490 mapiyo!",Yes,Yes,,,
3109,Health,The role of journalism in advancing Kenya's response to [...],Jukumu la uandishi wa habari katika kuendeleza mwitikio wa Kenya kwa [...],Tich mar jondiko e dhi nyime gi dwoko ma piny Kenya chiwo ne [...],Yes,Yes,,,
2246,Security & Safety,The Anti Terrorism Police Unit conducts preparedness training and urges ongoing vigilance.,Kitengo cha Polisi cha Kupambana na Ugaidi kinatoa mafunzo ya maandalizi na kinahimiza uangalizi unaoendelea.,Polise ma kedo gi timbe mahundu timo tiegruok mar bedo moikore kendo ojiwo ni gibed motang'.,Yes,Yes,,,
3730,Agriculture,Combine improving drainage with proper spacing to boost your cotton yield.,Changanya kuboresha mifereji ya maji na nafasi sahihi ili kuongeza mavuno ya pamba.,Riw bero yore mag golo pi kod keto thuolo mowinjore mondo omed nyal mari mar pamba.,Yes,Yes,,,
2917,Health,COVID-19 Outbreak in Kenya Daily Report SITREP- 22-April-2021,Mlipuko wa COVID-19 nchini Kenya Ripoti ya Kila Siku SITREP- 22-Aprili-2021,Tuwo mar COVID-19 e piny Kenya Ripot ma pile ka pile mar SITREP- 22-Ang'wen-2021,Yes,Yes,,,
5120,Governance,Citizens who understand your constitutional rights are better placed to report misuse of public funds when it occurs.,Wananchi wanaoelewa haki zako za kikatiba wako katika nafasi nzuri zaidi ya kuripoti matumizi mabaya ya fedha za umma inapotokea.,"Jodak ma winjo tiend ratiro mari ma chik piny owacho ogolo, gin e thuolo maber mar lando wach mar tiyo marach gi pesa mag piny ka otimore.",Yes,Yes,,,
2765,Governance,MALINDI COHESION CALLS Residents urged to be wary of politicians sowing seeds of discord Local leaders want action taken against politicians propagating hate,WITO WA UMOJA WA MALINDI WAWAKILISHA Wakazi kuwa waangalifu na wanasiasa wanaopanda mbegu za kutoelewana Viongozi wa eneo hilo wanataka hatua zichukuliwe dhidi ya wanasiasa wanaoeneza chuki,"Riwruok mar Malindi jiwo ji mondo otang ' gi josiasa ma chwoyo kodhi mag jotelo mag gweng'no, dwaro okang' okaw ne jotelo majiwo akwede.",Yes,Yes,,,
1582,Agriculture,This domination of agriculture by the aging community may negatively affect sustainable agricultural production. The contribution of labour to agriculture ...,Utawala huu wa kilimo na jamii ya wazee unaweza kuathiri vibaya uzalishaji endelevu wa kilimo. Mchango wa nguvu kazi katika kilimo ...,Riwruok mar oganda moti e wi weche mag pur nyalo miyo tijno odhi nyime.,Yes,Yes,,,
3112,Health,Strategic and continuous media engagement has driven structured conversations on these critical issues.,Ushirikiano wa kimkakati na endelevu wa vyombo vya habari umeendesha mazungumzo yaliyopangwa kuhusu masuala haya muhimu.,Tiyo gi yore mag lando wach kendo ma dhi nyime osemiyo ji bedo gi mbaka ma ochung' motegno e wi weche madongogi.,Yes,Yes,,,
3904,Education,Building active class participation early helps learners succeed under the CBC curriculum.,Kujenga kushiriki kikamilifu darasani mapema husaidia wanafunzi kufaulu chini ya mtaala wa CBC.,Kugero ng'iyo ma ng'ato nyalo bedogo e klas mapiyo konyo jopuonjre mondo gibed gi loch e bwo chenro mar somo mar CBC.,Yes,Yes,,,
2424,Security & Safety,Teach children safe road crossing techniques.,Wafundishe watoto mbinu salama za kuvuka barabara.,Puonj nyithindo yore ma ginyalo ng'adoe ndara.,Yes,Yes,,,
5078,Governance,"To fight delayed government services, the county is promoting town hall meetings alongside easier access to business permit applications.","Ili kupambana na huduma za serikali kuchelewa, kaunti inahamasisha mikutano ya hadhara pamoja na upatikanaji rahisi wa maombi ya leseni za biashara.","Mondo oked gi tije mag sirkal ma dero, kauntino siro romo mag od bura mag taon kaachiel gi yudo mayot mar kwayo oboke mag ohala.",Yes,Yes,,,
89,Education,Build better schools! Support infrastructure projects in ASAL regions.,Jenga shule bora! Saidia miradi ya miundombinu katika mikoa ya ASAL.,Gero skunde mabeyo! Konyuru chenro mag gedo e gwenge mag ASAL.,Yes,Yes,,,
1031,Health,Use a calendar or reminder app to keep track of ANC appointments and medications.,Tumia kalenda au programu ya ukumbusho ili kufuatilia miadi na dawa za ANC.,Ti gi kalenda kata app mar paro mondo ing'e seche mag ANC kod yedhe mitiyogo.,Yes,Yes,,,
4440,Security & Safety,Anyone who witnesses vandalism of public property during flooding emergencies should alert authorities immediately.,Yeyote anayeshuhudia uharibifu wa mali ya umma wakati wa dharura za mafuriko anapaswa kuarifu mamlaka mara moja.,"Ng'at ang'ata ma neno ka ji ketho mwandu mag piny e kinde ma pi opong'o piny, onego onyis jotelo mapiyo.",Yes,Yes,,,
4070,Education,Any student unrest affecting learners at special needs unit should be raised during the CBC curriculum transition discussions.,machafuko ya wanafunzi yoyote inayoathiri wanafunzi katika kitengo cha mahitaji maalum inapaswa kuibuliwa wakati wa majadiliano ya mpito wa mtaala wa CBC.,"Kapo ni ng'ato ang'ata ma nigi ywak mar jopuonjre ma mulo jopuonjre e unit mar dwaro makende, onego oting' e kinde ma itimoe mbaka mag loko chenro mar somo mar CBC.",Yes,Yes,,,
4303,Health,Combine proper waste disposal with regular maternal health checkups visits to stay healthy all year round.,Changanya utupaji sahihi wa taka na ziara za mara kwa mara za uchunguzi wa afya ya uzazi ili kuwa na afya mwaka mzima.,Kod keto yugi e yoo makare kod limo pile pile mag pim mar ngima mar min mondo obed gi ngima maber higa duto.,Yes,Yes,,,
2048,Security & Safety,Be cautious of strangers asking to use your phone for 'emergencies'.,Kuwa mwangalifu na wageni wanaokuomba kutumia simu yako kwa 'dharura'.,Bed motang' gi joma ok ing'eyo ma kwayo mondo giti gi simo e weche mag 'masira.',Yes,Yes,,,
963,Health,A toll-free maternal health helpline is available for advice and emergency referrals. Dial 1195 anytime.,Simu ya usaidizi wa afya ya mama bila malipo inapatikana kwa ushauri na rufaa za dharura. Piga 1195 wakati wowote.,Nitiere namba maonge chudo mar simo mar weche thieth ne mine mondo okonygi gi paro kod weche mag thieth madwarore mapiyo. Go namba 1195 sa asaya midwaro.,Yes,Yes,,,
4771,Governance,Residents attending anti-corruption awareness campaigns can also learn how to access tax compliance certificates on the spot.,Wakazi wanaohudhuria kampeni za uhamasishaji dhidi ya ufisadi wanaweza pia kujifunza jinsi ya kupata vyeti vya ufuasi wa kodi papo hapo.,Jodak ma dhi e kampen mag puonjo ji e wi tim mar ketho chik bende nyalo ng'eyo kaka ginyalo yudo oboke mag luwo chike mag osuru e kanyo.,Yes,Yes,,,
3770,Agriculture,Farmers are reminded that climate-smart farming training sessions are held monthly at the county office.,Wakulima wakumbushwa kuwa vipindi vya mafunzo ya kilimo hai cha tabianchi hufanyika kila mwezi katika ofisi ya kaunti.,Jopur iparo ni puonjruok mag pur ma rito piny itimo dwe ka dwe e ofis mar kaunti.,Yes,Yes,,,
3128,Health,Uasin-Gishu County Government Alcohol And Drugs Treatment And Rehabilitation Centre,Kituo cha Matibabu na Urekebishaji cha Serikali ya Kaunti ya Uasin-Gishu,Kidieny mar Sirkal mar Uasin-Gishu mar Kambi mar Thieth kod Riekni,Yes,Yes,,,
3434,Agriculture,Farmers growing cotton are advised to watch out for drought this season.,Wakulima wanaolima pamba washauriwa kuchunga ukame msimu huu.,Jopur mapidho pamba ipuonjogi mondo gibed gi ritruok kuom oro e kindeni.,Yes,Yes,,,
2042,Security & Safety,Put unique marks on your belongings to easily identify them if they are stolen.,Weka alama za kipekee kwenye mali zako ili kuzitambua kwa urahisi ikiwa zitaibiwa.,Ket alama e gigeu mondo omi iyudgi mayot kapo ni owalgi.,Yes,Yes,,,
215,Education,Ensure safe drinking! Provide clean water in schools.,Hakikisha unywaji salama! Toa maji safi shuleni.,Beduru motang' mondo kik umadh kong'o! Chiw pi maler e skunde.,Yes,Yes,,,
4414,Security & Safety,Stay alert for updates on severe weather warnings from official government channels.,Kaa macho kwa taarifa kuhusu tahadhari za hali mbaya ya hewa kutoka njia rasmi za serikali.,Bed gi ritruok mondo iyud weche manyien mag siem mag yamo mager mowuok e chanel mag sirkal.,Yes,Yes,,,
2683,Governance,The Commission Chairman Wafula Chebukati urges Faith Based Organizations to have a collective responsibility to ensure we have a peaceful free and fair election in August 2022.,Mwenyekiti wa Tume Wafula Chebukati anahimiza Mashirika ya Kidini kuwa na jukumu la pamoja la kuhakikisha tuna uchaguzi huru na wa haki wa amani mwezi Agosti 2022.,"Jakom mar Komiti miluongo ni Wafula Chebukati, jiwo riwruok mar dinde mondo obed gi ting ' mar neno ni yiero e dwe mar Aboro higa mar alufu ariyo piero ariyo kod ariyo otim e yo ma ayanga.",Yes,Yes,,,
1672,Security & Safety,Personal safety plans help individuals prepare for dangerous situations by identifying safe locations and strategies for protection.,Mipango ya usalama wa kibinafsi huwasaidia watu kujiandaa kwa hali hatari kwa kutambua maeneo salama na mikakati ya ulinzi.,Chenro mag rito ngima konyo ng'ato mondo oikre ne chal matek kuom fwenyo kuonde ma ginyalo dakie kendo tiyo gi yore ma ginyalo ritogo ng'ato.,Yes,Yes,,,
31,Education,All boarding schools must install fire alarms + sprinklers by Jan 6 – CS orders!,Shule zote za bweni lazima ziweke kengele za moto + vinyunyizio ifikapo Januari 6 - maagizo ya CS!,Skunde duto ma nigi boarding nyaka ti gi gik makwedo mach kod gik ma thiro pi kapok ochopo tarik 6 Januar kaluwore gi chike mag CS!,Yes,Yes,,,
220,Education,Ensure teacher-student ratio 2025.,Hakikisha uwiano wa mwalimu na mwanafunzi 2025.,Ne ni nyaka chop higa mar 2025 jopuonjre obed maromre gi jopuonjgi.,Yes,Yes,,,
3543,Agriculture,Farmers are reminded that agroforestry training sessions are held monthly at the county office.,Wakulima wakumbushwa kuwa vipindi vya mafunzo ya kilimo mseto hufanyika kila mwezi katika ofisi ya kaunti.,Jopur iparo ni puonjruok mag pur itimo dwe ka dwe e ofis mar kaunti.,Yes,Yes,,,
1551,Agriculture,"The difficulty in accessing markets poses a major hurdle for beef farmers, ... market access and climate-induced adversities. This omission undermines the ...","Ugumu wa kufikia masoko ni kikwazo kikubwa kwa wakulima wa nyama ya ng'ombe, ... upatikanaji wa soko na matatizo yanayosababishwa na hali ya hewa. Kutokuwepo huku kunadhoofisha ...","Chandruok mar yudo ohala miyo jopur mag dhok yudo chiemo mang'eny, ..... yudo ohala, koda masiche ma timorega nikech kor lwasi.",Yes,Yes,,,
4318,Health,Combine exclusive breastfeeding for six months with regular cancer screening visits to stay healthy all year round.,Changanya kunyonyesha maziwa ya mama pekee kwa miezi sita na ziara za mara kwa mara za uchunguzi wa saratani ili kuwa na afya mwaka mzima.,Kod chiwo thuno kende kuom dweche auchiel kod limo pile ka pile mag pim mar kansa mondo ibed gi ngima maber e higa duto.,Yes,Yes,,,
2697,Governance,"IEBCKenya Chairman Wafula Chebukati urges PWDs to walk with the Commission in its onward march to a stronger democracy & reiterates IEBC s commitment in delivering a free, fair and credible 2022 General Election that meets the democratic aspirations of Kenyan citizens","Mwenyekiti wa IEBCKenya Wafula Chebukati anawasihi watu wenye ulemavu kutembea na Tume katika harakati zake za kuelekea demokrasia imara na kusisitiza kujitolea kwa IEBC katika kutoa Uchaguzi Mkuu wa 2022 ulio huru, wa haki na wa kuaminika unaokidhi matarajio ya kidemokrasia ya raia wa Kenya.",Jakom mar duol mar yiero e kenya IEBC Wafula Chebukati ojiwo PWDs mondo owuoth gi Komison e dhi nyime gi loch mar demokrasi motegno kendo ochiwore mar neno ni yiero ma ayanga kod yiero ma higa mar alufu ariyokod piero ariyo gi ariyo ochopo ratiro mar jopiny Kenya.,Yes,Yes,,,
4928,Governance,"To reduce corruption, the county is expanding access to disability registration services this year.","Ili kupunguza ufisadi, kaunti inapanua upatikanaji wa huduma za usajili wa ulemavu mwaka huu.","Mondo ogeng' tim mag ketho chik, kauntino medo yudo thuolo mar ndiko nying' jogo ma nigi nyawo mag del e higa ni.",Yes,Yes,,,
3331,Agriculture,Farmers growing beans are advised to watch out for maize streak virus this season.,Wakulima wanaolima maharagwe washauriwa kuchunga virusi vya mistari ya mahindi msimu huu.,Jopur mapidho chago omiye rieko mar bedo motegno kuom midhusi mar cham e kindeni.,Yes,No,"""beans"" rendered as ""chago"" -- inconsistent with the ""beans"" term used elsewhere; recommend check.",Jopur mapidho beans omiye rieko mar bedo motegno kuom midhusi mar mahindi e kindeni.,
1083,Health,Cracked bottles can harbor germs. Replace damaged feeding equipment promptly.,Chupa zilizopasuka zinaweza kuhifadhi vijidudu. Badilisha vifaa vya kulishia vilivyoharibika haraka.,Yath motop nyalo ting'o kute moko. Lok gik ma okethore mapiyo.,Yes,Yes,,,
1998,Security & Safety,"Unified action is needed in the war against graft. Stand firm, report corruption.","Hatua ya pamoja inahitajika katika vita dhidi ya ufisadi. Simama imara, ripoti ufisadi.",Dwarore ni watim kinda e kedo gi mibadhi.,Yes,Yes,,,
449,Education,No child to repeat Grade 6 – automatic promotion to JSS enforced nationwide!,Hakuna mtoto wa kurudia Daraja la 6 – kupandishwa cheo kiotomatiki kwa JSS kunatekelezwa kote nchini!,Onge nyathi ma biro nwoyo somo mar 6 ma biro miyo okete e JSS e piny mangima!,Yes,Yes,,,
3055,Governance,"Gazette Notice for Batalu CAW By-election, Nominated Candidates for the Kibra MNA By-election and Tallying Centre for Kibra MNA By-election","Tangazo la Gazeti la Uchaguzi Mdogo wa Batalu CAW, Wagombea Waliopendekezwa kwa Uchaguzi Mdogo wa Kibra MNA na Kituo cha Kujumlisha Mahesabu kwa Uchaguzi Mdogo wa Kibra MNA.","Oboke mar yiero mar Batalu CAW, Jogo ma ochung' ne yiero mar piny Kibra MNA kod kar kwano mar yiero matin mar piny Kibra MNA",Yes,Yes,,,
4444,Security & Safety,"During road accident emergencies, always keep emergency contacts on hand in case of strong winds.","Wakati wa dharura za ajali za barabarani, weka nambari za dharura karibu endapo kutakuwa na upepo mkali.","E kinde mag masira mag ndara, kinde duto bed gi jogo ma nyalo konyi e lweti ka yamo matek owuok.",Yes,Yes,,,
4876,Governance,Officials encourage citizens to combine public participation forums participation with awareness of the Huduma Namba registration system.,Maafisa wanahimiza wananchi kuchanganya ushiriki katika mabaraza ya ushiriki wa umma na uelewa wa mfumo wa usajili wa Huduma Namba.,Jotelo jiwo jodak mondo oket kanyakla ng'iyo e chokruoge mag ng'iyo gi ji duto kod ng'eyo kaka inyalo ndiko nying' Huduma Namba.,Yes,Yes,,,
4652,Security & Safety,The National Disaster Operations Centre has issued an update on disease outbreak alerts.,Kituo cha Kitaifa cha Uendeshaji wa Maafa kimetoa taarifa kuhusu tahadhari za milipuko ya magonjwa.,Ofis mar piny mangima mar rito masira osegolo wach manyien kuom gik ma nyalo kelo tuoche.,Yes,Yes,,,
3231,Health,The outbreak started on 10 October 2016 and was controlled by April 2017.,Mlipuko huo ulianza tarehe 10 Oktoba 2016 na ulidhibitiwa ifikapo Aprili 2017.,Two no ne ochakore tarik 10 dwe mar Apar higa mar 2016 kendo ne olohi kokalo dwe mar Ang'wen higa mar 2017.,Yes,Yes,,,
4597,Security & Safety,"During fire disasters, always keep emergency contacts on hand in case of flooding.","Wakati wa majanga ya moto, weka nambari za dharura karibu endapo kutakuwa na mafuriko.","E kinde mag masiche mag mach, kinde duto bed gi jogo ma inyalo tudruokgo mapiyo ka pi opong'o piny.",Yes,Yes,,,
4378,Health,Outbreaks of pneumonia are prevented through safe food handling and timely HIV testing.,Milipuko ya nimonia huzuiwa kupitia utunzaji salama wa chakula na upimaji wa VVU kwa wakati.,Two mag pneumonia ogeng'o kokalo kuom tiyo maber gi chiemo kod timo pim mag HIV e wang' saa.,Yes,Yes,,,
4754,Governance,Understanding public participation in law-making makes it easier to report electoral malpractice when you see it.,Kuelewa ushiriki wa umma katika utungaji sheria hurahisisha kuripoti udanganyifu wa uchaguzi unapoiona.,Ng'eyo kaka oganda donjo e keto chike miyo bedo mayot mondo ior ripot mar tim marach ma itimo e yiero ka inene.,Yes,Yes,,,
933,Health,"Develop routines for nutrition, exercise, and sleep. This promotes physical and mental health, contributing to a balanced lifestyle.","Tengeneza utaratibu wa lishe, mazoezi, na usingizi. Hii inakuza afya ya kimwili na kiakili, na kuchangia mtindo wa maisha wenye usawa.","Bed gi chenro mar chiemo, rieyo dendi, kod nindo. Timo kamano miyo wabedo gi ngima maber mar del koda paro, kendo miyo wadak e ngima maok kal tong'.",Yes,Yes,,,
607,Education,Signing of Return-to-Work Formula for universities.,Kusainiwa kwa Fomula ya Kurudi Kazini kwa Vyuo Vikuu.,Loso chenro mar duogo e tich ne yunivasiti.,Yes,Yes,,,
77,Education,"Be alert! Communities, report trafficking risks to 116.","Kuwa mwangalifu! Jamii, ripoti hatari za usafirishaji haramu kwa 116.","Beduru motang'! Kanyakla magwa, landuru hinyruok mabedoe nikech ohand dhano e namba 116.",Yes,Yes,,,
519,Education,Protect students! Create GBV-free school environments.,Linda wanafunzi! Unda mazingira ya shule yasiyo na GBV.,Rituru jopuonjre! Loso kuonde ma onge timbe gero mag chwo gi mon.,Yes,Yes,,,
4117,Health,Outbreaks of pneumonia are prevented through safe food handling and timely child growth monitoring.,Milipuko ya nimonia huzuiwa kupitia utunzaji salama wa chakula na ufuatiliaji wa ukuaji wa mtoto kwa wakati.,Ogeng'o tuoche mag ng'ut ng'ato kokalo kuom tiyo maber gi chiemo kod luwo dongruok mar nyathi e kinde mowinjore.,Yes,No,Duplicate translation shared with another row (pneumonia/measles mix-up).,Ogeng'o tuoche mag nyumonia kokalo kuom tiyo maber gi chiemo kod luwo dongruok mar nyathi e kinde mowinjore.,
379,Education,KNEC releases KCSE 2025 marking scheme early – download before leak!,KNEC yatoa mpango wa kusahihisha KCSE 2025 mapema – pakua kabla ya kuvuja!,KNEC golo chenro mar keto alama mar KCSE 2025 download chon ka pok ogol!,Yes,Yes,,,
1131,Health,"Announcing the lauch of Country plan that prioritizes maternal-child nutrition, agriculture‑education integration and multisector tracking.","Kutangaza uzinduzi wa mpango wa Nchi unaoweka kipaumbele lishe ya mama na mtoto, ujumuishaji wa elimu ya kilimo na ufuatiliaji wa sekta nyingi.","Lando chenro manyien mar piny ma keto wach chiemo mar mine kod nyithindo, pur kod somo e rang'iny ma malo, kod luwo yore mopogore opogore.",Yes,Yes,,,
4012,Education,Schools countrywide are holding sessions this week on school safety measures.,Shule nchini kote zinafanya vipindi wiki hii kuhusu hatua za usalama shuleni.,Suku mag piny mangima timo seche jumani kae kuom yore mag rito skul.,Yes,Yes,,,
4583,Security & Safety,Contact the Kenya Red Cross for assistance during displacement crises.,Wasiliana na Msalaba Mwekundu wa Kenya kwa msaada wakati wa migogoro ya kuhamishwa.,Tudri kod Red Cross mar Kenya mondo iyud kony e seche mag pek mag jodak.,Yes,Yes,,,
838,Health,"MoH dispatches 10 Cuban experts to Kakamega, Siaya, Kisumu, Bungoma, Busia, Vihiga, Homa Bay and Migori counties in the fight against malaria with biological methods.","Wizara ya Afya yatuma wataalamu 10 wa Cuba katika kaunti za Kakamega, Siaya, Kisumu, Bungoma, Busia, Vihiga, Homa Bay na Migori katika mapambano dhidi ya malaria kwa njia za kibiolojia.","Migawo mar Thieth oro josomo 10 mag Cuba e gwenge mag Kakamega, Siaya, Kisumu, Bungoma, Busia, Vihiga, Homa Bay kod Migori e kedo gi malaria ka gitiyo gi yore mag thieth.",Yes,Yes,,,
2865,Governance,"Push For SHA Registration Nairobi county Woman Rep Esther Passaris, urges Kenyans to register for SHA to make it easy to access government health services.","Shinikiza Usajili wa SHA Mwakilishi wa Wanawake wa kaunti ya Nairobi Esther Passaris, anawasihi Wakenya kujiandikisha kwa SHA ili kurahisisha upatikanaji wa huduma za afya za serikali.","Dhiro ndikruok e chenro mar SHA jotend mine e kaunti ma Nairobi Esther Papitaris, jiwo Jo-Kenya mondo ondikre e SHA mondo obed mayot yudo weche thieth mag sirkal.",Yes,Yes,,,
1641,Security & Safety,Avoid driving through flooded roads. Just 30cm of water can sweep away vehicles. Use alternative routes.,Epuka kuendesha gari kupitia barabara zilizojaa maji. Maji ya sentimita 30 pekee yanaweza kufyonza magari. Tumia njia mbadala.,"Kik idonj e nderni ma pi opong'o, nikech pi matin ma romo sentimita 30 nyalo ywayo mtokni.",Yes,Yes,,,
3901,Education,Any case of teacher absenteeism should be reported through the official school channel.,Kesi yoyote ya walimu kutohudhuria inapaswa kuripotiwa kupitia njia rasmi ya shule.,"Kaso moro amora mar japuonj ma ok obiro e skul, owinjore ondiki kokalo kuom chanel mar skul ma owinjore.",Yes,Yes,,,
4730,Security & Safety,"During flooding emergencies, always keep emergency contacts on hand in case of flooding.","Wakati wa dharura za mafuriko, weka nambari za dharura karibu endapo kutakuwa na mafuriko.","E kinde ma pi opong'o piny, kinde duto bed gi jogo ma inyalo tudruokgo mapiyo ka pi opong'o piny.",Yes,Yes,,,
3578,Agriculture,Farmers growing sunflower are advised to watch out for fall armyworm this season.,Wakulima wanaolima alizeti washauriwa kuchunga funza jeshi msimu huu.,Jopur mapidho maua mar chieng' omiye rieko mar bedo motegno kuom winyo mag army e kindeni.,Yes,Yes,,,
463,Education,Organize debate clubs 2020.,Panga vilabu vya mijadala 2020.,Chenro mar goyo mbaka e kind ji e higa 2020.,Yes,Yes,,,
3500,Agriculture,Combine mulching early with proper spacing to boost your onions yield.,Changanya kufunika udongo mapema na nafasi sahihi ili kuongeza mavuno ya vitunguu.,Riw mulching mapiyo kod keto thuolo mowinjore mondo omed ng'eny mar otungu mari.,Yes,Yes,,,
246,Education,Flood alert: Schools in 15 counties to close early – parents collect children NOW!,Rekebisha mustakabali! Jiunge na kozi za ukarabati wa magari.,Chenro mar pi ataro: Skunde e gwenge 15 ibiro loro chon mondo jonyuol ochok nyithindo KINDEGI!,No,Yes,"Kiswahili text is unrelated to the English source (reads like a different row about car repair courses, not the flood alert) -- likely a data misalignment.",,Onyo la mafuriko: Shule katika kaunti 15 zitafungwa mapema - wazazi wachukue watoto SASA!
3076,Governance,During the Launch of the Post-Election Evaluation Report on the 12th of February 2019 at the KICC,Wakati wa Uzinduzi wa Ripoti ya Tathmini ya Baada ya Uchaguzi mnamo tarehe 12 Februari 2019 katika ukumbi wa KICC.,E kinde ma ne ogolo Ripot mar Nonro Bang' Yiero tarik 12 dwe mar ariyo higa mar 2019 e KICC,Yes,Yes,,,
2910,Health,Advancing Implementation of the Electronic Community Health Information System (E-CHIS),Kuendeleza Utekelezaji wa Mfumo wa Kielektroniki wa Taarifa za Afya ya Jamii (E-CHIS),Dhi nyime e keto e tim sistem mar weche mag thieth mag oganda (E-CHIS),Yes,Yes,,,
2161,Security & Safety,NPS discredited multiple fake posters circulating online and urged the public to avoid sharing unverified content.,NPS ilikanusha mabango mengi bandia yanayosambaa mtandaoni na kuwahimiza umma kuepuka kushiriki maudhui ambayo hayajathibitishwa.,NPS ne oketo nying' joma ne ondiko weche mag miriambo e Intanet kendo ne okwayo ji mondo kik gipog weche ma ne ok ong'ere.,Yes,Yes,,,
621,Education,"Stay alert! Schools, monitor for abduction risks.","Kuwa macho! Shule, fuatilia hatari za utekaji nyara.","Beduru motang'! Skunde, nonuru kaka ginyalo mako ji.",Yes,Yes,,,
