PSA_Id,Domain,Class,English,Kiswahili,Dholuo
3802,Health,General,Ensuring food safety through rigorous analysis at the,Kuhakikisha usalama wa chakula kwa njia ya uchambuzi wa kina katika,Neno ni chiemo nigi arita maber kokalo kuom nono matut e kar
3803,Health,Malaria,Malaria vaccination targeting children within Kenya's lake-endemic region,Chanjo ya malaria inayolenga watoto katika eneo la ziwa la Kenya,Chanjo mar maleria ma ochung’ ne nyithindo ma ni e alwora mar nam ma Kenya
3804,Health,General,Healthcare IT Digitization Programme Steering Committee Reviews Progress on UHC Digital Transformation,Kamati ya Uendeshaji ya Mpango wa Uwekaji Dijiti wa IT katika Huduma ya Afya Inakagua Maendeleo ya Ubadilishaji Dijiti wa UHC,Komiti ma tayo chenro mar keto IT e yore mag thieth nono dongruok e weche mag loko yore mag UHC
3805,Health,General,Kenya Strengthens Partnership with GE Healthcare to Advance UHC and Digital Health,Kenya Inaimarisha Ushirikiano na GE Healthcare ili Kuendeleza UHC na Afya ya Kidijitali,Kenya Omedo Teko Riwruok gi GE Thieth mondo Omed UHC kod Thieth mar Dijital
3806,Health,General,PS Mary Muthoni Rallies Health Regulators to Strengthen Coordination and Public Health Oversight,PS Mary Muthoni akutana na Wadhibiti wa Afya ili Kuimarisha Uratibu na Uangalizi wa Afya ya Umma,PS Mary Muthoni Ochoko Jotend Thieth mondo ojing' Riwruok kod Rieko Thieth mar Oganda
3807,Health,General,Kenya and India Deepen Health Partnership to Advance Universal Health Coverage,Kenya na India Zaimarisha Ushirikiano wa Afya ili Kuendeleza Huduma ya Afya kwa Wote,Kenya kod India Omedo Riwruok e weche Thieth mondo gidhi nyime gi thieth e piny mangima
3808,Health,General,RUSH Kenya Rural and Urban Sanitation & Hygiene Monitoring System,RUSH Kenya Usafi wa Mazingira Vijijini na Mijini & Mfumo wa Ufuatiliaji wa Usafi,RUSH Kenya chenro mar luwo ler kod ler mar gwenge kod boma
3809,Health,General,Visit the Kenya Rural and Urban Sanitation & Hygiene Monitoring System Portal,Tembelea Tovuti ya Kenya ya Mfumo wa Ufuatiliaji wa Usafi wa Mazingira Vijijini na Mijini na Mfumo wa Ufuatiliaji wa Usafi,Lim Oboke mar Kenya mar ng’iyo ler kod ler mar gwenge kod bombe
3810,Health,General,The State Department plays a crucial role in shaping healthcare in our country.,Idara ya Jimbo ina jukumu muhimu katika kuunda huduma ya afya katika nchi yetu.,Ofis mar pinyno nigi tich maduong’ ahinya e loso yore mag thieth e pinywa.
3811,Health,General,"From setting medical services policy to providing curative health services and managing health policy and administration, they are committed to ensuring the well-being of our citizens.","Kuanzia kuweka sera ya huduma za matibabu hadi kutoa huduma za afya za tiba na kusimamia sera ya afya na utawala, wamejitolea kuhakikisha ustawi wa raia wetu.","Chakre keto chik mar thieth nyaka e chiwo thieth ma kelo thieth kod rito chik mar thieth kod rito, gichiwore mar neno ni jopinywa odak maber."
3812,Health,General,The State Department is responsible for critical functions related to public health and professional standards.,Idara ya Jimbo inawajibika kwa kazi muhimu zinazohusiana na viwango vya afya ya umma na taaluma.,Ofis mar pinyno nigi ting’ mar timo tije madongo ma tudruok gi thieth mar oganda kod rang’iny mar jotich.
3813,Health,General,"They develop policies on public health and sanitation, ensuring the well-being of our communities.","Wanaunda sera kuhusu afya ya umma na usafi wa mazingira, kuhakikisha ustawi wa jamii zetu.","Giloso chike mag thieth mar oganda kod ler, mondo gibed gi ngima maber e alworawa."
3814,Health,General,"The Kenya Medical Training College (KMTC) is a State Corporation established through an Act of Parliament under the Ministry of Health, entrusted with the role of training various disciplines in the health sector to serve the Kenyan interests, East Africa and beyond.","Chuo cha Mafunzo ya Tiba cha Kenya (KMTC) ni Shirika la Serikali lililoanzishwa kupitia Sheria ya Bunge chini ya Wizara ya Afya, lililokabidhiwa jukumu la kutoa mafunzo kwa taaluma mbalimbali katika sekta ya afya ili kuhudumia maslahi ya Kenya, Afrika Mashariki na kwingineko.","Kolej mar puonjruok mar thieth e piny Kenya (KMTC) en riwruok mar piny ma ochung’ kokalo kuom chik mar bura ma ni e bwo ng’wech mar thieth, ma omiye tich mar puonjo weche mopogore opogore e sekta mar thieth mondo otim tich ne dwaro mag piny Kenya, Afrika ma Wuokchieng’ kod ma oko."
3815,Health,Child Protection,A National Handbook Guide For Integration Of Mental Health Services Into Maternal And Child Health Services For Pregnant Adolescents,Mwongozo wa Kitaifa wa Mwongozo wa Ujumuishaji wa Huduma za Afya ya Akili katika Huduma za Afya ya Mama na Mtoto kwa Vijana Wajawazito.,Oboke mar piny mangima mar keto tich mar thieth mar paro e tich mar thieth mar min kod nyithind nyithindo ma nigi ich
3816,Health,General,"A Two of Meeting with Parliamentary Committee on Health Addressing Human Resources, Programs and Legal Issues","Mikutano Miwili na Kamati ya Bunge ya Afya inayoshughulikia Rasilimali Watu, Mipango na Masuala ya Kisheria","A Ariyo mar Chokruok gi Komiti mar Od Romo mar Thieth ma Ochung’ne Gik Motudore gi Dhano, Program kod Weche mag Chike"
3817,Health,General,AAR Hospital Achieves SafeCare Level 5 Certification as Health CS Duale Reinforces Push for Quality and Patient Safety,Hospitali ya AAR Yafanikisha Cheti cha Kiwango cha 5 cha Utunzaji Salama kwani CS Duale ya Afya Inaimarisha Usukuma kwa Ubora na Usalama wa Mgonjwa,Osiptal mar AAR Oyudo Oboke mar SafeCare mar Rang’iny mar 5 kaka CS Duale mar Thieth Keto Teko mar Keto Kido Maber kod Rieko mar Jotuwo
3818,Health,General,AAR Hospital Launch Marks Progress Towards Accessible Healthcare In Kenya,Uzinduzi wa Hospitali ya AAR Waashiria Maendeleo Kuelekea Kupatikana kwa Huduma ya Afya Nchini Kenya,Chakruok mar Osiptal mar AAR Nyiso Dhi nyime e Chiwo Thieth Manyalo Chopo e Kenya
3819,Health,General,Activation of Community Health Program to enhance hygiene in public places.,Uanzishaji wa Mpango wa Afya ya Jamii ili kuimarisha usafi katika maeneo ya umma.,Tiyo gi chenro mar thieth mar oganda mondo omed ler e kuonde ma ji mang’eny romoe.
3820,Health,General,"1 Proposed Construction of Level 3A Hospital In Khwisero, Kakamega County, For Ministry Of Health","1 Pendekezo la Ujenzi wa Hospitali ya Level 3A Katika Khwisero, Kaunti ya Kakamega, Kwa Wizara ya Afya","1 Oketo paro mar gero od thieth mar rang'iny mar adek e Khwisero, kaunti mar Kakamega, ne od thieth mar thieth"
3821,Health,General,"1 Provision of Medical Equipment Service, Repair and Maintenance of Medical Equipment Deployed to Selected Hospitals by the Ministry of Health (MOH)","1 Utoaji wa Huduma ya Vifaa vya Tiba, Ukarabati na Matengenezo ya Vifaa vya Tiba Vinavyopelekwa katika Hospitali Teule na Wizara ya Afya (MOH)","1 Chiwo Tich mar Gige Thieth, Loso kod Rito Gige Thieth ma Oter e Osiptal Moyier gi Ofis mar Thieth (MOH)"
3822,Health,Child Protection,Addressing Child Wasting and Malnutrition Crisis in the Horn of Africa: Kenya's Commitment to Action,Kushughulikia Upotevu wa Watoto na Mgogoro wa Utapiamlo katika Pembe ya Afrika: Ahadi ya Kenya ya Kuchukua Hatua,Tiyo gi Pek mar Ketho Nyithindo kod Chiemo ma Ok Owinjore e Tung’ mar Afrika: Chiwruok mar Kenya mar timo gimoro
3823,Health,General,ADMINISTRATIVE FRAMEWORK FOR IMPLEMENTATION OF THE MANDATORY INBOUND TRAVEL HEALTH INSURANCE PROGRAM,MFUMO WA UTAWALA WA UTEKELEZAJI WA MPANGO WA LAZIMA WA BIMA YA AFYA YA KUSAFIRI.,CHEN MAR TELO MAR TIYO CHEN MAR INSURANS MAR THUT MAR WUOTH MAR PINY
3824,Health,General,Advancing Healthcare Through Laboratories: Kenya's Path to Universal Health Coverage,Kuendeleza Huduma ya Afya Kupitia Maabara: Njia ya Kenya kwenye Huduma ya Afya kwa Wote,Dhi nyime e thieth kokalo kuom laboratori: Yo ma Kenya luwo mar yudo thieth e piny mangima
3825,Health,General,Advancing Implementation of the Electronic Community Health Information System (E-CHIS),Kuendeleza Utekelezaji wa Mfumo wa Kielektroniki wa Taarifa za Afya ya Jamii (E-CHIS),Dhi nyime e keto e tim sistem mar weche mag thieth mag oganda (E-CHIS)
3826,Health,General,Advocating for Increased Resources to Enhance Preventive and Promotive Health Programs,Kutetea Rasilimali Zilizoongezeka ili Kuimarisha Mipango ya Afya ya Kinga na Kukuza,Kuong’o mondo omed mwandu mondo omed loso chenro mag geng’o kendo medo thieth
3827,Health,General,UPDATED HEALTH MEASURES TO ENTER VARIOUS COUNTRIES (6th May 2022),"HATUA ZILIZOSASISHA ZA AFYA KUINGIA KATIKA NCHI MBALIMBALI (Mei 6, 2022)",YORE MOKETI MAR CHIK MOCHOPO E PINJE MOPOGORE (6 dwe mar abich higa mar 2022)
3828,Health,COVID-19,ADDENDUM – Covid-19 Antigen Rapid Diagnostic Testing Interim Guide – Kenya January 2021,NYONGEZA - Mwongozo wa Muda wa Uchunguzi wa Uchunguzi wa Haraka wa Covid-19 - Kenya Januari 2021,MAR MEDO – Yor Pim Mapiyo mar Fwenyo Tuwo mar Covid-19 – Kenya dwe mar achiel dwe mar achiel higa mar 2021
3829,Health,COVID-19,A Comprehensive Guide on Mental Health & Psychosocial Support during Covid-19 Pandemic,Mwongozo wa Kina wa Afya ya Akili na Usaidizi wa Kisaikolojia wakati wa Janga la Covid-19,Oboke matut kuom thieth mar paro kod kony mar paro e kinde ma tuo mar Covid-19
3830,Health,COVID-19,Covid-19 vaccination outreach sites for the ongoing accelerated campaign,Maeneo ya kufikia chanjo ya Covid-19 kwa kampeni inayoharakishwa inayoendelea,Kuonde mag chiwo chanjo mar Covid-19 ne kampen ma dhi nyime mar mapiyo
3831,Health,COVID-19,COVID-19 PCR LABS TRAINED ON TRUSTED TRAVEL AS AT 21.09.2021,MAABARA YA COVID-19 PCR YALIYOFUNZWA KWA USAFIRI UNAOAMINIWA MNAMO TAREHE 21.09.2021,LABO MAR PCR MAR COVID-19 OPUONJI E WUOTH MOGINE CHIEKO TAR 21.09.2021
3832,Health,COVID-19,COVID-19 Outbreak in Kenya Daily Report SITREP- 22-April-2021,Mlipuko wa COVID-19 nchini Kenya Ripoti ya Kila Siku SITREP- 22-Aprili-2021,Tuwo mar COVID-19 e piny Kenya Ripot ma pile ka pile mar SITREP- 22-Ang'wen-2021
3833,Health,COVID-19,COVID-19 Outbreak in Kenya Daily report SITREP-132 27-Jul-2020,Mlipuko wa COVID-19 nchini Kenya Ripoti ya Kila siku SITREP-132 27-Jul-2020,Tuwo mar COVID-19 e piny Kenya Ripot ma pile ka pile
3834,Health,COVID-19,COVID-19 Outbreak in Kenya Daily report SITREP-131 26-Jul-2020,Mlipuko wa COVID-19 nchini Kenya Ripoti ya kila siku SITREP-131 26-Jul-2020,Tuwo mar COVID-19 e piny Kenya Ripot ma pile pile mar SITREP-131 tarik 26 dwe mar Jula-2020
3835,Health,COVID-19,COVID-19 Outbreak in Kenya Daily report SITREP-130 25-Jul-2020,Mlipuko wa COVID-19 nchini Kenya Ripoti ya Kila siku SITREP-130 25-Jul-2020,Tuwo mar COVID-19 e piny Kenya Ripot ma pile ka pile
3836,Health,COVID-19,MINISTRY OF HEALTH KENYA COVID-19 IMMUNIZATION STATUS REPORT 16TH MAY 2022,RIPOTI YA HALI YA CHANJO YA WIZARA YA WIZARA YA KENYA COVID-19 TAREHE 16 MEI 2022,RIPOT MAR CHALO MAR CHOTH TUO MAR CHOKO MAR TUDO MAR TAR 16 MAR ABICH 2022
3837,Health,COVID-19,MINISTRY OF HEALTH KENYA COVID-19 IMMUNIZATION STATUS REPORT 15TH MAY 2022,RIPOTI YA HALI YA CHANJO YA WIZARA YA AFYA KENYA COVID-19 TAREHE 15 MEI 2022,RIPOT MAR CHALO MAR CHOTH TUO TUO GI COVID-19 MAR KENYA MAR CHIENG' TAR 15 MAR ABICH 2022
3838,Health,COVID-19,MINISTRY OF HEALTH KENYA COVID-19 IMMUNIZATION STATUS REPORT 14TH MAY 2022,RIPOTI YA HALI YA CHANJO YA WIZARA YA AFYA KENYA COVID-19 TAREHE 14 MEI 2022,RIPOT MAR CHALO MAR CHOTH TUO MAR CHOKO MAR TUDO MAR KENYA TAR 14 MAR ABICH 2022
3839,Health,COVID-19,MINISTRY OF HEALTH KENYA COVID-19 IMMUNIZATION STATUS REPORT 13TH MAY 2022,RIPOTI YA HALI YA CHANJO YA WIZARA YA AFYA KENYA COVID-19 TAREHE 13 MEI 2022,RIPOT MAR CHALO MAR CHOTH TUO MAR CHOKO MAR TUDO MAR TUDO MAR KENYA TAR 13 MAR ABICH 2022
3840,Health,COVID-19,MINISTRY OF HEALTH KENYA COVID-19 IMMUNIZATION STATUS REPORT 12TH MAY 2022,RIPOTI YA HALI YA CHANJO YA WIZARA YA AFYA KENYA COVID-19 TAREHE 12 MEI 2022,RIPOT MAR CHALO MAR CHOTH TUO MAR CHOKO MAR TUDO MAR KENYA TAR 12 MAR ABICH 2022
3841,Health,COVID-19,MINISTRY OF HEALTH KENYA COVID-19 IMMUNIZATION STATUS REPORT 11TH MAY 2022,RIPOTI YA HALI YA CHANJO YA WIZARA YA AFYA KENYA COVID-19 TAREHE 11 MEI 2022,RIPOOT MAR CHALO MAR CHOTH TUO TUO GI COVID-19 MAR MINISTER MAR CHITHO MAR KENYA TAR 11 MAR ABICH 2022
3842,Governance,General,Launch of Pre-Election Disputes Resolution Report for 2022 General Election and Case Digest for 2022 General Election,Uzinduzi wa Ripoti ya Utatuzi wa Mizozo ya Kabla ya Uchaguzi kwa Uchaguzi Mkuu wa 2022 na Muhtasari wa Kesi ya Uchaguzi Mkuu wa 2022,Ochako Ripot mar Tieko Ywak Kapok Yiero Maduong' mar 2022 kod kwan mar kes mag Yiero Maduong' mar 2022
3843,Governance,General,Launch of Pre-Election Disputes Resolution Report for 2022 General Election & Case Digest for 2022 General Election,Uzinduzi wa Ripoti ya Utatuzi wa Mizozo ya Kabla ya Uchaguzi kwa Uchaguzi Mkuu wa 2022 na Muhtasari wa Kesi kwa Uchaguzi Mkuu wa 2022,Ochako Ripot mar Tieko Ywak Kapok Yiero Maduong' mar 2022 & Digest mar Kes mag Yiero Maduong' mar 2022
3844,Governance,General,Path to the Polls : Electoral Integrity Through Justice and Dispute Resolution.,Njia ya Kupiga Kura : Uadilifu wa Uchaguzi Kupitia Haki na Utatuzi wa Migogoro.,Yo mar dhi e yiero : Rieko mar yiero kokalo kuom bura makare kod loso ywak.
3845,Governance,General,IEBC Launches Strategic Plan 2024 2029 and Election Operations Plan 2025 2027,IEBC Yazindua Mpango Mkakati 2024 2029 na Mpango wa Uendeshaji wa Uchaguzi 2025 2027,IEBC Ochako Chenro Maduong' mar 2024 2029 kod Chenro mar Tich mar Yiero 2025 2027
3846,Governance,General,Launch of the Strategic Plan 2024 2029 and Election Operations Plan 2025 2027,Uzinduzi wa Mpango Mkakati wa 2024 2029 na Mpango wa Uendeshaji wa Uchaguzi 2025 2027,Chakruok mar chenro mar tich mar 2024 2029 kod chenro mar tiyo gi yiero 2025 2027
3847,Governance,Voting,RESUMPTION OF CONTINUOUS VOTER REGISTRATION AND COMMENCEMENT OF ENHANCED CONTINUOUS VOTER REGISTRATION,KURUDISHA UANDIKISHAJI UNAOENDELEA WA WAPIGA KURA NA KUANZA KWA IMARA YA UANDIKISHAJI UNAOENDELEA WA WAPIGA KURA.,CHAKO DUEGI NDIKO NYING’ JOGO GOYO BULURO KOD CHAKO NYIENG’ NYING’I JOGO GOYO BULURO MOMEDO MEDO
3848,Governance,General,"NOMINATED CANDIDATES FOR PURPOSES OF THE BY-ELECTIONS FOR MEMBER OF NATIONAL ASSEMBLY FOR OL KALOU CONSTITUENCY, NYANDARUA COUNTY SCHEDULED TO BE HELD ON THURSDAY, 16TH JULY, 2026","WAGOMBEA WALIOTEULIWA KWA MADHUMUNI YA UCHAGUZI MDOGO WA MJUMBE WA BUNGE LA KITAIFA JIMBO LA OL KALOU, KATA YA NYANDARUA ULIORADIKIWA KUFANYIKA ALHAMISI, TAREHE 16 JULAI, 2026.","JO MOKETI MOTIMORE GI YIER MAR BEDO MAR BEDO MAR BEDO MAR BEDO MAR BEDO MAR BEDO MAR OL KALOU, COUNTY NYANDRUA MANE OKETO TIMORE CHIENG’ ANG’UCH TAR 12, TAR 12, 2020"
3849,Governance,Voting,"CERTIFYING THAT THE REVISION OF THE REGISTER OF VOTERS HAS BEEN COMPLETED FOR PURPOSES OF THE 14TH JULY, 2026 BY-ELECTIONS","KUTHIBITISHA KUWA USAHIHISHAJI WA DAFTARI LA WAPIGA KURA UMEKIKAMILIKA KWA MADHUMUNI YA UCHAGUZI MDOGO WA TAREHE 14 JULAI, 2026.",NYIYO NI LOKO REJISTA MAR JOGO MAR YIER OSETIEKO MOTIMORE MOTIMORE E YIER MAR 14 JULAYI 2026
3850,Governance,General,"DECLARATION OF PERSONS ELECTED IN THE BY-ELECTIONS HELD ON 14TH MAY, 2026","TANGAZO LA WATU WALIOCHAGULIWA KATIKA UCHAGUZI MDOGO ULIOFANYIKA TAREHE 14 MEI, 2026.",WECHE MAR JOMA NE YIER E YIER MA NE TIMORE CHIENG’ 14 MAR AB’ICH 2026
3851,Governance,General,"Appointment of Returning and Deputy Returning Officers for Purposes of the By-Elections for Member of National Assembly for Olkalou Constituency, Nyandarua County Scheduled to be held on Thursday, 16th July, 2026","Uteuzi wa Wasimamizi wa Uchaguzi na Manaibu Wasimamizi wa Uchaguzi kwa Madhumuni ya Uchaguzi Mdogo wa Mbunge wa Jimbo la Olkalou, Kaunti ya Nyandarua Uliopangwa kufanyika Alhamisi, Julai 16, 2026.","Oketo jotelo mabiro yiero kod jotelo ma luwogi mondo otim yiero mabiro timore mar Jatend Bura mar Pinyruoth e Distrikt mar Olkalou, e Distrik mar Nyandarua."
3852,Governance,General,"Tallying Centres for The By-Elections Scheduled to be held on 14th May, 2026","Vituo vya Kujumuika kwa ajili ya Uchaguzi Mdogo Uliopangwa kufanyika tarehe 14 Mei, 2026.",Kuonde mag kwano yiero mabiro timore tarik 14 dwe mar abich higa mar 2026
3853,Governance,General,"Nominated Candidates for Purposes of the By-Elections for Member of National Assembly for Emurua Dikirr Constituency and Members of the County Assemblies for Porro Ward in Samburu West Constituency, Samburu County And Endo Ward in Marakwet East Constituency, Elgeyo Marakwet County Scheduled to be held on Thursday, 14th May, 2026","Wagombea Walioteuliwa kwa Madhumuni ya Uchaguzi Mdogo wa Mbunge wa Kitaifa wa Eneobunge la Emurua Dikirr na Wabunge wa Mabunge ya Kaunti ya Wadi ya Porro katika Eneo Bunge la Samburu Magharibi, Kaunti ya Samburu na Wadi ya Endo katika Eneobunge la Marakwet Mashariki, Kaunti ya Elgeyo Marakwet iliyoratibiwa kufanyika Mei 26, Alhamisi, Mei 26,","Jotelo ma ochung’ ne yiero mabiro timore mar bedo jokanyo mag bura mar piny owacho mar Emurua Dikirr kod jokanyo mag bura mar piny owacho mar Porro e bura mar Samburu ma milambo, bura mar Samburu kod bura mar Endo e bura mar Marakwet ma yo wuok chieng’, bura mar Elgeyo Marakwet."
3854,Governance,Voting,"Certifying that the Revision of the Register of Voters Has Been Completed for Purposes of the 14th May, 2026 By-Elections","Kuthibitisha kwamba Marekebisho ya Daftari la Wapiga Kura Yamekamilika kwa Madhumuni ya Uchaguzi Mdogo wa Tarehe 14 Mei, 2026.",Kuong’o ni Loso Rejista mar Jogo Obolo Ombulu Otieko mondo otimre yiero mabiro bedo tarik 14 dwe mar abich higa mar 2026
3855,Governance,General,"By-Election For Member of National Assembly for Ol Kalou Constituency, Nyandarua County Scheduled to be held on Thursday, 16th July, 2026.","Uchaguzi Mdogo wa Mbunge wa Kitaifa wa Eneo Bunge la Ol Kalou, Kaunti ya Nyandarua Umeratibiwa kufanywa Alhamisi, Julai 16, 2026.","16:10, 11. 2026, 2026, 2026, 16:10, 11."
3856,Governance,General,"By-elections for Member of County Assembly for porro Ward in Samburu West Constituency, Samburu County and Endo ward in Marakwet East Constituency Elgeyo/Marakwet county and Member of National Assembly, Emurua Dikirr Constituency, Narok County scheduled to be held on Thursday, 14th May, 2026.","Uchaguzi mdogo wa Mbunge wa Kaunti ya Wadi ya Porro katika Eneo Bunge la Samburu Magharibi, Kaunti ya Samburu na wadi ya Endo katika eneo bunge la Marakwet Mashariki Kaunti ya Elgeyo/Marakwet na Mbunge wa Emurua Dikirr, Kaunti ya Narok umeratibiwa kufanywa Alhamisi, Mei 14, 2026.","<2Zepa> Oyier mar ng’ado bura mar bedo jatend bura mar porro e gweng’ mar Samburu ma yo podho chieng’, gweng’ mar Samburu kod gweng’ mar Endo e gweng’ mar Elgeyo/Marakwet kod jatend bura mar pinyno e gweng’ mar Emurua Dikirr, gweng’ mar Narok, ne oket mondo otimre e odiechieng’ mar ang’wen tarik 14 dwe mar abich higa mar 2019."
3857,Governance,General,"3105 - Declaration of Persons Elected in the By-Elections Held on 26th February, 2026","3105 - Tamko la Watu Waliochaguliwa Katika Uchaguzi Mdogo Uliofanyika tarehe 26 Februari, 2026",3105 - Lero mar Joma Oyier e Yiero Matin ma Ne Otim tarik 26 dwe mar ariyo higa mar 2026
3858,Governance,General,"Nominated Candidates for Purposes of the By-Elections for Member of National Assembly for Isiolo South Constituency and Members of the County Assemblies for Muminji Ward and Evurore Ward, in Mbeere North Constituency–Embu County and West Kabras Ward in Malava Constituency–Kakamega County Scheduled to be held on Thursday 26th February, 2026","Wagombea Walioteuliwa kwa Madhumuni ya Uchaguzi Mdogo wa Mbunge wa Isiolo Kusini na Wabunge wa Mabunge ya Kaunti ya Wadi ya Muminji na Wadi ya Evurore, Jimbo la Mbeere Kaskazini-Kaunti ya Embu na Wadi ya Kabras Magharibi katika Eneobunge la Malava-Kaunti ya Kakamega Iliyoratibiwa tarehe 26 Februari, Alhamisi Februari 26.","Jotelo ma ochung’ ne yiero mabiro timore mar bedo jokanyo mag bura mar piny owacho mar Isiolo ma milambo kod jokanyo mag bura mar piny owacho mar gweno mar Muminji kod gweno mar Evurore, e gwenge mar Mbeere ma nyandwat–gwenge ma Embu kod gwenge ma milambo mar Kabras e gwenge ma Malava–gwenge ma kakamega Oketo ni obed tarik 2020."
3859,Governance,Voting,"Certifying that the Revision of the Isiolo South Constituency Register of Voters has been Completed for purposes of the 26th February, 2026 By-Election","Kuthibitisha kwamba Marekebisho ya Rejista ya Wapigakura ya Eneo Bunge la Isiolo Kusini yamekamilika kwa madhumuni ya Uchaguzi Mdogo wa tarehe 26 Februari, 2026.",Kuong’o ni loso mar kwan mar jogo ma dhi goyo ombulu e gwenge mag Isiolo ma milambo osetieko mondo otim yiero mabiro e tarik 26 dwe mar ariyo higa mar 2026
3860,Governance,General,"Polling Stations for the 26th February, 2026 By-Elections for Member of National Assembly for Isiolo South Constituency and Member of County Assembly for Muminji Ward and Evurore Ward, Mbeere North Constituency, Embu County and West Kabras Ward, Malava Constituency, Kakamega County","Vituo vya Kupigia Kura kwa Uchaguzi Mdogo wa Februari 26, 2026 kwa Mbunge wa Isiolo Kusini na Mbunge wa Wadi ya Muminji na Wadi ya Evurore, Eneo bunge la Mbeere Kaskazini, Kaunti ya Embu na Wadi ya Kabras Magharibi, Eneo Bunge la Malava, Kaunti ya Kakamega.","2026, 2026, yiero ma ng’ato nyalo timo mar bedo jatend bura mar piny owacho mar Isiolo ma milambo kod jatend bura mar piny owacho mar gwenge mar Muminji kod gwenge mar Evurore, gwenge mag Mbeere ma nyandwat, gwenge mag Embu kod gwenge mag Kabras ma milambo, gwenge mag Malava, gwenge mag Kakamega"
3861,Governance,General,"Appointment of Returning and Deputy Returning Officers for Purposes of the By-Elections for Member of National Assembly for Isiolo South Constituency and Member of County Assembly for Muminji Ward and Evurore Ward, Mbeere North Constituency, Embu County and West Kabras Ward, Malava Constituency, Kakamega County, Scheduled to be held on Thursday, 26th February, 2026.","Uteuzi wa Wasimamizi wa Uchaguzi na Manaibu Wasimamizi wa Uchaguzi kwa Madhumuni ya Uchaguzi Mdogo wa Mbunge wa Jimbo la Isiolo Kusini na Mbunge wa Kaunti ya Wadi ya Muminji na Wadi ya Evurore, Eneobunge la Mbeere Kaskazini, Kaunti ya Embu na Wadi ya Kabras Magharibi, Eneobunge la Malava, Kaunti ya Kakamega hadi 2 Februari, Ratiba ya 2 Februari 20.","10:10, 11. 2026."
3862,Governance,General,"Names and Symbols of Independent Candidates for the By–Elections Scheduled to be held on 26th February, 2026","Majina na Alama za Wagombea Huru wa Uchaguzi Mdogo Uliopangwa kufanyika tarehe 26 Februari, 2026.",Nying’ kod Ranyisi mag Jotelo mabiro bedo e yiero mabiro timore tarik 26 dwe mar ariyo higa mar 2026
3863,Governance,General,"By-Elections for Member of National Assembly for Isiolo South Constituency and Member of County Assembly for Muminji Ward and Evurore Ward, Mbeere North Constituency, Embu County and West Kabras Ward, Malava Constituency, Kakamega County Scheduled to be held on Thursday 26th February, 2026.","Uchaguzi Mdogo wa Mbunge wa Kitaifa wa Eneobunge la Isiolo Kusini na Mbunge wa Kaunti ya Wadi ya Muminji na Wadi ya Evurore, Eneo Bunge la Mbeere Kaskazini, Kaunti ya Embu na Wadi ya Kabras Magharibi, Eneo Bunge la Malava, Kaunti ya Kakamega Ulioratibiwa kufanywa Alhamisi Februari 26, 2026.","<2Zepa> Yiero matin mar bedo jatend bura mar piny owacho mar Isiolo ma milambo kod jatend bura mar piny owacho e gweng’ mar Muminji kod gweng’ mar Evurore, gweng’ mar Mbeere ma nyandwat, gweng’ mar Embu kod gweng’ mar Kabras ma yo podho chieng’, gweng’ mar Malava, gweng’ mar Kakamega."
3864,Governance,General,"Declaration of persons elected in the by-elections held on the 27th November, 2025","Tamko la watu waliochaguliwa katika uchaguzi mdogo uliofanyika tarehe 27 Novemba, 2025",Oboke mar jogo ma oyier e yiero madongo ma ne otim tarik 27 dwe mar apar gi achiel higa mar 2025
3865,Governance,General,"Corrigenda - Polling Stations for the 27th November, 2025 By-Elections",Corrigenda - Vituo vya Kupigia Kura kwa Uchaguzi Mdogo wa tarehe 27 Novemba 2025,Oboke - Kuonde mag goyo ombulu mag tarik 27 dwe mar apar gi achiel higa mar 2025
3866,Governance,General,"Tallying Centres for the By-elections Scheduled to be held on 27th November, 2025","Vituo vya Kujumuika kwa Uchaguzi Mdogo wa Madiwani Uliopangwa kufanyika tarehe 27 Novemba, 2025.",Kuonde mag kwano yiero madongo ma oket mondo otimre tarik 27 dwe mar apar gi achiel higa mar 2025
3867,Governance,General,"Declaration of No Contest for members of Tembelio and Metkei Wards in the By –Elections scheduled to be held on 27th November, 2025","Tamko la Kutogombea kwa wanachama wa Wadi za Tembelio na Metkei katika Uchaguzi Mdogo unaotarajiwa kufanyika tarehe 27 Novemba, 2025.","2025, 2025, 2025, 2025"
3868,Governance,General,"Directives on Handling Pre-Election Disputes Relating to the By-Elections Scheduled to be Held on 27th November, 2025","Maagizo ya Kushughulikia Migogoro ya Kabla ya Uchaguzi Kuhusiana na Uchaguzi Mdogo Uliopangwa Kufanyika tarehe 27 Novemba, 2025.",Chike mag rito ywak mapok yiero otimre motudore gi yiero mabiro timore tarik 27 dwe mar apar gi achiel higa mar 2025
3869,Governance,General,"Names and Symbols of Independent Candidates for the By–Elections Scheduled to be Held on 27th November, 2025","Majina na Alama za Wagombea Huru wa Uchaguzi Mdogo Uliopangwa Kufanyika tarehe 27 Novemba, 2025.",Nying’ kod Ranyisi mag Jotelo ma Ochung’ Motegno e Yiero Mabiro Timre tarik 27 dwe mar apar gi achiel higa mar 2025
3870,Governance,Voting,Commencement of Continuous Registration of Citizens as Voters and the Regular Revision of the Voters’ Roll,Kuanza kwa Uandikishaji endelevu wa Wananchi kama Wapiga Kura na Marekebisho ya Mara kwa Mara ya daftari la Wapiga Kura.,Chakruok mar Ndiko Nying’ mar Jodak kaka Jogo ma Goyo Ombulu kendo Loso kwan mar jogo ma goyo ombulu kinde ka kinde
3871,Governance,General,"By-Elections For Member of Senate-Baringo County, Members of the National Assembly for Banissa, Kasipul, Magarini, Malava, Mbeere North and Ugunja Constituencies and Member of Kabuchai/Chwele County Assembly Ward in Bungoma County Scheduled to be held on 27th November, 2025","Uchaguzi Mdogo wa Mbunge wa Seneti-Kaunti ya Baringo, Wabunge wa Bunge la Kitaifa la Banissa, Kasipul, Magarini, Malava, Mbeere Kaskazini na Ugunja eneobunge na Mbunge wa Kabuchai/Chwele kaunti ya Wadi katika Kaunti ya Bungoma Ulioratibiwa kuandaliwa tarehe 27 Novemba, 2025.","2020, 2020:"
3872,Governance,General,"Members of County Assemblies: Angata Nanyokie Ward in Samburu County, Chemundu/Kapng’etuny Ward in Nandi County, Chewani Ward in Tana River County, Fafi Ward in Garissa County, Kariobangi North Ward in Nairobi City County, Kisa East Ward in Kakamega County, Metkei Ward in Elgeyo Marakwet County, Mumbuni North Ward in Machakos County, Narok Town Ward in Narok County, Purko Ward in Kajiado County, Tembelio Ward in Uasin Gishu County, Nyansiongo, Nyamaiya, Ekerenyo Wards in Nyamira County, Lake Zone and Nanaam Wards in Turkana County (16).","Wanachama wa Makusanyiko ya Kaunti: Angata Wadi ya Nanyokie katika Kaunti ya Samburu, Wadi ya Chemundu/Kapng’etuny katika Kaunti ya Nandi, Wadi ya Chewani katika Kaunti ya Tana River, Wadi ya Fafi katika Kaunti ya Garissa, Wadi ya Kariobangi Kaskazini katika Kaunti ya Jiji la Nairobi, Wadi ya Kisa Mashariki katika Kaunti ya Kakamega, Wadi ya Metkei katika Wadi ya Elgeyo Wadi ya Machanikos Kaskazini Kaunti ya Machanikos katika Kaunti ya Narok, Wadi ya Purko katika Kaunti ya Kajiado, Wadi ya Tembelio katika Kaunti ya Uasin Gishu, Nyansiongo, Nyamaiya, Wadi za Ekerenyo katika Kaunti ya Nyamira, Kanda ya Ziwa na Wadi za Nanaam katika Kaunti ya Turkana (16).","Jokanyo mag Bung’ mar Kaunti: Ward mar Angata Nanyokie e gwans mar Samburu, Ward mar Chemundu/Kapng’etuny e gwens mar Nandi, Ward mar Chewani e gwend Tana River, Ward mar Fafi e gwend Garissa, gwend Kariochakobangi ma nyandwat e gweng’ mar Nairobi, gwend kisa ma nyandwat e gwens kakamega, gwend metkei e gwend mar elgeyo mar marakwe e gweng’ mar Narok, e gweng’ mar Purko e gweng’ mar Kajiado, e gweng’ mar Tembelio e gweng’ mar Uasin gishu, e gweng’ mar Nyamaiya, e gweng’ mar nyamira, e gweng’ mar nam kod e gweng’ mar turkana (16)."
3873,Governance,General,"Declaration of Persons Elected as Member Of Senate, Bungoma County and Members Of County Assemblies for Kyoome/Thaana Ward, Kitui County, Oloimasani Ward, Narok County, Mumias North Ward, Kakamega County, South Gem Ward, Siaya County and Utawala Ward, Nairobi City County, Respectively, during the By-elections held on 8th December, 2022","Tamko la Watu Waliochaguliwa kuwa Mbunge wa Seneti, Kaunti ya Bungoma na Wabunge wa Mabunge ya Kaunti ya Wadi ya Kyoome/Thaana, Kaunti ya Kitui, Wadi ya Oloimasani, Kaunti ya Narok, Wadi ya Mumias Kaskazini, Kaunti ya Kakamega, Wadi ya Gem Kusini, Kaunti ya Siaya na Wadi ya Utawala, Kaunti ya Jiji la Nairobi, Mtawalia, wakati wa Uchaguzi Mdogo wa tarehe 22 Disemba 22.","Oboke mar Joma Oyier kaka Jokanyo mag Bura maduong’, gweng’ mar Bungoma kod jokanyo mag bura madongo mag gweng’ mar Kitui, gweng’ mar Kitui, gweng’ mar Oloimasani, gweng’ mar Narok, gweng’ mar Mumias ma nyandwat, gweng’ mar Kakamega, gweng’ mar South Gem, gweng’ mar Siaya kod gweng’ mar Utawala, gweng’ mar Nairobi, 2022"
3874,Governance,General,"Declaration of Persons Elected in the By-elections held on 5th January, 2023","Azimio la Watu Waliochaguliwa katika Uchaguzi Mdogo uliofanyika tarehe 5 Januari, 2023",Wach mar Joma Oyier e Yiero Maduong’ ma ne otim tarik 5 dwe mar achiel higa mar 2023
3875,Governance,General,"Polling Stations for the By--elections Scheduled to be held on 5th January, 2023 for Member of the Senate Elgeyo Marakwet, Member of National Assembly for Garissa Township and Kandara Constituencies, and Member of County Assembly Shella Ward in Lamu County","Vituo vya Kupigia Kura kwa Uchaguzi Mdogo Ulioratibiwa kuandaliwa Januari 5, 2023 kwa Mbunge wa Seneti Elgeyo Marakwet, Mbunge wa Garissa Mjini na Maeneobunge ya Kandara, na Mbunge wa Wadi ya Shella katika Kaunti ya Lamu.","2023, 2023 ne Jatend Bura mar pinyno Elgeyo Marakwet, Jatend Bura mar pinyno mar Garissa kod Kandara, kod Jatend Bura maduong’ mar Shella Ward e gweng’ mar Lamu"
3876,Governance,General,"Tallying Centres for the By-­elections Scheduled to be held on 5th January, 2023","Vituo vya Kujumuika kwa Uchaguzi Mdogo Uliopangwa kufanyika tarehe 5 Januari, 2023.",Kuonde mag kwano yiero madongo ma oket mondo otimre tarik 5 dwe mar achiel higa mar 2023
3877,Governance,General,"Corrigenda - Tallying Centre for the By-election scheduled to be held on 8th December, 2022","Corrigenda - Kituo cha Kujumlisha Mahesabu kwa ajili ya Uchaguzi Mdogo uliopangwa kufanyika tarehe 8 Desemba, 2022.",Oboke - Kidieny mar kwano mar yiero mabiro timore tarik 8 dwe mar apar gi ariyo higa mar 2022
3878,Governance,General,"Appointment of County and Constituency Returning Officers for Purposes of the By-elections Scheduled to be held on 5th January, 2023","Uteuzi wa Wasimamizi wa Uchaguzi wa Kata na Majimbo kwa Madhumuni ya Uchaguzi Mdogo Uliopangwa kufanyika tarehe 5 Januari, 2023.",Oketo jotelo mag yiero mag kaunti kod gwenge mag yiero mondo otimre tarik 5 dwe mar achiel higa mar 2023
3879,Governance,General,"Names and Symbols of Independent Candidates for Purposes of the Parliamentary By–Election of Member of the Senate – Elgeyo Marakwet County and Members of the National Assembly for Kandara and Garissa Township Constituencies Scheduled to be held on 5th January, 2023","Majina na Alama za Wagombea Huru kwa Madhumuni ya Uchaguzi Mdogo wa Ubunge wa Mbunge wa Seneti - Kaunti ya Elgeyo Marakwet na Wabunge wa Maeneobunge ya Kandara na Garissa Township Uliopangwa kufanyika tarehe 5 Januari, 2023.",Nying’ kod ranyisi mag jotelo ma nigi nyalo mar bedo jotelo mag piny owacho – yiero mar jotelo mag piny owacho mag piny owacho mag Kandara kod Garissa
3880,Governance,General,"Tallying Centre for the By-Election Scheduled to be held on 8th December, 2022","Kituo cha Kujumlisha Mahesabu kwa ajili ya Uchaguzi Mdogo Uliopangwa kufanyika tarehe 8 Desemba, 2022.",Kambi mar kwano yiero mabiro timore tarik 8 dwe mar apar gi ariyo higa mar 2022
3881,Governance,Voting,"Certifying the Completion of Revision of the Register of Voters for By-Election Scheduled to be held on 8th December, 2022 In Bungoma County, Utawala, Ololmasani, Kyome/Thaana, South Gem and Mumias North Wards in Nairobi City, Narok, Kitui, Siaya and Kakamega Counties Respectively","Kuidhinisha Kukamilika kwa Marekebisho ya Rejista ya Wapiga Kura kwa Uchaguzi Mdogo Ulioratibiwa kufanyika tarehe 8 Desemba, 2022 Katika Kaunti ya Bungoma, Utawala, Ololmasani, Kyome/Thaana, Vito Kusini na Wadi za Mumias Kaskazini katika Jiji la Nairobi, Narok, Kitui, Kaunti za Siaya na Kakamega Mtawalia.","2022: Bungoma, Utawala, Ololmasani, Kyome/Thaana, South Gem kod Mumias North Wards e taon mar Nairobi, Narok, Kitui, Siaya kod Kakaungave"
3882,Governance,General,"Polling Stations for the By-Election Scheduled to be held on 8th December, 2022 In Bungoma County, Utawala, Ololmasani, Kyome/Thaana, South Gem and Mumias North Wards in Nairobi City, Narok, Kitui, Siaya and Kakamega Counties Respectively","Vituo vya Kupigia Kura kwa Uchaguzi Mdogo Ulioratibiwa kufanyika tarehe 8 Disemba, 2022 Katika Kaunti ya Bungoma, Utawala, Ololmasani, Kyome/Thaana, Gem Kusini na Wadi za Mumias Kaskazini katika Jiji la Nairobi, Narok, Kitui, Kaunti za Siaya na Kakamega Mtawalia.","2022 E gwenge mag Bungoma, Utawala, Ololmasani, Kyome/Thaana, South Gem kod Mumias North e gwenge mag Nairobi, Narok, Kitui, Siaya kod Kakamega"
3883,Governance,General,"By-Elections for Members of National Assembly, Kandara and Garissa Township Constituencies, Member of Senate, Elgeyo Marakwet County and Member for Shella Ward, Lamu County Assembly Scheduled to be held on Thursday, 5th January, 2023","Uchaguzi Mdogo wa Wabunge wa Bunge la Kitaifa, Maeneobunge ya Kandara na Garissa Township, Mbunge wa Seneti, Kaunti ya Elgeyo Marakwet na Mbunge wa Wadi ya Shella, Bunge la Kaunti ya Lamu Umeratibiwa kufanywa Alhamisi, Januari 5, 2023.","<2Zepa> Yiero matin mar jokanyo mag bura maduong’ mar piny owacho, mag bura mag Kandara kod garissa, jokanyo mag bura madongo mag piny Elgeyo kod bura mag bura mag piny owacho mar Shella, bura mar bura mar piny Lamu."
3884,Governance,General,"Names and Symbols of Independent Candidates for Purposes of the By–Election of Member of the Senate, Bungoma County Scheduled to be held on 8th December, 2022","Majina na Alama za Wagombea Huru kwa Madhumuni ya Uchaguzi Mdogo wa Mbunge wa Seneti, Kaunti ya Bungoma Ulioratibiwa kufanyika tarehe 8 Disemba, 2022.","Nying’ kod Ranyisi mag Jotelo ma Ok Ochung’ Motelo mar Yiero Maduong’ mar Jatend Bura mar Bungo, Kaunti mar Bungoma Oketo ni otimre tarik 8 dwe mar apar gi ariyo higa mar 2022"
3885,Governance,General,"Appointment of County and Constituency Returning Officers for Purposes of the By-elections Scheduled to be held on 8th December, 2022","Uteuzi wa Wasimamizi wa Uchaguzi wa Kata na Majimbo kwa Madhumuni ya Uchaguzi Mdogo Uliopangwa kufanyika tarehe 8 Desemba, 2022.",Oketo jotelo mag yiero mag kaunti kod gwenge mag yiero mondo otimre yiero mabiro timore tarik 8 dwe mar apar gi ariyo higa mar 2022
3886,Governance,General,"By-Election for Ololmasani, Kyome/Thaana, Utawala, Mumias North and South Gem Wards in Narok, Kitui, Nairobi City, Kakamega and Siaya County Assemblies, Respectively, Scheduled to be held on 8th December, 2022","Uchaguzi Mdogo wa Wadi za Ololmasani, Kyome/Thaana, Utawala, Mumias Kaskazini na Kusini mwa Vito vya Narok, Kitui, Jiji la Nairobi, Kaunti ya Kakamega na Siaya, Mtawalia, Uliopangwa kufanyika tarehe 8 Desemba, 2022.",Oyierruok mabiro timore tarik 8 dwe mar apar gi ariyo higa mar 2022
3887,Governance,General,"Parliamentary By-election for Member of the Senate, Bungoma County Scheduled to be held on 8th December, 2022","Uchaguzi Mdogo wa Wabunge wa Mbunge wa Seneti, Kaunti ya Bungoma Umeratibiwa kufanyika tarehe 8 Disemba, 2022.","Yiero matin mar Jatend Bura mar Bura Maduong', Kaunti mar Bungoma Oketo ni otimre tarik 8 dwe mar apar gi ariyo higa mar 2022"
3888,Governance,General,"Declaration of Persons Elected in the Postponed Elections Held on 29th August, 2022","Tamko la Watu Waliochaguliwa Katika Uchaguzi Uliohairishwa Tarehe 29 Agosti, 2022.",Oboke mar Joma Oyier e Yiero Mane Ochiw Chieng’ ma Otim tarik 29 dwe mar aboro higa mar 2022
3889,Governance,Voting,"Voter Polling Stations for Purposes of the Postponed Elections Scheduled to be Held on 29th August, 2022","Vituo vya Kupigia Kura kwa Madhumuni ya Uchaguzi Ulioahirishwa Uliopangwa Kufanyika tarehe 29 Agosti, 2022.",Kuonde mag goyo ombulu mag jogo mabiro goyo ombulu nikech yiero ma oseket chien ma ibiro timre tarik 29 dwe mar aboro higa mar 2022
3890,Governance,General,"Appointment of Returning and Deputy Returning Officers for Purposes of the Postponed Election Scheduled to be held on 29th August, 2022","Uteuzi wa Wasimamizi wa Uchaguzi na Manaibu Wasimamizi wa Uchaguzi kwa Madhumuni ya Uchaguzi Ulioahirishwa Uliopangwa kufanyika tarehe 29 Agosti, 2022.",Oketo jotelo ma biro yiero kod jotelo ma luwogi mondo otim yiero ma oseket chien ma ibiro tim tarik 29 dwe mar aboro higa mar 2022
3891,Governance,General,"Tallying Centres for the Postponed Elections Scheduled to be held on 29th August, 2022","Vituo vya Kujumuika kwa Uchaguzi Ulioahirishwa Uliopangwa kufanyika tarehe 29 Agosti, 2022.",Kuonde mag kwano yiero ma oseket chien ma oket mondo otimre tarik 29 dwe mar aboro higa mar 2022
3892,Governance,General,Appointment of Second Deputy Constituency Returning Officers for the General Election,Uteuzi wa Naibu wa Pili wa Wasimamizi wa Uchaguzi wa Majimbo kwa ajili ya Uchaguzi Mkuu,Oketo jotelo ma luwo ariyo mag yiero mag yiero madongo
3893,Governance,Voting,"Election Result Path, Complimentary Mechanism for Result Transmission and Voting Time for Kenyan Voters Residing Outside the Country for the General Election Scheduled to be held on 9th August, 2022.","Njia ya Matokeo ya Uchaguzi, Utaratibu wa Kutosheleza wa Usambazaji wa Matokeo na Muda wa Kupiga Kura kwa Wapiga Kura wa Kenya Wanaoishi Nje ya Nchi kwa ajili ya Uchaguzi Mkuu ulioratibiwa kufanyika tarehe 9 Agosti, 2022.","Yo mar Duoko mar Yiero, Yore Mabeyo mar Oro Duoko kod Seche mag Goyo Ombulu ne Jo Kenya ma Odak e Piny Mako mar Yiero Maduong’ ma Oketo ni otimre tarik 9 dwe mar aboro higa mar 2022."
3894,Governance,General,"Names and Symbols of Persons of Independent Candidates Scheduled to Participate in the Commission Nominations for the General Election Scheduled to be held on 9th August, 2022","Majina na Alama za Watu Wagombea Huru Waliopangwa Kushiriki katika Uteuzi wa Tume kwa ajili ya Uchaguzi Mkuu Uliopangwa kufanyika tarehe 9 Agosti, 2022.",Nying’ kod Ranyisi mag Ji mag Jotelo ma Ok Ochung’ Motelo ma Oketi ni Bidhi e Okang’ mar Ong’ado Nying’ mag Komiti mar Yiero Maduong’ ma Oketi ni otimre tarik 9 dwe mar aboro higa mar 2022
3895,Governance,General,"Directives of Handling the Election Result Forms at the Polling Stations for the General Election Scheduled to be held on 9th August, 2022","Maagizo ya Kushughulikia Fomu za Matokeo ya Uchaguzi katika Vituo vya Kupigia Kura kwa ajili ya Uchaguzi Mkuu Uliopangwa kufanyika tarehe 9 Agosti, 2022.",Chike mag Tiyo gi Fom mag Duoko mag Yiero e Kuonde mag Yiero Maduong’ ma Obiro timore tarik 9 dwe mar aboro higa mar 2022
3896,Governance,General,"Corrigenda - Polling Stations for the 9th August, 2022 General Election","Corrigenda - Vituo vya Kupigia Kura kwa Uchaguzi Mkuu wa tarehe 9 Agosti, 2022",Oboke - Kuonde mag goyo ombulu mag tarik 9 dwe mar aboro higa mar 2022
3897,Governance,Voting,"Corrigenda - Certifying that the Revision of the Register of Voters has been completed for Purposes of the 9th August, 2022 General Election","Corrigenda - Kuthibitisha kwamba Marekebisho ya Daftari la Wapiga Kura yamekamilika kwa Madhumuni ya Uchaguzi Mkuu wa tarehe 9 Agosti, 2022.",Korienda - Ma nyiso ni Loki mar Rejista mar Jogo ma Obolo Ombulu osetieko mondo otim yiero maduong’ mar tarik 9 dwe mar aboro higa mar 2022
3898,Governance,General,Corrigenda - Appointment of County and Constituency Deputy Constituency Returning Officers for the General Election Scheduled to be held on 9th August 2022,Corrigenda - Uteuzi wa Manaibu Wasimamizi wa Uchaguzi wa Majimbo na Kaunti kwa ajili ya Uchaguzi Mkuu Uliopangwa kufanyika tarehe 9 Agosti 2022.,Oboke - Keto jotelo madongo mag yiero mag kaunti kod mag yiero mag yiero madongo ma oket mondo otimre tarik 9 dwe mar aboro higa mar 2022
3899,Governance,General,"Corrigenda - Nominated Candidates for the 9th August, 2022 General Election –","Corrigenda - Wagombea Waliopendekezwa kwa Uchaguzi Mkuu wa tarehe 9 Agosti, 2022 -",- Jogo ma ochung’ ne yiero maduong’ mar 9 dwe mar aboro higa mar 2022 –
3900,Governance,General,Appointment of Second Deputy Constituency Returning Officers for the General Election Scheduled to be held on 9th August 2022,Uteuzi wa Naibu wa Pili wa Wasimamizi wa Uchaguzi wa Majimbo kwa ajili ya Uchaguzi Mkuu uliopangwa kufanyika tarehe 9 Agosti 2022.,Oketo jotelo ma luwo ariyo mag yiero mabiro timore tarik 9 dwe mar aboro higa mar 2022
3901,Governance,General,"7996 Polling Stations for the 9th August, 2022 General Election","7996 Vituo vya Kupigia Kura kwa Uchaguzi Mkuu wa tarehe 9 Agosti, 2022",7996 Kuonde mag goyo ombulu mag tarik 9 dwe mar aboro higa mar 2022
3902,Governance,General,"Appointment of County and Constituency Returning Officers for the General Election Scheduled to be held on 9th August, 2022 - Corrigenda","Uteuzi wa Wasimamizi wa Uchaguzi wa Kaunti na Majimbo kwa ajili ya Uchaguzi Mkuu ulioratibiwa kufanyika tarehe 9 Agosti, 2022 - Corrigenda.",Oketo jotelo mag yiero mag kaunti kod mag gwenge mag yiero mabiro timore tarik 9 dwe mar aboro higa mar 2022 -
3903,Governance,Voting,"Certifying that the Revision of the Register of Voters has been Completed for Purposes of the 9th August, 2022 General Election","Kuthibitisha kwamba Marekebisho ya Daftari la Wapiga Kura yamekamilika kwa Madhumuni ya Uchaguzi Mkuu wa tarehe 9 Agosti, 2022.",Kuong’o ni Loki mar Rejista mar Jogo ma Obolo Ombulu osetieko mondo otimre yiero maduong’ mar tarik 9 dwe mar aboro higa mar 2022
3904,Governance,General,"Appointment of County and Constituency Returning Officers for the General Election Scheduled to be held on 9th August, 2022","Uteuzi wa Wasimamizi wa Uchaguzi wa Kaunti na Majimbo kwa ajili ya Uchaguzi Mkuu ulioratibiwa kufanyika tarehe 9 Agosti, 2022.",Oketo jotelo mag yiero mag kaunti kod gwenge mag yiero mabiro timore tarik 9 dwe mar aboro higa mar 2022
3905,Governance,General,"Appointment of Nyeri County Returning Officer for Purposes of Nominating Candidates for the General Election Scheduled to be held on 9th August, 2022","Uteuzi wa Msimamizi wa Uchaguzi wa Kaunti ya Nyeri kwa Madhumuni ya Kuwateua Wagombeaji wa Uchaguzi Mkuu ulioratibiwa kufanyika tarehe 9 Agosti, 2022.",Ochung’ ne Opiis mar Yiero mar Kaunti mar Nyeri mondo Oket Jotelo mabiro bedo e yiero maduong’ ma ibiro tim tarik 9 dwe mar aboro higa mar 2022
3906,Governance,General,"General Election scheduled to be held on 9th August, 2022","Uchaguzi Mkuu umepangwa kufanyika tarehe 9 Agosti, 2022",Yiero maduong’ oket mondo otimre tarik 9 dwe mar aboro higa mar 2022
3907,Governance,General,Officers for the General Election scheduled to be held on,Maafisa wa Uchaguzi Mkuu uliopangwa kufanyika,Ofisa mag yiero maduong’ ma ne oket mondo otimre tarik 2019.
3908,Governance,Voting,Suspension of continuous voter registration availability of the register of voters for verification,Kusitishwa kwa usajili endelevu wa upatikanaji wa daftari la wapigakura ili kuthibitishwa,Ochung' ne bedo ni rejista mar jogo ma goyo ombulu nitie mondo otim nonro
3909,Governance,General,Election for the County Woman Member to the National Assembly,Uchaguzi wa Mbunge wa Kaunti katika Bunge la Kitaifa,Yiero mar Jatelo mar Miyo mar Kaunti mar Od Romo mar Pinyruoth
3910,Governance,Voting,The Election (Registration of Voters) Regulations,Kanuni za Uchaguzi (Usajili wa Wapiga Kura).,Chike mag Yiero (Ndiko nying’ Jogo Mabiro Goyo Ombulu)
3911,Governance,Voting,The Election (Registration of Voters) Regulations Appointment of Registration Officers and Assistant Officers,Kanuni za Uchaguzi (Uandikishaji wa Wapiga Kura) Uteuzi wa Maafisa Uandikishaji na Maafisa Wasaidizi.,Chike mag Yiero (Ndiko nying’ Jogo Mabiro Goyo Ombulu) Keto Jotend Jotend Nying’ kod Jotend Jokony
3912,Governance,Voting,Corrigenda - The Election (Registration of Voters) Regulations - Registration Centres,Corrigenda - Kanuni za Uchaguzi (Uandikishaji wa Wapiga Kura) - Vituo vya Uandikishaji,Oboke - Chike mag Yiero (Ndiko nying Jogo Obolo Ombulu) - Kuonde Ndiko Nying'
3913,Governance,General,"Appointment of Returning and Deputy Returning Officers for Purposes of the By–election of Member of Mahoo Ward in Taita Taveta County Assembly Scheduled to be held on 16th December, 2021","Uteuzi wa Wasimamizi wa Uchaguzi na Manaibu Wasimamizi wa Uchaguzi kwa Madhumuni ya Uchaguzi Mdogo wa Mbunge wa Wadi ya Mahoo katika Bunge la Kaunti ya Taita Taveta Uliopangwa kufanyika tarehe 16 Desemba, 2021.",Oketo jotelo ma biro yiero kod jotelo ma luwogi mondo otim yiero mabiro timore tarik 16 dwe mar apar gi ariyo higa mar 2021
3914,Governance,General,"Declaration of Persons Elected as Members of County Assemblies for Kiagu and Mahoo Wards in Meru and Taita Taveta County Assemblies, respectively, during the By-elections held on 16th December, 2021","Tamko la Watu Waliochaguliwa kuwa Wajumbe wa Mabunge ya Kaunti ya Wadi za Kiagu na Mahoo katika Mabaraza ya Meru na Taita Taveta, mtawalia, wakati wa uchaguzi mdogo uliofanyika tarehe 16 Desemba, 2021.","Ong’eyo ni ji ma oyier kaka jokanyo mag bura mag Kiagu kod Mahoo e bura mag Meru kod Taita Taveta, e kinde yiero madongo ma ne otim tarik 16 dwe mar apar gi ariyo higa mar 2021"
3915,Governance,Voting,Certifying the Completion of Revision of the Register of Voters for Member of Mahoo County Assembly Ward in,Akithibitisha Kukamilika kwa Marekebisho ya Daftari la Wapiga Kura kwa Mbunge wa Kata ya Mahoo katika,Onyiso ni osetieko loso kwan mar jogo ma dhi goyo ombulu ne Jatend Ward mar Bura mar Kaunti mar Mahoo e higa mar 2019.
3916,Governance,Voting,Voter polling Stations for the Member of Mahoo County assembly Ward in Taita Taveta,Vituo vya kupigia kura vya Mbunge wa Wadi ya bunge ya Mahoo huko Taita Taveta,Kuonde mag goyo ombulu mag jokanyo mag bura mar Kaunti mar Mahoo
3917,Governance,General,"Nominated Candidates for the By-Election of Member of County Assembly for Mahoo Ward in Taita Taveta County Assembly Scheduled to be held on 16th December, 2021","Wagombea Walioteuliwa kwa Uchaguzi Mdogo wa Mbunge wa Kaunti ya Wadi ya Mahoo katika Bunge la Kaunti ya Taita Taveta Ulioratibiwa kufanyika tarehe 16 Disemba, 2021.",Jogo ma ochung’ ne yiero mar bedo jatend bura mar ward mar Mahoo e bura mar gwenge mar Taita Taveta oket mondo otimre tarik 16 dwe mar apar gi ariyo higa mar 2021
3918,Governance,General,"Tallying Centre for the By-Election of Member of County Assembly for Mahoo Ward in Taita Taveta County Assembly Scheduled to be held on 16th December, 2021","Kituo cha Kujumulisha Uchaguzi Mdogo wa Mbunge wa Kaunti ya Wadi ya Mahoo katika Bunge la Kaunti ya Taita Taveta Uliopangwa kufanyika tarehe 16 Desemba, 2021.",Kambi mar kwan mar yiero mar Jatend Bung’ mar Kaunti mar Mahoo e Bung’ mar Kaunti mar Taita Taveta Oketo ni otimre tarik 16 dwe mar apar gi ariyo higa mar 2021
3919,Governance,General,"Date of by-election for Member of the County Assembly for Kiagu Ward- Meru County scheduled to be held on 16th December, 2021.","Tarehe ya uchaguzi mdogo wa Mbunge wa Kaunti ya Wadi ya Kiagu- Kaunti ya Meru umepangwa kufanywa tarehe 16 Desemba, 2021.",Tarik mar yiero mar Jatend Bura mar Kaunti mar Kiagu- Kaunti mar Meru oket mondo otimre tarik 16 dwe mar apar gi ariyo higa mar 2021.
3920,Governance,General,"Declaration of the Person Elected as Member of Nguu/Masumba Ward in Makueni County Assembly during the By- election Held on 14th October, 2021.","Tangazo la Mtu Aliyechaguliwa kuwa Mwanachama wa Wadi ya Nguu/Masumba katika Bunge la Kaunti ya Makueni wakati wa Uchaguzi Mdogo Uliofanyika tarehe 14 Oktoba, 2021.",Ong’eyo ni ng’at ma oyier kaka Jatend Ward mar Nguu/Masumba e Bura mar Makueni e kinde yiero ma ne otim tarik 14 dwe mar apar higa mar 2021.
3921,Governance,General,"Revocation of the Notice of Contributions and Spending Limits for Political Parties and Candidates for Purposes of the General Election Scheduled to be held on 9th August, 2022","Kutenguliwa kwa Notisi ya Michango na Ukomo wa Matumizi kwa Vyama vya Siasa na Wagombea kwa Madhumuni ya Uchaguzi Mkuu uliopangwa kufanyika tarehe 9 Agosti, 2022.",Oweyo lendo mar pesa ma ibiro chiw kod giko mar pesa ma ibiro tiyogo ne duonde mag siasa kod jogo ma dhi bedo jotelo mondo otim yiero maduong’ ma ibiro tim tarik 9 dwe mar aboro higa mar 2022
3922,Governance,General,"By-election for Member of the County Assembly for Mahoo Ward in Taita Taveta County Assembly Scheduled to be held on 16th December, 2021.","Uchaguzi Mdogo wa Mbunge wa Kaunti ya Wadi ya Mahoo katika Bunge la Kaunti ya Taita Taveta Umeratibiwa kufanywa tarehe 16 Desemba, 2021.",Oyierruok mar bedo Jatend Bung’ mar Kaunti mar Mahoo e Bung’ mar Kaunti mar Taita Taveta oket mondo otimre tarik 16 dwe mar apar gi ariyo higa mar 2021.
3923,Governance,General,"Declaration of No Contest for Eldas Ward Wajir County Assembly By-election Scheduled to be held on 14th October, 2021","Tamko la Kutokuwa na Mashindano ya Uchaguzi Mdogo wa Bunge la Kaunti ya Eldas Wajir Ulioratibiwa kufanyika tarehe 14 Oktoba, 2021.","Ong’eyo ni onge piem mar yiero mabiro timore tarik 14 dwe mar apar, higa mar 2021"
3924,Governance,Voting,"Certifying that the Revision of the Register of Voters for the By-Elections Scheduled to be held on 14th October, 2021 has been completed","Kuthibitisha kuwa Marekebisho ya Daftari la Wapiga Kura kwa ajili ya Uchaguzi Mdogo unaotarajiwa kufanyika tarehe 14 Oktoba, 2021 yamekamilika.",Kuong’o ni loso mar Rejista mar Jogo ma Obiro Goyo Ombulu mar Yiero Mabiro Timre tarik 14 dwe mar apar higa mar 2021 oserumo
3925,Governance,Voting,"Voter Polling Stations for the By-elections Scheduled to be held on 14th October, 2021","Vituo vya Kupigia Kura kwa ajili ya Uchaguzi Mdogo wa Madiwani Uliopangwa kufanyika tarehe 14 Oktoba, 2021.",Kuonde mag goyo ombulu mag yiero mabiro timore tarik 14 dwe mar apar higa mar 2021
3926,Governance,General,"Tallying Centres for the By-Elections Scheduled to the held on 14th October, 2021","Vituo vya Kujumuika kwa ajili ya Uchaguzi Mdogo Uliopangwa kufanyika tarehe 14 Oktoba, 2021.",Kuonde mag kwano yiero mabiro timore tarik 14 dwe mar apar higa mar 2021
3927,Governance,General,Spending Limits for Political parties and candidates for purposes of General Elections,Vikomo vya Matumizi kwa Vyama vya Siasa na wagombea kwa madhumuni ya Uchaguzi Mkuu,Giko mar Tiyo gi omwom ne duonde mag siasa kod jochung' mag yiero madongo
3928,Governance,General,"Corrigenda - Appointment of Returning and Deputy Returning Officers for Purposes of the By–elections Of Members of Eldas, Kiagu and Nguu/Masumba Wards of Wajir, Meru and Makueni County Assemblies scheduled to be held on 14th October, 2021","Corrigenda - Uteuzi wa Wasimamizi wa Uchaguzi na Naibu Wasimamizi wa Uchaguzi kwa Madhumuni ya Uchaguzi Mdogo wa Wanachama wa Eldas, Kiagu na Nguu/Masumba Wadi za Mabunge ya Wajir, Meru na Makueni Kaunti iliyoratibiwa kufanyika tarehe 14 Oktoba, 2021.","- Keto jotelo mabiro yiero kod jotelo ma luwogi mondo otim yiero matin mag jokanyo mag gwenge mag Eldas, Kiagu kod Nguu/Masumba mag Wajir, Meru kod Makueni ma oket mondo otimre tarik 14 dwe mar apar higa mar 2021"
3929,Governance,General,"Declaration of Persons Elected as Member of the National Assembly for Kiambaa Constituency and Member for Muguga Ward, Kiambu County Assembly during the By-Elections held on 15th July, 2021","Tamko la Watu Waliochaguliwa kuwa Mbunge wa Kitaifa wa Eneo Bunge la Kiambaa na Mbunge wa Wadi ya Muguga, Bunge la Kaunti ya Kiambu wakati wa Uchaguzi Mdogo uliofanyika tarehe 15 Julai, 2021.","Owach mar Joma Oyier kaka Jatend Bura mar Pinyruoth mar Kiambaa kendo Jatend Bura mar Wad mar Muguga, Bura mar Kiambu e kinde mar yiero matin ma ne otim tarik 15 dwe mar auchiel higa mar 2021"
3930,Governance,General,"By-elections for Members of the County Assemblies for Eldas, Kiagu and Nguu/Masumba Wards in Wajir, Meru and Makueni County Assemblies to be held on 14th October, 2021","Uchaguzi mdogo wa Wabunge wa Mabunge ya Kaunti ya Wadi za Eldas, Kiagu na Nguu/Masumba katika Mabaraza ya Wajir, Meru na Makueni utafanyika tarehe 14 Oktoba, 2021.","14:10, 2021"
3931,Governance,Voting,"Certifying the Completion of Revision of the Register of Voters,","Kuthibitisha Kukamilika kwa Marekebisho ya Daftari la Wapiga Kura,","Kuom nyiso ni osetieko loso weche mag Rejista mar Jogo ma Obolo Ombulu,"
3932,Governance,General,"Tallying Centres for the By-Election Scheduled to be held on 15th July, 2021","Vituo vya Kujumuika kwa ajili ya Uchaguzi Mdogo Uliopangwa kufanyika tarehe 15 Julai, 2021.",Kuonde mag kwano yiero mabiro timore tarik 15 dwe mar Julaini higa mar 2021
3933,Governance,General,4598 - The Judgment in the Political Parties Disputes Tribunal at Nairobi Complaint No.,4598 - Hukumu katika Mahakama ya Mizozo ya Vyama vya Kisiasa katika Malalamiko ya Nairobi Na.,4598 - Bura ma ne ogol e Kot ma ne ochung’ ne weche mag riwruoge mag siasa ma ne ni e bura mar Nairobi.
3934,Governance,General,"Names and Symbols of Persons Intending to Contest as Independent Candidates for the By-election of Member of the National Assembly for Kiambaa Constituency, scheduled on 15th July, 2021","Majina na Alama za Watu Wanaotaka Kugombea Kama Wagombea Huru katika Uchaguzi Mdogo wa Mbunge wa Jimbo la Kiambaa, unaotarajiwa kufanyika tarehe 15 Julai, 2021.","Nying’ kod Ranyisi mag Joma Odwaro Dwarruok kaka Jochung’ Mopogore e Yiero Maduong’ mar Jatend Bura mar Pinyruoth mar Kiambaa, ma oket tarik 15 dwe mar Julaini higa mar 2021"
3935,Governance,General,"4402 - Tallying Centres for the By-Elections Scheduled for Members of the National Assembly for Juja and Bonchari Constituencies and Member of Nyandarua County Assembly Rurii Ward Scheduled to be held on 18th May, 2021","4402 - Vituo vya Kujumlishia Uchaguzi Mdogo Ulioratibiwa kwa Wabunge wa Majimbo ya Juja na Bonchari na Mjumbe wa Bunge la Kaunti ya Nyandarua Wadi ya Rurii Uliopangwa kufanyika tarehe 18 Mei, 2021.",4402 - Kuonde mag kwano yiero ma oket ne jokanyo mag bura mar piny owacho mag Juja kod Bonchari kod jokanyo mag bura mar piny owacho mar Rurii ma oket mondo otimre tarik 18 dwe mar abich higa mar 2021
3936,Governance,Voting,"Notice Certifying the Completion of Revision of the Register of Voters for Members of the National Assembly-Juja and Bonchari Constituencies and Rurii County Assembly Ward for the By-Elections Scheduled to be held on 18th May, 2021","Notisi Inayothibitisha Kukamilishwa kwa Marekebisho ya Daftari la Wapiga Kura kwa Wabunge wa Bunge la Kitaifa-Maeneobunge ya Juja na Bonchari na Wadi ya Bunge la Kaunti ya Rurii kwa ajili ya Uchaguzi Mdogo Uliopangwa kufanyika tarehe 18 Mei, 2021.",Oboke ma nyiso ni osetieko loso kwan mar jogo ma dhi goyo ombulu ne jokanyo mag bura mar piny-Juja kod Bonchari kod ward mar bura mar Rurii mar yiero mabiro timore tarik 18 dwe mar abich higa mar 2021
3937,Governance,General,"8543 - Declaration of Persons Elected as Member of the National Assembly, Baringo South Constituency and County Assembly Members for North Kadem and Bobasi Chache Wards in Migori and Kisii County Assemblies Respectively, during the by–election held on 17th August, 2018","8543 - Tamko la Watu Waliochaguliwa kuwa Mbunge wa Bunge la Kitaifa, Eneobunge la Baringo Kusini na Wabunge wa Kaunti ya Kadem Kaskazini na Wadi za Bobasi Chache katika Mabunge ya Migori na Kaunti ya Kisii Mtawalia, wakati wa uchaguzi mdogo uliofanyika tarehe 17 Agosti, 2018.","8543 - Lero mar Joma Oyier kaka Jokanyo mag Bura mar Pinyruoth, Jokanyo mag Bura mar Pinyruoth kod Bura mar Pinyruoth mar Kadem ma Ugwe kod Bura mar Pinyruoth mar Migori kod Kisii, e kinde yiero matin ma ne otim tarik 17 dwe mar aboro higa mar 2018"
3938,Governance,General,"11970 - Declaration of Person Elected as Member for Batalu Ward in Wajir County Assembly after the By-Election Held on 18th December, 2019","11970 - Tangazo la Mtu Aliyechaguliwa kuwa Mwanachama wa Wadi ya Batalu katika Bunge la Kaunti ya Wajir baada ya Uchaguzi Mdogo Uliofanyika tarehe 18 Desemba, 2019.",11970 - Lero mar ng’at ma oyier kaka Jatend Ward mar Batalu e Bura mar Wajir bang’ yiero ma ne otim tarik 18 dwe mar apar gi ariyo higa mar 2019
3939,Governance,General,"10054 - Declaration of Persons Elected as Members for Ganda, Abakaile, Loiyangalani and Mutonguni Wards in Kilifi, Garissa, Marsabit and Kitui County Assemblies, Respectively, after the by-elections held on 17th October, 2019","10054 - Azimio la Watu Waliochaguliwa Kuwa Wabunge wa Wadi za Ganda, Abakaile, Loiyangalani na Mutonguni katika Mabunge ya Kaunti ya Kilifi, Garissa, Marsabit na Kitui, Mtawalia, baada ya uchaguzi mdogo uliofanyika tarehe 17 Oktoba, 2019.",2019
3940,Governance,General,"10913 - Declaration of Persons Elected as Member of the National Assembly, Msambweni Constituency and Members of County Assembly for Kahawa Wendani, Kisumu North, Dabaso, Wundanyi/ Mbale, Gaturi and Lake View Wards in Kiambu, Kisumu, Kilifi, Taita Taveta, Murang’a and Nakuru County Assemblies Respectively During the by– Elections Held on 15th December, 2020.","10913 - Azimio la Watu Waliochaguliwa kuwa Mbunge wa Bunge la Kitaifa, Eneobunge la Msambweni na Wabunge wa Kaunti ya Kahawa Wendani, Kisumu Kaskazini, Dabaso, Wundanyi/ Mbale, Gaturi na Wadi za Lake View huko Kiambu, Kisumu, Kilifi, Taita Taveta, Murang'a na Mkutano Mkuu wa Bunge wa Kaunti ya Nakuru. Desemba, 2020.","10913 - Lendo mar Joma Oyier kaka Jatend Bura mar Pinyruoth, Distrikt mar Msambweni kod Jokanyo mag Bura mar Kaunti mar Kahawa Wendani, Kisumu Nyanduat, Dabaso, Wundanyi/ Mbale, Gaturi kod Lake View Wards e Kiambu, Kisumu, Kilifi, Taita Taveabliing by– Yiero ma ne otim tarik 15 dwe mar apar gi ariyo higa mar 2020."
3941,Governance,General,"11488 - Declaration of Person Elected as Member of the National Asssembly Kitutu Chache South Constituency and Persons Elected as Members of the County Assemblies; Masalani and Bogichora Wards in Garissa and Nyamira County Assemblies Respectively during the by–Election held on the 7th November, 2017","11488 - Tamko la Mtu Aliyechaguliwa kuwa Mwanachama wa Bunge la Kitaifa Eneobunge la Kitutu Chache Kusini na Watu Waliochaguliwa kuwa Wajumbe wa Mabaraza ya Kaunti; Wadi za Masalani na Bogichora katika Mabaraza ya Garissa na Kaunti ya Nyamira Mtawalia wakati wa Uchaguzi mdogo uliofanyika tarehe 7 Novemba, 2017.","11488 - Lero mar Ng’at ma Oyier kaka Jatend Bura mar Pinyruoth mar Kitutu Chache ma Nyanduat kod Joma Oyier kaka Jatend Bura mar Pinyruoth mar Kaunti; 2017:10, 11. 10 E kinde mar yiero ma ne otim tarik 7 dwe mar apar gi achiel higa mar 2017"
3942,Governance,General,"4000 -Parliamentary and County Assembly By-Elections of Member of the National Assembly, Kiambaa Constituency and Member of County Assembly, Muguga Ward, Kiambu County, Respectively, Scheduled to be held on 15th July, 2021","4000 -Uchaguzi Mdogo wa Wabunge na Wabunge wa Kaunti wa Mbunge wa Kitaifa, Eneo-bunge la Kiambaa na Mbunge wa Kaunti, Wadi ya Muguga, Kaunti ya Kiambu, Mtawalia, Ulioratibiwa kufanywa tarehe 15 Julai, 2021.","4000 -Yiero matin mar Jatend Bung’ mar Pinyruoth kod Jatend Bung’ mar Kaunti, Distrikt mar Kiambaa kod Jatend Bung’ mar Kaunti, Ward mar Muguga, Distrikt mar Kiambu, Kaka giluwore, Oketo ni otimre tarik 15 dwe mar Julaini higa mar 2021"
3943,Governance,General,"3189 - Declaration of No Contest for Garissa Senate By–Election Scheduled To Be Held On 18th May, 2021","3189 - Tamko la Kutokuwa na Mashindano ya Uchaguzi Mdogo wa Seneti ya Garissa Ulioratibiwa Kufanyika Tarehe 18 Mei, 2021",3189 - Lero ni onge piem mar yiero mabiro timore e tarik 18 dwe mar abich higa mar 2021
3944,Governance,General,"2750 - Declaration of the Person Elected as Member of the Senate, Machakos County During the By-election held on 18th March, 2021","2750 - Azimio la Mtu Aliyechaguliwa Kama Mwanachama wa Seneti, Kaunti ya Machakos Wakati wa Uchaguzi Mdogo uliofanyika tarehe 18 Machi, 2021",2021
3945,Governance,General,"Names and Symbols of Independent Candidates to Participate in the By- Elections for Purposes of the By–elections of Member of the Senate –Garissa County, Members of National Assembly Bonchari and Juja Constituencies and Member of Nyandarua County Assembly for Rurii Ward Scheduled To Be Held On 18th May, 2021.","Majina na Alama za Wagombea Huru Kushiriki katika Uchaguzi Mdogo wa Madhumuni ya Uchaguzi Mdogo wa Mbunge wa Seneti -Kaunti ya Garissa, Wabunge wa Majimbo ya Bonchari na Juja na Mjumbe wa Bunge la Kaunti ya Nyandarua kwa Wadi ya Rurii Ulioratibiwa Kufanyika Tarehe 18 Mei, 2021.","Nying’ kod Ranyisi mag Jotelo mabiro bedo e yiero mabiro timore e yiero mabiro timore e yiero mabiro timore mar Jatend Bura maduong’ – Distrikt mar Garissa, Jatend Bura mar Pinyruoth mar Bonchari kod Juja kod Jatend Bura mar Nyandarua mar Ward mar Rurii ma Oketo ni Obiro bedo e tarik 1 dwe mar abich 2020."
3946,Governance,General,"Appointment of Returning and Deputy Returning Officers for Purposes of the By–elections of Member of the Senate, Garissa County and Members of National Assembly Bonchari and Juja Constituencies and Member of Nyandarua County Assembly for Rurii Ward Scheduled To Be Held On 18th May, 2021.","Uteuzi wa Wakurugenzi na Manaibu Wasimamizi wa Uchaguzi kwa Madhumuni ya Uchaguzi Mdogo wa Mbunge wa Seneti, Kaunti ya Garissa na Wabunge wa Majimbo ya Bonchari na Juja na Mbunge wa Kaunti ya Nyandarua katika Wadi ya Rurii Ulioratibiwa Kufanyika Tarehe 18 Mei, 2021.","18:10, 11. 10 Oketo jotelo ma biro dwoko bura kendo ma luwogi mondo otim yiero matin mar Jatend Bura mar pinyno, gwenge mag Garissa kod jotelo mag bura maduong’ mar pinyno mag Bonchari kod Juja kod jotelo mag bura maduong’ mar pinyno mar Nyandarua mar gwenge mag Rurii ma oket mondo otimre tarik 18 dwe mar abich higa mar 2021."
3947,Governance,General,"Declaration of Persons Elected as MNA for Matungu and Kabuchai Constituencies and MCA for Huruma Ward, Hells Gate Ward, London Ward, Kiamokama Ward and Kitise/Kithuki Ward During the By-Elections held on 4th March, 2021","Azimio la Watu Waliochaguliwa kuwa MNA kwa Majimbo ya Matungu na Kabuchai na MCA wa Wadi ya Huruma, Wadi ya Hells Gate, Wadi ya London, Wadi ya Kiamokama na Wadi ya Kitise/Kithuki Wakati wa Uchaguzi Mdogo uliofanyika tarehe 4 Machi, 2021.","Ong’eyo mar jogo moyier kaka MNA e gwenge mag Matungu kod Kabuchai kod MCA e gwenge mag Huruma, gwenge mag hells gate, gwenge mag London, gwenge mag Kiamokama kod gwenge mag Kitise/Kithuki e kinde mar yiero matin ma ne otim tarik 4 dwe mar adek higa mar 2021"
3948,Governance,General,"Tallying Centres for The Member of Senate, Machakos County By-Election","Vituo vya Kujumuika kwa Mbunge wa Seneti, Uchaguzi Mdogo wa Kaunti ya Machakos",Kuonde mag kwano kwan mag jokanyo mag bura madongo mag piny Machakos
3949,Governance,General,"By-Elections for Member of the Senate, Garissa County, Members of the National Ssembly, Bonchari and Juja Constituencies and Member of Rurii Ward, Nyandarua County Assembly Scheduled to be held on 18th May, 2021","Uchaguzi Mdogo wa Mbunge wa Seneti, Kaunti ya Garissa, Wabunge wa Bunge la Kitaifa, Maeneobunge ya Bonchari na Juja na Mbunge wa Wadi ya Rurii, Bunge la Kaunti ya Nyandarua Ulioratibiwa kufanywa tarehe 18 Mei, 2021.","18:10, 11. 10 Oyier mar ng’ado bura mar ng’ado bura mar ng’ado bura mar ng’ado bura mar ng’ato ka ng’ato, ng’ato ka ng’ato, 2021"
3950,Governance,General,"Nominated Candidates & Tallying Centres for the 4th March, 2021 By-elections",Wagombea Walioteuliwa na Vituo vya Kujumlisha katika Uchaguzi Mdogo wa tarehe 4 Machi 2021,Jochung’ ma Oyier kod Kuonde mag Kwano kwan mar yiero madongo mag tarik 4 dwe mar adek higa mar 2021
3951,Governance,Voting,"Nominated Candidates, Tallying Centres and Voter Polling Stations for the Member of Parliament for Machakos Senate By-Election","Wagombea Waliopendekezwa, Vituo vya Kujumlisha Kura na Vituo vya Kupigia Kura kwa Mbunge wa Uchaguzi Mdogo wa Seneti ya Machakos.","Jotelo ma Oyier, Kuonde Kwano Kwan kod Kuonde Goyo Ombulu mag Jotelo mag Od Romo mar Machakos"
3952,Governance,General,"Gazette Notice No:238 -Notice of By-Election for Member of the Senate ,Machakos County Scheduled to be Held on 23rd March, 2021","Notisi ya Gazeti Nambari:238 -Ilani ya Uchaguzi Mdogo wa Mbunge wa Seneti, Kaunti ya Machakos Ulioratibiwa Kufanyika tarehe 23 Machi, 2021.","238 - Ong'eyo mar yiero mar Jatend Bura maduong', Kaunti mar Machakos oket mondo otimre tarik 23 dwe mar adek higa mar 2021"
3953,Governance,General,"Gazette Notice No.:10914 - Notice of By-Election for County Governor, Nairobi City County Scheduled to be Held on 18th February, 2021","Notisi ya Gazeti la Serikali Na.:10914 - Notisi ya Uchaguzi Mdogo wa Gavana wa Kaunti, Kaunti ya Jiji la Nairobi Ulioratibiwa Kufanyika tarehe 18 Februari 2021.","10914 - Oboke mar Yiero Mapile mar Gavana mar Kaunti, Kaunti mar Dala mar Nairobi oket mondo otimre tarik 18 dwe mar ariyo higa mar 2021"
3954,Governance,General,"Parliamentary By-Election for Member of the National Assembly, Kabuchai Constituency Scheduled to be Held On 4th March, 2021","Uchaguzi Mdogo wa Ubunge wa Mbunge wa Kitaifa, Jimbo la Kabuchai Umepangwa Kufanyika Tarehe 4 Machi, 2021.","Yiero matin mar Jatend Bung’ mar Pinyruoth, Distrikt mar Kabuchai, oket mondo otimre tarik 4 dwe mar adek higa mar 2021"
3955,Governance,General,Appointment of Returning and Deputy Returning Officers for purposes of the by–elections,Uteuzi wa Wasimamizi wa Uchaguzi na Naibu Wasimamizi wa Uchaguzi kwa madhumuni ya uchaguzi mdogo,Oketo jotelo ma ng’ado bura kod jotelo ma luwogi mondo otim yiero matin
3956,Governance,General,10689 - Matungu Constituency and MCA By-elections Scheduled 4th March 2021,10689 - Uchaguzi Mdogo wa Jimbo la Matungu na MCA Uliopangwa tarehe 4 Machi 2021,10689 - Yiero matin mag distrikt mar Matungu kod MCA oket tarik 4 dwe mar adek higa mar 2021
3957,Governance,General,"By-Elections for Member of the National Assembly for Matungu Constituency and Members Of County Assembly for Huruma Ward in Uasin Gishu County, Hell’s Gate Ward in Nakuru County, London Ward in Nakuru County, Kiamokama Ward in Kisii County and Kitise/Kithuku Ward in Makueni County Scheduled To Be Held on 4th March, 2021","Uchaguzi Mdogo wa Mbunge wa Kitaifa wa Eneo bunge la Matungu na Wabunge wa Wadi ya Huruma katika Kaunti ya Uasin Gishu, Wadi ya Hell’s Gate katika Kaunti ya Nakuru, Wadi ya London katika Kaunti ya Nakuru, Wadi ya Kiamokama katika Kaunti ya Kisii na Wadi ya Kitise/Kithuku katika Kaunti ya Makueni Ulioratibiwa Kufanyika Machi 20, 21.","10:10, 11."
3958,Governance,Voting,"Gazette Notice - Voter Polling Stations for the By-Elections Scheduled to be held on 15th December, 2020",Notisi ya Gazeti la Serikali - Vituo vya Kupigia Kura kwa ajili ya Uchaguzi Mdogo Uliopangwa kufanyika tarehe 15 Desemba 2020.,Oboke - Kuonde mag goyo ombulu mag yiero mabiro timore tarik 15 dwe mar apar gi ariyo higa mar 2020
3959,Governance,General,"Gazette Notice - Names and Symbols for Independent Candidates - Corrigenda to the Schedule, Tallying Centres for the By-Elections and Nominated Candidates for the By-Elections Scheduled to be Held on 15th December, 2020","Tangazo la Gazeti - Majina na Alama za Wagombea Kujitegemea - Corrigenda kwa Ratiba, Vituo vya Kujumlisha Uchaguzi Mdogo na Wagombea Waliopendekezwa kwa ajili ya Uchaguzi Mdogo Uliopangwa Kufanyika tarehe 15 Desemba, 2020.","Oboke mar Gazette - Nying’ kod Ranyisi mag Jotelo ma Ok Ochung’ Motelo - Loso chenro, Kuonde mag kwano mag yiero madongo kod Jotelo ma ochung’ne yiero mabiro timore tarik 15 dwe mar apar gi ariyo higa mar 2020"
3960,Governance,General,"Gazette Notice Publishing Party Primary Aspirants and Independent Candidates for the 15 December, 2020 By-elections","Notisi ya Gazeti ya Kuchapisha Wagombea wa Msingi wa Chama na Wagombea Wanaojitegemea kwa Uchaguzi Mdogo wa tarehe 15 Disemba, 2020.",Oboke mar Oboke mar Goyo Oboke mar Jogo Madwaro Jotelo madongo mag Pati kod Jotelo mabiro bedo jotelo ma nigi thuolo mar timo yiero madongo mag tarik 15 dwe mar apar gi ariyo higa mar 2020
3961,Governance,General,"Gazette Notice- Returning Officers and Addendum to the 15th December, 2020 By-Elections",Notisi ya Gazeti- Wasimamizi wa Uchaguzi na Nyongeza ya Uchaguzi Mdogo wa tarehe 15 Desemba 2020.,Oboke mar Oboke- Apisas ma Goyo Yier kod Oboke mar Yiero Mapile mag tarik 15 dwe mar apar gi ariyo higa mar 2020
3962,Governance,General,"Gazette Notice Publishing Date for Upcoming By-Elections and Certification of the Register as at 31st December, 2019",Tarehe ya Kuchapisha Notisi ya Gazeti kwa Uchaguzi Mdogo Ujao na Uthibitishaji wa Daftari kufikia tarehe 31 Desemba 2019.,Tarik mar Goyo Oboke mar Oboke mar Yiero Mabiro kendo Chiwo Oboke mar Rejista kaka tarik 31 dwe mar apar gi ariyo higa mar 2019
3963,Governance,General,"914- Corrigenda Nominated Members to the county Assembly of Taita Taveta, Gazette Notice No.","914- Corrigenda Wajumbe Walioteuliwa katika Bunge la kaunti ya Taita Taveta, Notisi ya Gazeti Na.","914- Jotelo ma ochung’ne bura ma ochung’ ne bura mar bura mar kaunti mar Taita Taveta, Oboke mar Gazet Namba 10."
3964,Governance,General,"915- By- Election for Dabaso County Assembly Ward Member- Kilifi County - 29th April, 2020, Gazette Notice No.","915- Uchaguzi Mdogo wa Mwanachama wa Wadi ya Bunge la Kaunti ya Dabaso- Kaunti ya Kilifi - Aprili 29, 2020, Notisi ya Gazeti Na.","915- Yiero mar Jatend Bung’ mar Dabaso- Kanyo mar Kilifi - tarik 29 dwe mar ang’wen higa mar 2020, lendo mar gaset namba."
3965,Governance,General,"916- Re-allocation of special seats Nominated members Nyandarua, Kilifi and Homabay, Gazette Notice No.","916- Ugawaji upya wa viti maalum Wanachama walioteuliwa Nyandarua, Kilifi na Homabay, Notisi ya Gazeti Na.","916- Pogo kendo kombe makende Jokanyo ma ochung'ne Nyandarua, Kilifi kod Homabay, Oboke mar Gaset Namba 1."
3966,Governance,General,"917- Appointment Returning Officers for the by-election in Dabaso – 29th April, 2020","917- Uteuzi wa Wasimamizi wa Uchaguzi kwa ajili ya uchaguzi mdogo wa Jimbo la Dabaso – tarehe 29 Aprili, 2020",917- Keto Apisas mabiro yiero mar yiero mabiro timore e Dabaso – tarik 29 dwe mar ang’wen higa mar 2020
3967,Governance,General,Appointment of RO and DRO for the purpose of the by-election for Batalu CAW,Uteuzi wa RO na DRO kwa madhumuni ya uchaguzi mdogo wa Batalu CAW,Oketo RO kod DRO mondo otim yiero matin mar Batalu CAW
3968,Governance,Voting,"Voter Polling Stations for the Member of National Assembly Kibra Constituency, by-Election scheduled to be held on 7th November, 2019","Vituo vya Kupigia Kura vya Mbunge wa Jimbo la Kibra, Uchaguzi mdogo unaotarajiwa kufanyika tarehe 7 Novemba, 2019.","Kuonde mag goyo ombulu mag jokanyo mag bura mar Kibra, yiero mabiro timore tarik 7 dwe mar apar gi ariyo higa mar 2019"
3969,Governance,Voting,"Gazette Notices: Certifying that the revision of the register of voters has been completed for purposes of the by-election for Kibra constituency scheduled to be held on 7th November, 2019","Notisi za Gazeti: Kuthibitisha kwamba marekebisho ya rejista ya wapiga kura yamekamilika kwa madhumuni ya uchaguzi mdogo wa eneo bunge la Kibra uliopangwa kufanyika tarehe 7 Novemba, 2019.",Oboke mar Gazette: Onyiso ni loso mar kwan mar jogo mabiro goyo ombulu oserumo mondo otim yiero matin mar Kibra ma ibiro tim tarik 7 dwe mar apar gi ariyo higa mar 2019
3970,Governance,General,"Gazette Notice for Batalu CAW By-election, Nominated Candidates for the Kibra MNA By-election and Tallying Centre for Kibra MNA By-election","Tangazo la Gazeti la Uchaguzi Mdogo wa Batalu CAW, Wagombea Waliopendekezwa kwa Uchaguzi Mdogo wa Kibra MNA na Kituo cha Kujumlisha Mahesabu kwa Uchaguzi Mdogo wa Kibra MNA.","Oboke mar yiero mar Batalu CAW, Jogo ma ochung’ ne yiero mar piny Kibra MNA kod kar kwano mar yiero matin mar piny Kibra MNA"
3971,Governance,General,"Gazette Vol CXXI-No-122 Corrigenda-Nominated Candidates for the By-Elections Scheduled to be held on 17th October, 2019","Gazeti Vol CXXI-No-122 Corrigenda-Wagombea Waliopendekezwa kwa ajili ya Uchaguzi Mdogo Uliopangwa kufanyika tarehe 17 Oktoba, 2019.",Jogo ma ochung’ ne yiero mabiro timore tarik 17 dwe mar apar higa mar 2019
3972,Governance,General,"Appointment of Returning and Deputy Returning Officers for purposes of the by-election for Member of the National Assembly for Kibra Constituency scheduled to be held on 7th November, 2019","Uteuzi wa Wasimamizi wa Uchaguzi na Manaibu Wasimamizi wa Uchaguzi kwa madhumuni ya uchaguzi mdogo wa Mbunge wa Jimbo la Kibra unaotarajiwa kufanyika tarehe 7 Novemba, 2019.",Oketo Jotelo mabiro yiero kod jotelo ma luwogi mondo otim yiero matin mar Jatend Bura mar Pinyruoth mar Kibra ma ibiro tim tarik 7 dwe mar apar gi ariyo higa mar 2019
3973,Governance,General,"Names and symbols of independent candidates to participate in the by-elections for county assembly members for Abakaile (Garissa County), Loiyangalani (Marsabit County), Ganda (Kilifi County) and Mutonguni (Kitui County) county assemblies respectively scheduled to be held on 17th october, 2019","Majina na alama za wagombeaji huru kushiriki uchaguzi mdogo wa wabunge wa kaunti ya Abakaile (Kaunti ya Garissa), Loiyangalani (Kaunti ya Marsabit), Ganda (Kaunti ya Kilifi) na Mutonguni (Kaunti ya Kitui) mtawalia ulioratibiwa kufanywa tarehe 17 Oktoba 2019.","Nying’ kod ranyisi mag jotelo ma nigi thuolo mar bedo e yiero matin mar jokanyo mag bura mag gwenge mag Abakaile (gwenge Garissa), Loiyangalani (gwenge mar Marsabit), Ganda (gwenge Kilifi) kod Mutonguni (gwenge Kitui) ma oket mondo otimre tarik 17 dwe mar 2019, 2019"
3974,Governance,General,"Notice of by-election for Member of the National Assembly for Kibra Constituency scheduled to be held on 7th November, 2019","Notisi ya uchaguzi mdogo wa Mbunge wa Jimbo la Kibra unaotarajiwa kufanyika tarehe 7 Novemba, 2019.",Oboke mar yiero mar Jatend Bura mar Pinyruoth mar Kibra ma oket tarik 7 dwe mar apar gi ariyo higa mar 2019
3975,Governance,General,"Gazette Notice for Abakaile (Garissa County), Loiyangalani (Marsabit County), Ganda (Kilifi County) and Mutonguni (Kitui County) By-election to be held on 17th October, 2019","Notisi ya Gazeti la Abakaile (Kaunti ya Garissa), Loiyangalani (Kaunti ya Marsabit), Ganda (Kaunti ya Kilifi) na Uchaguzi Mdogo wa Mutonguni (Kaunti ya Kitui) utakaofanyika tarehe 17 Oktoba, 2019.",Oboke mar Oboke mar Yiero Maduong' mabiro timore tarik 17 dwe mar apar higa mar 2019
3976,Governance,General,Notice of by-election for Member of National Assembly for Wajir West Constituency scheduled to be held April 25th 2019.,"Notisi ya uchaguzi mdogo wa Mbunge wa Kitaifa wa Eneobunge la Wajir Magharibi uliopangwa kufanyika Aprili 25, 2019.",Oboke mar yiero mar jatend bura mar piny owacho mar Wajir ma milambo ma oket mondo otimre tarik 25 dwe mar ang'wen higa mar 2019.
3977,Governance,General,"Notice of By-Elections for Members of the National Assembly for Embakasi South and Ugenya Constituencies and County Assembly Ward Member for Lelan Ward, Elegeyo Marak Wet County Assembly Scheduled To Be Held On 5th April, 2019","Notisi ya Uchaguzi Mdogo wa Wabunge wa Majimbo ya Embakasi Kusini na Ugenya na Mbunge wa Wadi ya Lelan, Bunge la Kaunti ya Elegeyo Marak Wet Uliopangwa Kufanyika Tarehe 5 Aprili, 2019.","Oboke mar Yiero Maduong’ mar Jokanyo mag Bura mar Pinyruoth mag Embakasi ma Nyanduat kod Ugenya kod Jokanyo mag Bura mar Kaunti mar Lelan, Bung’ mar Kaunti mar Elegeyo Marak Wet Oketo ni Otimre tarik 5 dwe mar ang’wen higa mar 2019"
3978,Governance,General,"List of Nomination Candidates Baringo South, North Kadem and Bobasi By-elections","Orodha ya Wagombea Uteuzi katika Uchaguzi Mdogo wa Baringo Kusini, Kadem Kaskazini na Bobasi","Listi mar Jochung' ma ochung' ne yiero matin mar Baringo ma Nyanduat, Kadem ma Nyanduat kod Bobasi"
3979,Governance,General,Gazette Notice - Notice of Parliamentary By-Election for Member of National Assembly - Kitui West Constituency scheduled to be held on 26th March 2018,Notisi ya Gazeti - Notisi ya Uchaguzi Mdogo wa Ubunge wa Mbunge - Eneobunge la Kitui Magharibi umepangwa kufanyika tarehe 26 Machi 2018.,Oboke mar Gazette - Oboke mar yiero mabiro timore tarik 26 dwe mar adek higa mar 2018
3980,Governance,General,"Notice of General Election for Presidential, Parliamentary, County Governor and County Assemblies","Notisi ya Uchaguzi Mkuu wa Urais, Wabunge, Gavana wa Kaunti na Mabaraza ya Kaunti","Oboke mar Yiero Maduong' mar Jatend Piny, Jotend Pinyruoth, Jatend Pinyruoth kod Bung' mag Kaunti"
3981,Governance,Voting,"26–27–2–2017 Special IEBC Suspension of Voter Registration, Centers for Prisons Diaspora, ROs, AROs for Prisons and Diaspora","26–27–2–2017 Usitishaji Maalum wa IEBC wa Usajili wa Wapiga Kura, Vituo vya Magereza Diaspora, ROs, AROs kwa Magereza na Diaspora","26-27-2-2017 IEBC makende ogeng’o ndiko nying’ jogo ma dhi goyo ombulu, Senta mag jela mag jogo ma ni e pinje ma oko, ROs, AROs mag jela kod jogo ma ni e pinje ma oko"
3982,Governance,General,"Erastus Edung Ethekon, HSC The Chairperson of the Independent Electoral and Boundaries Commission (IEBC) On Election Management and Preparedness for the 2027 General Election","Erastus Edung Ethekon, HSC Mwenyekiti wa Tume Huru ya Uchaguzi na Mipaka (IEBC) Kuhusu Usimamizi na Matayarisho ya Uchaguzi Mkuu wa 2027.",Jatend Komison mar Yiero kod Mipaka (IEBC) e wi rito yiero kod ikruok mar yiero maduong’ mar higa mar 2027
3983,Governance,General,The Inaugural Speech of the IEBC Chairperson during the Swearing-In Ceremony of IEBC Chairperson and Members of the Commission held on 11th July 2025 at the Supreme Court of Kenya,Hotuba ya Uzinduzi wa Mwenyekiti wa IEBC wakati wa Sherehe ya Kuapishwa kwa Mwenyekiti wa IEBC na Wajumbe wa Tume hiyo iliyofanyika tarehe 11 Julai 2025 katika Mahakama ya Juu Zaidi ya Kenya.,Wach mokwongo mar Jatend IEBC e kinde ma ne itimo nyasi mar ng’ado bura mar Jatend IEBC kod Jokanyo mag Komiti ma ne otim tarik 11 dwe mar Julaini higa mar 2025 e Kot Maduong’ mar piny Kenya
3984,Governance,General,Chairman’s Remarks during the Launch of the 2022 Post Election Evaluation Report held at the Safari Park Hotel on Monday 16th January 2023,Hotuba ya Mwenyekiti wakati wa Uzinduzi wa Ripoti ya Tathmini ya Baada ya Uchaguzi wa 2022 uliofanyika katika Hoteli ya Safari Park Jumatatu tarehe 16 Januari 2023.,Wach mar Jatend Bung’ e kinde ma ne ogolo Ripot mar Rang’o bang’ yiero mar higa mar 2022 ma ne otim e otel mar Safari Park e odiechieng’ mar ariyo tarik 16 dwe mar achiel higa mar 2023
3985,Governance,General,"Daniel Mbolu Musvoka, a Senior Election Officer and Constituency Returning Officer of the IEBC which occurred around 15th August 2022","Daniel Mbolu Musvoka, Afisa Mkuu wa Uchaguzi na Msimamizi wa Uchaguzi wa Eneobunge wa IEBC ambao ulifanyika mnamo tarehe 15 Agosti 2022.","Daniel Mbolu Musvoka, Apisa Maduong' mar Yiero kod Apisa Maduong' mar Yiero mar IEBC mane otimore chiegni tarik 15 dwe mar aboro higa mar 2022"
3986,Governance,General,"Speech by the Chief Justice and President of the Supreme Court of Kenya During the National Elections Conference 2022, Kicc, 11th July 2022","Hotuba ya Jaji Mkuu na Rais wa Mahakama ya Juu Zaidi ya Kenya Wakati wa Kongamano la Kitaifa la Uchaguzi 2022, Kicc, 11 Julai 2022","Wach ma Jatend Bura Maduong’ kendo Jatend Kot Maduong’ mar Kenya owacho e kinde mar chokruok mar yiero mag pinyno higa mar 2022, Kicc, tarik 11 dwe mar Julaini higa mar 2022"
3987,Governance,General,"Chairman’s Keynote Address during the National Election Conference 2022, held on the 11th And 12th July 2022 at the Kenyatta National Conference Centre","Hotuba kuu ya Mwenyekiti wakati wa Kongamano la Kitaifa la Uchaguzi 2022, lililofanyika tarehe 11 na 12 Julai 2022 katika Kituo cha Kitaifa cha Mikutano cha Kenyatta.","Wach maduong’ ma jatend-alwora ne owacho e kinde mar chokruok mar yiero mag piny mangima 2022, ma ne otim tarik 11 kod 12 dwe mar Julaini 2022 e kar chokruok mar piny mangima mar Kenyatta"
3988,Governance,General,Chairman’s Remarks on Election Preparedness at Bomas of Kenya on May 30th 2022,Hotuba za Mwenyekiti kuhusu Maandalizi ya Uchaguzi katika Bomas of Kenya mnamo Mei 30 2022,Wach mar Jatend Bunge kuom ikruok mar yiero e Bomas ma Kenya tarik 30 dwe mar abich higa mar 2022
3989,Governance,General,"Presentation during National Conference on the state of Electoral Preparedness for the 2022 General Elections (GE) in Kenya- Forum Organised By ELOG From 16th -17 Dec.,2021 - Bomas Of Kenya","Wasilisho wakati wa Kongamano la Kitaifa kuhusu Hali ya Maandalizi ya Uchaguzi kwa ajili ya Uchaguzi Mkuu wa 2022 (GE) nchini Kenya- Jukwaa Lililoandaliwa Na ELOG Kuanzia tarehe 16 -17 Des.,2021 - Bomas Of Kenya",<2Zepa> Chikruok e kinde mar chokruok mar piny mangima ewi chal mar ikruok mar yiero mag 2022 (GE) e piny Kenya-
3990,Governance,Voting,Wafula Chebukati during the Official National Launch of the Enhanced Continuous Voter Registration Exercise held at Nakuru Athletic Club on Monday October 4th 2021,"Wafula Chebukati wakati wa Uzinduzi Rasmi wa Kitaifa wa Zoezi Imara la Kuendelea la Usajili wa Wapiga Kura lililofanyika Nakuru Athletic Club mnamo Jumatatu Oktoba 4, 2021.",Wafula Chebukati e kinde mar chakruok mar piny mangima mar puonjruok mar ndiko nying jogo mabiro goyo ombulu mane otim e klab mar tuke mag nakuru tarik 4 dwe mar apar higa mar 2021
3991,Governance,General,During the Launch of the Post-Election Evaluation Report on the 12th of February 2019 at the KICC,Wakati wa Uzinduzi wa Ripoti ya Tathmini ya Baada ya Uchaguzi mnamo tarehe 12 Februari 2019 katika ukumbi wa KICC.,E kinde ma ne ogolo Ripot mar Nonro Bang’ Yiero tarik 12 dwe mar ariyo higa mar 2019 e KICC
3992,Governance,General,"During the Launch of the Post-Election Evaluation Report on Tuesday, 12th February 2019 at the KICC","Wakati wa Uzinduzi wa Ripoti ya Tathmini Baada ya Uchaguzi Jumanne, 12 Februari 2019 katika KICC.","E kinde ma ne oket Ripot mar Nonro Bang’ Yiero e odiechieng’ mar ariyo, tarik 12 dwe mar ariyo higa mar 2019 e KICC"
3993,Governance,General,IEBC Chairman Remarks during the Development Partners Post Election Evaluation Forum,Mwenyekiti wa IEBC Akihutubia wakati wa Kongamano la Tathmini ya Uchaguzi wa Washirika wa Maendeleo,Jatend IEBC owacho e kinde mar chokruok mar jowete mag dongruok bang’ yiero
3994,Governance,General,CHAIRMAN'S TALKING POINTS IN RESPECT OF THE DECLARATION OF THE FRESH PRESIDENTIAL ELECTION RESULTS,HOJA ZA MWENYEKITI KUHUSIANA NA TANGAZO LA MATOKEO MPYA YA UCHAGUZI WA URAIS.,WECHE MA CHAIRMAN NO WUOYO E WECHE MAR LERO DUOK MAR YIER MANYEN MAR JATEND PINY
3995,Governance,General,"Remarks by the Chairman IEBC during the Launch of Election Reporting Guidelines for Journalists on Tuesday, 7th March 2017 at Intercontinental Hotel","Matamshi ya Mwenyekiti wa IEBC wakati wa Uzinduzi wa Mwongozo wa Kuripoti Uchaguzi kwa Wanahabari Jumanne, tarehe 7 Machi 2017 katika Hoteli ya Intercontinental.",Wach ma Jatend IEBC nowacho e kinde ma ne ogolo chike mag keto ripot mag yiero ne jondiko e odiechieng’ mar ariyo tarik 7 dwe mar adek higa mar 2017 e otel mar intercontinental
3996,Governance,General,I am greatly humbled today as I accept the position of the Chairperson of the Independent Electoral and Boundaries Commission (IEBC).,Nimefedheheka sana leo ninapokubali nafasi ya Mwenyekiti wa Tume Huru ya Uchaguzi na Mipaka (IEBC).,Abedo gi mor maduong’ ahinya kawuono ka ayie gi tich mar Jatend Komiti mar Yiero kod Mipaka (IEBC).
3997,Governance,General,"This acceptance is tempered with gratitude and humility because it is indeed an honour and privilege to be vetted, nominated and appointed to lead this great institution.","Kukubalika huku kumechangiwa na shukrani na unyenyekevu kwa sababu hakika ni heshima na upendeleo kuchunguzwa, kuteuliwa na kuteuliwa kuongoza taasisi hii kubwa.","Yie ma kamano opong’ gi erokamano kod mwolo nikech en adier ni en luor kendo thuolo maduong’ mondo ng’ato otimne nonro, oket nyinge kendo oket mondo otelne riwruok maduong’ni."
3998,Governance,General,Pre-Election Dispute Report for 2022 General Election,Ripoti ya Mizozo ya Kabla ya Uchaguzi kwa Uchaguzi Mkuu wa 2022,Ripot mar ywak kapok yiero otimre mar 2022 mar yiero maduong'
3999,Governance,General,"List of unsuccessful bidders for Tender No.lEBC/REG/01/2021-2022 for Registration of Suppliers for Provision of Goods, Services and Works for the period ending June 30th 2024","Orodha ya wazabuni ambao hawakufaulu kwa Zabuni Na.lEBC/REG/01/2021-2022 ya Usajili wa Wauzaji wa Utoaji wa Bidhaa, Huduma na Kazi kwa kipindi kinachoishia Juni 30, 2024.","Listi mar jogo ma ne ok oyudo loch e Tenda mar Tenda mar Namba 1EBC/REG/01/2021-2022 mar Ndiko Jogo ma Chiwo Gikmoko, Tije kod Tije e kinde mabiro rumo tarik 30 dwe mar auchiel higa mar 2024"
4000,Governance,General,"Post Election Evaluation Report for the 9th August, 2022 General Election","Ripoti ya Tathmini ya Baadaye ya Uchaguzi Mkuu wa Agosti 9, 2022",Ripot mar Rang’o bang’ yiero mar 9 dwe mar aboro higa mar 2022
4001,Governance,General,Political Parties Certified as Compliant by the Commission for the 2022 General Elections Pursuant to Section 27 of the Elections Act,Vyama vya Siasa Vilivyoidhinishwa na Tume ya Uchaguzi Mkuu wa 2022 kwa mujibu wa Kifungu cha 27 cha Sheria ya Uchaguzi.,Oganda mag siasa ma oyangore ni gin jogo ma luwo chike mag yiero madongo mag higa mar 2022 kaluwore gi chik mar 27 mar chik mar yiero
4002,Governance,General,Analysis and Recommendation by IEBC on the Building Bridges to Unity Advisory Taskforce (BBI) Report,Uchanganuzi na Mapendekezo ya IEBC kuhusu Ripoti ya Kujenga Madaraja kwa Kikosi Kazi cha Ushauri cha Umoja (BBI),Ong’iyo kod paro ma IEBC ogolo ewi ripot mar gero yore mag riwruok (BBI)
4003,Governance,General,"Post Election Evaluation Report for the 8th, August 2017 General Election and 26th, October, 2017 Fresh Presidential Elections","Ripoti ya Tathmini ya Uchaguzi Mkuu wa Tarehe 8, Agosti 2017 na Uchaguzi Mpya wa Oktoba 26, 2017.",Ripot mar Rang’o Bang’ Yiero mar Yiero Maduong’ mar tarik 8 dwe mar aboro higa mar 2017 kod yiero manyien mar jatend piny mar tarik 26 dwe mar apar higa mar 2017
4004,Governance,General,Accreditation of Observers for the Migori County and Central Sakwa County Assembly Ward By-elections,Kuidhinishwa kwa Waangalizi wa Uchaguzi Mdogo wa Wadi ya Kaunti ya Migori na Bunge la Kati Kaunti ya Sakwa,Ochiw ratiro mar jogo ma ne dhi neno yiero madongo mag gwenge mag Migori kod gwenge mag Sakwa
4005,Governance,General,"The Independent Electoral and Boundaries Commission (IEBC), is in the process of accrediting short-term observers for the Migori County Senatorial and Central Sakwa Ward (Siaya County) By-elections to be held on 8th October, 2018.","Tume Huru ya Uchaguzi na Mipaka (IEBC), iko katika harakati za kuwaidhinisha waangalizi wa muda mfupi wa Uchaguzi Mdogo wa Seneta wa Kaunti ya Migori na Wadi ya Sakwa ya Kati (Kaunti ya Siaya) utakaofanyika tarehe 8 Oktoba, 2018.","Komison ma ochung’ kar yiero kod mipaka (IEBC), ni e chenro mar chiwo ng’eyo kuom jogo ma biro neno yiero mabiro timore tarik 8 dwe mar apar, higa mar 2018."
4006,Governance,General,KIEMS Report Logs by Polling Station for 26th October 2017 - FPE,Kumbukumbu za Ripoti ya KIEMS na Kituo cha Kupigia Kura za tarehe 26 Oktoba 2017 - FPE,Ripot mar KIEMS kaluwore gi kar goyo ombulu mar tarik 26 dwe mar apar higa mar 2017 - FPE
4007,Governance,General,Status Updates on Election Preparednesss June 9th - IEBC Chairman Statement,Taarifa za Hali Kuhusu Matayarisho ya Uchaguzi Juni 9 - Taarifa ya Mwenyekiti wa IEBC,Oboke mag ikruok mar yiero tarik 9 dwe mar auchiel - Wach mar Jatend IEBC
4008,Governance,General,"General Election under the Constitution of Kenya, 2010 on 4th March 2013.","Uchaguzi Mkuu chini ya Katiba ya Kenya, 2010 tarehe 4 Machi 2013.","Yiero Maduong' kaluwore gi Katiba Maduong' mar Kenya, higa mar 2010 tarik 4 dwe mar Adek higa mar 2013."
4009,Health,General,"While Kenya has made remarkable progress in reducing new HIV infections and AIDS-related deaths, we must remain focused on the populations we are leaving behind.","Wakati Kenya imepata maendeleo ya ajabu katika kupunguza maambukizi mapya ya VVU na vifo vinavyohusiana na UKIMWI, ni lazima tuendelee kuzingatia idadi ya watu tunaowaacha nyuma.","Kata obedo ni piny Kenya osetimo dongruok maduong’ ahinya e duoko piny tuoche manyien mag HIV kod tho ma luwore gi tuo mar AIDS, nyaka wabed ka waketo pachwa kuom kwan mar ji ma waweyo bang’wa."
4010,Health,Child Protection,"Progress is not success until every child, every adolescent, every young person and every vulnerable Kenyan has access to the services they need.""","Maendeleo si mafanikio hadi kila mtoto, kila kijana, kila kijana na kila Mkenya aliye hatarini apate huduma anazohitaji.""","Dhi nyime ok en ber nyaka nyathi ka nyathi, ng’ato ka ng’ato ma jahigni apar gi aboro, ng’ato ka ng’ato ma rawera kod ng’ato ka ng’ato ma nigi pek e piny Kenya yudo kony ma gidwaro.”"
4011,Health,General,"""The resilience demonstrated by counties during the funding disruptions proved that Kenya's HIV response is not built on donor support alone, it is anchored in committed healthcare workers, empowered communities, and strong county leadership.","""Ustahimilivu ulioonyeshwa na kaunti wakati wa kutatizwa kwa ufadhili ulithibitisha kuwa mwitikio wa VVU nchini Kenya hautegemei usaidizi wa wafadhili pekee, unaegemezwa na wafanyikazi wa afya waliojitolea, jamii zilizoimarishwa, na uongozi thabiti wa kaunti.","""Kinda ma ne onyis gi kaunti e kinde ma ne okethore gi pesa nonyiso ni dwoko mar HIV e piny Kenya ok ogere kuom kony mar jochiw kende, ochung'ne jotich mag thieth ma nigi gombo, oganda ma nigi teko, kod telo motegno mar kaunti."""
4012,Health,General,"""The launch of the 47 County Syndemic Operational Plans marks a defining moment in Kenya's health journey.","""Kuzinduliwa kwa Mipango ya Uendeshaji ya Kaunti 47 inaashiria wakati mahususi katika safari ya afya ya Kenya.","""Chakruok mar chenro mag tich mag 47 mag kaunti nyiso kinde maduong' ahinya e safar mar thieth e piny Kenya."
4013,Health,General,"These plans move us from commitment to action and place counties firmly at the centre of ending AIDS and other syndemic diseases as public health threats by 2030.""","Mipango hii inatusogeza kutoka kwa kujitolea kwa vitendo na kuweka kaunti katika kitovu cha kukomesha UKIMWI na magonjwa mengine kama matishio ya afya ya umma ifikapo 2030.""","Pango gi miyo waweyo bedo gi gombo mar timo gimoro kendo keto kaunti matek e diere mar tieko tuo mar AIDS kod tuoche mamoko ma nyalo kelo luoro ne ngima mar oganda nyaka higa mar 2030."""
4014,Health,General,Health Committee Explores Sustainable Solutions for Kenya’s HIV and Syndemic Disease Response,Kamati ya Afya Inachunguza Suluhu Endelevu kwa Mwitikio wa VVU na Ugonjwa wa Sindemic nchini Kenya,Komiti mar Thieth Manyo Yore Maduong’ mar Kenya mar Kenyo HIV kod Tuwo Maduong’
4015,Health,General,"The National Syndemic Diseases Control Council (NSDCC) is a State Corporation established under Section 3 of the State Corporations Act, Cap 446, through the National AIDS Control Council Order, 1999 as amended by legal notice number 143 of 2022.","Baraza la Kitaifa la Kudhibiti Magonjwa ya Kuambukiza (NSDCC) ni Shirika la Serikali lililoanzishwa chini ya Kifungu cha 3 cha Sheria ya Mashirika ya Serikali, Sura ya 446, kupitia Agizo la Baraza la Taifa la Kudhibiti UKIMWI, 1999 kama ilivyorekebishwa na notisi ya kisheria nambari 143 ya 2022.","Od bura mar piny mangima mar geng’o tuoche ma landore (NSDCC) en riwruok mar piny ma ochung’ e bwo chik mar 3 mar chik mar riwruoge mag piny, Cap 446, kokalo kuom chik mar bura mar piny mangima mar geng’o tuoche mag AIDS, 1999 kaka oloki gi oboke mar chik namba 143 mar higa mar 2022."
4016,Health,Malaria,"The Council is mandated to manage the following syndemic diseases; HIV, sexually transmitted infections, malaria, leprosy, tuberculosis and lung disease.","Baraza limepewa jukumu la kusimamia magonjwa yafuatayo; VVU, magonjwa ya zinaa, malaria, ukoma, kifua kikuu na magonjwa ya mapafu.","Kanisa omiye tich mar rito tuoche ma luwogi ma nyalo kelo tuoche mathoth; HIV, tuoche ma omako kokalo kuom nindruok, maleria, tuoche mag lepra, tuoche mag ng’ut kod tuoche mag obo."
4017,Health,General,> Health Committee Explores Sustainable Solutions for Kenya’s HIV and Syndemic Disease Response,> Kamati ya Afya Inachunguza Suluhu Endelevu za Mwitikio wa VVU na Ugonjwa wa Sindemic nchini Kenya,> Komiti mar Thieth Manyo Yore Manyalo Bedo Maduong’ mar Kenya mar geng’o tuoche mag HIV kod tuoche ma landore
4018,Health,General,The National Assembly Departmental Committee on Health chaired by Hon.,Kamati ya Bunge ya Idara ya Afya inayoongozwa na Mhe.,Komiti mar Apis mar Pinyruoth ma ochung’ ne weche thieth ma jatendgi en Hon.
4019,Health,General,"The National Syndemic Diseases Control Council (NSDCC), in collaboration with [...]","Baraza la Kitaifa la Kudhibiti Magonjwa ya Syndemic (NSDCC), kwa kushirikiana na [...]","Oganda ma rito tuoche ma nyalo mako piny mangima (NSDCC), ka gitiyo gi [...]"
4020,Health,General,"As part of ongoing efforts to address new HIV infections, [...]","Ikiwa ni sehemu ya juhudi zinazoendelea za kukabiliana na maambukizi mapya ya VVU, [...]","Kaka achiel kuom temo ma dhi nyime mar geng’o tuoche manyien mag HIV, [...]"
4021,Health,General,"The National Syndemic Diseases Control Council (NSDCC) Board, led by [...]","Bodi ya Baraza la Kitaifa la Kudhibiti Magonjwa ya Maradhi (NSDCC), ikiongozwa na [...]","Bod mar piny mangima mar rito tuoche ma nyalo mako ji mang’eny (NSDCC), ma otelo ne [...]"
4022,Health,General,The National Syndemic Diseases Control Council (NSDCC) joined other public [...],Baraza la Kitaifa la Kudhibiti Magonjwa ya Syndemic (NSDCC) lilijiunga na umma mwingine [...],Od bura mar piny mangima mar geng’o tuoche ma nyalo mako ji mang’eny (NSDCC) ne oriwore gi oganda mamoko [...]
4023,Health,General,The National Syndemic Diseases Control Council (NSDCC) Board of [...],Bodi ya Baraza la Kitaifa la Kudhibiti Magonjwa ya Sadaka (NSDCC) ya [...],<2Zepa> Bod mar piny mangima mar rito tuoche ma nyalo mako ji mang’eny (NSDCC) ma [...]
4024,Health,General,The role of journalism in advancing Kenya's response to [...],Jukumu la uandishi wa habari katika kuendeleza mwitikio wa Kenya kwa [...],Tich mar jondiko e dhi nyime gi dwoko ma piny Kenya chiwo ne [...]
4025,Health,General,The National Syndemic Diseases Control Council (NSDCC) joined Nyeri Town [...],Baraza la Kitaifa la Kudhibiti Magonjwa ya Syndemic (NSDCC) lilijiunga na Mji wa Nyeri [...],Od bura mar piny mangima mar geng’o tuoche ma nyalo mako ji mang’eny (NSDCC) nodonjo e taon mar Nyeri [...]
4026,Health,General,"Media plays a crucial role in shaping positive health outcomes, contributing significantly to Kenya’s success in combating HIV and AIDS.","Vyombo vya habari vina jukumu muhimu katika kuunda matokeo chanya ya afya, na kuchangia kwa kiasi kikubwa mafanikio ya Kenya katika kupambana na VVU na UKIMWI.","Oboke mag lando wach nigi tich maduong’ ahinya e loso gik mabeyo mag thieth, kendo gikonyo ahinya e loch mar piny Kenya e lweny mar HIV kod AIDS."
4027,Health,General,Strategic and continuous media engagement has driven structured conversations on these critical issues.,Ushirikiano wa kimkakati na endelevu wa vyombo vya habari umeendesha mazungumzo yaliyopangwa kuhusu masuala haya muhimu.,Tiyo gi yore mag lando wach kendo ma dhi nyime osemiyo ji bedo gi mbaka ma ochung’ motegno e wi weche madongogi.
4028,Health,General,"Interactive forums, featuring diverse panels of experts, are moderated to address audience questions.","Mijadala shirikishi, inayojumuisha paneli tofauti za wataalam, inasimamiwa ili kushughulikia maswali ya hadhira.","Forum mag tudruok, ma nigi grup mopogore opogore mag jolony, iloso mondo odwoko penjo mag jowinjo."
4029,Health,COVID-19,"This comprehensive approach aims to maximize outreach, fostering ongoing discussions on HIV prevention, and treatment, as well as addressing issues like sexual and gender-based violence, teen pregnancies, and COVID-19.","Mbinu hii ya kina inalenga kuongeza uhamasishaji, kukuza mijadala inayoendelea kuhusu uzuiaji wa VVU na matibabu, pamoja na kushughulikia masuala kama vile unyanyasaji wa kingono na kijinsia, mimba za utotoni na COVID-19.","Yo ma opong’o wechego nigi gombo mar medo chopo e piny, loso mbaka ma dhi nyime e wi geng’o tuo mar HIV, kod thieth, kaachiel gi loso weche kaka ng’anjo mar nindruok kod ng’anjo mar ng’ato gi ng’ato, bedo gi ich e kind joma tin, kod COVID-19."
4030,Health,General,Engaging boys and men in the HIV response and promoting gender equality in Kenya is crucial for sustainable health outcomes and addressing gender disparities.,Kushirikisha wavulana na wanaume katika mwitikio wa VVU na kukuza usawa wa kijinsia nchini Kenya ni muhimu kwa matokeo endelevu ya afya na kushughulikia tofauti za kijinsia.,Kuong’o nyithindo ma yawuowi kod chwo e dwoko mar HIV kendo keto puonj maromre e kind chwo gi mon e piny Kenya en gima duong’ ahinya e yudo duoko maber mag thieth kendo loso pogruok ma nitie e kind chwo gi mon.
4031,Health,Gender-Based Violence,"End New HIV infections, Adolescents Pregnancies and Sexual and Gender-Based Violence","Kukomesha Maambukizi Mapya ya VVU, Mimba za Vijana na Ukatili wa Kijinsia na Kijinsia","Tieko yudo midhiero manyien mag HIV, bedo gi ich e kind joma tin kod tim ng’anjo mag nindruok kod tim ng’anjo"
4032,Health,General,"G-Jali is a comprehensive digital platform aimed at addressing the critical issues of HIV, Sexual and Reproductive Health (SRH), and other emerging health concerns among adolescents and young people in Kenya.","G-Jali ni jukwaa la kina la kidijitali linalolenga kushughulikia masuala muhimu ya VVU, Afya ya Ngono na Uzazi (SRH), na masuala mengine yanayoibuka ya kiafya miongoni mwa vijana na vijana nchini Kenya.","G-Jali en mbui ma ng’ato nyalo ng’eyogo gik moko duto ma ochung’ne loso weche madongo mag HIV, thieth mar nindruok kod nyuol (SRH), kod weche mamoko ma nyalo kelo pek mag thieth e kind joma tin kod joma tindo e piny Kenya."
4033,Health,General,Health Committee Explores Sustainable Solutions for Kenya’s HIV and Syndemic Disease Response – National Syndemic Diseases Control Council,Kamati ya Afya Inachunguza Suluhisho Endelevu kwa Mwitikio wa VVU na Ugonjwa wa Sindemic nchini Kenya - Baraza la Kitaifa la Kudhibiti Magonjwa ya Sindemic,Komiti mar Thieth Manyo Yore Manyalo Bedo Maduong’ mar Kenya mar geng’o tuoche mag HIV kod tuoche ma landore – Kanisa mar piny mangima mar geng’o tuoche ma landore
4034,Health,General,"(Dr.) James Nyikal, MP, visited the National Syndemic Diseases Control Council (NSDCC) for a briefing on Kenya’s coordinated response to HIV and other syndemic diseases.","(Dkt.) James Nyikal, Mbunge, alitembelea Baraza la Kitaifa la Kudhibiti Magonjwa ya Sindemic (NSDCC) kwa muhtasari wa mwitikio ulioratibiwa wa Kenya kwa VVU na magonjwa mengine ya sindemic.","(Dr.) James Nyikal, MP, nodhi e bura mar piny mangima mar rito tuoche ma nyalo landore (NSDCC) mondo oyud puonj kuom kaka piny Kenya ochung’ motegno e wi tuoche mag HIV kod tuoche mamoko ma nyalo landore."
4035,Health,General,"Ahmed Ibrahim, Board Member Tom Okundi, Chief Executive Officer Douglas O.","Ahmed Ibrahim, Mjumbe wa Bodi Tom Okundi, Afisa Mkuu Mtendaji Douglas O.","Ahmed Ibrahim, Jalo mar Bod Tom Okundi, Apisa Maduong' Douglas O."
4036,Health,General,"Further, the Members of Parliament reviewed progress in the national response and discussed strategies for strengthening domestic resource mobilization, integrating HIV, tuberculosis, viral hepatitis, mental health, substance use disorders and non-communicable diseases, and advancing the legislative, policy and budgetary measures needed to sustain the response amid declining external funding.","Zaidi ya hayo, Wabunge walipitia maendeleo katika mwitikio wa kitaifa na kujadili mikakati ya kuimarisha uhamasishaji wa rasilimali za ndani, kuunganisha VVU, kifua kikuu, homa ya ini, afya ya akili, matatizo ya matumizi ya dawa za kulevya na magonjwa yasiyoambukiza, na kuendeleza hatua za kisheria, sera na kibajeti zinazohitajika ili kuendeleza mwitikio huo huku kukiwa na kuzorota kwa ufadhili kutoka nje.","Bende, jokanyo mag bura nonono dongruok e dwoko mar pinyno kendo ne giwuoyo kuom yore mag jiwo loso mwandu mag piny, keto HIV, tuoche mag ng’ut, hepatitis ma kelo midhusi, thieth mar paro, tuoche mag tiyo kod gik ma mero ji kod tuoche ma ok nyal landore, kendo dhi nyime gi yore mag keto chike, chike kod dwoko ma dwarore mondo oket piny."
4037,Health,General,The engagement reaffirmed the critical role of parliamentary oversight and collaboration in sustaining the gains made in Kenya’s HIV response and accelerating progress towards ending HIV and other syndemic diseases as public health threats by 2030.,Ushirikiano huo ulithibitisha tena jukumu muhimu la usimamizi na ushirikiano wa bunge katika kudumisha mafanikio yaliyopatikana katika mwitikio wa VVU nchini Kenya na kuharakisha maendeleo kuelekea kukomesha VVU na magonjwa mengine kama matishio ya afya ya umma ifikapo 2030.,Ogandano nonyiso kendo tich maduong’ mar rito jotelo mag bura kendo tiyo kanyakla e siro ber ma ne oyudre e dwoko mar HIV e piny Kenya kendo dwoko mapiyo dongruok mar tieko HIV kod tuoche mamoko ma nyalo kelo hinyruok kaka gik ma nyalo kelo luoro ne ngima mar oganda nyaka higa mar 2030.
4038,Health,Drug Abuse,Loving a Drug User or Alcoholic.,Kumpenda Mtumia Madawa ya Kulevya au Mlevi.,Hero Ng’at ma Tiyo gi Yath Kata Madho Kong’o.
4039,Health,Drug Abuse,For a Nation free from Alcohol and Drug abuse.,Kwa Taifa lisilo na Matumizi ya Pombe na Madawa ya Kulevya.,Mondo obed gi Piny maonge gi tiyo marach gi Kong’o kod Yath ma mero ji.
4040,Health,Drug Abuse,Launch of the Wastewater Analysis to Assess Emerging New Psychoactive Substances and Illicit Drug Use in Kenya,Uzinduzi wa Uchambuzi wa Maji Taka Kutathmini Dawa Mpya Zinazoibuka na Matumizi Haramu ya Madawa ya Kulevya nchini Kenya.,Ochako timo nonro mar pi ma okler mondo opim gik manyien ma nyalo ketho paro kod tiyo kod yath ma ok owinjore e piny Kenya
4041,Health,General,Call to Apply for Universal Prevention Curriculum Core Course,Wito wa Kutuma Maombi ya Kozi ya Msingi ya Mtaala wa Kinga ya Kiulimwengu,Luong mondo ior kwayo mar somo maduong’ mar somo mar geng’o tuoche mag piny mangima
4042,Health,Drug Abuse,Launch of the 2026 National Senior School Essay Writing Competition on Alcohol and Drug Use Prevention,Uzinduzi wa Mashindano ya Kitaifa ya Uandishi wa Insha ya Shule ya Upili ya 2026 juu ya Kuzuia Matumizi ya Pombe na Madawa,Chak mar Piem mar Ndiko Oboke mag Skul Maduong’ mag Pinyruoth higa mar 2026 e wi geng’o tiyo kod kong’o kod yath ma mero ji
4043,Health,Drug Abuse,Uasin-Gishu County Government Alcohol And Drugs Treatment And Rehabilitation Centre,Kituo cha Matibabu na Urekebishaji cha Serikali ya Kaunti ya Uasin-Gishu,Kidieny mar Sirkal mar Uasin-Gishu mar Kambi mar Thieth kod Riekni
4044,Health,Drug Abuse,News & Events | NACADA -National Authority for the Campaign Against Alcohol and Drug Abuse,Habari na Matukio | NACADA -Mamlaka ya Kitaifa ya Kampeni Dhidi ya Matumizi Mabaya ya Pombe na Madawa ya Kulevya,Wach kod Gik matimore | NACADA - Duol mar Pinyruoth mar Kampein mar Kedo kod Tiyo gi Kong’o kod Yath ma mero ji marach
4045,Health,Drug Abuse,NACADA launched a report on Wastewater Analysis to Assess Emerging New Psychoactive Substances and Illicit Drug Use i,NACADA ilizindua ripoti ya Uchambuzi wa Maji Taka ili Kutathmini Dawa Mpya Zinazoibuka na Matumizi Haramu ya Dawa i.,NACADA nochako ripot e wi ng’iyo pi ma ok ler mondo opim gik manyien ma nyalo ketho paro kod tiyo kod yath ma ok owinjore i
4046,Health,Drug Abuse,The National Authority for the Campaign against Alcohol and Drug Abuse (NACADA) is organizing an essay competition fo,Mamlaka ya Kitaifa ya Kampeni dhidi ya Matumizi Mabaya ya Pombe na Madawa ya Kulevya (NACADA) inaandaa shindano la insha,Ofis mar pinyno ma rito lweny mar kedo gi tiyo marach gi kong’o kod yath ma mero ji (NACADA) loso piem mar ndiko weche ma ng’ato nyalo tiyogo.
4047,Health,Drug Abuse,The National Substance use Prevention Week (NPW) annual Prevention summit is the nation’s leading drug demand reducti,Mkutano wa Kitaifa wa Kuzuia Matumizi ya Dawa (NPW) wa kila mwaka wa Kilele cha Kinga ndio unaongoza katika kupunguza mahitaji ya dawa nchini.,Juma mar piny mangima mar geng’o tiyo kod yath ma mero ji (NPW) ma timore higa ka higa mar geng’o tiyo kod yath ma mero ji e piny mangima e duoko piny dwaro mar yath ma mero ji
4048,Health,Drug Abuse,National Authority for the Campaign Against Alcohol and Drug Abuse (NACADA) invites eligible and interested,Mamlaka ya Kitaifa ya Kampeni Dhidi ya Matumizi Mabaya ya Pombe na Madawa ya Kulevya (NACADA) inawaalika wanaostahiki na wanaopenda,Ofis mar pinyno ma rito lweny mar kwedo tiyo marach gi kong’o kod yath ma mero ji (NACADA) rwako joma owinjore kendo ma nigi gombo
4049,Health,Drug Abuse,Publications | NACADA -National Authority for the Campaign Against Alcohol and Drug Abuse,Machapisho | NACADA -Mamlaka ya Kitaifa ya Kampeni Dhidi ya Matumizi Mabaya ya Pombe na Madawa ya Kulevya,Oboke | NACADA - Duol mar Pinyruoth mar Kampein mar Kedo kod Tiyo gi Kong’o kod Yath ma mero ji marach
4050,Health,Drug Abuse,"National Policy for the Prevention, Management & Control of Alcohol, Drugs & Substance Abuse.","Sera ya Kitaifa ya Kuzuia, Usimamizi na Udhibiti wa Pombe, Madawa ya Kulevya na Utumiaji Mbaya wa Madawa ya Kulevya.","Chik mag piny mangima mar geng’o, rito kod geng’o tiyo marach gi kong’o, yath ma mero ji kod gik ma kelo tuoche."
4051,Health,Drug Abuse,Digital Deception: When Social Media Becomes a Drug Pipeline | NACADA -National Authority for the Campaign Against Alcohol and Drug Abuse,Udanganyifu wa Dijiti: Wakati Mitandao ya Kijamii Inakuwa Bomba la Dawa | NACADA -Mamlaka ya Kitaifa ya Kampeni Dhidi ya Matumizi Mabaya ya Pombe na Madawa ya Kulevya,Owuondo Dijital: Ka Oganda Obedo Paip mar Yath | NACADA - Duol mar Pinyruoth mar Kampein mar Kedo kod Tiyo gi Kong’o kod Yath ma mero ji marach
4052,Security & Safety,General,"Severe drought continues to affect Kenya’s Arid and Semi-Arid Lands (ASAL), leaving more than 2.12 million people facing acute food insecurity.","Ukame mkali unaendelea kuathiri Ardhi Kame na Nusu Kame nchini Kenya (ASAL), na kuacha zaidi ya watu milioni 2.12 wakikabiliwa na uhaba mkubwa wa chakula.","Okang’ mapek pod dhi nyime ketho piny ma ng’ich kendo ma ok ng’ich ahinya (ASAL) e piny Kenya, ma miyo ji mokalo milion 2.12 yudo pek ahinya mag yudo chiemo."
4053,Security & Safety,Child Protection,"Malnutrition rates are rising, particularly among children under five and pregnant and lactating women.","Viwango vya utapiamlo vinaongezeka, hasa miongoni mwa watoto chini ya miaka mitano na wanawake wajawazito na wanaonyonyesha.","Oganda ma nigi chiemo ma ok owinjore medore ahinya, ahinya ahinya e kind nyithindo ma hikgi pok ochopo abich kod mon ma nigi ich kod ma miyo nyithindo matin."
4054,Security & Safety,Flood Safety,"Flooding across Kenya continues to take a devastating toll, Kenya Red Cross Society is tracking the impacts of flooding across 39 counties as of May 2026.","Mafuriko kote nchini Kenya yanaendelea kuleta madhara makubwa, Chama cha Msalaba Mwekundu nchini Kenya kinafuatilia athari za mafuriko katika kaunti 39 kufikia Mei 2026.","Pi ma opong’o piny Kenya pod dhi nyime kelo ketho mang’eny, kendo riwruok mar Kenya mar Red Cross luwo kaka pi ma opong’o piny Kenya okelo gik ma opong’o piny 39 chakre dwe mar Mei 2026."
4055,Security & Safety,General,Response teams have been mobilized on the ground to reach the most affected communities.,Timu za kukabiliana zimehamasishwa mashinani ili kufikia jamii zilizoathiriwa zaidi.,Osechoko jogo ma konyo e piny mondo gichop e gwenge ma oyudo masira ahinya.
4056,Security & Safety,General,Over 26 million early warning SMS alerts have been dispatched to at-risk communities across the country.,Zaidi ya arifa milioni 26 za tahadhari za mapema zimetumwa kwa jamii zilizo hatarini kote nchini.,SMS mokalo milion 26 mag riembo mapiyo oseoro ne gwenge ma ni e arita e piny mangima.
4057,Security & Safety,General,"Currently, over 60,000 households have been affected across the country and more than 12,700 have been displaced.","Hivi sasa, zaidi ya kaya 60,000 zimeathirika kote nchini na zaidi ya 12,700 wamelazimika kuyahama makazi yao.","Kuom sani, udi mokalo 60,000 oseyudo masira e pinyno duto kendo udi mokalo 12,700 osewuok e udigi."
4058,Security & Safety,General,"The department provides immediate relief to affected populations to save lives, protect livelihoods, and strengthen recovery from disasters and crises","Idara inatoa misaada ya haraka kwa watu walioathirika ili kuokoa maisha, kulinda riziki, na kuimarisha ahueni kutokana na majanga na majanga.","Ofisno chiwo kony mapiyo ne oganda ma oyudo masira mondo ores ngima, orit yore mag dak, kendo ojing’ dwoko piny bang’ masira kod masira ."
4059,Security & Safety,General,"The health department embraces the integration approach to ensure affordable, accessible and equitable community-based health care.","Idara ya afya inakumbatia mbinu ya ujumuishaji ili kuhakikisha huduma ya afya inayozingatia jamii ni nafuu, inayopatikana na yenye usawa.","Ofis mar thieth rwako yo mar riwruok mondo gine ni thieth ma ng’ato nyalo yudo, ma ng’ato nyalo yudo kendo ma ng’ato nyalo yudo kaka ng’ato nyalo ng’eyo."
4060,Security & Safety,General,"Organizational Development focuses on the capacity of KRCS to adequetely perform its mandate, this includes branches and volunteers.","Ukuzaji wa Shirika huzingatia uwezo wa KRCS kutekeleza majukumu yake ipasavyo, hii inajumuisha matawi na watu wa kujitolea.","<2Zepa> Dongruok mar riwruok keto pach kuom nyalo ma KRCS nigo mar timo tich mare e yoo mowinjore, ma oting’o bang’e kod jotich ma chiwore."
4061,Security & Safety,General,Kenya Red Cross has special programmes that cater for special needs of vunerable communities accross the country.,Shirika la Msalaba Mwekundu la Kenya lina programu maalum ambazo hukidhi mahitaji maalum ya jamii zilizo katika mazingira magumu kote nchini.,Kenya nigi chenro makende ma konyo dwaro makende mag oganda ma nigi pek e pinyno duto.
4062,Security & Safety,General,A member is one who has duly paid the stipulated KRCS membership fees.,Mwanachama ni yule ambaye amelipa ada iliyoainishwa ya uanachama wa KRCS.,Jalo en ng’at ma osechulo kaka owinjore pesa ma oket mar bedo memba mar KRCS.
4063,Security & Safety,Flood Safety,How Tana River Communities Take Action: Preparing Early for Droughts and Floods,Jinsi Jumuiya za Tana River Huchukua Hatua: Kujitayarisha Mapema kwa Ukame na Mafuriko,Kaka Jodak ma Odak e Aora Tana Kawo Okang’: Iikruok Motelo ne Oro kod Pi ma Opong’o piny
4064,Security & Safety,General,We are auxiliary to the National and County Governments and work to alleviate human suffering and preserve life and human dignity.,Sisi ni wasaidizi wa Serikali ya Kitaifa na Kaunti na tunafanya kazi ili kupunguza mateso ya wanadamu na kuhifadhi maisha na utu wa binadamu.,Wabedo jokony mag Sirkal mag Piny kod mag Kaunti kendo watiyo matek mondo waduok piny masira mag dhano kendo warit ngima kod luor mar dhano.
4065,Security & Safety,General,"The Health and Social Services (HSS) department embraces the integration approach to ensure affordable, accessible and equitable community-based health care.","Idara ya Afya na Huduma za Kijamii (HSS) inakumbatia mbinu ya ujumuishaji ili kuhakikisha huduma ya afya inayozingatia jamii ni nafuu, inayofikika na yenye usawa.","Ofis mar thieth kod tich mar oganda (HSS) rwako yo mar loso gik moko kanyachiel mondo gine ni thieth ma ng’ato nyalo yudo gi nengo ma piny, ma nyalo yudore kendo ma nyalo bedo maber e kind oganda."
4066,Security & Safety,General,"The interventions are anchored to the KCRS 2016-2020 strategic plan, the National Health Sector Strategy III, Vision 2030(the social pillar) and Sustainable Development Goals.","Afua hizo zimejikita katika mpango mkakati wa KCRS 2016-2020, Mkakati wa Kitaifa wa Sekta ya Afya III, Dira ya 2030 (nguzo ya kijamii) na Malengo ya Maendeleo Endelevu.","Gik ma itimogo ochung’ne chenro mar KCRS mar 2016-2020, chenro mar sektor mar thieth mar pinyno mar III, Rango mar 2030(pilar mar oganda) kod chenro mag dongruok ma nyaka chieng’."
4067,Security & Safety,General,"The Health, Nutrition, and Social Services (HSS) Department Focuses on primary health…","Idara ya Afya, Lishe na Huduma za Jamii (HSS) Inaangazia afya ya msingi…","Ofis mar thieth, chiemo, kod tich mar oganda (HSS) Keto pach kuom thieth mokwongo..."
4068,Security & Safety,General,"The Health, Nutrition, and Social Services (HSS) Department Focuses on primary health care; the most efficient and cost-effective way to achieve universal health coverage through a gender-responsive, protective, and inclusive lens.","Idara ya Afya, Lishe na Huduma za Jamii (HSS) Inazingatia huduma za afya ya msingi; njia ya ufanisi zaidi na ya gharama nafuu ya kufikia bima ya afya kwa wote kupitia lenzi inayozingatia jinsia, kinga, na jumuishi.","Ofis mar Thieth, Chiemo, kod Tije mag Oganda (HSS) Keto pach kuom thieth mokwongo; yo maber moloyo kendo ma ok oting’o pesa mang’eny mar yudo thieth mar piny mangima kokalo kuom lens ma dwoko wach mar ng’ato ka ng’ato, ma rito, kendo ma nyalo rwako ji duto."
4069,Security & Safety,General,Primary Health Care for Refugees and Host communities; running health facilities for primary health care services with minimal secondary services in Kalobeyei (part of larger Kakuma) and IFO (Dadaab).,Huduma ya Afya ya Msingi kwa Wakimbizi na jumuiya zinazowapokea; kuendesha vituo vya afya kwa huduma za afya ya msingi na huduma ndogo za sekondari huko Kalobeyei (sehemu ya Kakuma kubwa) na IFO (Dadaab).,Chiwo thieth mokwongo ne Jolweny kod oganda ma okawogi; tayo kuonde thieth mag thieth mokuongo man kod thieth ariyo matin ahinya e Kalobeyei (en achiel kuom Kakuma maduong') kod IFO (Dadaab).
4070,Security & Safety,General,The society has been a champion of One Health and supported capacity at the community level but also enhanced collaboration with counties monitored through a community-based health information system (CBHIS).,Jamii imekuwa bingwa wa Afya Moja na uwezo unaoungwa mkono katika ngazi ya jamii lakini pia imeimarisha ushirikiano na kaunti zinazofuatiliwa kupitia mfumo wa taarifa za afya wa jamii (CBHIS).,Oganda osebedo jatelo mar thieth achiel kendo ochung’ ne nyalo e rang’iny mar oganda to bende osemedo riwruok gi kaunti ma ochung’ne kokalo kuom chenro mar lando weche thieth ma ochung’ne oganda (CBHIS).
4071,Security & Safety,Cholera,"Within the organisation's national preparedness plan, KRCS has effectively responded to human and animal disease outbreaks including Cholera, Rift Valley Fever, Yellow Fever, and Kala-azar (Leishmaniasis).","Ndani ya mpango wa kitaifa wa kujitayarisha wa shirika, KRCS imekabiliana vilivyo na milipuko ya magonjwa ya binadamu na wanyama ikiwa ni pamoja na Kipindupindu, Homa ya Bonde la Ufa, Homa ya Manjano, na Kala-azar (Leishmaniasis).","E chenro mar ikruok mar piny mangima mar riwruok, KRCS osebedo ka dwoko maber kuom tuoche ma nyalo mako dhano kod le ma oting’o kolera, liet mar rift Valley, liet ma ratong’, kod liet mar kala-azar (Leishmaniasis)."
4072,Security & Safety,General,We understand the importance of approaching each work integrally and believe in the power of simple..,Tunaelewa umuhimu wa kukaribia kila kazi kikamilifu na tunaamini katika uwezo wa rahisi..,Wawinjo tiend ber mar ng’iyo tich ka tich e yoo makare kendo wayie gi teko mar gik mayot.
4073,Security & Safety,General,"Increase social reach and productivity with our App Directory, a collection of famous applications.","Ongeza ufikiaji wa kijamii na tija kwa Saraka yetu ya Programu, mkusanyiko wa programu maarufu.","Med tudruok e kind ji kod timo gik mang’eny ka itiyo gi App Directory marwa, ma en chokruok mar program ma ong’ere ahinya."
4074,Security & Safety,General,"Don’t worry about any thing, our security experts will install your new system, activate it.","Usijali kuhusu jambo lolote, wataalam wetu wa usalama watasakinisha mfumo wako mpya, wauwashe.","Okidwar bedo gi parruok kuom gimoro amora, jogo ma nigi lony e weche mag arita biro keto sistem mari manyien, kendo ketogi e tich."
4075,Security & Safety,General,Rounding up a bunch of specific designs & talking about the merits of each is perfect way.,Kukusanya rundo la miundo mahususi na kuzungumza juu ya sifa za kila moja ni njia nzuri kabisa.,Kaka ng’ato nyalo loso gik moko makende kendo wuoyo kuom ber mag ng’ato ka ng’ato en yo maberie moloyo.
4076,Security & Safety,General,Helping families live intelligently means we’re always working to bring our customers the latest technology.,Kusaidia familia kuishi kwa akili kunamaanisha kuwa tunafanya kazi kila wakati ili kuwaletea wateja wetu teknolojia mpya zaidi.,Konyo joot mondo odagi gi rieko nyiso ni kinde duto watiyo matek mondo wakel ne jonyiewo magwa teknoloji masani.
4077,Security & Safety,COVID-19,Annual Report 2020 – Responding to the Covid -19 Pandemic,Ripoti ya Mwaka 2020 - Kujibu Gonjwa la Covid -19,Ripot mar higa mar 2020 – Duoko wach mar tuwo mar Covid -19
4078,Health,Cholera,Disease outbreak - Cholera - Kenya - 11 December 2017,Mlipuko wa magonjwa - Kipindupindu - Kenya - 11 Desemba 2017,Tuwo mar kolera - Kenya - tarik 11 dwe mar apar gi ariyo higa mar 2017
4079,Health,Cholera,Disease outbreak - Cholera - Kenya - 21 July 2017,Mlipuko wa magonjwa - Kipindupindu - Kenya - 21 Julai 2017,Tuwo mar kolera - Kenya - tarik 21 dwe mar abiriyo higa mar 2017
4080,Health,General,WHO and Kenya hand over theatre beds and cancer equipment to strengthen maternal and women's health services,WHO na Kenya zakabidhi vitanda vya maonyesho na vifaa vya saratani ili kuimarisha huduma za afya ya akina mama na wanawake,WHO kod Kenya chiwo otanda mag sinema kod gige thieth mag kansa mondo ojing’ tich mar thieth mar mon kod mon
4081,Health,General,WHO and Kenya hand over theatre beds and cancer equipment to strengthen maternal and women's health...,WHO na Kenya zakabidhi vitanda vya maonyesho na vifaa vya saratani ili kuimarisha afya ya mama na wanawake...,WHO kod Kenya chiwo otanda mag sinema kod gige kansa mondo ojing’ ngima mar mon kod mon...
4082,Health,General,Mobile health services in Kenya reduce the risk of stillbirths,Huduma za afya kwa njia ya simu nchini Kenya hupunguza hatari ya watoto kuzaliwa wakiwa wamekufa,Tich mag thieth ma wuotho ​​e piny Kenya dwoko piny nyalo mar nyuol nyithindo ma osetho
4083,Health,General,Kenya is a lower-middle-income country with an estimated population of over 54 million people.,Kenya ni nchi ya kipato cha chini na inakadiriwa kuwa na watu zaidi ya milioni 54.,Kenya en piny ma nigi pesa matin ahinya kendo kwan mar ji mokalo milion 54.
4084,Health,General,"The country operates a devolved health system across 47 counties, with the national government responsible for health policy and county governments managing service delivery.","Nchi inaendesha mfumo wa afya uliogatuliwa katika kaunti 47, huku serikali ya kitaifa inayohusika na sera ya afya na serikali za kaunti zikisimamia utoaji wa huduma.","Pinyno tiyo kod sistem mar thieth ma ogol e kaunti 47, ma sirkal mar pinyno nigi ting’ mar rito chike mag thieth kendo sirkal mag kaunti nigi ting’ mar chiwo thieth."
4085,Health,General,"Kenya has made significant strides in improving health outcomes over the past two decades, though substantial challenges remain in achieving Universal Health Coverage (UHC) and addressing persistent health inequities between regions and populations.","Kenya imepiga hatua kubwa katika kuboresha matokeo ya afya katika miongo miwili iliyopita, ingawa changamoto kubwa zimesalia katika kufikia Huduma ya Afya kwa Wote (UHC) na kushughulikia ukosefu wa usawa wa afya kati ya mikoa na idadi ya watu.","Kenya osetimo dongruok maduong’ e bero gik ma kelo thieth kuom higni piero ariyo mosekalo, kata obedo ni pod nitie pek madongo e yudo thieth mar piny mangima (UHC) kod loso gik ma ok owinjore e kind kuonde kod oganda."
4086,Health,General,"WHO Kenya works through three strategic clusters; (1) Health Promotion, Disease Prevention and Control, (2) Health Emergencies, and (3) Health Systems and Services, to support the Government of Kenya in building resilient health systems and advancing toward UHC.","WHO Kenya inafanya kazi kupitia makundi matatu ya kimkakati; (1) Ukuzaji wa Afya, Kuzuia na Kudhibiti Magonjwa, (2) Dharura za Kiafya, na (3) Mifumo na Huduma za Afya, ili kusaidia Serikali ya Kenya katika kujenga mifumo thabiti ya afya na kusonga mbele kuelekea UHC.","WHO Kenya tiyo kokalo kuom grup adek ma nigi chenro; (1) Keto chenro mag thieth, geng’o kod geng’o tuoche, (2) Gik ma kelo pek mag thieth, kod (3) Sistem mag thieth kod tich, mondo okony Sirkal mar Kenya e gero chenro mag thieth ma nyalo geng’o kendo dhi nyime e UHC."
4087,Health,Road Safety,Kenya broadens sexual and reproductive health services for hard-to-reach communities,Kenya inapanua huduma za afya ya ngono na uzazi kwa jamii ambazo ni ngumu kuzifikia,Kenya medo lando tich mar thieth mar nindruok kod nyuol ne oganda ma tek chopo
4088,Health,General,WHO and Kenya hand over theatre beds and cancer equipment to strengthen maternal and...,WHO na Kenya zakabidhi vitanda vya maonyesho na vifaa vya saratani ili kuimarisha uzazi na...,WHO kod piny Kenya chiwo otanda mag sinema kod gige thieth mag kansa mondo ojing’ teko mar nyuol kod...
4089,Health,General,"Kenya's Ministry of Health and the World Health Organization (WHO) handed over 108 electric obstetric theatre beds and a package of women's cancer screening and management equipment at Kenyatta National Hospital on 9 June 2026, in a move intended to strengthen the country's capacity to manage obstetric emergencies and expand access to cervical and breast cancer services.","Wizara ya Afya ya Kenya na Shirika la Afya Duniani (WHO) zilikabidhi vitanda 108 vya maonyesho ya uzazi na kifurushi cha vifaa vya uchunguzi na udhibiti wa saratani ya wanawake katika Hospitali ya Kitaifa ya Kenyatta tarehe 9 Juni 2026, katika hatua iliyokusudiwa kuimarisha uwezo wa nchi wa kudhibiti dharura za uzazi na kupanua ufikiaji wa huduma za saratani ya mlango wa kizazi na matiti.","Od thieth mar piny Kenya kod Riwruok mar Thieth mar Pinyruoth (WHO) nomiyo otanda 108 mag ot mar nyuol kod gik ma itiyogo e ng’iyo kendo rito tuo mar kansa mar mon e Od thieth maduong’ mar Kenyatta tarik 9 dwe mar auchiel higa mar 2026, e chenro ma ne ochung’ne jiwo nyalo mar pinyno mar nyuol kendo rito tuoche mag kansa. tich mar thieth mar kansa."
4090,Health,General,"In Lolmolong village, in Samburu County in northern Kenya, Neshoo Leaungokiok laboured through the night, far from the nearest health facility.","Katika kijiji cha Lolmolong, katika Kaunti ya Samburu kaskazini mwa Kenya, Neshoo Leaungokiok alifanya kazi usiku kucha, mbali na kituo cha afya cha karibu.","E gweng' mar Lolmolong, e aluora mar Samburu man nyandwat mar Kenya, Neshoo Leaungokiok ne otiyo matek ei otieno, mabor gi kar thieth mane man machiegni ahinya."
4091,Health,Child Protection,"In this remote part of Kenya, long distances, difficult terrain and insecurity continue to limit access to skilled care during childbirth, placing mothers and newborns at significant risk.","Katika sehemu hii ya mbali ya Kenya, umbali mrefu, ardhi ngumu na ukosefu wa usalama unaendelea kuzuia upatikanaji wa huduma za kitaalamu wakati wa kujifungua, na kuwaweka akina mama na watoto wachanga katika hatari kubwa.","E piny Kenya maborni, wuotho ​​mabor, kuonde matek kod bedo maonge gi arita pod dhi nyime geng’o ji yudo thieth ma nigi lony e kinde ma ginyuoloe, ma keto mon kod nyithindo ma pok onyuol e arita maduong’."
4092,Health,General,"In the farmlands of easter and western Kenya, tobacco farmers are gathering for meetings to discuss a different way forward.","Katika mashamba ya mashariki na magharibi mwa Kenya, wakulima wa tumbaku wanakusanyika kwa mikutano ili kujadili njia tofauti ya kusonga mbele.","E puothe mag piny Kenya ma yo wuok chieng’ kod ma yo podho chieng’, jopur mag taba chokore e chokruoge mondo giwuo kuom yo mopogore mar dhi nyime."
4093,Health,General,"Fifty-year-old Milton Oloo has worked as a cargo loading agent at Jomo Kenyatta International Airport in Nairobi, Kenya for the last 30 years.","Milton Oloo mwenye umri wa miaka 50 amefanya kazi kama wakala wa kupakia mizigo katika Uwanja wa Ndege wa Kimataifa wa Jomo Kenyatta jijini Nairobi, Kenya kwa miaka 30 iliyopita.",Milton Oloo man jahigni piero abich osetiyo kaka ajal mar ting'o mwandu e okang' mar ndege mar Piny mangima mar Jomo Kenyatta e boma mar Nairobi e piny Kenya kuom higni 30 mosekalo.
4094,Health,General,"Although he handles several tonnes of cargo daily, every now and again a memorable load comes his way.","Ingawa anashughulikia tani kadhaa za mizigo kila siku, kila mara na tena mzigo wa kukumbukwa huja kwake.","Kata obedo ni oting’o tan mang’eny mag mwandu pile ka pile, kinde ka kinde, mwandu moro ma ok bi wilgo birone."
4095,Health,General,"It was the case with the shipment of cargo from World Health Organization (WHO)’s Emergency Preparedness and Response hub in Nairobi, Kenya, on 20 May 2026.","Ndivyo ilivyokuwa wakati wa shehena ya shehena kutoka kwa Kituo cha Maandalizi ya Dharura na Majibu cha Shirika la Afya Duniani (WHO) mjini Nairobi, Kenya, tarehe 20 Mei 2026.",Ne en kamano e kinde mane oor mwandu kowuok e kar 20 dwe mar abich higa mar 2026 mar Riwruok mar Pinyruoth mar Thieth (WHO).
4096,Health,General,The Elders laud WHO public health emergency response efforts,Wazee wanapongeza juhudi za dharura za afya ya umma za WHO,Jodongo goyo erokamano ne teko ma WHO timo mar konyo e kinde mag thieth mar oganda
4097,Health,General,"Countries in the African region faced more than 140 health emergencies in 2025, ranging from infectious disease outbreaks to climate-related shocks and humanitarian crises.","Nchi za kanda ya Afrika zilikabiliwa na zaidi ya dharura 140 za kiafya mwaka 2025, kuanzia milipuko ya magonjwa ya kuambukiza hadi mishtuko inayohusiana na hali ya hewa na majanga ya kibinadamu.","Pinje mantie e alwora mar Afrika ne oromo gi masira mag thieth mokalo 140 e higa mar 2025, chakre e tuoche ma nyalo mako ng’ato nyaka e masira ma luwore gi yamo kod masira mag dhano."
4098,Health,General,"World Health Organization (WHO)’s regional Emergency Preparedness and Response Hub in Nairobi, Kenya, plays a critical role in preparing for and responding to these health emergencies, providing operational support and logistics, storing and distributing medical supplies and equipment, and facilitating rapid response.","Kitovu cha Maandalizi na Majibu ya Dharura cha Shirika la Afya Ulimwenguni (WHO) kikanda Nairobi, Kenya, kina jukumu muhimu katika kujiandaa na kukabiliana na dharura hizi za afya, kutoa usaidizi wa uendeshaji na vifaa, kuhifadhi na kusambaza vifaa vya matibabu na vifaa, na kuwezesha mwitikio wa haraka.","Riwruok mar Pinyruoth mar Thieth (WHO) mar Kambi mar Ikruok kod Duoko Masira ma Nairobi, Kenya, nigi tich maduong' ahinya e ikruok kod duoko mapiyo mag thieth gi, chiwo kony mar tich kod loso gikmoko, kano kod chiwo mwandu mag thieth kod gige thieth, kod konyo dwoko mapiyo."
4099,Health,General,Strengthening clinical care for high-consequence infectious diseases in East Africa,Kuimarisha utunzaji wa kimatibabu kwa magonjwa ya kuambukiza yenye matokeo ya juu katika Afrika Mashariki,Keto teko e thieth mar tuoche ma nyalo mako ng’ato e piny Afrika ma Wuokchieng’
4100,Health,General,"Nairobi - Following successive Ebola and Marburg outbreaks across East Africa, countries are shifting how preparedness is defined, placing greater emphasis on the quality of clinical care delivered to patients.","Nairobi - Kufuatia milipuko mfululizo ya Ebola na Marburg kote Afrika Mashariki, nchi zinabadilisha jinsi utayari unavyofafanuliwa, na kutilia mkazo zaidi ubora wa huduma za kimatibabu zinazotolewa kwa wagonjwa.","Nairobi - Bang’ tuoche mag Ebola kod Marburg ma ne opong’o piny Afrika ma Wuokchieng’ duto, pinje moko loko kaka inyalo ng’e ni ng’ato oikruok, kendo giketo geno maduong’ ahinya e ng’ado bura maber ma imiyo jotuwo."
4101,Health,General,WHO and Aga Khan University partnership to strengthen women's cancer services in Afr...,WHO na Chuo Kikuu cha Aga Khan ushirikiano wa kuimarisha huduma za saratani kwa wanawake nchini Afr...,WHO kod skul maduong’ mar Aga Khan loso kanyakla mar keto teko kuom thieth mar kansa mar mon e piny Afrika.
4102,Health,General,"The World Health Organization (WHO) and Aga Khan University-Kenya (AKU) today launched a new partnership to accelerate the fight against breast and cervical cancer, the two leading cancers claiming women's lives in Africa.","Shirika la Afya Duniani (WHO) na Chuo Kikuu cha Aga Khan-Kenya (AKU) leo wamezindua ushirikiano mpya ili kuharakisha vita dhidi ya saratani ya matiti na mlango wa kizazi, saratani mbili zinazoongoza kwa kupoteza maisha ya wanawake barani Afrika.","Riwruok mar piny mangima mar thieth (WHO) kod Aga Khan University-Kenya (AKU) kawuono ochako riwruok manyien mar keto lweny mapiyo mar kedo kod kansa mar thuno kod kansa mar thuno, ma gin kansa ariyo madongo ma kawo ngima mag mon e Afrika."
4103,Health,General,Welcome to Nairobi - let’s build together at World Health Summit Regional Meeting 20...,Karibu Nairobi - tujenge pamoja katika Mkutano wa Kikanda wa Mkutano wa Kikanda wa Afya wa 20...,Owinjore wabed gi mor e Nairobi - we mondo wager kanyachiel e chokruok maduong’ mar piny mangima mar thieth mar 20...
4104,Health,General,"World Health Organization (WHO) is poised to be a significant presence at the upcoming World Health Summit (WHS) Regional Meeting 2026 in Nairobi, Kenya.","Shirika la Afya Ulimwenguni (WHO) linakaribia kuwapo kwa kiasi kikubwa katika Mkutano ujao wa Kikanda wa Kikanda wa Wakuu wa Afya Duniani (WHS) 2026 huko Nairobi, Kenya.",Riwruok mar Pinyruoth mar Thieth (WHO) oikre mar bedo gi tich maduong’ e chokruok mabiro mar piny mangima mar thieth mar piny mangima (WHS) e higa mar 2026 ma biro bedo e piny Kenya.
4105,Health,General,"For the first time at either a global or regional level, WHO is co-organizing a meeting with the World Health Summit.","Kwa mara ya kwanza katika ngazi ya kimataifa au ya kikanda, WHO inaandaa mkutano na Mkutano wa Kilele wa Afya Duniani.","En e okang’ mokwongo e rang’iny mar piny mangima kata mar ng’om, WHO loso romo gi riwruok maduong’ mar piny mangima mar weche thieth."
4106,Health,General,"This initiative has been spearheaded by WHO in the African region and is the result of an innovative partnership with WHS and Aga Khan University, Kenya.","Mpango huu umeongozwa na WHO katika kanda ya Afrika na ni matokeo ya ushirikiano wa kibunifu na WHS na Chuo Kikuu cha Aga Khan, Kenya.","Chenro ni osetelne gi WHO e ong'om mag Afrika kendo en duoko mar riwruok manyien gi WHS kod Yunivasiti mar Aga Khan, Kenya."
4107,Health,Flood Safety,How Kenya's health system is responding to devastating floods,Jinsi mfumo wa afya wa Kenya unavyokabiliana na mafuriko makubwa,Kaka chenro mar thieth e piny Kenya dwoko wach mar pi mang’eny ma ketho piny
4108,Health,Flood Safety,Catherine Kemuto had no warning when the floodwaters came.,Catherine Kemuto hakuwa na onyo wakati mafuriko yalipokuja.,Catherine Kemuto ne onge kod siem kane pi momolne obiro.
4109,Health,Child Protection,"A week of displacement left her children ill, and access to safe water remained a struggle long after the floods receded.","Wiki ya kuhama makazi iliwaacha watoto wake wakiwa wagonjwa, na upatikanaji wa maji salama ulisalia kuwa shida kwa muda mrefu baada ya mafuriko kupungua.","Juma achiel ma ne odhi e ot ma ne odhie, ne omiyo nyithinde bedo gi tuo, kendo yudo pi maler ne pod en gima tek bang’ kinde malach bang’ ka pi ma ne opong’o piny nosedok piny."
4110,Health,General,Kenya launches 5-year health security plan to strengthen health emergency readiness,Kenya yazindua mpango wa usalama wa afya wa miaka 5 ili kuimarisha utayari wa dharura wa kiafya,Kenya ochako chenro mar higni 5 mag arita mar thieth mondo ojing’ bedo moikore mar thieth mapiyo
4111,Health,General,"Nairobi- Kenya has launched its Second National Action Plan for Health Security 2026–2030, marking a significant step toward strengthening the country’s ability to prevent, detect, and respond to public health threats.","Nairobi-Kenya imezindua Mpango wake wa Pili wa Utekelezaji wa Kitaifa wa Usalama wa Afya 2026-2030, ikiashiria hatua muhimu ya kuimarisha uwezo wa nchi wa kuzuia, kugundua na kukabiliana na vitisho vya afya ya umma.","2026-2030, ma en okang’ maduong’ ahinya e keto teko mar pinyno mar geng’o, fwenyo, kendo dwoko gik ma nyalo kelo luoro e ngima mar oganda."
4112,Health,Cholera,Disease outbreak - Cholera - Kenya - 11 December 2017 | WHO | Regional Office for Africa,Mlipuko wa magonjwa - Kipindupindu - Kenya - 11 Desemba 2017 | NANI | Ofisi ya Kanda ya Afrika,Tuwo ma ng’ato nyalo yudo - Kolera - Kenya - 11 dwe mar apar gi ariyo higa mar 2017 | NG’ANO | Ofis mar Kinda mar Afrika
4113,Health,Cholera,Disease outbreak - Cholera - Kenya - 11 December 2017...,Mlipuko wa magonjwa - Kipindupindu - Kenya - 11 Desemba 2017...,Tuwo mar kolera - Kenya - tarik 11 dwe mar apar gi ariyo higa mar 2017...
4114,Health,General,"From 1 January though 29 November 2017, a total of 3967 laboratory-confirmed and probable cases including 76 deaths (case fatality rate = 1.9%) were reported by the Ministry of Health to WHO.","Kuanzia tarehe 1 Januari hadi 29 Novemba 2017, jumla ya kesi 3967 zilizothibitishwa kimaabara na zinazowezekana ikiwa ni pamoja na vifo 76 (kiwango cha vifo = 1.9%) ziliripotiwa na Wizara ya Afya kwa WHO.","Chakre tarik 1 dwe mar achiel nyaka tarik 29 dwe mar apar gi achiel higa mar 2017, kwan mar jogo ma ne oyudo tuwo 3967 kendo ma nyalo bedo ni oyudo tuwo ma oting’o tho 76 (kwan mar jogo ma ne otho = 1.9%) ne ondiki gi Ofis mar Thieth ne WHO."
4115,Health,General,"Of the cases reported, 596 were laboratory confirmed.","Kati ya kesi zilizoripotiwa, 596 zilithibitishwa maabara.","Kuom kes ma ne oyudre, 596 ne oyudre e laboratori."
4116,Health,General,Figure 1: Number of confirmed and probable cases in Kenya reported by week of illness onset from 1 January through 25 November 2017,Kielelezo cha 1: Idadi ya kesi zilizothibitishwa na zinazowezekana nchini Kenya zilizoripotiwa na wiki ya mwanzo ya ugonjwa kutoka 1 Januari hadi 25 Novemba 2017,Goro mar 1: Namba mar kes ma oyangore kod ma nyalo bedo ni nitie e piny Kenya ma ondiki kaluwore gi juma ma ne ochakoe tuo chakre tarik 1 dwe mar achiel nyaka tarik 25 dwe mar apar gi achiel higa mar 2017
4117,Health,General,"From 1 January 2017 through 29 November, 20 of 47 counties (43%) in Kenya have reported cases.","Kuanzia tarehe 1 Januari 2017 hadi 29 Novemba, kaunti 20 kati ya 47 (43%) nchini Kenya zimeripoti kesi.","Chakre tarik 1 dwe mar achiel higa mar 2017 nyaka tarik 29 dwe mar apar gi ariyo, kaunti 20 kuom kaunti 47 (43%) e piny Kenya oseyudo kes."
4118,Health,Cholera,"As of 29 November, seven counties continue to have active cholera outbreaks (Embu, Garissa, Kirinyaga, Mombasa, Nairobi, Turkana, and Wajir).","Kufikia tarehe 29 Novemba, kaunti saba zinaendelea kuwa na milipuko ya ugonjwa wa kipindupindu (Embu, Garissa, Kirinyaga, Mombasa, Nairobi, Turkana, na Wajir).","Kaka 29 dwe mar apar gi ariyo, kaunti abiriyo pod dhi nyime gi bedo gi midhiero mag kolera (Embu, Garissa, Kirinyaga, Mombasa, Nairobi, Turkana, kod Wajir)."
4119,Health,Cholera,The epidemiology of cholera for Kenya in 2017 is characterized by continuous transmission in affected communities coupled with outbreaks in camp settings and institutions or during mass gathering events.,Ugonjwa wa kipindupindu nchini Kenya mwaka wa 2017 una sifa ya maambukizi ya mara kwa mara katika jamii zilizoathirika pamoja na milipuko katika maeneo ya kambi na taasisi au wakati wa mikusanyiko ya watu wengi.,"Okang’ ma ng’ato nyalo yudoe tuwo mar kolera e piny Kenya e higa mar 2017, ochung’ne ng’ado bura ma dhi nyime e alwora ma oyudo tuwono kaachiel gi ng’ado bura e kuonde ma ji ochung’ie kod kuonde ma ji odak e iye kata e kinde ma ji mang’eny romoe."
4120,Health,General,"Continuous transmission in the community accounts for around 70% of the total cases with the majority of cases coming from the capital county, Nairobi.","Uambukizaji unaoendelea katika jamii huchangia karibu 70% ya jumla ya visa huku visa vingi vikitoka katika kaunti kuu, Nairobi.","Odhi nyime gi lando tuwono e alwora kelo 70% mar kes duto ma thoth kesgo wuok e kaunti maduong’, Nairobi."
4121,Health,General,"Transmission in camp settings occurred mainly within Garissa and Turkana counties, accounting for around 23% of the total reported cases.","Usambazaji katika mipangilio ya kambi ulifanyika hasa katika kaunti za Garissa na Turkana, zikichukua takriban 23% ya jumla ya visa vilivyoripotiwa.","Oganda ma ne oyudo tuwono ne otimore ahinya e kind gwenge mag Garissa kod Turkana, ma ne oting’o 23% mar kwan mar jogo ma ne oyudo tuwono."
4122,Health,General,"Both counties host big refugee camps, namely Dadaab and Kakuma refugee camps.","Kaunti zote mbili zina kambi kubwa za wakimbizi, ambazo ni kambi za wakimbizi za Dadaab na Kakuma.","Kaunti ariyogo duto nigi kambi madongo mag jolweny, ma gin kambi mag jolweny mag Dadaab kod Kakuma."
4123,Health,Cholera,Refugees in these camps come from countries currently experiencing complex emergencies and large cholera outbreaks.,Wakimbizi katika kambi hizi wanatoka katika nchi ambazo kwa sasa zinakabiliwa na dharura tata na milipuko mikubwa ya kipindupindu.,Jolweny ma ni e kambi ma kamago wuok e pinje ma sani yudo masira mapek ahinya kendo ma nigi tuwo maduong’ mar kolera.
4124,Health,General,"Seven percent of cases occurred in institutions and mass gathering events, where a number of people get infected from a point source.","Asilimia saba ya visa vilitokea katika taasisi na hafla za mkusanyiko mkubwa, ambapo watu kadhaa huambukizwa kutoka kwa chanzo cha uhakika.","Abiriyo kuom mia achiel mag kesgo ne otimore e kuonde ma ji mang’eny romoe, kama kwan mar ji yudoe tuwono kowuok e kama giyudoree."
4125,Health,Cholera,"The country experiences cholera outbreaks every year; however, large cyclical epidemics occur approximately every five to seven years and last for two to three years.","Nchi inakumbwa na milipuko ya kipindupindu kila mwaka; hata hivyo, magonjwa makubwa ya milipuko ya mzunguko hutokea takriban kila baada ya miaka mitano hadi saba na hudumu kwa miaka miwili hadi mitatu.","Pinyno yudo tuoche mag kolera higa ka higa; kata kamano, tuoche madongo ma ng’ato nyalo ng’ado e kindgi timore chiegni bang’ higni abich nyaka abiro kendo gibedo kuom higni ariyo nyaka adek."
4126,Health,General,The country has activated the national task force to coordinate the outbreak response activities.,Nchi imeanzisha kikosi kazi cha kitaifa kuratibu shughuli za kukabiliana na milipuko.,Pinyno oseketo riwruok mar tich mar piny mangima mondo ochak tije mag geng'o tuo mar korona.
4127,Health,General,"Since January 2017, WHO and other partners have been providing technical support to the country to control of the outbreak.","Tangu Januari 2017, WHO na washirika wengine wamekuwa wakitoa msaada wa kiufundi kwa nchi kudhibiti mlipuko huo.","Chakre dwe mar achiel higa mar 2017, WHO kod jowete mamoko osebedo ka chiwo kony mar lony ne pinyno e thiro loyo mar korona."
4128,Health,General,"Following the development of the national response plan, WHO and other partners supported the country to scale-up the outbreak response activities such as surveillance, case management, and social mobilization.","Kufuatia kutayarishwa kwa mpango wa kitaifa wa mwitikio, WHO na washirika wengine walisaidia nchi kuongeza shughuli za kukabiliana na milipuko kama vile ufuatiliaji, udhibiti wa kesi, na uhamasishaji wa kijamii.","Bang’ loso chenro mar dwoko piny piny, WHO kod jowetene mamoko ne okonyo pinyno mondo omed ng’iyo tich mar dwoko piny tuo kaka ng’iyo, rito kes, kod loso oganda."
4129,Health,Hygiene,"This was also coupled with the improvement of food hygiene standards and promotion of safe food handling, besides scaling-up Water, Sanitation, and Hygiene (WASH) related activities.","Hii pia iliambatana na uboreshaji wa viwango vya usafi wa chakula na uhamasishaji wa utunzaji salama wa chakula, kando na kuongeza shughuli zinazohusiana na Maji, Usafi wa Mazingira na Usafi (WASH).","Mano bende ne oriwre gi bero rang’iny mar ler mar chiemo kod siro rito chiemo maber, ka ok oting’o medo kwan mar tije ma tudruok gi Pi, Rieko, kod Rieko (WASH)."
4130,Health,Cholera,This resulted in a decline in the number of cholera cases.,Hii ilisababisha kupungua kwa idadi ya wagonjwa wa kipindupindu.,Mano ne omiyo kwan mar jogo ma ne oyudo tuwo mar kolera odok piny.
4131,Health,General,"Despite the decline in the number of cases reported, the outbreak appears to be clustered around two major types of settings.","Licha ya kupungua kwa idadi ya kesi zilizoripotiwa, kuzuka kunaonekana kuunganishwa karibu na aina mbili kuu za mipangilio.","Kata obedo ni kwan mar jogo ma oyudo tuwono osedok piny, nenore ni tuwono ochung’ e alwora ariyo madongo."
4132,Health,General,"First, the refugee camps particularly Kakuma and Dadaab, and second in the populous Nairobi capital county.","Kwanza, kambi za wakimbizi hasa Kakuma na Dadaab, na pili katika kaunti yenye watu wengi ya Nairobi.","Mokwongo, ne gin kambi mag jolweny ahinya ahinya e Kakuma kod Dadaab, to mar ariyo ne gin e gweng' maduong' mar Nairobi man kod oganda mathoth."
4133,Health,General,This could enable the spread of the outbreak to other districts.,Hii inaweza kuwezesha kuenea kwa mlipuko katika wilaya zingine.,Mano nyalo miyo tuwono olandre e distrikt mamoko.
4134,Health,General,"Also, previous outbreaks have shown that cases increase during the rainy season, which has started recently.","Pia, milipuko ya awali imeonyesha kuwa kesi huongezeka wakati wa mvua, ambayo imeanza hivi karibuni.","Bende, tuoche ma osetimore chon osenyiso ni tuoche medore e kinde koth, ma osechako machiegni."
4135,Health,Cholera,"In addition, various physical, social, political, and environmental factors increase the vulnerability and the susceptibility of the country’s population to the cholera outbreaks.","Zaidi ya hayo, mambo mbalimbali ya kimwili, kijamii, kisiasa na kimazingira huongeza hatari na uwezekano wa idadi ya watu nchini kwa milipuko ya kipindupindu.","Bende, gik mopogore opogore ma timore e ringruok, e kind oganda, e siasa, kod e alwora medo bedo gi nyalo mar bedo gi tuwo mar kolera kendo bedo gi nyalo mar yudo tuwo mar kolera."
4136,Health,General,"These include regional drought, conflict, and insecurity in the Horn of Africa, and the increased movement within and to the country by people fleeing conflicts in Somalia and South Sudan.","Hizi ni pamoja na ukame wa kikanda, migogoro, na ukosefu wa usalama katika Pembe ya Afrika, na kuongezeka kwa harakati ndani na ndani ya nchi na watu wanaokimbia migogoro nchini Somalia na Sudan Kusini.","Magi oriwo oro, lweny, kod bedo ni onge arita e piny Tung' mar Afrika, kod medruok mar wuoth ei pinyno kendo donjo e pinyno kuom oganda maring'o lwenje e piny Somalia kod Sudan ma Milambo."
4137,Health,General,"Overall, the risk of the current outbreak is assessed as high at the national level and low at the regional and global levels.","Kwa ujumla, hatari ya mlipuko wa sasa inatathminiwa kuwa ya juu katika ngazi ya kitaifa na chini katika viwango vya kikanda na kimataifa.","Kuom duto, nyalo mar bedo gi tuwo ma sani nitie, opim ni en gima duong’ ahinya e rang’iny mar piny kendo ni piny e rang’iny mar ng’om kod piny mangima."
4138,Health,Cholera,WHO recommends proper and timely case management in cholera treatment centres.,WHO inapendekeza usimamizi sahihi na kwa wakati wa kesi katika vituo vya matibabu ya kipindupindu.,WHO ogolo paro ni mondo otimnegi thieth mowinjore kendo e kinde mowinjore e kuonde thieth mag kolera.
4139,Health,General,"The affected communities should have improved access to water, effective sanitation, proper waste management, and enhanced hygiene and food safety practices.","Jamii zilizoathiriwa zinapaswa kuboresha upatikanaji wa maji, vyoo bora, udhibiti sahihi wa taka, na kuimarisha kanuni za usafi na usalama wa chakula.","Jodak ma ne oyudo masirano ne onego obed gi yore maber mag yudo pi, rito ler maber, rito yugi maber, kod yore mabeyo mag rito ler kod chiemo."
4140,Health,General,Key public health communication messages should be provided.,Ujumbe muhimu wa mawasiliano ya afya ya umma unapaswa kutolewa.,Owinjore omi weche madongo mag tudruok e wi thieth mar oganda.
4141,Health,General,WHO encourages travellers to the affected area to take proper hygiene precautions to prevent potential exposure.,WHO inawahimiza wasafiri kwenda eneo lililoathiriwa kuchukua tahadhari sahihi za usafi ili kuzuia kuambukizwa.,WHO jiwo jolendo ma dhi e kuonde ma tuono oyudoree mondo okaw okang’ mowinjore mar rito ler mondo kik giyud tuono.
4142,Health,General,WHO does not recommend any restriction on travel and trade to Kenya based on the information available on the current outbreak.,WHO haipendekezi vikwazo vyovyote vya usafiri na biashara hadi Kenya kulingana na taarifa zilizopo kuhusu mlipuko wa sasa.,WHO ok ogolo chik moro amora kuom wuotho ​​kod ohala e piny Kenya kaluwore gi weche ma nitie e wi tuo mar korona.
4143,Health,Cholera,Disease outbreak - Cholera - Kenya - 21 July 2017 | WHO | Regional Office for Africa,Mlipuko wa magonjwa - Kipindupindu - Kenya - 21 Julai 2017 | NANI | Ofisi ya Kanda ya Afrika,Tuwo ma ng’ato nyalo ng’ado - Kolera - Kenya - 21 dwe mar Julaini higa mar 2017 | NG’ANO | Ofis mar Kinda mar Afrika
4144,Health,Cholera,"Since the beginning of 2017, Kenya is experiencing an upsurge of cholera cases.","Tangu mwanzoni mwa 2017, Kenya inakabiliwa na ongezeko la wagonjwa wa kipindupindu.","Chakre chakruok mar higa mar 2017, piny Kenya yudo omedruok mar tuo mar kolera."
4145,Health,Cholera,The first cholera outbreak reported in 2017 was in Tana River County.,Mlipuko wa kwanza wa kipindupindu kuripotiwa mwaka wa 2017 ulikuwa katika Kaunti ya Tana River.,Tuwo mar kolera mokwongo mane oyudre e higa mar 2017 ne en e Kaunti mar Tana River.
4146,Health,General,The outbreak started on 10 October 2016 and was controlled by April 2017.,Mlipuko huo ulianza tarehe 10 Oktoba 2016 na ulidhibitiwa ifikapo Aprili 2017.,Two no ne ochakore tarik 10 dwe mar Apar higa mar 2016 kendo ne olohi kokalo dwe mar Ang'wen higa mar 2017.
4147,Health,Cholera,"A second wave of cholera outbreaks started in Garissa County on 2 April 2017 and was reported later in nine other counties including Nairobi, Murang’a, Vihiga, Mombasa, Turkana, Kericho, Nakuru, Kiambu, and Narok.","Wimbi la pili la mkurupuko wa kipindupindu lilianza katika Kaunti ya Garissa mnamo 2 Aprili 2017 na kuripotiwa baadaye katika kaunti zingine tisa zikiwemo Nairobi, Murang’a, Vihiga, Mombasa, Turkana, Kericho, Nakuru, Kiambu, na Narok.","Awa mar ariyo mar midhiero mar kolera ne ochakre e gweng' mar Garissa tarik 2 dwe mar ang'wen higa mar 2017 kendo bang'e ne owinre e gweng' mamoko 9 moriwo Nairobi, Murang'a, Vihiga, Mombasa, Turkana, Kericho, Nakuru, Kiambu, kod Narok."
4148,Health,General,The outbreak is being reported in the general population and in refugee camps.,Mlipuko huo unaripotiwa katika idadi ya watu na katika kambi za wakimbizi.,Oganda mathoth kendo e kambi mag jolweny osebedo ka ng’iyo pinyno.
4149,Health,General,"In Garissa County, the outbreak is affecting mainly Dadaab refugee camps and cases and deaths are being reported from Hagadera, Dagahaleh, and IFO2 camps.","Katika Kaunti ya Garissa, mlipuko huo unaathiri zaidi kambi za wakimbizi za Dadaab na visa na vifo vinaripotiwa kutoka kambi za Hagadera, Dagahaleh, na IFO2.","E Kambi mar Garissa, tuo no omako ahinya kambi mag jolwen ma Dadaab kendo kes kod tho iyudore kowuok e kambi mag Hagadera, Dagahaleh, kod IFO2."
4150,Health,General,"In Turkana county, the disease is also affecting Kakuma and Kalobeyei refugee camps.","Katika kaunti ya Turkana, ugonjwa huo pia unaathiri kambi za wakimbizi za Kakuma na Kalobeyei.","E aluora mar Turkana, tuo ni bende omako kambi jolwen mag Kakuma kod Kalobeyei."
4151,Health,Cholera,"In addition to the outbreak reported in the general population, there have been two point source cholera outbreaks in Nairobi County.","Mbali na mkurupuko huo ulioripotiwa katika idadi ya watu, kumekuwa na milipuko miwili ya chanzo cha kipindupindu katika Kaunti ya Nairobi.","Kaachiel gi tuo mar kolera ma oseyudore e kind oganda duto, nitie tuoche ariyo ma osebedo ka kelo tuoche mag kolera e gweng’ mar Nairobi."
4152,Health,General,One occurred among participants attending a conference in a Nairobi hotel on 22 June 2017.,Moja ilitokea miongoni mwa washiriki waliohudhuria kongamano katika hoteli moja Nairobi tarehe 22 Juni 2017.,Achiel ne otimore e kind jogo mane ochopo e chokruok e otel moro ma Nairobi tarik 22 dwe mar auchiel higa mar 2017.
4153,Health,General,A total of 146 patients associated with this outbreak have been treated in different hospitals in Nairobi.,Jumla ya wagonjwa 146 wanaohusishwa na mkurupuko huu wametibiwa katika hospitali tofauti jijini Nairobi.,Jotuwo 146 ma tudruok gi tuwoni osethiedh e osiptal mopogore opogore mag Nairobi.
4154,Health,General,A second outbreak occurred at the China Trade Fair held at the KICC Tsavo Ball between 10 and 12 July 2017.,Mlipuko wa pili ulitokea katika Maonyesho ya Biashara ya Uchina yaliyofanyika kwenye Mpira wa KICC Tsavo kati ya tarehe 10 na 12 Julai 2017.,Okang' mar ariyo ne otimore e nyiso mar ohala mar China mane olose e KICC Tsavo Ball e kind tarik 10 gi 12 dwe mar abiriyo higa mar 2017.
4155,Health,General,A total of 136 cases were reported and one death.,Jumla ya kesi 136 ziliripotiwa na kifo kimoja.,Ne oyudo kes 136 kendo achiel notho.
4156,Health,General,"Currently, the outbreak is active in two counties, namely Garissa and Nairobi.","Kwa sasa, mkurupuko huo unaendelea katika kaunti mbili, ambazo ni Garissa na Nairobi.","Kuom sani, loch ni olandore e kaunti ariyo, ma gin Garissa kod Nairobi."
4157,Health,General,"As of 17 July 2017, a total of 1216 suspected cases including 14 deaths (case fatality rate: 1.2%) have been reported since 1 January 2017.","Kufikia tarehe 17 Julai 2017, jumla ya kesi 1216 zinazoshukiwa ikiwa ni pamoja na vifo 14 (kiwango cha vifo vya kesi: 1.2%) zimeripotiwa tangu 1 Januari 2017.","Kaka 17 dwe mar auchiel higa mar 2017, kwan mar kes 1216 ma igeno ni nigi tuo mar tho ma oting’o tho 14 (kwan mar tho mag kes: 1.2%) osetimre chakre tarik 1 dwe mar achiel higa mar 2017."
4158,Health,General,"In the week ending 16 July 2017, a total of 38 cases with no deaths were reported.","Katika wiki inayoishia tarehe 16 Julai 2017, jumla ya visa 38 bila vifo viliripotiwa.","E juma ma ne orum tarik 16 dwe mar auchiel higa mar 2017, ne oyudre ni ji 38 ma onge ng’at ma notho."
4159,Health,Cholera,A total of 124 cases tested positive for Vibrio cholerae in the reference laboratory.,Jumla ya visa 124 vilipatikana na Vibrio cholerae katika maabara ya kumbukumbu.,124 ma ne oyudre gi tuo mar kolera e kar ranyisi ma ne itiyogo.
4160,Health,Cholera,"In the week ending 25 June 2017, 18 samples out of 25 tested positive for Vibrio cholerae Ogawa by culture at the National Public Health Laboratory in Nairobi.","Wiki inayoishia tarehe 25 Juni 2017, sampuli 18 kati ya 25 zilithibitishwa kuwa na Vibrio cholerae Ogawa kulingana na utamaduni katika Maabara ya Kitaifa ya Afya ya Umma jijini Nairobi.","E juma mane orumo tarik 25 dwe mar auchiel higa mar 2017, sampol 18 kuom sampol 25 ne oyudi gi midhusi mar kolera kaluwore gi kit oganda e Kar Rang'iny mar Thieth mar Oganda ma Nairobi."
4161,Health,General,"The main causative factors of the current outbreak include the high population density that is conducive to the propagation and spread of the disease, mass gatherings (a wedding party held in Karen and in a hotel during an international conference), low access to safe water and proper sanitation and the massive population movements in country and with neighbouring countries.","Sababu kuu za mlipuko wa sasa ni pamoja na msongamano mkubwa wa watu ambao unafaa kwa uenezi na kuenea kwa ugonjwa huo, mikusanyiko ya watu wengi (karamu ya harusi iliyofanyika Karen na katika hoteli wakati wa mkutano wa kimataifa), upatikanaji mdogo wa maji salama na usafi wa mazingira unaofaa na harakati kubwa ya watu nchini na nchi jirani.","Gik madongo ma kelo tuo mar korona gin kaka kwan maduong’ mar oganda ma nyalo konyo e lando kendo lando tuo mar korona, chokruok mathoth (nyasi mar keny ma ne otim e Karen kendo e otel e kinde chokruok mar piny mangima), yudo pi maler kod ler mowinjore kod kwan maduong’ mar oganda ma ni e pinje ma machiegni."
4162,Health,Cholera,"Since December 2014, the Republic of Kenya has been experiencing continuous large outbreaks of cholera, with a cumulative total of 17 597 cases reported (10 568 cases reported in 2015 and 6448 in 2016).","Tangu Desemba 2014, Jamhuri ya Kenya imekuwa ikikumbwa na milipuko mikubwa ya kipindupindu, na jumla ya kesi 17 597 zimeripotiwa (kesi 10 568 ziliripotiwa mwaka wa 2015 na 6448 mwaka wa 2016).","Chakre dwe mar apar gi ariyo higa mar 2014, piny Kenya osebedo ka yudo tuoche madongo mag kolera ma dhi nyime, kendo kwan mar jogo ma oyudo tuwo mar kolera romo 17 597 (tuwo 10 568 ma ne oyudo e higa mar 2015 to 6448 e higa mar 2016)."
4163,Health,General,The country has activated the national task force to coordinate the response to the outbreak.,Nchi imeanzisha kikosi kazi cha kitaifa kuratibu mwitikio wa mlipuko huo.,Pinyno osetiyo gi riwruok mar piny mangima mondo ochung' ne dwoko mar tuwo mar korona.
4164,Health,General,"Since January 2017, WHO and partners are providing technical support to the country for the control of the outbreak.","Tangu Januari 2017, WHO na washirika wanatoa msaada wa kiufundi kwa nchi kwa udhibiti wa mlipuko huo.","Chakre dwe mar achiel higa mar 2017, WHO kod jowetene chiwo kony mar lony ne pinyno e thiro midhiero mar korona."
4165,Health,General,The country will develop a response plan with focus on the preparedness interventions to avert further spread of the outbreak.,Nchi itaandaa mpango wa majibu kwa kuzingatia hatua za kujitayarisha ili kuzuia kuenea zaidi kwa mlipuko huo.,Piny biro loso chenro mar dwoko ma keto pach kuom yore mag ikruok mondo ogeng’ lalruok mar tuo mar korona.
4166,Health,General,The WHO country office will repurpose their staff members and experts deployed in Nairobi for the management of the post El Niño effects in the Horn of Africa to support the quick control of this outbreak.,Ofisi ya nchi ya WHO itawatumia tena wafanyikazi wake na wataalam waliotumwa Nairobi kwa usimamizi wa athari za El Niño katika Pembe ya Afrika ili kusaidia udhibiti wa haraka wa mlipuko huu.,Ofis mar piny WHO biro loso kendo jotichgi kod jolony ma gioro e Nairobi mondo ochung’ ne rito gik ma nyalo timore bang’ El Niño e piny Afrika mondo okony e geng’o mapiyo tuo mar korona.
4167,Health,General,WHO will also support the five most at risk counties with disease surveillance and response coordination.,WHO pia itaunga mkono kaunti tano zilizo hatarini zaidi na ufuatiliaji wa magonjwa na uratibu wa kukabiliana.,WHO bende biro konyo county abich ma ni e arita maduong’ie moloyo kuom ng’iyo tuoche kod loso chenro mar dwokogi.
4168,Health,Child Protection,Partners on the ground are committed to provide support to the ongoing response efforts including support to primary health care and social mobilization by United Nations Children’s Fund (UNICEF).,Washirika mashinani wamejitolea kutoa msaada kwa juhudi zinazoendelea za kukabiliana na hali hiyo ikiwa ni pamoja na usaidizi wa huduma za afya ya msingi na uhamasishaji wa kijamii na Shirika la Umoja wa Mataifa la Kuhudumia Watoto (UNICEF).,Joma tiyo kanyakla e pinyno ochung’ motegno mar chiwo kony ne tich ma dhi nyime mar dwoko ma oting’o kony ne thieth mokwongo kod loso gik moko e kind oganda gi riwruok mar nyithindo mag piny mangima (UNICEF).
4169,Health,Cholera,Cholera is an acute enteric infection caused by the ingestion of bacterium Vibrio cholerae present in faecally contaminated water or food.,Kipindupindu ni maambukizi makali ya tumbo yanayosababishwa na kumeza bakteria aina ya Vibrio cholerae iliyopo kwenye maji au chakula kilichochafuliwa na kinyesi.,Kolera en tuwo mager mar ich ma ikelo gi ng’ato ka ng’ato ma ng’ato ochamo gik ma kelo kwiri ma iye ( Vibrio kolerae ) ma yudore e pi kata chiemo ma nigi lak.
4170,Health,General,It is primarily linked to insufficient access to safe water and adequate sanitation.,Kimsingi inahusishwa na upatikanaji duni wa maji salama na usafi wa mazingira wa kutosha.,Otudore ahinya gi bedo maonge gi pi maler moromo kod bedo gi ler moromo.
4171,Health,Cholera,Cholera is always considered a potentially serious infectious disease and can cause high morbidity and mortality.,Kipindupindu daima huchukuliwa kuwa ugonjwa hatari wa kuambukiza na unaweza kusababisha magonjwa mengi na vifo.,"Kinde duto, kolera okawe kaka tuo ma nyalo mako ng’ato kendo nyalo kelo tuoche mang’eny kod tho mang’eny."
4172,Health,General,"It has the potential to spread rapidly, depending on the exposure frequency, population exposed and the context.","Ina uwezo wa kuenea kwa haraka, kulingana na marudio ya mfiduo, idadi ya watu inayofichuliwa na muktadha.","En gi nyalo mar landore mapiyo, kaluwore gi kaka ng’ato ng’iyo gik moko, kwan mar ji ma ng’iyo gik moko kod gik ma timore."
4173,Health,Cholera,Cholera outbreaks have been reported in the Republic of Kenya every year with large cyclical epidemics every five to seven years.,Milipuko ya kipindupindu imeripotiwa katika Jamhuri ya Kenya kila mwaka huku kukiwa na milipuko mikubwa ya mzunguko kila baada ya miaka mitano hadi saba.,Kolera osebedo ka yudore e piny Kenya higa ka higa ka tuoche madongo ma ng’ato nyalo ng’ado bang’ higni abich nyaka abiro.
4174,Health,General,The risk of the current outbreak is assessed as high at national and regional levels and moderate at global level.,Hatari ya mlipuko wa sasa inatathminiwa kuwa ya juu katika viwango vya kitaifa na kikanda na wastani katika kiwango cha kimataifa.,"Risiko mar tuo ma sani nitie, opim ni en gima duong’ ahinya e rang’iny mar piny kod mar ng’om kendo ni en mar piny mangima."
4175,Health,General,"The outbreak occurred in the context of a sub-regional drought, conflicts and insecurity in the Horn of Africa.","Mlipuko huo ulitokea katika muktadha wa ukame wa kikanda, migogoro na ukosefu wa usalama katika Pembe ya Afrika.","Ogandano ne otimore e kinde ma ne nitie oro matin, lwenje kod bedo maonge arita e piny Afrika."
4176,Health,General,"In addition, the outbreak is affecting the densely populated capital city Nairobi, and two large refugee camps (Kakuma and Dadaab) with massive population movements within country and between neighbouring countries.","Kwa kuongeza, mlipuko huo unaathiri mji mkuu wa Nairobi wenye wakazi wengi, na kambi mbili kubwa za wakimbizi (Kakuma na Dadaab) zenye harakati kubwa za watu ndani ya nchi na kati ya nchi jirani.","Kaachiel gi mago, loch ni mulo boma maduong' mar Nairobi ma nigi oganda mang'eny, kod kambi ariyo madongo mag jolweny (Kakuma kod Dadaab) mantie gi wuodh mathoth mar oganda ei piny kod e kind pinje man machiegni."
4177,Health,Cholera,"Previous large outbreaks in the Republic of Kenya have originated from similar settings, and the risk for propagation of cholera within the affected area as well as to other parts of the country is high.","Milipuko mikubwa ya awali katika Jamhuri ya Kenya ilitokana na mazingira kama hayo, na hatari ya kuenezwa kwa kipindupindu katika eneo lililoathiriwa na pia katika maeneo mengine ya nchi ni kubwa.","Gik madongo ma ne otimore chon e piny Kenya ne ochakore e kuonde ma chal gi mago, kendo nyalo mar lando tuo mar kolera e alwora ma tuono omakoe kaachiel gi kuonde mamoko mag pinyno ni malo ahinya."
4178,Health,General,The country has identified a limited capacity for response and low access to safe water.,Nchi imebaini uwezo mdogo wa mwitikio na upatikanaji mdogo wa maji salama.,Pinyno osefwenyo ni nyalo matin mar dwoko penjono tin kendo ni nitie pi matin mar yudo pi maler.
4179,Health,General,There is an opportunity to implement early preparedness and response measures to contain the outbreak and prevent spread.,Kuna fursa ya kutekeleza maandalizi ya mapema na hatua za kukabiliana na mlipuko na kuzuia kuenea.,Nitie thuolo mar keto e tich yore mag ikruok mapiyo kod dwoko mar geng'o tuo mar korona kendo geng'o lalruok mar tuo.
4180,Health,General,The current outbreaks linked to mass gathering activities poses additional risk of food safety as well as the need to conduct sanitary inspection in restaurants and hotels.,Mlipuko wa sasa unaohusishwa na shughuli za mkusanyiko unaleta hatari zaidi ya usalama wa chakula na hitaji la kufanya ukaguzi wa usafi katika mikahawa na hoteli.,Gik ma sani timore ma tudruok gi tije mag chokruok mar ji mang’eny kelo luoro ma medore mar rito chiemo kaachiel gi dwaro mar timo nonro mar ler e ute chiemo kod otel.
4181,Health,Cholera,WHO recommends improving the readiness of counties and health facilities to early detect and respond to the cholera outbreak as well as the reinforcement of coordination and multisectoral approaches.,WHO inapendekeza kuboresha utayari wa kaunti na vituo vya afya kutambua mapema na kukabiliana na mlipuko wa kipindupindu pamoja na uimarishaji wa uratibu na mbinu za sekta mbalimbali.,WHO ogolo paro ni mondo ober bedo moikore mar kaunti kod kuonde thieth mondo ong’e kendo ochung’ne tuwo mar kolera mapiyo kaachiel gi keto teko e riwruok kod yore mag ng’ado bura ma ng’ato ka ng’ato onego otim.
4182,Health,General,"In addition, hygiene practices in households, restaurant, hotels, refugee camps and health facilities should be improved and food safety interventions should be strengthened.","Aidha, taratibu za usafi katika kaya, migahawa, hoteli, kambi za wakimbizi na vituo vya afya zinapaswa kuboreshwa na afua za usalama wa chakula zinapaswa kuimarishwa.","Bende, onego ober yore mag rito ler e udi, kuonde chiemo, otel, kambi mag jolweny kod kuonde thieth kendo onego oket teko kuom yore mag rito chiemo."
4183,Health,General,WHO does not recommend any restriction on travel and trade to the Republic of Kenya based on the information available on the current outbreak.,WHO haipendekezi vikwazo vyovyote vya usafiri na biashara kwa Jamhuri ya Kenya kulingana na taarifa zilizopo kuhusu mlipuko wa sasa.,WHO ok ogolo paro ni onego oket chik moro amora kuom wuotho ​​kod ohala e piny Kenya kaluwore gi weche ma nitie ewi tuo mar korona.
4184,Agriculture,General,Farmers growing maize are advised to watch out for drought this season.,Wakulima wanaolima mahindi washauriwa kuchunga ukame msimu huu.,Jopur ma pidho cham omiye rieko mar bedo gi oro e kindeni.
4185,Agriculture,General,Farmers growing millet are advised to watch out for fungal blight this season.,Wakulima wanaolima wimbi washauriwa kuchunga ugonjwa wa fangasi msimu huu.,Jopur mapidho ngano ipuonjogi mondo gibed gi ritruok kuom tuoche mag fungi e kindeni.
4186,Agriculture,General,Vaccinate your cattle against mastitis before the rainy season.,Chanja ng'ombe yako dhidi ya maambukizi ya kiwele kabla ya msimu wa mvua.,Chiw ne dhiang’ mari chanjo mar geng’o tuo mar master kapok kinde koth ochopo.
4187,Agriculture,General,Farmers growing millet are advised to watch out for drought this season.,Wakulima wanaolima wimbi washauriwa kuchunga ukame msimu huu.,Jopur ma pidho ngano ipuonjogi mondo gibed gi ritruok kuom oro e kindeni.
4188,Agriculture,General,Protect your sunflower from maize streak virus by mulching early.,Linda alizeti yako dhidi ya virusi vya mistari ya mahindi kwa kufunika udongo mapema.,Riek maua mari mar chieng' kuom midhusi mar ng'injo mar ngano kuom keto lum mapiyo.
4189,Agriculture,General,Protect your sweet potatoes from fungal blight by using certified seeds.,Linda viazi vitamu yako dhidi ya ugonjwa wa fangasi kwa kutumia mbegu zilizothibitishwa.,Riek ng’injo mari mondo kik oyud tuwo mar fungal kuom tiyo kod kodhi ma nigi oboke ma nyiso ni en ng’at ma ng’iyo.
4190,Agriculture,General,Keep your cattle healthy by monitoring for signs of African swine fever.,Weka ng'ombe wako na afya kwa kuchunguza dalili za homa ya nguruwe ya Afrika.,Ket dhiang' mari obed maber kuom luwo ranyisi mag liet mar anguro ma Afrika.
4191,Agriculture,General,Keep your pigs healthy by monitoring for signs of foot-and-mouth disease.,Weka nguruwe wako na afya kwa kuchunguza dalili za ugonjwa wa miguu na midomo.,Ket anguro magi obed gi ngima maber kuom luwo ranyisi mag tuo mar tielo kod dhok.
4192,Agriculture,General,Protect your bananas from drought by rotating crops.,Linda ndizi yako dhidi ya ukame kwa kubadilisha mazao.,Rit banana mari mondo kik oyud oro kuom loko cham ma ipidho.
4193,Agriculture,General,Combine applying organic manure with proper spacing to boost your millet yield.,Changanya kutumia mbolea ya asili na nafasi sahihi ili kuongeza mavuno ya wimbi.,Riw keto lum ma dongo dongo kod thuolo mowinjore mondo omed cham mari mar ngano.
4194,Agriculture,General,Combine improving drainage with proper spacing to boost your sorghum yield.,Changanya kuboresha mifereji ya maji na nafasi sahihi ili kuongeza mavuno ya mtama.,Kod loso yore mag pi ma ng’ato nyalo ng’iewogo kod keto thuolo mowinjore mondo omed cham mar ngano.
4195,Agriculture,General,Protect your wheat from flooding by planting drought-resistant varieties.,Linda ngano yako dhidi ya mafuriko kwa kupanda aina zinazostahimili ukame.,Rit ngano mari mondo kik opong’ gi pi kuom pidho kit ngano ma ok nyal geng’o oro.
4196,Agriculture,General,Protect your beans from drought by mulching early.,Linda maharagwe yako dhidi ya ukame kwa kufunika udongo mapema.,Rit ng’injo mari mondo kik obed gi oro kuom keto lum e puoth mapiyo.
4197,Agriculture,General,Farmers growing coffee are advised to watch out for maize streak virus this season.,Wakulima wanaolima kahawa washauriwa kuchunga virusi vya mistari ya mahindi msimu huu.,Jopur mapur kahawa ipuonjo mondo oritgi gi midhusi mar ng'ado ngano e kindeni.
4198,Agriculture,General,Ask your extension officer for guidance on value addition for produce before the next planting season.,Muulize afisa ugani kuhusu uongezaji thamani wa mazao kabla ya msimu ujao wa kupanda.,Kwa apisa mari ma rito gik moko mondo omiyi yore mag medo nengo mar cham kapok kinde mar pidho mabiro ochopo.
4199,Agriculture,General,Vaccinate your cattle against anthrax before the rainy season.,Chanja ng'ombe yako dhidi ya kimeta kabla ya msimu wa mvua.,Chiw ne dhiang’i chanjo mar geng’o tuo mar anthrax kapok kinde koth ochopo.
4200,Agriculture,General,Protect your kale from coffee berry disease by rotating crops.,Linda sukuma wiki yako dhidi ya ugonjwa wa chungu wa kahawa kwa kubadilisha mazao.,Rit kale mari mondo kik oyud tuoche mag berry mag kahawa kuom loko cham ma ipidho.
4201,Agriculture,General,Combine rotating crops with proper spacing to boost your maize yield.,Changanya kubadilisha mazao na nafasi sahihi ili kuongeza mavuno ya mahindi.,Kod cham ma ilokore gi thuolo mowinjore mondo omed cham mari mar cham.
4202,Agriculture,General,Farmers growing onions are advised to watch out for root rot this season.,Wakulima wanaolima vitunguu washauriwa kuchunga kuoza kwa mizizi msimu huu.,Jopur ma pidho otungu omiye rieko mar rito lum e kindeni.
4203,Agriculture,General,Combine mulching early with proper spacing to boost your sorghum yield.,Changanya kufunika udongo mapema na nafasi sahihi ili kuongeza mavuno ya mtama.,Riw ng’ado lum mapiyo ka itiyo gi thuolo mowinjore mondo imed cham mar ngano mari.
4204,Agriculture,General,Keep your donkeys healthy by monitoring for signs of rabies.,Weka punda wako na afya kwa kuchunguza dalili za kichaa cha mbwa.,Ket punda mari obed gi ngima maber kuom luwo ranyisi mag tuo mar rabies.
4205,Agriculture,General,Protect your tea from flooding by spacing plants correctly.,Linda chai yako dhidi ya mafuriko kwa kuweka nafasi sahihi za mimea.,Rit chai mari mondo kik pi opong’ kuom keto yien e kindgi e yo makare.
4206,Agriculture,General,Combine monitoring fields weekly with proper spacing to boost your bananas yield.,Changanya kufuatilia mashamba kila wiki na nafasi sahihi ili kuongeza mavuno ya ndizi.,Riw puothe mag luwo juma ka juma kod thuolo mowinjore mondo omed cham mar ng'ombe mari.
4207,Agriculture,General,Farmers growing kale are advised to watch out for flooding this season.,Wakulima wanaolima sukuma wiki washauriwa kuchunga mafuriko msimu huu.,Jopur ma pidho kale opuonjogi mondo gibed gi ritruok kuom pi ma pong’o piny e kindeni.
4208,Agriculture,General,Keep your sheep healthy by monitoring for signs of African swine fever.,Weka kondoo wako na afya kwa kuchunguza dalili za homa ya nguruwe ya Afrika.,Ket rombe magi obed gi ngima maber kuom luwo ranyisi mag liet mar anguro ma Afrika.
4209,Agriculture,General,Vaccinate your cattle against brucellosis before the rainy season.,Chanja ng'ombe yako dhidi ya brusela kabla ya msimu wa mvua.,Chiw ne dhiang’i chanjo mar geng’o tuo mar bruselosis kapok kinde koth ochopo.
4210,Agriculture,General,Protect your sorghum from fall armyworm by practicing timely weeding.,Linda mtama yako dhidi ya funza jeshi kwa kupalilia kwa wakati.,Riek cham mari mondo kik oyud winyo ma ng’ato omako kuom timo puonjruok mar golo yien e kinde mowinjore.
4211,Agriculture,General,Farmers growing sunflower are advised to watch out for locusts this season.,Wakulima wanaolima alizeti washauriwa kuchunga nzige msimu huu.,Jopur mapidho maua mag chieng' omiye rieko mondo kik giyud winyo e kindeni.
4212,Agriculture,General,Register for the cane farmers bonus scheme before the application deadline.,Jiandikishe kwa mpango wa bonasi ya wakulima wa miwa kabla ya tarehe ya mwisho ya maombi.,Ndikri mondo iyud pesa mag jopur mag mzabibu kapok odiechieng' mogik mar oro kwayo ochopo.
4213,Agriculture,General,Combine monitoring fields weekly with proper spacing to boost your maize yield.,Changanya kufuatilia mashamba kila wiki na nafasi sahihi ili kuongeza mavuno ya mahindi.,Ket puothe mag luwo juma ka juma kod thuolo mowinjore mondo omed cham mari mar cham.
4214,Agriculture,General,Vaccinate your dairy cows against foot-and-mouth disease before the rainy season.,Chanja ng'ombe wa maziwa yako dhidi ya ugonjwa wa miguu na midomo kabla ya msimu wa mvua.,Chik ne dhiang’ magi ma nigi cak chanjo mar tuoche mag tielo kod dhok kapok kinde koth ochopo.
4215,Agriculture,General,Combine applying recommended pesticide with proper spacing to boost your millet yield.,Changanya kutumia dawa inayopendekezwa na nafasi sahihi ili kuongeza mavuno ya wimbi.,Kod tiyo kod yath mar ketho yien kod thuolo mowinjore mondo omed cham mari mar ngano.
4216,Agriculture,General,Keep your rabbits healthy by monitoring for signs of foot-and-mouth disease.,Weka sungura wako na afya kwa kuchunguza dalili za ugonjwa wa miguu na midomo.,Ket apuoyo mari obed gi ngima maber kuom luwo ranyisi mag tuoche mag tielo kod dhok.
4217,Agriculture,General,Vaccinate your pigs against anthrax before the rainy season.,Chanja nguruwe yako dhidi ya kimeta kabla ya msimu wa mvua.,Chiw ng’ombe mari chanjo mar geng’o tuo mar anthrax kapok kinde koth ochopo.
4218,Agriculture,General,Farmers growing sorghum are advised to watch out for maize streak virus this season.,Wakulima wanaolima mtama washauriwa kuchunga virusi vya mistari ya mahindi msimu huu.,Jopur ma pidho cham otelni mondo oritgi midhusi mar midhusi mar cham e kindeni.
4219,Agriculture,General,Combine planting drought-resistant varieties with proper spacing to boost your sorghum yield.,Changanya kupanda aina zinazostahimili ukame na nafasi sahihi ili kuongeza mavuno ya mtama.,Riw pidho kit yien ma ok nyal geng'o oro kod thuolo mowinjore mondo omed cham mari mar ngano.
4220,Agriculture,General,Vaccinate your poultry against African swine fever before the rainy season.,Chanja kuku yako dhidi ya homa ya nguruwe ya Afrika kabla ya msimu wa mvua.,Chiw ne winy mari chanjo mar tuo mar ng’ombe ma Afrika kapok kinde koth ochopo.
4221,Agriculture,General,Protect your kale from fall armyworm by using certified seeds.,Linda sukuma wiki yako dhidi ya funza jeshi kwa kutumia mbegu zilizothibitishwa.,Riek kale mari kuom winyo ma ng’ato nyalo yudo kuom tiyo kod kodhi ma nigi oboke mar ng’ado bura.
4222,Agriculture,General,Vaccinate your poultry against foot-and-mouth disease before the rainy season.,Chanja kuku yako dhidi ya ugonjwa wa miguu na midomo kabla ya msimu wa mvua.,Chiw ne winy mari chanjo mar tuoche mag tielo kod dhok kapok kinde koth ochopo.
4223,Agriculture,General,Protect your cassava from fungal blight by improving drainage.,Linda muhogo yako dhidi ya ugonjwa wa fangasi kwa kuboresha mifereji ya maji.,Riek mzabibu mari kuom tuoche mag fungi kuom bero yo ma pi ng’adogo.
4224,Agriculture,General,Keep your rabbits healthy by monitoring for signs of African swine fever.,Weka sungura wako na afya kwa kuchunguza dalili za homa ya nguruwe ya Afrika.,Ket apuoyo mari obed gi ngima maber kuom luwo ranyisi mag liet mar anguro ma Afrika.
4225,Agriculture,General,Combine applying organic manure with proper spacing to boost your bananas yield.,Changanya kutumia mbolea ya asili na nafasi sahihi ili kuongeza mavuno ya ndizi.,Riw keto lum ma dongo dongo kod thuolo mowinjore mondo omed cham mar ng’ombe mari.
4226,Agriculture,General,The maize seed subsidy programme is now open — visit your county office to apply.,mpango wa ruzuku ya mbegu za mahindi sasa imefunguliwa — tembelea ofisi ya kaunti yako kuomba.,Program mar konyo kodhi mag cham sani oyabere — dhi e ofis mar kaunti mari mondo ior kwayo.
4227,Agriculture,General,Farmers growing tea are advised to watch out for locusts this season.,Wakulima wanaolima chai washauriwa kuchunga nzige msimu huu.,Jopur ma pidho chai ipuonjogi mondo gibed gi ritruok kuom winyo ma ng’we ng’ar e kindeni.
4228,Agriculture,General,Report invasive pests to your county agricultural officer without delay.,Ripoti wadudu waharibifu kwa afisa kilimo wa kaunti yako bila kuchelewa.,Chiw ripot ne apisa mar pur mar kaunti mari maonge thuolo.
4229,Agriculture,General,Register for the farmer training programme before the application deadline.,Jiandikishe kwa mpango wa mafunzo ya wakulima kabla ya tarehe ya mwisho ya maombi.,Ndikri e chenro mar puonjo jopur kapok odiechieng' mogik mar oro kwayo ochopo.
4230,Agriculture,General,Combine monitoring fields weekly with proper spacing to boost your sugarcane yield.,Changanya kufuatilia mashamba kila wiki na nafasi sahihi ili kuongeza mavuno ya miwa.,Riw puothe mag luwo juma ka juma kod thuolo mowinjore mondo omed cham mar ngano.
4231,Agriculture,General,Vaccinate your sheep against rabies before the rainy season.,Chanja kondoo yako dhidi ya kichaa cha mbwa kabla ya msimu wa mvua.,Chiw rombe mari chanjo mar geng’o tuo mar rabies kapok kinde koth ochopo.
4232,Agriculture,General,Farmers growing tea are advised to watch out for maize streak virus this season.,Wakulima wanaolima chai washauriwa kuchunga virusi vya mistari ya mahindi msimu huu.,Jopur mapidho chai ipuonjogi mondo gibed morit kuom midhusi mar ng'ado cham e kindeni.
4233,Agriculture,General,Combine practicing timely weeding with proper spacing to boost your coffee yield.,Changanya kupalilia kwa wakati na nafasi sahihi ili kuongeza mavuno ya kahawa.,Riw puonjruok mar golo yien e kinde mowinjore kod keto thuolo mowinjore mondo omed cham mar kahawa mari.
4234,Agriculture,General,Farmers growing beans are advised to watch out for aphids this season.,Wakulima wanaolima maharagwe washauriwa kuchunga vidukari msimu huu.,Jopur ma pidho ng’ombe ipuonjogi mondo gibed gi ritruok kuom aphids e kindeni.
4235,Agriculture,General,Farmers growing sugarcane are advised to watch out for root rot this season.,Wakulima wanaolima miwa washauriwa kuchunga kuoza kwa mizizi msimu huu.,Jopur mapur mzabibu omiye rieko mar ng'ado ng'injo e kindeni.
4236,Agriculture,General,Vaccinate your sheep against Newcastle disease before the rainy season.,Chanja kondoo yako dhidi ya ugonjwa wa mdondo kabla ya msimu wa mvua.,Chiw rombe mari chanjo mar tuo mar Newcastle kapok kinde koth ochopo.
4237,Agriculture,General,Vaccinate your pigs against Newcastle disease before the rainy season.,Chanja nguruwe yako dhidi ya ugonjwa wa mdondo kabla ya msimu wa mvua.,Chiw ng’ombe mari chanjo mar tuo mar Newcastle kapok kinde koth ochopo.
4238,Agriculture,General,Combine using certified seeds with proper spacing to boost your rice yield.,Changanya kutumia mbegu zilizothibitishwa na nafasi sahihi ili kuongeza mavuno ya mchele.,Kod kodhi ka itiyo gi kodhi ma nigi oboke ma nyiso ni iketo thuolo mowinjore mondo imed ng’iewo mzabibu mari.
4239,Agriculture,General,Protect your sorghum from termites by monitoring fields weekly.,Linda mtama yako dhidi ya mchwa kwa kufuatilia mashamba kila wiki.,Riek cham mari kuom winyo kuom luwo puothe juma ka juma.
4240,Agriculture,General,Protect your bananas from drought by applying recommended pesticide.,Linda ndizi yako dhidi ya ukame kwa kutumia dawa inayopendekezwa.,Rit ng’injo mari mondo kik obed gi oro kuom tiyo kod yath ma ng’ato nyalo tiyogo mondo kik otho.
4241,Agriculture,General,Farmers growing maize are advised to watch out for locusts this season.,Wakulima wanaolima mahindi washauriwa kuchunga nzige msimu huu.,Jopur ma pidho cham omiye rieko mondo kik giyud winyo e kindeni.
4242,Agriculture,General,Combine rotating crops with proper spacing to boost your cassava yield.,Changanya kubadilisha mazao na nafasi sahihi ili kuongeza mavuno ya muhogo.,Kod cham ma iloko ka iketo thuolo mowinjore mondo imed cham mari mar mzabibu.
4243,Agriculture,General,Vaccinate your dairy cows against mastitis before the rainy season.,Chanja ng'ombe wa maziwa yako dhidi ya maambukizi ya kiwele kabla ya msimu wa mvua.,Chik ne dhiang’ magi ma nigi cak chanjo mar geng’o tuo mar master kapok kinde koth ochopo.
4244,Agriculture,General,Combine monitoring fields weekly with proper spacing to boost your tomatoes yield.,Changanya kufuatilia mashamba kila wiki na nafasi sahihi ili kuongeza mavuno ya nyanya.,Riw puothe mag luwo juma ka juma kod thuolo mowinjore mondo omed nyal mari mar nyanya.
4245,Agriculture,General,Don't ignore contaminated water sources on your farm — early action prevents bigger losses.,Usipuuze vyanzo vya maji vilivyochafuliwa shambani mwako — hatua za mapema huzuia hasara kubwa.,Okidwar weyo pi ma nigi chilo e puodhi mari — timo gik moko mapiyo geng’o ketho madongo.
4246,Agriculture,General,Farmers growing beans are advised to watch out for maize streak virus this season.,Wakulima wanaolima maharagwe washauriwa kuchunga virusi vya mistari ya mahindi msimu huu.,Jopur mapidho chago omiye rieko mar bedo motegno kuom midhusi mar cham e kindeni.
4247,Agriculture,General,Protect your cassava from fungal blight by applying recommended pesticide.,Linda muhogo yako dhidi ya ugonjwa wa fangasi kwa kutumia dawa inayopendekezwa.,Rik mzabibu mari mondo kik oyud tuwo mag fungi kuom tiyo kod yath ma ng'ato nyalo tiyogo mar nego yien.
4248,Agriculture,General,Protect your kale from coffee berry disease by planting drought-resistant varieties.,Linda sukuma wiki yako dhidi ya ugonjwa wa chungu wa kahawa kwa kupanda aina zinazostahimili ukame.,Riek kale mari kuom tuoche mag berry mag kahawa kuom pidho yien ma ok nyal geng'o oro.
4249,Agriculture,General,Keep your donkeys healthy by monitoring for signs of mastitis.,Weka punda wako na afya kwa kuchunguza dalili za maambukizi ya kiwele.,Ket punda mari obed gi ngima maber kuom luwo ranyisi mag tuo mar lak.
4250,Agriculture,General,Vaccinate your sheep against foot-and-mouth disease before the rainy season.,Chanja kondoo yako dhidi ya ugonjwa wa miguu na midomo kabla ya msimu wa mvua.,Chiw rombe mari chanjo mar tuoche mag tielo kod dhok kapok kinde koth ochopo.
4251,Agriculture,General,Vaccinate your goats against lumpy skin disease before the rainy season.,Chanja mbuzi yako dhidi ya ugonjwa wa ngozi ya uvimbe kabla ya msimu wa mvua.,Chiw ne dier mari chanjo mar geng’o tuoche mag dende ma lumpy kapok kinde koth ochopo.
4252,Agriculture,General,Protect your bananas from root rot by mulching early.,Linda ndizi yako dhidi ya kuoza kwa mizizi kwa kufunika udongo mapema.,Rit ng’injo mari mondo kik otur kuom ng’injogi mapiyo.
4253,Agriculture,General,Protect your coffee from root rot by improving drainage.,Linda kahawa yako dhidi ya kuoza kwa mizizi kwa kuboresha mifereji ya maji.,Rit kahawa mari mondo kik ng’injo mar ng’injo kuom bero kaka pi ng’injo.
4254,Agriculture,General,Combine using certified seeds with proper spacing to boost your wheat yield.,Changanya kutumia mbegu zilizothibitishwa na nafasi sahihi ili kuongeza mavuno ya ngano.,Kod tiyo kod kodhi ma nigi oboke ma nyiso ni nitie thuolo mowinjore mondo omed cham mar ngano mari.
4255,Agriculture,General,Report contaminated water sources to your county agricultural officer without delay.,Ripoti vyanzo vya maji vilivyochafuliwa kwa afisa kilimo wa kaunti yako bila kuchelewa.,Chiw ripot mar kuonde ma pi nigi chilo wuokie ne apisa mar pur mar kaunti mari maonge thuolo.
4256,Agriculture,General,Farmers are reminded that beekeeping training sessions are held monthly at the county office.,Wakulima wakumbushwa kuwa vipindi vya mafunzo ya ufugaji nyuki hufanyika kila mwezi katika ofisi ya kaunti.,Jopur iparo ni puonjruok mag rito kich itimo dwe ka dwe e ofis mar kaunti.
4257,Agriculture,General,Don't ignore illegal land encroachment on your farm — early action prevents bigger losses.,Usipuuze uvamizi haramu wa ardhi shambani mwako — hatua za mapema huzuia hasara kubwa.,Okidwar ng’ado bura e puoth mari e yo ma ok owinjore — timo gik moko mapiyo geng’o ketho madongo.
4258,Agriculture,General,Protect your sugarcane from fall armyworm by rotating crops.,Linda miwa yako dhidi ya funza jeshi kwa kubadilisha mazao.,Riek mzabibu mari mondo kik oyud winyo mag lweny kuom loko cham.
4259,Agriculture,General,Farmers growing sweet potatoes are advised to watch out for maize streak virus this season.,Wakulima wanaolima viazi vitamu washauriwa kuchunga virusi vya mistari ya mahindi msimu huu.,Jopur mapur sabu mabed mayom ipuonjogi mondo gibed morit kuom midhusi mar ngano e kindeni.
4260,Agriculture,General,Farmers growing tea are advised to watch out for fungal blight this season.,Wakulima wanaolima chai washauriwa kuchunga ugonjwa wa fangasi msimu huu.,Jopur mapidho chai ipuonjogi mondo gibed gi ritruok kuom tuoche mag fungi e kindeni.
4261,Agriculture,General,Protect your millet from flooding by improving drainage.,Linda wimbi yako dhidi ya mafuriko kwa kuboresha mifereji ya maji.,Rit mzabibu mari mondo kik pi opong’e kuom loso maber kaka pi ng’ado.
4262,Agriculture,General,Ask your extension officer for guidance on irrigation techniques before the next planting season.,Muulize afisa ugani kuhusu mbinu za umwagiliaji kabla ya msimu ujao wa kupanda.,Kwa apisa mari ma rito gik moko mondo omiyi yore mag pidho pi kapok kinde mar pidho mabiro ochopo.
4263,Agriculture,General,Combine applying recommended pesticide with proper spacing to boost your cotton yield.,Changanya kutumia dawa inayopendekezwa na nafasi sahihi ili kuongeza mavuno ya pamba.,Riw tiyo kod yath mag ketho yien kod thuolo mowinjore mondo omed nyal mari mar pamba.
4264,Agriculture,General,Register for the livestock insurance scheme before the application deadline.,Jiandikishe kwa mpango wa bima ya mifugo kabla ya tarehe ya mwisho ya maombi.,Indiki nying’ e chenro mar insurans mar le kapok odiechieng’ mogik mar oro kwayo ochopo.
4265,Agriculture,General,Farmers growing kale are advised to watch out for fungal blight this season.,Wakulima wanaolima sukuma wiki washauriwa kuchunga ugonjwa wa fangasi msimu huu.,Jopur ma pidho kale omiye rieko mondo kik giyud tuoche mag fungi e kindeni.
4266,Agriculture,General,Farmers growing kale are advised to watch out for locusts this season.,Wakulima wanaolima sukuma wiki washauriwa kuchunga nzige msimu huu.,Jopur ma pidho kale opuonjogi mondo gibed gi ritruok kuom winyo ma ng’we ng’ar e kindeni.
4267,Agriculture,General,Combine mulching early with proper spacing to boost your maize yield.,Changanya kufunika udongo mapema na nafasi sahihi ili kuongeza mavuno ya mahindi.,Riw mulching mapiyo kod keto thuolo mowinjore mondo omed cham mari mar cham.
4268,Agriculture,General,Combine applying recommended pesticide with proper spacing to boost your groundnuts yield.,Changanya kutumia dawa inayopendekezwa na nafasi sahihi ili kuongeza mavuno ya karanga.,Kod tiyo kod yath mar ketho yien kod keto thuolo mowinjore mondo omed cham mar njugu mari.
4269,Agriculture,General,Visit your nearest agricultural office to learn about irrigation techniques.,Tembelea ofisi ya kilimo ya karibu kujifunza kuhusu mbinu za umwagiliaji.,Dhi e ofis man machiegni kodi mar pur mondo ing'e yore mag pidho pi.
4270,Agriculture,General,Keep your pigs healthy by monitoring for signs of mastitis.,Weka nguruwe wako na afya kwa kuchunguza dalili za maambukizi ya kiwele.,Ket anguro mari obed gi ngima maber kuom luwo ranyisi mag tuo mar lak.
4271,Agriculture,General,Farmers growing tea are advised to watch out for drought this season.,Wakulima wanaolima chai washauriwa kuchunga ukame msimu huu.,Jopur ma pidho chai ipuonjogi mondo gibed gi ritruok kuom oro e kindeni.
4272,Agriculture,General,Combine spacing plants correctly with proper spacing to boost your bananas yield.,Changanya kuweka nafasi sahihi za mimea na nafasi sahihi ili kuongeza mavuno ya ndizi.,Kod yien ma iketo e kindgi e yoo makare kod yien ma iketogi e kindgi e yoo makare mondo imed ng’eny mar banana mari.
4273,Agriculture,General,Ask your extension officer for guidance on agroforestry before the next planting season.,Muulize afisa ugani kuhusu kilimo mseto kabla ya msimu ujao wa kupanda.,Kwa apisa mari ma rito gik moko mondo omiyi yore mag ng’ado yien kapok kinde mar pidho yien mabiro ochopo.
4274,Agriculture,General,Farmers growing sweet potatoes are advised to watch out for root rot this season.,Wakulima wanaolima viazi vitamu washauriwa kuchunga kuoza kwa mizizi msimu huu.,Jopur mapidho mzabibu mamit ipuonjogi mondo gibed gi ritruok kuom ng’injo mar ng’injo e kindeni.
4275,Agriculture,General,Combine planting drought-resistant varieties with proper spacing to boost your sweet potatoes yield.,Changanya kupanda aina zinazostahimili ukame na nafasi sahihi ili kuongeza mavuno ya viazi vitamu.,Riw pidho kit yien ma ok nyal geng'o oro kod thuolo mowinjore mondo omed chak mari mar sabu mabed mayom.
4276,Agriculture,General,Protect your sunflower from fall armyworm by monitoring fields weekly.,Linda alizeti yako dhidi ya funza jeshi kwa kufuatilia mashamba kila wiki.,Riek maua mari mar chieng' kuom winyo mag piny kuom luwo puothe juma ka juma.
4277,Agriculture,General,Farmers growing groundnuts are advised to watch out for maize streak virus this season.,Wakulima wanaolima karanga washauriwa kuchunga virusi vya mistari ya mahindi msimu huu.,Jopur mapidho njugu mag lo ochiw rieko mar rito midhusi mar ngano e kindeni.
4278,Agriculture,General,Keep your rabbits healthy by monitoring for signs of brucellosis.,Weka sungura wako na afya kwa kuchunguza dalili za brusela.,Ket winyo mari obed gi ngima maber kuom luwo ranyisi mag tuo mar bruselosi.
4279,Agriculture,General,Combine spacing plants correctly with proper spacing to boost your tea yield.,Changanya kuweka nafasi sahihi za mimea na nafasi sahihi ili kuongeza mavuno ya chai.,Kod yien ma iketo e kindgi e yo makare kod yien ma iketogi e kindgi e yo makare mondo imed ng’iewo chai mari.
4280,Agriculture,General,Protect your maize from coffee berry disease by applying organic manure.,Linda mahindi yako dhidi ya ugonjwa wa chungu wa kahawa kwa kutumia mbolea ya asili.,Riek cham mari kuom tuoche mag berry mag kahawa kuom keto lum ma dongo dongo.
4281,Agriculture,General,Protect your groundnuts from aphids by applying organic manure.,Linda karanga yako dhidi ya vidukari kwa kutumia mbolea ya asili.,Rit njugu mari mondo kik oyud aphid kuom keto lum ma ok otigodo e piny.
4282,Agriculture,General,Keep your dairy cows healthy by monitoring for signs of rabies.,Weka ng'ombe wa maziwa wako na afya kwa kuchunguza dalili za kichaa cha mbwa.,Ket dhiang' magi mag chak obed gi ngima maber kuom luwo ranyisi mag tuo mar rabies.
4283,Agriculture,General,Farmers growing onions are advised to watch out for drought this season.,Wakulima wanaolima vitunguu washauriwa kuchunga ukame msimu huu.,Jopur ma pidho otungu omiye rieko mar bedo gi oro e kindeni.
4284,Agriculture,General,Protect your bananas from fall armyworm by using certified seeds.,Linda ndizi yako dhidi ya funza jeshi kwa kutumia mbegu zilizothibitishwa.,Rit ng’injo mari mondo kik oyud winyo ma ng’ato nyalo yudo ka otiyo gi kodhi ma nigi oboke ma nyiso ni en ng’at ma nigi oboke.
4285,Agriculture,General,Keep your cattle healthy by monitoring for signs of mastitis.,Weka ng'ombe wako na afya kwa kuchunguza dalili za maambukizi ya kiwele.,Ket dhiang’ mari obed gi ngima maber kuom luwo ranyisi mag tuo mar lak.
4286,Agriculture,General,Protect your tomatoes from maize streak virus by rotating crops.,Linda nyanya yako dhidi ya virusi vya mistari ya mahindi kwa kubadilisha mazao.,Riek nyanya mari kuom midhusi mar ng’injo mar ngano kuom loko cham ma ipidho.
4287,Agriculture,General,The farmer training programme is now open — visit your county office to apply.,mpango wa mafunzo ya wakulima sasa imefunguliwa — tembelea ofisi ya kaunti yako kuomba.,Program mar puonjo jopur sani oyabere — dhi e ofis mar kaunti mari mondo ior kwayo.
4288,Agriculture,General,Keep your poultry healthy by monitoring for signs of lumpy skin disease.,Weka kuku wako na afya kwa kuchunguza dalili za ugonjwa wa ngozi ya uvimbe.,Ket winy mari obed gi ngima maber kuom luwo ranyisi mag tuoche mag dend lumpy.
4289,Agriculture,General,Combine practicing timely weeding with proper spacing to boost your sweet potatoes yield.,Changanya kupalilia kwa wakati na nafasi sahihi ili kuongeza mavuno ya viazi vitamu.,Riw puonjruok mar golo yien e kinde mowinjore kod keto thuolo mowinjore mondo omed chak mar sabu mari.
4290,Agriculture,General,Combine monitoring fields weekly with proper spacing to boost your wheat yield.,Changanya kufuatilia mashamba kila wiki na nafasi sahihi ili kuongeza mavuno ya ngano.,Riw puothe mag luwo juma ka juma kod thuolo mowinjore mondo omed nyal mari mar ngano.
4291,Agriculture,General,Protect your kale from fall armyworm by applying recommended pesticide.,Linda sukuma wiki yako dhidi ya funza jeshi kwa kutumia dawa inayopendekezwa.,Riek kale mari kuom winyo ma ng’ato nyalo yudo ka otiyo gi yath ma ng’ato nyalo tiyogo.
4292,Agriculture,General,Protect your bananas from fungal blight by mulching early.,Linda ndizi yako dhidi ya ugonjwa wa fangasi kwa kufunika udongo mapema.,Riek ng’injo mari mondo kik oyud tuoche mag fungi kuom ketogi e lum mapiyo.
4293,Agriculture,General,Combine applying organic manure with proper spacing to boost your cotton yield.,Changanya kutumia mbolea ya asili na nafasi sahihi ili kuongeza mavuno ya pamba.,Riw keto lum ma dongo dongo kod thuolo mowinjore mondo omed nyal mari mar pamba.
4294,Agriculture,General,Farmers are reminded that greenhouse farming training sessions are held monthly at the county office.,Wakulima wakumbushwa kuwa vipindi vya mafunzo ya kilimo cha nyumba za kijani hufanyika kila mwezi katika ofisi ya kaunti.,Jopur iparo ni puonjruok mag pur gi ot ma nigi lum ma ng’we ng’ar itimo dwe ka dwe e ofis mar kaunti.
4295,Agriculture,General,Protect your millet from termites by applying recommended pesticide.,Linda wimbi yako dhidi ya mchwa kwa kutumia dawa inayopendekezwa.,Riek cham mari mondo kik oyud winyo kuom tiyo kod yath ma ji dwaro ni otigodo.
4296,Agriculture,General,Visit your nearest agricultural office to learn about agroforestry.,Tembelea ofisi ya kilimo ya karibu kujifunza kuhusu kilimo mseto.,Dhi e ofis mar pur man machiegni kodi mondo ing’e weche mag pur.
4297,Agriculture,General,Vaccinate your rabbits against brucellosis before the rainy season.,Chanja sungura yako dhidi ya brusela kabla ya msimu wa mvua.,Chiw ne winyo mari chanjo mar geng’o tuo mar bruselosis kapok kinde koth ochopo.
4298,Agriculture,General,Report illegal land encroachment to your county agricultural officer without delay.,Ripoti uvamizi haramu wa ardhi kwa afisa kilimo wa kaunti yako bila kuchelewa.,Chiw ripot mar donjo e piny ma ok owinjore ne apisa mari mar kaunti maonge thuolo.
4299,Agriculture,General,Farmers growing tomatoes are advised to watch out for fall armyworm this season.,Wakulima wanaolima nyanya washauriwa kuchunga funza jeshi msimu huu.,Jopur ma pidho nyanya omiye rieko mondo kik giyud winyo ma nyalo ketho piny e kindeni.
4300,Agriculture,General,Keep your pigs healthy by monitoring for signs of African swine fever.,Weka nguruwe wako na afya kwa kuchunguza dalili za homa ya nguruwe ya Afrika.,Ket anguro magi obed gi ngima maber kuom luwo ranyisi mag liet mar anguro ma Afrika.
4301,Agriculture,General,Farmers growing sugarcane are advised to watch out for drought this season.,Wakulima wanaolima miwa washauriwa kuchunga ukame msimu huu.,Jopur ma pidho mzabibu omiye rieko mar bedo gi oro e kindeni.
4302,Agriculture,General,Vaccinate your rabbits against lumpy skin disease before the rainy season.,Chanja sungura yako dhidi ya ugonjwa wa ngozi ya uvimbe kabla ya msimu wa mvua.,Chiw ne winyo mari chanjo mar geng’o tuoche mag dende ma lumpy kapok kinde koth ochopo.
4303,Agriculture,General,Vaccinate your goats against African swine fever before the rainy season.,Chanja mbuzi yako dhidi ya homa ya nguruwe ya Afrika kabla ya msimu wa mvua.,Chiw dier mari chanjo mar tuo mar ng’ombe ma Afrika kapok kinde koth ochopo.
4304,Agriculture,General,Protect your tomatoes from flooding by planting drought-resistant varieties.,Linda nyanya yako dhidi ya mafuriko kwa kupanda aina zinazostahimili ukame.,Riek nyanya mari mondo kik opong’ gi pi kuom pidho kit nyanya ma ok nyal pong’ gi oro.
4305,Agriculture,General,Vaccinate your poultry against mastitis before the rainy season.,Chanja kuku yako dhidi ya maambukizi ya kiwele kabla ya msimu wa mvua.,Chiwo chanjo mar geng’o tuo mar master kapok kinde koth ochopo.
4306,Agriculture,General,Combine practicing timely weeding with proper spacing to boost your beans yield.,Changanya kupalilia kwa wakati na nafasi sahihi ili kuongeza mavuno ya maharagwe.,Riw puonjruok mar golo yien e kinde mowinjore kod keto thuolo mowinjore mondo omed cham mar beans mari.
4307,Agriculture,General,Protect your sunflower from termites by practicing timely weeding.,Linda alizeti yako dhidi ya mchwa kwa kupalilia kwa wakati.,Rit maua mari mar chieng’ mondo kik oyud winyo kuom timo puonjruok mar ng’ado yien e kinde mowinjore.
4308,Agriculture,General,Combine rotating crops with proper spacing to boost your sugarcane yield.,Changanya kubadilisha mazao na nafasi sahihi ili kuongeza mavuno ya miwa.,Kod cham ma ilokore gi thuolo mowinjore mondo omed cham mari mar ngano.
4309,Agriculture,General,Farmers growing rice are advised to watch out for locusts this season.,Wakulima wanaolima mchele washauriwa kuchunga nzige msimu huu.,Jopur ma pidho ngano ipuonjogi mondo gibed gi ritruok kuom winyo ma ng’we ng’ar e kindeni.
4310,Agriculture,General,Farmers growing sorghum are advised to watch out for drought this season.,Wakulima wanaolima mtama washauriwa kuchunga ukame msimu huu.,Jopur ma pidho ngano omiye rieko mondo kik gibed gi oro e kindeni.
4311,Agriculture,General,Protect your wheat from maize streak virus by applying organic manure.,Linda ngano yako dhidi ya virusi vya mistari ya mahindi kwa kutumia mbolea ya asili.,Riek ngano mari kuom midhusi mar ngano kuom keto lum ma dongo dongo.
4312,Agriculture,General,Vaccinate your donkeys against African swine fever before the rainy season.,Chanja punda yako dhidi ya homa ya nguruwe ya Afrika kabla ya msimu wa mvua.,Chiw ne kana mari chanjo mar tuo mar ng’ombe ma Afrika kapok kinde koth ochopo.
4313,Agriculture,General,Keep your goats healthy by monitoring for signs of anthrax.,Weka mbuzi wako na afya kwa kuchunguza dalili za kimeta.,Ket dier mari obed gi ngima maber kuom luwo ranyisi mag tuo mar anthrax.
4314,Agriculture,General,Farmers growing wheat are advised to watch out for locusts this season.,Wakulima wanaolima ngano washauriwa kuchunga nzige msimu huu.,Jopur ma pidho ngano ipuonjogi mondo gibed gi ritruok kuom winyo ma ng’we ng’ar e kindeni.
4315,Agriculture,General,Protect your sorghum from locusts by applying organic manure.,Linda mtama yako dhidi ya nzige kwa kutumia mbolea ya asili.,Riek cham mari kuom winyo kuom keto lum ma ok otigodo gi gik ma dongo dongo.
4316,Agriculture,General,Combine mulching early with proper spacing to boost your bananas yield.,Changanya kufunika udongo mapema na nafasi sahihi ili kuongeza mavuno ya ndizi.,Kod ng’ado lum mapiyo ka iketo thuolo mowinjore mondo imed ng’injo mag ng’injo mari.
4317,Agriculture,General,Vaccinate your rabbits against Newcastle disease before the rainy season.,Chanja sungura yako dhidi ya ugonjwa wa mdondo kabla ya msimu wa mvua.,Chiwo chanjo ne winyo mari mondo kik oyud tuo mar Newcastle kapok kinde koth ochopo.
4318,Agriculture,General,Protect your onions from locusts by applying organic manure.,Linda vitunguu yako dhidi ya nzige kwa kutumia mbolea ya asili.,Rit otungu mari kuom winyo kuom keto lum ma ok otigodo gi gik ma dongo dongo.
4319,Agriculture,General,Combine rotating crops with proper spacing to boost your millet yield.,Changanya kubadilisha mazao na nafasi sahihi ili kuongeza mavuno ya wimbi.,Kod cham ma ilokore gi thuolo mowinjore mondo omed cham mari mar ngano.
4320,Agriculture,General,Vaccinate your sheep against anthrax before the rainy season.,Chanja kondoo yako dhidi ya kimeta kabla ya msimu wa mvua.,Chiw rombe mari chanjo mar geng’o tuo mar anthrax kapok kinde koth ochopo.
4321,Agriculture,General,The coffee seedling development programme is now open — visit your county office to apply.,mpango wa uendelezaji wa miche ya kahawa sasa imefunguliwa — tembelea ofisi ya kaunti yako kuomba.,Program mar loso kodhi mag kahawa sani oyabere — dhi e ofis mar kaunti mari mondo ior kwayo.
4322,Agriculture,General,Vaccinate your donkeys against rabies before the rainy season.,Chanja punda yako dhidi ya kichaa cha mbwa kabla ya msimu wa mvua.,Chiwo chanjo mar geng’o tuo mar rabies kapok kinde koth ochopo.
4323,Agriculture,General,Protect your rice from termites by rotating crops.,Linda mchele yako dhidi ya mchwa kwa kubadilisha mazao.,Rit mcheche mari mondo kik oyud winyo kuom loko cham ma ipidho.
4324,Agriculture,General,Register for the fertiliser subsidy programme before the application deadline.,Jiandikishe kwa mpango wa ruzuku ya mbolea kabla ya tarehe ya mwisho ya maombi.,Ndikri mondo iyud chenro mar chiwo kony mar dongo piny kapok odiechieng’ mogik mar oro kwayo ochopo.
4325,Agriculture,General,Farmers growing sorghum are advised to watch out for termites this season.,Wakulima wanaolima mtama washauriwa kuchunga mchwa msimu huu.,Jopur ma pidho mzabibu omiye rieko mondo kik giyud winyo ma ng’we ng’ar e kindeni.
4326,Agriculture,General,Keep your donkeys healthy by monitoring for signs of anthrax.,Weka punda wako na afya kwa kuchunguza dalili za kimeta.,Ket punda mari obed gi ngima maber kuom luwo ranyisi mag tuo mar anthrax.
4327,Agriculture,General,Combine applying recommended pesticide with proper spacing to boost your cassava yield.,Changanya kutumia dawa inayopendekezwa na nafasi sahihi ili kuongeza mavuno ya muhogo.,Riw tiyo gi yath ma jiwo yien kod thuolo mowinjore mondo omed cham mari mar mzabibu.
4328,Agriculture,General,Farmers growing maize are advised to watch out for coffee berry disease this season.,Wakulima wanaolima mahindi washauriwa kuchunga ugonjwa wa chungu wa kahawa msimu huu.,Jopur mapidho cham omiye rieko mondo kik giyud tuoche mag berry mag kahawa e kindeni.
4329,Agriculture,General,Vaccinate your donkeys against brucellosis before the rainy season.,Chanja punda yako dhidi ya brusela kabla ya msimu wa mvua.,Inyalo keto ng’ombe mari chanjo mar geng’o tuo mar bruselosis kapok kinde koth ochopo.
4330,Agriculture,General,Protect your cassava from aphids by practicing timely weeding.,Linda muhogo yako dhidi ya vidukari kwa kupalilia kwa wakati.,Rit mzabibu mari mondo kik oyud aphids kuom timo puonjruok mar ng’ado yien e kinde mowinjore.
4331,Agriculture,General,Farmers growing cassava are advised to watch out for drought this season.,Wakulima wanaolima muhogo washauriwa kuchunga ukame msimu huu.,Jopur ma pidho mzabibu omiye rieko mar bedo gi oro e kindeni.
4332,Agriculture,General,Protect your kale from flooding by rotating crops.,Linda sukuma wiki yako dhidi ya mafuriko kwa kubadilisha mazao.,Rit kale mari mondo kik pi opong’ kuom loko cham.
4333,Agriculture,General,Farmers growing cassava are advised to watch out for coffee berry disease this season.,Wakulima wanaolima muhogo washauriwa kuchunga ugonjwa wa chungu wa kahawa msimu huu.,Jopur mapidho mzabibu ipuonjogi mondo gibed gi ritruok kuom tuo mar berry mag kahawa e kindeni.
4334,Agriculture,General,Report sudden livestock deaths to your county agricultural officer without delay.,Ripoti vifo vya ghafla vya mifugo kwa afisa kilimo wa kaunti yako bila kuchelewa.,Chiw ripot mar tho mapoya e le ne apisa mar pur mar kaunti mari maonge dero.
4335,Agriculture,General,Farmers growing wheat are advised to watch out for aphids this season.,Wakulima wanaolima ngano washauriwa kuchunga vidukari msimu huu.,Jopur ma pidho ngano ipuonjogi mondo gibed gi ritruok kuom aphids e kindeni.
4336,Agriculture,General,Don't ignore suspected pesticide poisoning on your farm — early action prevents bigger losses.,Usipuuze sumu ya dawa inayoshukiwa shambani mwako — hatua za mapema huzuia hasara kubwa.,Okidwar weyo gik ma igeno ni nitie gi yath ma nyalo nego yien e puodhi mari — timo gik mapiyo geng’o ketho madongo.
4337,Agriculture,General,Combine mulching early with proper spacing to boost your millet yield.,Changanya kufunika udongo mapema na nafasi sahihi ili kuongeza mavuno ya wimbi.,Riw mulching mapiyo ka iketo thuolo mowinjore mondo imed cham mari mar ngano.
4338,Agriculture,General,Keep your sheep healthy by monitoring for signs of mastitis.,Weka kondoo wako na afya kwa kuchunguza dalili za maambukizi ya kiwele.,Ket rombe mari obed gi ngima maber kuom luwo ranyisi mag tuo mar lak.
4339,Agriculture,General,Farmers growing cassava are advised to watch out for aphids this season.,Wakulima wanaolima muhogo washauriwa kuchunga vidukari msimu huu.,Jopur ma pidho mzabibu ipuonjogi mondo gibed gi ritruok kuom aphids e kindeni.
4340,Agriculture,General,Protect your onions from root rot by planting drought-resistant varieties.,Linda vitunguu yako dhidi ya kuoza kwa mizizi kwa kupanda aina zinazostahimili ukame.,Riek otungu mari mondo kik ng’injo otho kuom pidho kit otungu ma ok nyal geng’o oro.
4341,Agriculture,General,Register for the irrigation development fund before the application deadline.,Jiandikishe kwa mfuko wa uendelezaji wa umwagiliaji kabla ya tarehe ya mwisho ya maombi.,Indiki nying’ e fund mar dongruok mar pi kapok odiechieng’ mogik mar oro kwayo ochopo.
4342,Agriculture,General,The fertiliser subsidy programme is now open — visit your county office to apply.,mpango wa ruzuku ya mbolea sasa imefunguliwa — tembelea ofisi ya kaunti yako kuomba.,Program mar chiwo kony mar dongo dongo sani oyabere — dhi e ofis mar kaunti mari mondo ior kwayo.
4343,Agriculture,General,Ask your extension officer for guidance on beekeeping before the next planting season.,Muulize afisa ugani kuhusu ufugaji nyuki kabla ya msimu ujao wa kupanda.,Kwa apisa mari ma rito gik moko mondo omiyi yore mag rito kich kapok kinde mar pidho mabiro ochopo.
4344,Agriculture,General,Farmers growing bananas are advised to watch out for flooding this season.,Wakulima wanaolima ndizi washauriwa kuchunga mafuriko msimu huu.,Jopur ma pidho banana ipuonjogi mondo gibed gi ritruok kuom pi ma pong’o piny e kindeni.
4345,Agriculture,General,Protect your tomatoes from fungal blight by monitoring fields weekly.,Linda nyanya yako dhidi ya ugonjwa wa fangasi kwa kufuatilia mashamba kila wiki.,Riek nyanya mari mondo kik oyud tuwo mag fungi kuom luwo puothe juma ka juma.
4346,Agriculture,General,Protect your sunflower from root rot by applying organic manure.,Linda alizeti yako dhidi ya kuoza kwa mizizi kwa kutumia mbolea ya asili.,Rik maua mari mar chieng' mondo kik otho kuom keto lum ma dongo dongo.
4347,Agriculture,General,Farmers growing kale are advised to watch out for maize streak virus this season.,Wakulima wanaolima sukuma wiki washauriwa kuchunga virusi vya mistari ya mahindi msimu huu.,Jopur mapidho kale imiyogi rieko mar bedo motegno kuom midhusi mar cham e kindeni.
4348,Agriculture,General,Farmers growing maize are advised to watch out for fall armyworm this season.,Wakulima wanaolima mahindi washauriwa kuchunga funza jeshi msimu huu.,Jopur ma pidho chago omiye rieko mar bedo motegno kuom winyo mabiro e kindeni.
4349,Agriculture,General,Farmers growing cotton are advised to watch out for drought this season.,Wakulima wanaolima pamba washauriwa kuchunga ukame msimu huu.,Jopur mapidho pamba ipuonjogi mondo gibed gi ritruok kuom oro e kindeni.
4350,Agriculture,General,Combine improving drainage with proper spacing to boost your kale yield.,Changanya kuboresha mifereji ya maji na nafasi sahihi ili kuongeza mavuno ya sukuma wiki.,Kod loso maber yore mag pi kod keto thuolo mowinjore mondo omed cham mari mar kale.
4351,Agriculture,General,Farmers growing coffee are advised to watch out for root rot this season.,Wakulima wanaolima kahawa washauriwa kuchunga kuoza kwa mizizi msimu huu.,Jopur ma pidho kahawa ipuonjogi mondo gibed gi ritruok kuom ng’injo mar ng’injo e kindeni.
4352,Agriculture,General,Farmers growing coffee are advised to watch out for flooding this season.,Wakulima wanaolima kahawa washauriwa kuchunga mafuriko msimu huu.,Jopur ma pidho kahawa ipuonjogi mondo gibed gi ritruok kuom pi ma pong’o piny e kindeni.
4353,Agriculture,General,Farmers growing sorghum are advised to watch out for aphids this season.,Wakulima wanaolima mtama washauriwa kuchunga vidukari msimu huu.,Jopur ma pidho cham mag ngano ipuonjogi mondo gibed gi ritruok kuom aphids e kindeni.
4354,Agriculture,General,Visit your nearest agricultural office to learn about beekeeping.,Tembelea ofisi ya kilimo ya karibu kujifunza kuhusu ufugaji nyuki.,Dhi e ofis mar pur man machiegni kodi mondo ing’e weche mag rito kich.
4355,Agriculture,General,Protect your beans from drought by spacing plants correctly.,Linda maharagwe yako dhidi ya ukame kwa kuweka nafasi sahihi za mimea.,Rit beans mari mondo kik obed gi oro kuom keto yien e kindgi e yo makare.
4356,Agriculture,General,Farmers growing tomatoes are advised to watch out for termites this season.,Wakulima wanaolima nyanya washauriwa kuchunga mchwa msimu huu.,Jopur ma pidho nyanya ipuonjogi mondo gibed gi ritruok kuom winyo ma ng’ato nyalo ng’ado e kindeni.
4357,Agriculture,General,Vaccinate your cattle against lumpy skin disease before the rainy season.,Chanja ng'ombe yako dhidi ya ugonjwa wa ngozi ya uvimbe kabla ya msimu wa mvua.,Chiw ne dhiang’i chanjo mar tuoche mag dende ma lumpy kapok kinde koth ochopo.
4358,Agriculture,General,Farmers growing maize are advised to watch out for root rot this season.,Wakulima wanaolima mahindi washauriwa kuchunga kuoza kwa mizizi msimu huu.,Jopur ma pidho chago omiye rieko mar rito ng’injo mar ng’injo e kindeni.
4359,Agriculture,General,Keep your cattle healthy by monitoring for signs of lumpy skin disease.,Weka ng'ombe wako na afya kwa kuchunguza dalili za ugonjwa wa ngozi ya uvimbe.,Ket dhiang' mari obed gi ngima maber kuom luwo ranyisi mag tuoche mag pien.
4360,Agriculture,General,Farmers growing millet are advised to watch out for locusts this season.,Wakulima wanaolima wimbi washauriwa kuchunga nzige msimu huu.,Jopur ma pidho ngano ipuonjogi mondo gibed gi ritruok kuom winyo ma ng’we ng’ar e kindeni.
4361,Agriculture,General,Vaccinate your pigs against foot-and-mouth disease before the rainy season.,Chanja nguruwe yako dhidi ya ugonjwa wa miguu na midomo kabla ya msimu wa mvua.,Chiw ng’ombe mari chanjo mar tuoche mag tielo kod dhok kapok kinde koth ochopo.
4362,Agriculture,General,Vaccinate your pigs against mastitis before the rainy season.,Chanja nguruwe yako dhidi ya maambukizi ya kiwele kabla ya msimu wa mvua.,Chiw ng’ombe mari chanjo mar geng’o tuo mar master kapok kinde koth ochopo.
4363,Agriculture,General,Farmers growing coffee are advised to watch out for aphids this season.,Wakulima wanaolima kahawa washauriwa kuchunga vidukari msimu huu.,Jopur ma pidho kahawa ipuonjogi mondo gibed gi ritruok kuom aphids e kindeni.
4364,Agriculture,General,Vaccinate your donkeys against foot-and-mouth disease before the rainy season.,Chanja punda yako dhidi ya ugonjwa wa miguu na midomo kabla ya msimu wa mvua.,Chiw ng’ombe mari chanjo mar tuoche mag tielo kod dhok kapok kinde koth ochopo.
4365,Agriculture,General,Combine applying recommended pesticide with proper spacing to boost your sugarcane yield.,Changanya kutumia dawa inayopendekezwa na nafasi sahihi ili kuongeza mavuno ya miwa.,Riw tiyo kod yath ma jiwogo yien kod thuolo mowinjore mondo omed cham mar ngano mari.
4366,Agriculture,General,Protect your millet from fall armyworm by applying organic manure.,Linda wimbi yako dhidi ya funza jeshi kwa kutumia mbolea ya asili.,Rik ngano mari kuom winyo mapodho kuom keto lum ma dongo dongo.
4367,Agriculture,General,Keep your donkeys healthy by monitoring for signs of foot-and-mouth disease.,Weka punda wako na afya kwa kuchunguza dalili za ugonjwa wa miguu na midomo.,Ket punda mari obed gi ngima maber kuom luwo ranyisi mag tuoche mag tielo kod dhok.
4368,Agriculture,General,Combine planting drought-resistant varieties with proper spacing to boost your tea yield.,Changanya kupanda aina zinazostahimili ukame na nafasi sahihi ili kuongeza mavuno ya chai.,Riw pidho yien ma ok nyal bedo gi oro kod thuolo mowinjore mondo omed chak mari mar chai.
4369,Agriculture,General,Combine spacing plants correctly with proper spacing to boost your rice yield.,Changanya kuweka nafasi sahihi za mimea na nafasi sahihi ili kuongeza mavuno ya mchele.,Riw yien ma iketo e kindgi e yo makare gi yien ma iketogi e kindgi mondo imed ng’iewo mzabibu mari.
4370,Agriculture,General,Protect your onions from coffee berry disease by monitoring fields weekly.,Linda vitunguu yako dhidi ya ugonjwa wa chungu wa kahawa kwa kufuatilia mashamba kila wiki.,Rik otungu mari mondo kik oyud tuoche mag berry mag kahawa kuom luwo puothe juma ka juma.
4371,Agriculture,General,Vaccinate your poultry against Newcastle disease before the rainy season.,Chanja kuku yako dhidi ya ugonjwa wa mdondo kabla ya msimu wa mvua.,Chiw ne winyo mari chanjo mar tuo mar Newcastle kapok kinde koth ochopo.
4372,Agriculture,General,Protect your tea from fungal blight by applying recommended pesticide.,Linda chai yako dhidi ya ugonjwa wa fangasi kwa kutumia dawa inayopendekezwa.,Riek chai mari mondo kik oyud tuwo mag fungi kuom keto yath ma ji dwaro ni otigodo.
4373,Agriculture,General,Vaccinate your rabbits against anthrax before the rainy season.,Chanja sungura yako dhidi ya kimeta kabla ya msimu wa mvua.,Chiwo chanjo mar geng’o tuo mar anthrax kapok kinde koth ochopo.
4374,Agriculture,General,Combine rotating crops with proper spacing to boost your tomatoes yield.,Changanya kubadilisha mazao na nafasi sahihi ili kuongeza mavuno ya nyanya.,Kod cham ma ilokore gi thuolo mowinjore mondo omed ng’eny mar nyanya mari.
4375,Agriculture,General,Don't ignore counterfeit farm inputs on your farm — early action prevents bigger losses.,Usipuuze pembejeo bandia za kilimo shambani mwako — hatua za mapema huzuia hasara kubwa.,Okidwar weyo gik ma itiyogo e puodho ma miriambo e puoth mari — timo gik moko mapiyo geng’o ketho madongo.
4376,Agriculture,General,Combine applying organic manure with proper spacing to boost your maize yield.,Changanya kutumia mbolea ya asili na nafasi sahihi ili kuongeza mavuno ya mahindi.,Riw keto lum ma dongo dongo kod thuolo mowinjore mondo omed cham mari mar cham.
4377,Agriculture,General,Farmers growing rice are advised to watch out for coffee berry disease this season.,Wakulima wanaolima mchele washauriwa kuchunga ugonjwa wa chungu wa kahawa msimu huu.,Jopur mapidho mzabibu omiye rieko mondo kik giyud tuoche mag berry mag kahawa e kindeni.
4378,Agriculture,General,Protect your millet from coffee berry disease by monitoring fields weekly.,Linda wimbi yako dhidi ya ugonjwa wa chungu wa kahawa kwa kufuatilia mashamba kila wiki.,Rik ngano mari mondo kik oyud tuoche mag berry mag kahawa kuom luwo puothe juma ka juma.
4379,Agriculture,General,Combine using certified seeds with proper spacing to boost your millet yield.,Changanya kutumia mbegu zilizothibitishwa na nafasi sahihi ili kuongeza mavuno ya wimbi.,Kod tiyo kod kodhi ma nigi oboke ma nyiso ni nitie thuolo mowinjore mondo omed cham mari mar ngano.
4380,Agriculture,General,Farmers growing tea are advised to watch out for termites this season.,Wakulima wanaolima chai washauriwa kuchunga mchwa msimu huu.,Jopur ma pidho chai ipuonjogi mondo gibed gi ritruok kuom winyo ma ng’we ng’ar e kindeni.
4381,Agriculture,General,Protect your cotton from fungal blight by using certified seeds.,Linda pamba yako dhidi ya ugonjwa wa fangasi kwa kutumia mbegu zilizothibitishwa.,Riek pamba mari mondo kik oyud tuoche mag fungi kuom tiyo kod kodhi ma nigi oboke ma nyiso ni en adier.
4382,Agriculture,General,Ask your extension officer for guidance on greenhouse farming before the next planting season.,Muulize afisa ugani kuhusu kilimo cha nyumba za kijani kabla ya msimu ujao wa kupanda.,Kwa apisa mari ma rito gik moko mondo omiyi yore mag pur e ot ma nigi lum kapok kinde mar pidho mabiro ochopo.
4383,Agriculture,General,Keep your donkeys healthy by monitoring for signs of lumpy skin disease.,Weka punda wako na afya kwa kuchunguza dalili za ugonjwa wa ngozi ya uvimbe.,Ket punda mari obed gi ngima maber kuom luwo ranyisi mag tuoche mag del ma lumpy.
4384,Agriculture,General,Vaccinate your cattle against African swine fever before the rainy season.,Chanja ng'ombe yako dhidi ya homa ya nguruwe ya Afrika kabla ya msimu wa mvua.,Chiw ne dhiang’i chanjo mar tuo mar ng’ombe ma Afrika kapok kinde koth ochopo.
4385,Agriculture,General,Don't ignore unusual crop wilting on your farm — early action prevents bigger losses.,Usipuuze kunyauka kwa ajabu kwa mazao shambani mwako — hatua za mapema huzuia hasara kubwa.,Okidwar weyo ng’injo ma ok ng’iyore mar cham e puodhi mari — timo gik mapiyo geng’o ketho madongo.
4386,Agriculture,General,Protect your beans from fungal blight by rotating crops.,Linda maharagwe yako dhidi ya ugonjwa wa fangasi kwa kubadilisha mazao.,Riek ng’injo mari mondo kik oyud tuoche mag fungi kuom loko cham ma ipidho.
4387,Agriculture,General,Vaccinate your dairy cows against anthrax before the rainy season.,Chanja ng'ombe wa maziwa yako dhidi ya kimeta kabla ya msimu wa mvua.,Chik ne dhiang’ magi ma nigi cak chanjo mar geng’o tuo mar anthrax kapok kinde koth ochopo.
4388,Agriculture,General,Keep your sheep healthy by monitoring for signs of anthrax.,Weka kondoo wako na afya kwa kuchunguza dalili za kimeta.,Ket rombe mari obed gi ngima maber kuom luwo ranyisi mag tuo mar anthrax.
4389,Agriculture,General,Combine planting drought-resistant varieties with proper spacing to boost your rice yield.,Changanya kupanda aina zinazostahimili ukame na nafasi sahihi ili kuongeza mavuno ya mchele.,Riw pidho yien ma ok nyal geng'o oro kod thuolo mowinjore mondo omed chak mari mar ngano.
4390,Agriculture,General,The livestock insurance scheme is now open — visit your county office to apply.,mpango wa bima ya mifugo sasa imefunguliwa — tembelea ofisi ya kaunti yako kuomba.,Okang’ mar insurans mar le koro oyabere — dhi e ofis mar kaunti mari mondo ior kwayo.
4391,Agriculture,General,Protect your sunflower from fungal blight by planting drought-resistant varieties.,Linda alizeti yako dhidi ya ugonjwa wa fangasi kwa kupanda aina zinazostahimili ukame.,Riek maua mari mar chieng' kuom pidho yien ma ok nyal geng'o oro.
4392,Agriculture,General,Protect your sorghum from fall armyworm by rotating crops.,Linda mtama yako dhidi ya funza jeshi kwa kubadilisha mazao.,Rik cham mari mondo kik oyud winyo ma ng’ato nyalo yudo kuom loko cham.
4393,Agriculture,General,Vaccinate your goats against Newcastle disease before the rainy season.,Chanja mbuzi yako dhidi ya ugonjwa wa mdondo kabla ya msimu wa mvua.,Chiw dier mari chanjo mar tuo mar Newcastle kapok kinde koth ochopo.
4394,Agriculture,General,Protect your rice from locusts by planting drought-resistant varieties.,Linda mchele yako dhidi ya nzige kwa kupanda aina zinazostahimili ukame.,Rit mzabibu mari kuom winyo kuom pidho kit mzabibu ma ok nyal geng’o oro.
4395,Agriculture,General,Farmers are reminded that farm record keeping training sessions are held monthly at the county office.,Wakulima wakumbushwa kuwa vipindi vya mafunzo ya uhifadhi wa kumbukumbu za shamba hufanyika kila mwezi katika ofisi ya kaunti.,Jopur iparo ni puonjruok mag rito rekod mag puodho itimo dwe ka dwe e ofis mar kaunti.
4396,Agriculture,General,Ask your extension officer for guidance on climate-smart farming before the next planting season.,Muulize afisa ugani kuhusu kilimo hai cha tabianchi kabla ya msimu ujao wa kupanda.,Kwa apisa mari ma rito gik moko mondo omiyi yore mag pur ma rito piny kapok kinde mar pidho mabiro ochopo.
4397,Agriculture,General,Farmers growing sugarcane are advised to watch out for aphids this season.,Wakulima wanaolima miwa washauriwa kuchunga vidukari msimu huu.,Jopur ma pidho mzabibu ipuonjogi mondo gibed gi ritruok kuom aphids e kindeni.
4398,Agriculture,General,Combine monitoring fields weekly with proper spacing to boost your sunflower yield.,Changanya kufuatilia mashamba kila wiki na nafasi sahihi ili kuongeza mavuno ya alizeti.,Riw puothe mag luwo juma ka juma kod thuolo mowinjore mondo imed cham mar maua chieng'.
4399,Agriculture,General,Protect your cassava from drought by spacing plants correctly.,Linda muhogo yako dhidi ya ukame kwa kuweka nafasi sahihi za mimea.,Rit mzabibu mari mondo kik obed gi oro kuom keto yien e kindgi e yo makare.
4400,Agriculture,General,Vaccinate your dairy cows against Newcastle disease before the rainy season.,Chanja ng'ombe wa maziwa yako dhidi ya ugonjwa wa mdondo kabla ya msimu wa mvua.,Chiw chanjo ne dhiang' mari mamiyo cak mar geng'o tuo mar Newcastle kapok kinde koth ochopo.
4401,Agriculture,General,Keep your goats healthy by monitoring for signs of foot-and-mouth disease.,Weka mbuzi wako na afya kwa kuchunguza dalili za ugonjwa wa miguu na midomo.,Ket dier mari obed gi ngima maber kuom luwo ranyisi mag tuoche mag tielo kod dhok.
4402,Agriculture,General,Farmers growing beans are advised to watch out for coffee berry disease this season.,Wakulima wanaolima maharagwe washauriwa kuchunga ugonjwa wa chungu wa kahawa msimu huu.,Jopur mapidho olemb ng'ombe ipuonjo mondo oritgi tuoche mag berry mag kahawa e kindeni.
4403,Agriculture,General,Farmers growing sorghum are advised to watch out for fungal blight this season.,Wakulima wanaolima mtama washauriwa kuchunga ugonjwa wa fangasi msimu huu.,Jopur mapidho ngano omiye rieko mondo kik giyud midhiero mag fungi e kindeni.
4404,Agriculture,General,Combine applying organic manure with proper spacing to boost your beans yield.,Changanya kutumia mbolea ya asili na nafasi sahihi ili kuongeza mavuno ya maharagwe.,Riw keto lum ma dongo dongo kod thuolo mowinjore mondo omed cham mar beans mari.
4405,Agriculture,General,Keep your sheep healthy by monitoring for signs of Newcastle disease.,Weka kondoo wako na afya kwa kuchunguza dalili za ugonjwa wa mdondo.,Ket rombe magi obed mangima kuom luwo ranyisi mag tuo mar Newcastle.
4406,Agriculture,General,Vaccinate your rabbits against foot-and-mouth disease before the rainy season.,Chanja sungura yako dhidi ya ugonjwa wa miguu na midomo kabla ya msimu wa mvua.,Chiw ne winyo mari chanjo mar tuoche mag tielo kod dhok kapok kinde koth ochopo.
4407,Agriculture,General,Protect your groundnuts from termites by spacing plants correctly.,Linda karanga yako dhidi ya mchwa kwa kuweka nafasi sahihi za mimea.,Rit njugu mari mondo kik oyud winyo kuom keto yien e kindgi e yo makare.
4408,Agriculture,General,Combine using certified seeds with proper spacing to boost your bananas yield.,Changanya kutumia mbegu zilizothibitishwa na nafasi sahihi ili kuongeza mavuno ya ndizi.,Kod tiyo kod kodhi ma nigi oboke ma nyiso ni nitie thuolo mowinjore mondo omed ng’injo mari mar banana.
4409,Agriculture,General,Vaccinate your donkeys against mastitis before the rainy season.,Chanja punda yako dhidi ya maambukizi ya kiwele kabla ya msimu wa mvua.,Inyalo keto ng’ombe mari chanjo mar geng’o tuo mar master kapok kinde koth ochopo.
4410,Agriculture,General,Combine applying organic manure with proper spacing to boost your kale yield.,Changanya kutumia mbolea ya asili na nafasi sahihi ili kuongeza mavuno ya sukuma wiki.,Riw keto lum ma dongo dongo kod thuolo mowinjore mondo omed cham mari mar kale.
4411,Agriculture,General,Combine using certified seeds with proper spacing to boost your tea yield.,Changanya kutumia mbegu zilizothibitishwa na nafasi sahihi ili kuongeza mavuno ya chai.,Kod tiyo kod kodhi ma nigi oboke ma nyiso ni nitie thuolo mowinjore mondo omed cham mari mar chai.
4412,Agriculture,General,Protect your sorghum from drought by rotating crops.,Linda mtama yako dhidi ya ukame kwa kubadilisha mazao.,Rit ng’injo mari mondo kik oyud oro kuom loko cham ma ipidho.
4413,Agriculture,General,The cane farmers bonus scheme is now open — visit your county office to apply.,mpango wa bonasi ya wakulima wa miwa sasa imefunguliwa — tembelea ofisi ya kaunti yako kuomba.,Okang’ mar bonus mar jopur mag mzabibu koro oyabere — dhi e ofis mar kaunti mari mondo ior kwayo.
4414,Agriculture,General,Protect your maize from aphids by mulching early.,Linda mahindi yako dhidi ya vidukari kwa kufunika udongo mapema.,Rit cham mari mondo kik oyud aphids kuom ng’ado lum mapiyo.
4415,Agriculture,General,Combine mulching early with proper spacing to boost your onions yield.,Changanya kufunika udongo mapema na nafasi sahihi ili kuongeza mavuno ya vitunguu.,Riw mulching mapiyo kod keto thuolo mowinjore mondo omed ng’eny mar otungu mari.
4416,Agriculture,General,Farmers growing coffee are advised to watch out for locusts this season.,Wakulima wanaolima kahawa washauriwa kuchunga nzige msimu huu.,Jopur ma pidho kahawa ipuonjogi mondo gibed gi ritruok kuom winyo mabiro e kindeni.
4417,Agriculture,General,Farmers growing kale are advised to watch out for drought this season.,Wakulima wanaolima sukuma wiki washauriwa kuchunga ukame msimu huu.,Jopur ma pidho kale opuonjogi mondo gibed gi ritruok kuom oro e kindeni.
4418,Agriculture,General,Farmers growing beans are advised to watch out for termites this season.,Wakulima wanaolima maharagwe washauriwa kuchunga mchwa msimu huu.,Jopur ma pidho beans opuonjogi mondo gibed gi ritruok kuom winyo ma ng’ato nyalo ng’ado e kindeni.
4419,Agriculture,General,Farmers growing groundnuts are advised to watch out for fall armyworm this season.,Wakulima wanaolima karanga washauriwa kuchunga funza jeshi msimu huu.,Jopur ma pidho njugu mag lowo ipuonjogi mondo gibed gi ritruok kuom winyo ma nyalo ketho piny e kindeni.
4420,Agriculture,General,Farmers growing groundnuts are advised to watch out for locusts this season.,Wakulima wanaolima karanga washauriwa kuchunga nzige msimu huu.,Jopur ma pidho njugu mag lowo opuonjgi mondo gibed gi ritruok kuom winyo ma ng’we ng’ar e kindeni.
4421,Agriculture,General,Protect your millet from flooding by rotating crops.,Linda wimbi yako dhidi ya mafuriko kwa kubadilisha mazao.,Rit mzabibu mari mondo kik opong’ gi pi kuom loko cham.
4422,Agriculture,General,Keep your dairy cows healthy by monitoring for signs of brucellosis.,Weka ng'ombe wa maziwa wako na afya kwa kuchunguza dalili za brusela.,Ket dhiang' mari mamiyo chak obed gi ngima maber kuom luwo ranyisi mag tuo mar bruselosi.
4423,Agriculture,General,Vaccinate your poultry against rabies before the rainy season.,Chanja kuku yako dhidi ya kichaa cha mbwa kabla ya msimu wa mvua.,Chiw ne winy mari chanjo mar geng’o tuo mar rabies kapok kinde koth ochopo.
4424,Agriculture,General,Farmers growing cotton are advised to watch out for coffee berry disease this season.,Wakulima wanaolima pamba washauriwa kuchunga ugonjwa wa chungu wa kahawa msimu huu.,Jopur mapur pamba ipuonjo mondo orit tuoche mag berry mag kahawa e kindeni.
4425,Agriculture,General,Keep your donkeys healthy by monitoring for signs of brucellosis.,Weka punda wako na afya kwa kuchunguza dalili za brusela.,Ket punda mari obed gi ngima maber kuom luwo ranyisi mag tuo mar bruselosis.
4426,Agriculture,General,Keep your donkeys healthy by monitoring for signs of African swine fever.,Weka punda wako na afya kwa kuchunguza dalili za homa ya nguruwe ya Afrika.,Ket punda magi obed gi ngima maber kuom luwo ranyisi mag liet mar anguro ma Afrika.
4427,Agriculture,General,Vaccinate your poultry against anthrax before the rainy season.,Chanja kuku yako dhidi ya kimeta kabla ya msimu wa mvua.,Chiw ne winy mari chanjo mar geng’o tuo mar anthrax kapok kinde koth ochopo.
4428,Agriculture,General,Farmers growing tea are advised to watch out for flooding this season.,Wakulima wanaolima chai washauriwa kuchunga mafuriko msimu huu.,Jopur ma pidho chai ipuonjogi mondo gibed gi ritruok kuom pi ma pong’o piny e kindeni.
4429,Agriculture,General,Combine mulching early with proper spacing to boost your kale yield.,Changanya kufunika udongo mapema na nafasi sahihi ili kuongeza mavuno ya sukuma wiki.,Kod ng’ado lum mapiyo ka itiyo gi thuolo mowinjore mondo imed ng’iewo kale mari.
4430,Agriculture,General,Protect your cassava from termites by rotating crops.,Linda muhogo yako dhidi ya mchwa kwa kubadilisha mazao.,Rit mzabibu mari mondo kik oyud winyo kuom loko cham ma ipidho.
4431,Agriculture,General,Protect your tomatoes from maize streak virus by using certified seeds.,Linda nyanya yako dhidi ya virusi vya mistari ya mahindi kwa kutumia mbegu zilizothibitishwa.,Rik nyanya mari kuom midhusi mar ng’injo mar ngano kuom tiyo kod kodhi ma nigi oboke mar ng’eyo.
4432,Agriculture,General,Vaccinate your pigs against African swine fever before the rainy season.,Chanja nguruwe yako dhidi ya homa ya nguruwe ya Afrika kabla ya msimu wa mvua.,Chiw ng’ombe mari chanjo mar tuo mar ng’ombe ma Afrika kapok kinde koth ochopo.
4433,Agriculture,General,Combine applying recommended pesticide with proper spacing to boost your sorghum yield.,Changanya kutumia dawa inayopendekezwa na nafasi sahihi ili kuongeza mavuno ya mtama.,Riw tiyo gi yath ma ji dwaro ni otigodo kod keto thuolo mowinjore mondo omed cham mar ngano.
4434,Agriculture,General,The young farmers digital registration drive is now open — visit your county office to apply.,zoezi la usajili wa kidijitali wa wakulima vijana sasa imefunguliwa — tembelea ofisi ya kaunti yako kuomba.,<2Zepa> Okang’ mar ndiko nying’ jopur matindo e yor dijital sani oyabere — dhi e ofis mar kaunti mari mondo ior kwayo.
4435,Agriculture,General,Combine rotating crops with proper spacing to boost your onions yield.,Changanya kubadilisha mazao na nafasi sahihi ili kuongeza mavuno ya vitunguu.,Riw cham ma ilokore gi thuolo mowinjore mondo omed cham mar otungu mari.
4436,Agriculture,General,Combine mulching early with proper spacing to boost your wheat yield.,Changanya kufunika udongo mapema na nafasi sahihi ili kuongeza mavuno ya ngano.,Riw ng’ado lum mapiyo ka itiyo gi thuolo mowinjore mondo imed ng’iewo ngano mari.
4437,Agriculture,General,Visit your nearest agricultural office to learn about climate-smart farming.,Tembelea ofisi ya kilimo ya karibu kujifunza kuhusu kilimo hai cha tabianchi.,Dhi e apis mar pur man machiegni kodi mondo ing'e weche mag pur ma luwo chal mar kor lwasi.
4438,Agriculture,General,Keep your poultry healthy by monitoring for signs of brucellosis.,Weka kuku wako na afya kwa kuchunguza dalili za brusela.,Ket winy mari obed gi ngima maber kuom luwo ranyisi mag tuo mar bruselosis.
4439,Agriculture,General,Protect your rice from drought by rotating crops.,Linda mchele yako dhidi ya ukame kwa kubadilisha mazao.,Rit mzabibu mari mondo kik obed gi oro kuom loko cham ma ipidho.
4440,Agriculture,General,Combine applying organic manure with proper spacing to boost your wheat yield.,Changanya kutumia mbolea ya asili na nafasi sahihi ili kuongeza mavuno ya ngano.,Riw keto lum ma dongo dongo kod thuolo mowinjore mondo omed cham mar ngano mari.
4441,Agriculture,General,Farmers growing tomatoes are advised to watch out for flooding this season.,Wakulima wanaolima nyanya washauriwa kuchunga mafuriko msimu huu.,Jopur ma pidho nyanya ipuonjogi mondo gibed gi ritruok kuom pi ma pong’o piny e kindeni.
4442,Agriculture,General,Vaccinate your dairy cows against brucellosis before the rainy season.,Chanja ng'ombe wa maziwa yako dhidi ya brusela kabla ya msimu wa mvua.,Chik ne dhiang’ magi ma nigi cak chanjo mar geng’o tuo mar bruselosis kapok kinde koth ochopo.
4443,Agriculture,General,Combine using certified seeds with proper spacing to boost your sorghum yield.,Changanya kutumia mbegu zilizothibitishwa na nafasi sahihi ili kuongeza mavuno ya mtama.,Kod tiyo kod kodhi ma nigi oboke ma nyiso ni nitie thuolo mowinjore mondo omed cham mari mar ngano.
4444,Agriculture,General,Farmers growing tomatoes are advised to watch out for drought this season.,Wakulima wanaolima nyanya washauriwa kuchunga ukame msimu huu.,Jopur ma pidho nyanya ipuonjogi mondo gibed gi ritruok kuom oro e kindeni.
4445,Agriculture,General,Combine practicing timely weeding with proper spacing to boost your rice yield.,Changanya kupalilia kwa wakati na nafasi sahihi ili kuongeza mavuno ya mchele.,Riw puonjruok mar golo yien e kinde mowinjore kod keto thuolo mowinjore mondo omed cham mar ngano mari.
4446,Agriculture,General,Keep your dairy cows healthy by monitoring for signs of mastitis.,Weka ng'ombe wa maziwa wako na afya kwa kuchunguza dalili za maambukizi ya kiwele.,Ket dhiang' mari mamiyo chak obed gi ngima maber kuom luwo ranyisi mag tuo mar lak.
4447,Agriculture,General,Combine using certified seeds with proper spacing to boost your cotton yield.,Changanya kutumia mbegu zilizothibitishwa na nafasi sahihi ili kuongeza mavuno ya pamba.,Riw ka itiyo kod kodhi ma nigi oboke ma nyiso thuolo mowinjore mondo imed chak mari mar pamba.
4448,Agriculture,General,Protect your maize from maize streak virus by practicing timely weeding.,Linda mahindi yako dhidi ya virusi vya mistari ya mahindi kwa kupalilia kwa wakati.,Rik chago mari kuom midhusi mar ng'ado chago kuom timo puonjruok mar golo yien e kinde mowinjore.
4449,Agriculture,General,Keep your pigs healthy by monitoring for signs of lumpy skin disease.,Weka nguruwe wako na afya kwa kuchunguza dalili za ugonjwa wa ngozi ya uvimbe.,Ket anguro magi obed gi ngima maber kuom luwo ranyisi mag tuo mar del ma opong' gi lumpy.
4450,Agriculture,General,Keep your pigs healthy by monitoring for signs of rabies.,Weka nguruwe wako na afya kwa kuchunguza dalili za kichaa cha mbwa.,Ket anguro mari obed gi ngima maber kuom luwo ranyisi mag tuo mar rabies.
4451,Agriculture,General,Keep your donkeys healthy by monitoring for signs of Newcastle disease.,Weka punda wako na afya kwa kuchunguza dalili za ugonjwa wa mdondo.,Ket puonde magi obed mangima kuom luwo ranyisi mag tuo mar Newcastle.
4452,Agriculture,General,Keep your poultry healthy by monitoring for signs of rabies.,Weka kuku wako na afya kwa kuchunguza dalili za kichaa cha mbwa.,Ket winy mari obed gi ngima maber kuom luwo ranyisi mag tuo mar rabies.
4453,Agriculture,General,Combine rotating crops with proper spacing to boost your coffee yield.,Changanya kubadilisha mazao na nafasi sahihi ili kuongeza mavuno ya kahawa.,Kod cham ma ilokore gi thuolo mowinjore mondo omed cham mari mar kahawa.
4454,Agriculture,General,Combine practicing timely weeding with proper spacing to boost your cassava yield.,Changanya kupalilia kwa wakati na nafasi sahihi ili kuongeza mavuno ya muhogo.,Riw puonjruok mar golo lum e kinde mowinjore kod keto thuolo mowinjore mondo omed cham mari mar lum.
4455,Agriculture,General,Combine applying organic manure with proper spacing to boost your onions yield.,Changanya kutumia mbolea ya asili na nafasi sahihi ili kuongeza mavuno ya vitunguu.,Riw keto lum ma dongo dongo kod thuolo mowinjore mondo omed chak mar otungu mari.
4456,Agriculture,General,Combine spacing plants correctly with proper spacing to boost your coffee yield.,Changanya kuweka nafasi sahihi za mimea na nafasi sahihi ili kuongeza mavuno ya kahawa.,Riw yien ma iketo thuolo maber e yo makare gi thuolo mowinjore mondo imed kelo kahawa mari.
4457,Agriculture,General,Keep your poultry healthy by monitoring for signs of Newcastle disease.,Weka kuku wako na afya kwa kuchunguza dalili za ugonjwa wa mdondo.,Ket winy mari obed mangima kuom luwo ranyisi mag tuo mar Newcastle.
4458,Agriculture,General,Farmers are reminded that agroforestry training sessions are held monthly at the county office.,Wakulima wakumbushwa kuwa vipindi vya mafunzo ya kilimo mseto hufanyika kila mwezi katika ofisi ya kaunti.,Jopur iparo ni puonjruok mag pur itimo dwe ka dwe e ofis mar kaunti.
4459,Agriculture,General,Protect your rice from drought by improving drainage.,Linda mchele yako dhidi ya ukame kwa kuboresha mifereji ya maji.,Rit mzabibu mari mondo kik obed gi oro kuom loso maber kaka pi ng’ado.
4460,Agriculture,General,Vaccinate your cattle against Newcastle disease before the rainy season.,Chanja ng'ombe yako dhidi ya ugonjwa wa mdondo kabla ya msimu wa mvua.,Chiw ne dhiang’ mari chanjo mar tuo mar Newcastle kapok kinde koth ochopo.
4461,Agriculture,General,Combine improving drainage with proper spacing to boost your rice yield.,Changanya kuboresha mifereji ya maji na nafasi sahihi ili kuongeza mavuno ya mchele.,Riw bero yore mag pi kod keto thuolo mowinjore mondo omed cham mar ngano mari.
4462,Agriculture,General,The irrigation development fund is now open — visit your county office to apply.,mfuko wa uendelezaji wa umwagiliaji sasa imefunguliwa — tembelea ofisi ya kaunti yako kuomba.,<2Zepa> Fund mar dongruok mar pi sani oyabere — dhi e ofis mar kaunti mari mondo ior kwayo.
4463,Agriculture,General,Vaccinate your goats against foot-and-mouth disease before the rainy season.,Chanja mbuzi yako dhidi ya ugonjwa wa miguu na midomo kabla ya msimu wa mvua.,Chiw ne dier mari chanjo mar tuoche mag tielo kod dhok kapok kinde koth ochopo.
4464,Agriculture,General,Protect your kale from drought by spacing plants correctly.,Linda sukuma wiki yako dhidi ya ukame kwa kuweka nafasi sahihi za mimea.,Rit kale mari mondo kik oyud oro kuom keto yien e kindgi e yo makare.
4465,Agriculture,General,Keep your poultry healthy by monitoring for signs of foot-and-mouth disease.,Weka kuku wako na afya kwa kuchunguza dalili za ugonjwa wa miguu na midomo.,Ket winy mari obed gi ngima maber kuom luwo ranyisi mag tuoche mag tielo kod dhok.
4466,Agriculture,General,Keep your dairy cows healthy by monitoring for signs of foot-and-mouth disease.,Weka ng'ombe wa maziwa wako na afya kwa kuchunguza dalili za ugonjwa wa miguu na midomo.,Ket dhiang' magi ma chak obed gi ngima maber kuom luwo ranyisi mag tuoche mag tielo kod dhok.
4467,Agriculture,General,Combine monitoring fields weekly with proper spacing to boost your tea yield.,Changanya kufuatilia mashamba kila wiki na nafasi sahihi ili kuongeza mavuno ya chai.,Riw puothe mag luwo juma ka juma kod thuolo mowinjore mondo omed chak mari mar chai.
4468,Agriculture,General,Keep your rabbits healthy by monitoring for signs of Newcastle disease.,Weka sungura wako na afya kwa kuchunguza dalili za ugonjwa wa mdondo.,Ket apuoyo magi obed mangima kuom luwo ranyisi mag tuo mar Newcastle.
4469,Agriculture,General,Combine improving drainage with proper spacing to boost your onions yield.,Changanya kuboresha mifereji ya maji na nafasi sahihi ili kuongeza mavuno ya vitunguu.,Riw bero yor pi kod keto thuolo mowinjore mondo omed cham mar otungu mari.
4470,Agriculture,General,Combine using certified seeds with proper spacing to boost your sunflower yield.,Changanya kutumia mbegu zilizothibitishwa na nafasi sahihi ili kuongeza mavuno ya alizeti.,Kod ka itiyo gi kodhi ma nigi oboke ma nyiso ni nitie thuolo mowinjore mondo omed cham mar maua mar chieng'.
4471,Agriculture,General,Farmers growing kale are advised to watch out for coffee berry disease this season.,Wakulima wanaolima sukuma wiki washauriwa kuchunga ugonjwa wa chungu wa kahawa msimu huu.,Jopur ma pidho kale omiye rieko mondo kik giyud tuoche mag berry mag kahawa e kindeni.
4472,Agriculture,General,Farmers growing cassava are advised to watch out for flooding this season.,Wakulima wanaolima muhogo washauriwa kuchunga mafuriko msimu huu.,Jopur ma pidho mzabibu ipuonjogi mondo gibed gi ritruok kuom pi ma pong’o piny e kindeni.
4473,Agriculture,General,Vaccinate your goats against rabies before the rainy season.,Chanja mbuzi yako dhidi ya kichaa cha mbwa kabla ya msimu wa mvua.,Chiw ne dier mari chanjo mar geng’o tuo mar rabies kapok kinde koth ochopo.
4474,Agriculture,General,Farmers growing tomatoes are advised to watch out for root rot this season.,Wakulima wanaolima nyanya washauriwa kuchunga kuoza kwa mizizi msimu huu.,Jopur ma pidho nyanya ipuonjogi mondo gibed gi ritruok kuom ng’injo mar ng’injo e kindeni.
4475,Agriculture,General,Protect your millet from aphids by applying organic manure.,Linda wimbi yako dhidi ya vidukari kwa kutumia mbolea ya asili.,Rit cham mari mondo kik oyud aphids kuom keto lum ma ok otigodo gi gik ma dongo dongo.
4476,Agriculture,General,Protect your sorghum from root rot by mulching early.,Linda mtama yako dhidi ya kuoza kwa mizizi kwa kufunika udongo mapema.,Riek cham mari mondo kik otur kuom ng’ado lum mapiyo.
4477,Agriculture,General,Keep your goats healthy by monitoring for signs of African swine fever.,Weka mbuzi wako na afya kwa kuchunguza dalili za homa ya nguruwe ya Afrika.,Ket dier magi obed gi ngima maber kuom luwo ranyisi mag liet mar anguro ma Afrika.
4478,Agriculture,General,Keep your rabbits healthy by monitoring for signs of mastitis.,Weka sungura wako na afya kwa kuchunguza dalili za maambukizi ya kiwele.,Ket winyo mari obed gi ngima maber kuom luwo ranyisi mag tuo mar lak.
4479,Agriculture,General,Farmers growing tea are advised to watch out for fall armyworm this season.,Wakulima wanaolima chai washauriwa kuchunga funza jeshi msimu huu.,Jopur ma pidho chai ipuonjogi mondo gibed gi ritruok kuom winyo ma nyalo ketho piny e kindeni.
4480,Agriculture,General,Combine mulching early with proper spacing to boost your groundnuts yield.,Changanya kufunika udongo mapema na nafasi sahihi ili kuongeza mavuno ya karanga.,Kod ng’ado lum mapiyo ka iketo thuolo mowinjore mondo imed ng’iewo lum mari.
4481,Agriculture,General,Keep your goats healthy by monitoring for signs of rabies.,Weka mbuzi wako na afya kwa kuchunguza dalili za kichaa cha mbwa.,Ket dier mari obed gi ngima maber kuom luwo ranyisi mag tuo mar rabies.
4482,Agriculture,General,Protect your cotton from root rot by using certified seeds.,Linda pamba yako dhidi ya kuoza kwa mizizi kwa kutumia mbegu zilizothibitishwa.,Riek pamba mari mondo kik otur kuom tiyo kod kodhi ma nigi oboke mar ng’eyo.
4483,Agriculture,General,Protect your coffee from fungal blight by planting drought-resistant varieties.,Linda kahawa yako dhidi ya ugonjwa wa fangasi kwa kupanda aina zinazostahimili ukame.,Riek kahawa mari mondo kik oyud tuwo mag fungi kuom pidho yien ma ok nyal geng'o oro.
4484,Agriculture,General,Combine using certified seeds with proper spacing to boost your cassava yield.,Changanya kutumia mbegu zilizothibitishwa na nafasi sahihi ili kuongeza mavuno ya muhogo.,Kod tiyo kod kodhi ma nigi oboke ma nyiso ni nitie thuolo mowinjore mondo omed cham mar mzabibu mari.
4485,Agriculture,General,Farmers growing wheat are advised to watch out for drought this season.,Wakulima wanaolima ngano washauriwa kuchunga ukame msimu huu.,Jopur mapidho ngano ipuonjogi mondo gibed gi ritruok kuom oro e kindeni.
4486,Agriculture,General,Vaccinate your cattle against rabies before the rainy season.,Chanja ng'ombe yako dhidi ya kichaa cha mbwa kabla ya msimu wa mvua.,Chiw ne dhiang’i chanjo mar geng’o tuo mar rabies kapok kinde koth ochopo.
4487,Agriculture,General,Vaccinate your rabbits against rabies before the rainy season.,Chanja sungura yako dhidi ya kichaa cha mbwa kabla ya msimu wa mvua.,Chiw ne winyo mari chanjo mar geng’o tuo mar rabies kapok kinde koth ochopo.
4488,Agriculture,General,Combine applying recommended pesticide with proper spacing to boost your maize yield.,Changanya kutumia dawa inayopendekezwa na nafasi sahihi ili kuongeza mavuno ya mahindi.,Kod tiyo kod yath ma owinjore mondo otigodo kod keto thuolo mowinjore mondo omed cham mari mar cham.
4489,Agriculture,General,Protect your sugarcane from flooding by applying recommended pesticide.,Linda miwa yako dhidi ya mafuriko kwa kutumia dawa inayopendekezwa.,Riek mzabibu mari mondo kik opong’ gi pi kuom tiyo kod yath ma ng’ato nyalo tiyogo mar ketho yien.
4490,Agriculture,General,Farmers growing groundnuts are advised to watch out for flooding this season.,Wakulima wanaolima karanga washauriwa kuchunga mafuriko msimu huu.,Jopur ma pidho njugu mag lowo opuonjogi mondo gibed gi ritruok kuom pi ma pong’o piny e kindeni.
4491,Agriculture,General,Farmers growing rice are advised to watch out for maize streak virus this season.,Wakulima wanaolima mchele washauriwa kuchunga virusi vya mistari ya mahindi msimu huu.,Jopur mapidho ngano ipuonjogi mondo gibed morit kuom midhusi mar midhusi mar ngano e kindeni.
4492,Agriculture,General,Combine mulching early with proper spacing to boost your coffee yield.,Changanya kufunika udongo mapema na nafasi sahihi ili kuongeza mavuno ya kahawa.,Kod ng’ado lum mapiyo ka iketo thuolo mowinjore mondo imed ng’eny mar kahawa mari.
4493,Agriculture,General,Farmers growing sunflower are advised to watch out for fall armyworm this season.,Wakulima wanaolima alizeti washauriwa kuchunga funza jeshi msimu huu.,Jopur mapidho maua mar chieng' omiye rieko mar bedo motegno kuom winyo mag army e kindeni.
4494,Agriculture,General,Visit your nearest agricultural office to learn about soil testing.,Tembelea ofisi ya kilimo ya karibu kujifunza kuhusu upimaji wa udongo.,Dhi e ofis mar pur man machiegni kodi mondo ing’e kaka inyalo pim lowo.
4495,Agriculture,General,Vaccinate your rabbits against mastitis before the rainy season.,Chanja sungura yako dhidi ya maambukizi ya kiwele kabla ya msimu wa mvua.,Chiw ne winyo mari chanjo mar geng’o tuo mar master kapok kinde koth ochopo.
4496,Agriculture,General,Combine planting drought-resistant varieties with proper spacing to boost your groundnuts yield.,Changanya kupanda aina zinazostahimili ukame na nafasi sahihi ili kuongeza mavuno ya karanga.,Riw pidho kit yien ma ok nyal geng'o oro kod thuolo mowinjore mondo omed cham mari mar njugu.
4497,Agriculture,General,Vaccinate your dairy cows against lumpy skin disease before the rainy season.,Chanja ng'ombe wa maziwa yako dhidi ya ugonjwa wa ngozi ya uvimbe kabla ya msimu wa mvua.,Chiw chanjo mar dhiang’ mari ma nigi cak mondo kik oyud tuoche mag del kapok kinde koth ochopo.
4498,Agriculture,General,Combine mulching early with proper spacing to boost your cassava yield.,Changanya kufunika udongo mapema na nafasi sahihi ili kuongeza mavuno ya muhogo.,Riw ng’ado lum mapiyo kod keto thuolo mowinjore mondo omed cham mar mzabibu mari.
4499,Agriculture,General,Protect your maize from drought by rotating crops.,Linda mahindi yako dhidi ya ukame kwa kubadilisha mazao.,Rit cham mari mondo kik obed gi oro kuom loko cham ma ipidho.
4500,Agriculture,General,Protect your sugarcane from root rot by rotating crops.,Linda miwa yako dhidi ya kuoza kwa mizizi kwa kubadilisha mazao.,Rit mzabibu mari mondo kik otur kuom loko cham.
4501,Agriculture,General,Farmers growing sorghum are advised to watch out for root rot this season.,Wakulima wanaolima mtama washauriwa kuchunga kuoza kwa mizizi msimu huu.,Jopur ma pidho ngano omiye rieko mar rito ng’injo mag ng’injo e kindeni.
4502,Agriculture,General,Combine using certified seeds with proper spacing to boost your maize yield.,Changanya kutumia mbegu zilizothibitishwa na nafasi sahihi ili kuongeza mavuno ya mahindi.,Kod tiyo kod kodhi ma nigi oboke ma nyiso ni nitie thuolo mowinjore mondo omed cham mari mar cham.
4503,Agriculture,General,Register for the young farmers digital registration drive before the application deadline.,Jiandikishe kwa zoezi la usajili wa kidijitali wa wakulima vijana kabla ya tarehe ya mwisho ya maombi.,Ndikri e chenro mar ndiko nying’ mar jopur matindo kapok odiechieng’ mogik mar oro kwayo ochopo.
4504,Agriculture,General,Combine monitoring fields weekly with proper spacing to boost your cassava yield.,Changanya kufuatilia mashamba kila wiki na nafasi sahihi ili kuongeza mavuno ya muhogo.,Riw puothe mag luwo juma ka juma kod thuolo mowinjore mondo omed cham mari mar ngano.
4505,Agriculture,General,Combine applying recommended pesticide with proper spacing to boost your sunflower yield.,Changanya kutumia dawa inayopendekezwa na nafasi sahihi ili kuongeza mavuno ya alizeti.,Riw keto yath mar ketho yien kod thuolo mowinjore mondo omed chak mari mar maua chieng'.
4506,Agriculture,General,Vaccinate your dairy cows against African swine fever before the rainy season.,Chanja ng'ombe wa maziwa yako dhidi ya homa ya nguruwe ya Afrika kabla ya msimu wa mvua.,Chiw chanjo ne dhiang' mari mamiyo chak mar tuo mar ng'ombe ma Afrika kapok kinde koth ochopo.
4507,Agriculture,General,Protect your groundnuts from coffee berry disease by applying organic manure.,Linda karanga yako dhidi ya ugonjwa wa chungu wa kahawa kwa kutumia mbolea ya asili.,Riek njugu mari mondo kik oyud tuoche mag berry mag kahawa kuom keto lum ma onge gik ma nyalo ketho piny.
4508,Agriculture,General,Report counterfeit farm inputs to your county agricultural officer without delay.,Ripoti pembejeo bandia za kilimo kwa afisa kilimo wa kaunti yako bila kuchelewa.,Chiw ripot mar gik ma miriambo mag puodho ne apisa mar pur mar kaunti mari maonge dero.
4509,Agriculture,General,Keep your sheep healthy by monitoring for signs of rabies.,Weka kondoo wako na afya kwa kuchunguza dalili za kichaa cha mbwa.,Ket rombe mari obed gi ngima maber kuom luwo ranyisi mag tuo mar rabies.
4510,Agriculture,General,Keep your goats healthy by monitoring for signs of brucellosis.,Weka mbuzi wako na afya kwa kuchunguza dalili za brusela.,Ket dier mari obed gi ngima maber kuom luwo ranyisi mag tuo mar bruselosi.
4511,Agriculture,General,Combine applying organic manure with proper spacing to boost your rice yield.,Changanya kutumia mbolea ya asili na nafasi sahihi ili kuongeza mavuno ya mchele.,Riw keto lum ma dongo dongo kod thuolo mowinjore mondo omed cham mar ngano mari.
4512,Agriculture,General,Protect your sorghum from root rot by applying recommended pesticide.,Linda mtama yako dhidi ya kuoza kwa mizizi kwa kutumia dawa inayopendekezwa.,Riek ng’injo mari mondo kik ng’injo otho kuom tiyo kod yath ma ng’ato nyalo tiyogo mar nego yien.
4513,Agriculture,General,Protect your cassava from termites by mulching early.,Linda muhogo yako dhidi ya mchwa kwa kufunika udongo mapema.,Rit mzabibu mari mondo kik oyud winyo kuom ng’ado lum mapiyo.
4514,Agriculture,General,Report unusual crop wilting to your county agricultural officer without delay.,Ripoti kunyauka kwa ajabu kwa mazao kwa afisa kilimo wa kaunti yako bila kuchelewa.,Chiw ripot mar tho mar cham ma ok ong'iyo ne apisa mar pur mar kaunti mari maonge dero.
4515,Agriculture,General,Combine monitoring fields weekly with proper spacing to boost your beans yield.,Changanya kufuatilia mashamba kila wiki na nafasi sahihi ili kuongeza mavuno ya maharagwe.,Riw puothe mag luwo juma ka juma kod thuolo mowinjore mondo omed cham mar beans mari.
4516,Agriculture,General,Protect your rice from coffee berry disease by improving drainage.,Linda mchele yako dhidi ya ugonjwa wa chungu wa kahawa kwa kuboresha mifereji ya maji.,Rit mzabibu mari mondo kik oyud tuoche mag berry mag kahawa kuom bero kaka pi nyalo ng’ado.
4517,Agriculture,General,Protect your wheat from termites by spacing plants correctly.,Linda ngano yako dhidi ya mchwa kwa kuweka nafasi sahihi za mimea.,Rit ngano mari mondo kik oyud winyo kuom keto yien e kindgi e yo makare.
4518,Agriculture,General,Farmers growing beans are advised to watch out for flooding this season.,Wakulima wanaolima maharagwe washauriwa kuchunga mafuriko msimu huu.,Jopur ma pidho beans ipuonjogi mondo gibed gi ritruok kuom pi ma pong’o piny e kindeni.
4519,Agriculture,General,Visit your nearest agricultural office to learn about greenhouse farming.,Tembelea ofisi ya kilimo ya karibu kujifunza kuhusu kilimo cha nyumba za kijani.,Dhi e ofis man machiegni kodi mar pur mondo ing'e weche mag pur mag ot ma nigi lum.
4520,Agriculture,General,Protect your cotton from coffee berry disease by mulching early.,Linda pamba yako dhidi ya ugonjwa wa chungu wa kahawa kwa kufunika udongo mapema.,Riek pamba mari mondo kik oyud tuoche mag berry mag kahawa kuom ng’ado lum mapiyo.
4521,Agriculture,General,Farmers growing cotton are advised to watch out for maize streak virus this season.,Wakulima wanaolima pamba washauriwa kuchunga virusi vya mistari ya mahindi msimu huu.,Jopur mapidho pamba oter mondo orit midhusi mar midhusi mar cham e kinde ni.
4522,Agriculture,General,Keep your pigs healthy by monitoring for signs of anthrax.,Weka nguruwe wako na afya kwa kuchunguza dalili za kimeta.,Ket anguro magi obed mangima kuom luwo ranyisi mag tuo mar anthrax.
4523,Agriculture,General,Protect your bananas from aphids by applying organic manure.,Linda ndizi yako dhidi ya vidukari kwa kutumia mbolea ya asili.,Rit ng’injo mari mondo kik oyud aphid kuom keto lum ma ok otigodo gi gik ma dongo dongo.
4524,Agriculture,General,Combine mulching early with proper spacing to boost your beans yield.,Changanya kufunika udongo mapema na nafasi sahihi ili kuongeza mavuno ya maharagwe.,Kod ng’ado lum mapiyo ka iketo thuolo mowinjore mondo imed ng’iewo cham mari.
4525,Agriculture,General,Protect your sweet potatoes from flooding by planting drought-resistant varieties.,Linda viazi vitamu yako dhidi ya mafuriko kwa kupanda aina zinazostahimili ukame.,Riek mzabibu mamit mondo kik pi opong' gi pi kuom pidho kit mzabibu ma ok nyal geng'o oro.
4526,Agriculture,General,Vaccinate your sheep against mastitis before the rainy season.,Chanja kondoo yako dhidi ya maambukizi ya kiwele kabla ya msimu wa mvua.,Chiw rombe mari chanjo mar geng’o tuo mar master kapok kinde koth ochopo.
4527,Agriculture,General,Vaccinate your poultry against brucellosis before the rainy season.,Chanja kuku yako dhidi ya brusela kabla ya msimu wa mvua.,Chiwo chanjo mar geng’o tuo mar bruselosis kapok kinde koth ochopo.
4528,Agriculture,General,Combine rotating crops with proper spacing to boost your beans yield.,Changanya kubadilisha mazao na nafasi sahihi ili kuongeza mavuno ya maharagwe.,Kod cham ma ilokore gi thuolo mowinjore mondo omed cham mari mar beans.
4529,Agriculture,General,Farmers growing millet are advised to watch out for fall armyworm this season.,Wakulima wanaolima wimbi washauriwa kuchunga funza jeshi msimu huu.,Jopur ma pidho ngano imiyogi rieko mondo gibed gi ritruok kuom winyo ma ng’ato nyalo yudo e kindeni.
4530,Agriculture,General,Farmers growing tea are advised to watch out for coffee berry disease this season.,Wakulima wanaolima chai washauriwa kuchunga ugonjwa wa chungu wa kahawa msimu huu.,Jopur mapidho chai ipuonjo mondo orit tuoche mag berry mag kahawa e kindeni.
4531,Agriculture,General,Farmers are reminded that fertiliser subsidies training sessions are held monthly at the county office.,Wakulima wakumbushwa kuwa vipindi vya mafunzo ya ruzuku ya mbolea hufanyika kila mwezi katika ofisi ya kaunti.,Jopur iparo ni puonjruok mag chiwo kony mar dongo dongo itimo dwe ka dwe e ofis mar kaunti.
4532,Agriculture,General,Combine planting drought-resistant varieties with proper spacing to boost your bananas yield.,Changanya kupanda aina zinazostahimili ukame na nafasi sahihi ili kuongeza mavuno ya ndizi.,Riw pidho kit yien ma ok nyal geng'o oro kod thuolo mowinjore mondo omed cham mar ng'ombe mari.
4533,Agriculture,General,Farmers growing cotton are advised to watch out for fall armyworm this season.,Wakulima wanaolima pamba washauriwa kuchunga funza jeshi msimu huu.,Jopur mapidho pamba omiye rieko mondo kik giyud winyo mabiro e kindeni.
4534,Agriculture,General,Farmers are reminded that post-harvest storage training sessions are held monthly at the county office.,Wakulima wakumbushwa kuwa vipindi vya mafunzo ya uhifadhi baada ya mavuno hufanyika kila mwezi katika ofisi ya kaunti.,Jopur iparo ni puonjruok mag kano mwandu bang’ keyo itimo dwe ka dwe e ofis mar kaunti.
4535,Agriculture,General,Protect your beans from fall armyworm by practicing timely weeding.,Linda maharagwe yako dhidi ya funza jeshi kwa kupalilia kwa wakati.,Riek beans mari mondo kik omak winyo mag yamo kuom timo puonjruok mar ng’ado yien e kinde mowinjore.
4536,Agriculture,General,Farmers growing bananas are advised to watch out for root rot this season.,Wakulima wanaolima ndizi washauriwa kuchunga kuoza kwa mizizi msimu huu.,Jopur ma pidho ng’ombe ipuonjogi mondo gibed gi ritruok kuom ng’injo mag ng’injo e kindeni.
4537,Agriculture,General,Farmers growing sunflower are advised to watch out for fungal blight this season.,Wakulima wanaolima alizeti washauriwa kuchunga ugonjwa wa fangasi msimu huu.,Jopur mapidho maua mar chieng' omiye rieko mar bedo motegno e kindeni.
4538,Agriculture,General,Protect your tomatoes from drought by planting drought-resistant varieties.,Linda nyanya yako dhidi ya ukame kwa kupanda aina zinazostahimili ukame.,Rit nyanya mari mondo kik obed gi oro kuom pidho nyanya ma ok nyal bedo gi oro.
4539,Agriculture,General,Vaccinate your pigs against brucellosis before the rainy season.,Chanja nguruwe yako dhidi ya brusela kabla ya msimu wa mvua.,Chiw ng’ombe mari chanjo mar tuo mar bruselosis kapok kinde koth ochopo.
4540,Agriculture,General,Keep your cattle healthy by monitoring for signs of brucellosis.,Weka ng'ombe wako na afya kwa kuchunguza dalili za brusela.,Ket dhiang’ mari obed gi ngima maber kuom luwo ranyisi mag tuo mar bruselosi.
4541,Agriculture,General,Vaccinate your pigs against lumpy skin disease before the rainy season.,Chanja nguruwe yako dhidi ya ugonjwa wa ngozi ya uvimbe kabla ya msimu wa mvua.,Chiw ng’ombe mari chanjo mar tuoche mag dende kapok kinde koth ochopo.
4542,Agriculture,General,Farmers growing tomatoes are advised to watch out for fungal blight this season.,Wakulima wanaolima nyanya washauriwa kuchunga ugonjwa wa fangasi msimu huu.,Jopur mapidho nyanya ipuonjogi mondo gibed gi ritruok kuom tuoche mag fungi e kindeni.
4543,Agriculture,General,Farmers growing rice are advised to watch out for fall armyworm this season.,Wakulima wanaolima mchele washauriwa kuchunga funza jeshi msimu huu.,Jopur ma pidho mzabibu omiye rieko mar bedo gi ritruok kuom winyo ma nyalo ketho piny e kindeni.
4544,Agriculture,General,Protect your wheat from root rot by rotating crops.,Linda ngano yako dhidi ya kuoza kwa mizizi kwa kubadilisha mazao.,Rit ngano mari mondo kik otur kuom loko cham ma ipidho.
4545,Agriculture,General,Vaccinate your goats against brucellosis before the rainy season.,Chanja mbuzi yako dhidi ya brusela kabla ya msimu wa mvua.,Chiw ne dier mari chanjo mar geng’o tuo mar bruselosis kapok kinde koth ochopo.
4546,Agriculture,General,Protect your coffee from flooding by improving drainage.,Linda kahawa yako dhidi ya mafuriko kwa kuboresha mifereji ya maji.,Riek kofi mari mondo kik pi opong’e kuom loso maber kaka pi nyalo ng’ado.
4547,Agriculture,General,Protect your kale from drought by mulching early.,Linda sukuma wiki yako dhidi ya ukame kwa kufunika udongo mapema.,Rit kale mari mondo kik oyud oro kuom ng’ado lum mapiyo.
4548,Agriculture,General,Protect your tea from aphids by applying recommended pesticide.,Linda chai yako dhidi ya vidukari kwa kutumia dawa inayopendekezwa.,Rit chai mari mondo kik oyud aphids kuom tiyo kod yath ma ng’ato nyalo ng’ado mar nego yien.
4549,Agriculture,General,Protect your beans from maize streak virus by rotating crops.,Linda maharagwe yako dhidi ya virusi vya mistari ya mahindi kwa kubadilisha mazao.,Riek cham mari kuom midhusi mar ng’injo mar cham kuom loko cham.
4550,Agriculture,General,Protect your sunflower from root rot by spacing plants correctly.,Linda alizeti yako dhidi ya kuoza kwa mizizi kwa kuweka nafasi sahihi za mimea.,Rik maua mari mar chieng’ mondo kik ng’injo otur kuom keto thuolo makare e kind yien.
4551,Agriculture,General,Combine improving drainage with proper spacing to boost your tomatoes yield.,Changanya kuboresha mifereji ya maji na nafasi sahihi ili kuongeza mavuno ya nyanya.,Kod loso yo maber mar pi kod keto thuolo mowinjore mondo omed nyaya mari.
4552,Agriculture,General,Protect your bananas from maize streak virus by applying organic manure.,Linda ndizi yako dhidi ya virusi vya mistari ya mahindi kwa kutumia mbolea ya asili.,Riek ng’injo mari kuom midhusi mar ng’injo mar ngano kuom keto lum ma dongo dongo.
4553,Agriculture,General,Ask your extension officer for guidance on farm record keeping before the next planting season.,Muulize afisa ugani kuhusu uhifadhi wa kumbukumbu za shamba kabla ya msimu ujao wa kupanda.,Kwa apisa mari ma rito puoth mondo omiyi yore mag rito rekod mag puodho kapok kinde mar pidho mabiro ochopo.
4554,Agriculture,General,Farmers growing wheat are advised to watch out for fungal blight this season.,Wakulima wanaolima ngano washauriwa kuchunga ugonjwa wa fangasi msimu huu.,Jopur mapidho ngano ipuonjogi mondo gibed gi ritruok kuom tuoche mag fungi e kindeni.
4555,Agriculture,General,Don't ignore invasive pests on your farm — early action prevents bigger losses.,Usipuuze wadudu waharibifu shambani mwako — hatua za mapema huzuia hasara kubwa.,Okidwar weyo gik ma nyalo ketho puoth mari — timo gik mapiyo geng’o ketho madongo.
4556,Agriculture,General,Protect your sugarcane from drought by applying recommended pesticide.,Linda miwa yako dhidi ya ukame kwa kutumia dawa inayopendekezwa.,Riek mzabibu mari kuom oro kuom keto yath ma owinjore mondo otho.
4557,Agriculture,General,Keep your cattle healthy by monitoring for signs of foot-and-mouth disease.,Weka ng'ombe wako na afya kwa kuchunguza dalili za ugonjwa wa miguu na midomo.,Ket dhiang' mari obed gi ngima maber kuom luwo ranyisi mag tuoche mag tielo kod dhok.
4558,Agriculture,General,Combine practicing timely weeding with proper spacing to boost your sunflower yield.,Changanya kupalilia kwa wakati na nafasi sahihi ili kuongeza mavuno ya alizeti.,Riw puonjruok mar golo yien e kinde mowinjore kod keto thuolo mowinjore mondo omed chak mari mar maua chieng'.
4559,Agriculture,General,Farmers growing millet are advised to watch out for termites this season.,Wakulima wanaolima wimbi washauriwa kuchunga mchwa msimu huu.,Jopur ma pidho ngano opuonjogi mondo gibed gi ritruok kuom winyo ma ng’we ng’ar e kindeni.
4560,Agriculture,General,Farmers growing maize are advised to watch out for flooding this season.,Wakulima wanaolima mahindi washauriwa kuchunga mafuriko msimu huu.,Jopur ma pidho cham omiye rieko mar bedo gi ritruok kuom pi ma pong’o piny e kindeni.
4561,Agriculture,General,Protect your cassava from maize streak virus by improving drainage.,Linda muhogo yako dhidi ya virusi vya mistari ya mahindi kwa kuboresha mifereji ya maji.,Riek mzabibu mari kuom midhusi mar ng'injo mar cham kuom bero yo ma pi wuokgo.
4562,Agriculture,General,Protect your millet from flooding by using certified seeds.,Linda wimbi yako dhidi ya mafuriko kwa kutumia mbegu zilizothibitishwa.,Rit mzabibu mari mondo kik opong’ gi pi kuom tiyo kod kodhi ma nigi oboke mar ng’ado bura.
4563,Agriculture,General,Ask your extension officer for guidance on fertiliser subsidies before the next planting season.,Muulize afisa ugani kuhusu ruzuku ya mbolea kabla ya msimu ujao wa kupanda.,Kwa apisa mari ma rito gik moko mondo omiyi yore mag konyo e wi gik ma itiyogo e ng’iewo gik moko kapok kinde mar pidho mabiro ochopo.
4564,Agriculture,General,Farmers growing sweet potatoes are advised to watch out for locusts this season.,Wakulima wanaolima viazi vitamu washauriwa kuchunga nzige msimu huu.,Jopur ma pidho mzabibu mamit opuonjgi mondo gibed gi ritruok kuom winyo ma ng’we ng’ar e kindeni.
4565,Agriculture,General,Protect your sweet potatoes from fungal blight by rotating crops.,Linda viazi vitamu yako dhidi ya ugonjwa wa fangasi kwa kubadilisha mazao.,Riek ng’injo mari mondo kik oyud tuwo mar fungi kuom loko cham ma ipidho.
4566,Agriculture,General,Keep your dairy cows healthy by monitoring for signs of lumpy skin disease.,Weka ng'ombe wa maziwa wako na afya kwa kuchunguza dalili za ugonjwa wa ngozi ya uvimbe.,Ket dhiang' mari mamiyo chak obed gi ngima maber kuom luwo ranyisi mag tuoche mag del.
4567,Agriculture,General,Combine practicing timely weeding with proper spacing to boost your wheat yield.,Changanya kupalilia kwa wakati na nafasi sahihi ili kuongeza mavuno ya ngano.,Riw puonjruok mar golo yien e kinde mowinjore kod keto thuolo mowinjore mondo omed cham mar ngano mari.
4568,Agriculture,General,Vaccinate your sheep against brucellosis before the rainy season.,Chanja kondoo yako dhidi ya brusela kabla ya msimu wa mvua.,Chiw rombe mari chanjo mar geng’o tuo mar bruselosis kapok kinde koth ochopo.
4569,Agriculture,General,Farmers growing sugarcane are advised to watch out for locusts this season.,Wakulima wanaolima miwa washauriwa kuchunga nzige msimu huu.,Jopur ma pidho mzabibu opuonjgi mondo gibed gi ritruok kuom winyo ma ng’we ng’ar e kindeni.
4570,Agriculture,General,Protect your sunflower from locusts by planting drought-resistant varieties.,Linda alizeti yako dhidi ya nzige kwa kupanda aina zinazostahimili ukame.,Rit maua mari mar chieng' kuom winyo kuom pidho kit maua ma ok nyal geng'o oro.
4571,Agriculture,General,Protect your rice from fall armyworm by practicing timely weeding.,Linda mchele yako dhidi ya funza jeshi kwa kupalilia kwa wakati.,Riek mzabibu mari kuom winyo mag yamo kuom timo puonjruok mar golo yien e kinde mowinjore.
4572,Agriculture,General,Combine rotating crops with proper spacing to boost your sweet potatoes yield.,Changanya kubadilisha mazao na nafasi sahihi ili kuongeza mavuno ya viazi vitamu.,Kod cham ma iloko ka iketo thuolo mowinjore mondo imed cham mar rabi.
4573,Agriculture,General,Keep your rabbits healthy by monitoring for signs of lumpy skin disease.,Weka sungura wako na afya kwa kuchunguza dalili za ugonjwa wa ngozi ya uvimbe.,Ket apuoyo mari obed gi ngima maber kuom luwo ranyisi mag tuoche mag del ma lumpy.
4574,Agriculture,General,Combine spacing plants correctly with proper spacing to boost your sweet potatoes yield.,Changanya kuweka nafasi sahihi za mimea na nafasi sahihi ili kuongeza mavuno ya viazi vitamu.,Riw yien ma iketo thuolo maber e yo makare gi thuolo mowinjore mondo imed cham mar sabu mari.
4575,Agriculture,General,Combine monitoring fields weekly with proper spacing to boost your onions yield.,Changanya kufuatilia mashamba kila wiki na nafasi sahihi ili kuongeza mavuno ya vitunguu.,Riw puothe mag luwo juma ka juma kod thuolo mowinjore mondo imed cham mar otungu mari.
4576,Agriculture,General,Protect your kale from root rot by applying recommended pesticide.,Linda sukuma wiki yako dhidi ya kuoza kwa mizizi kwa kutumia dawa inayopendekezwa.,Riek kale mari mondo kik otur kuom keto yath ma ng’ato nyalo ng’ado mar nego yien.
4577,Agriculture,General,Combine rotating crops with proper spacing to boost your sunflower yield.,Changanya kubadilisha mazao na nafasi sahihi ili kuongeza mavuno ya alizeti.,Riw cham ma ilokore gi thuolo mowinjore mondo omed cham mari mar maua chieng'.
4578,Agriculture,General,Farmers growing kale are advised to watch out for root rot this season.,Wakulima wanaolima sukuma wiki washauriwa kuchunga kuoza kwa mizizi msimu huu.,Jopur ma pidho kale imiyogi rieko mar rito ng’injo mag ng’injo e kindeni.
4579,Agriculture,General,Keep your cattle healthy by monitoring for signs of rabies.,Weka ng'ombe wako na afya kwa kuchunguza dalili za kichaa cha mbwa.,Ket dhiang’ mari obed gi ngima maber kuom luwo ranyisi mag tuo mar rabies.
4580,Agriculture,General,Combine practicing timely weeding with proper spacing to boost your tea yield.,Changanya kupalilia kwa wakati na nafasi sahihi ili kuongeza mavuno ya chai.,Kod puonjruok mar golo yien e kinde mowinjore kod keto thuolo mowinjore mondo omed cham mari mar chai.
4581,Agriculture,General,Protect your sunflower from maize streak virus by using certified seeds.,Linda alizeti yako dhidi ya virusi vya mistari ya mahindi kwa kutumia mbegu zilizothibitishwa.,Riek maua mari mar chieng' kuom midhusi mar ngano kuom tiyo kod kodhi ma oboke.
4582,Agriculture,General,Keep your goats healthy by monitoring for signs of lumpy skin disease.,Weka mbuzi wako na afya kwa kuchunguza dalili za ugonjwa wa ngozi ya uvimbe.,Ket dier mari obed gi ngima maber kuom luwo ranyisi mag tuo mar del ma opong' gi lumpy.
4583,Agriculture,General,Vaccinate your sheep against African swine fever before the rainy season.,Chanja kondoo yako dhidi ya homa ya nguruwe ya Afrika kabla ya msimu wa mvua.,Chiw rombe mari chanjo mar tuo mar ng’ombe ma Afrika kapok kinde koth ochopo.
4584,Agriculture,General,Farmers growing groundnuts are advised to watch out for coffee berry disease this season.,Wakulima wanaolima karanga washauriwa kuchunga ugonjwa wa chungu wa kahawa msimu huu.,Jopur ma pidho njugu mag lowo ipuonjogi mondo gibed gi ritruok kuom tuo mar berry mag kahawa e kindeni.
4585,Agriculture,General,Ask your extension officer for guidance on post-harvest storage before the next planting season.,Muulize afisa ugani kuhusu uhifadhi baada ya mavuno kabla ya msimu ujao wa kupanda.,Kwa apisa mari ma rito gik moko mondo omiyi yore mag kano mwandu bang’ ng’ado cham kapok kinde mar pidho cham mabiro ochopo.
4586,Agriculture,General,Farmers growing tomatoes are advised to watch out for coffee berry disease this season.,Wakulima wanaolima nyanya washauriwa kuchunga ugonjwa wa chungu wa kahawa msimu huu.,Jopur mapidho nyanya ipuonjogi mondo gibed gi ritruok kuom tuoche mag berry mag kahawa e kindeni.
4587,Agriculture,General,Vaccinate your rabbits against African swine fever before the rainy season.,Chanja sungura yako dhidi ya homa ya nguruwe ya Afrika kabla ya msimu wa mvua.,Chiw ne apuoyo mari chanjo mar tuo mar ng’ombe ma Afrika kapok kinde koth ochopo.
4588,Agriculture,General,Farmers growing cassava are advised to watch out for root rot this season.,Wakulima wanaolima muhogo washauriwa kuchunga kuoza kwa mizizi msimu huu.,Jopur ma pidho mzabibu omiye rieko mar rito ng’injo mag ng’injo e kindeni.
4589,Agriculture,General,Ask your extension officer for guidance on soil testing before the next planting season.,Muulize afisa ugani kuhusu upimaji wa udongo kabla ya msimu ujao wa kupanda.,Kwa apisa mari ma rito gik moko mondo omiyi yore mag temo lowo kapok kinde mar pidho mabiro ochopo.
4590,Agriculture,General,Farmers growing wheat are advised to watch out for fall armyworm this season.,Wakulima wanaolima ngano washauriwa kuchunga funza jeshi msimu huu.,Jopur ma pidho ngano omiye rieko mondo kik giyud winyo ma nyalo ketho ngano e kindeni.
4591,Agriculture,General,Vaccinate your cattle against foot-and-mouth disease before the rainy season.,Chanja ng'ombe yako dhidi ya ugonjwa wa miguu na midomo kabla ya msimu wa mvua.,Chiw ne dhiang’i chanjo mar tuoche mag tielo kod dhok kapok kinde koth ochopo.
4592,Agriculture,General,Farmers growing sunflower are advised to watch out for flooding this season.,Wakulima wanaolima alizeti washauriwa kuchunga mafuriko msimu huu.,Jopur mapidho maua mag chieng' omiye rieko mar bedo gi ritruok kuom pi ma pong'o piny e kindeni.
4593,Agriculture,General,Farmers growing cotton are advised to watch out for aphids this season.,Wakulima wanaolima pamba washauriwa kuchunga vidukari msimu huu.,Jopur mapidho pamba ipuonjogi mondo gibed gi ritruok kuom aphids e kindeni.
4594,Agriculture,General,Vaccinate your goats against anthrax before the rainy season.,Chanja mbuzi yako dhidi ya kimeta kabla ya msimu wa mvua.,Chiw ne dier mari chanjo mar geng’o tuo mar anthrax kapok kinde koth ochopo.
4595,Agriculture,General,Keep your sheep healthy by monitoring for signs of lumpy skin disease.,Weka kondoo wako na afya kwa kuchunguza dalili za ugonjwa wa ngozi ya uvimbe.,Ket rombe magi obed gi ngima maber kuom luwo ranyisi mag tuoche mag del ma nigi lumpy.
4596,Agriculture,General,Keep your pigs healthy by monitoring for signs of Newcastle disease.,Weka nguruwe wako na afya kwa kuchunguza dalili za ugonjwa wa mdondo.,Keto anguro magi bedo mangima kokalo kuom luwo ranyisi mag tuo mar Newcastle.
4597,Agriculture,General,Combine rotating crops with proper spacing to boost your sorghum yield.,Changanya kubadilisha mazao na nafasi sahihi ili kuongeza mavuno ya mtama.,Kod cham ma ilokore gi thuolo mowinjore mondo omed cham mari mar sorghum.
4598,Agriculture,General,Farmers are reminded that value addition for produce training sessions are held monthly at the county office.,Wakulima wakumbushwa kuwa vipindi vya mafunzo ya uongezaji thamani wa mazao hufanyika kila mwezi katika ofisi ya kaunti.,Jopur iparo ni puonjruok mag medo nengo mar cham itimo dwe ka dwe e ofis mar kaunti.
4599,Agriculture,General,Keep your goats healthy by monitoring for signs of mastitis.,Weka mbuzi wako na afya kwa kuchunguza dalili za maambukizi ya kiwele.,Ket dier mari obed gi ngima maber kuom luwo ranyisi mag tuo mar lak.
4600,Agriculture,General,Vaccinate your donkeys against Newcastle disease before the rainy season.,Chanja punda yako dhidi ya ugonjwa wa mdondo kabla ya msimu wa mvua.,Inyalo keto ng’ombe mari chanjo mar tuo mar Newcastle kapok kinde koth ochopo.
4601,Agriculture,General,Farmers growing rice are advised to watch out for fungal blight this season.,Wakulima wanaolima mchele washauriwa kuchunga ugonjwa wa fangasi msimu huu.,Jopur mapidho mzabibu omiye rieko mondo kik giyud tuoche mag fungi e kindeni.
4602,Agriculture,General,Register for the coffee seedling development programme before the application deadline.,Jiandikishe kwa mpango wa uendelezaji wa miche ya kahawa kabla ya tarehe ya mwisho ya maombi.,Ndikri e chenro mar dongruok mar kodhi mag kahawa kapok odiechieng' mogik mar oro kwayo ochopo.
4603,Agriculture,General,Farmers are reminded that irrigation techniques training sessions are held monthly at the county office.,Wakulima wakumbushwa kuwa vipindi vya mafunzo ya mbinu za umwagiliaji hufanyika kila mwezi katika ofisi ya kaunti.,Jopur iparo ni puonjruok mag yore mag pidho pi itimo dwe ka dwe e ofis mar kaunti.
4604,Agriculture,General,Protect your beans from coffee berry disease by mulching early.,Linda maharagwe yako dhidi ya ugonjwa wa chungu wa kahawa kwa kufunika udongo mapema.,Rit ng’injo mari mondo kik oyud tuoche mag berry mag kahawa kuom keto lum e puoth mapiyo.
4605,Agriculture,General,Protect your cassava from locusts by using certified seeds.,Linda muhogo yako dhidi ya nzige kwa kutumia mbegu zilizothibitishwa.,Riek mzabibu mari kuom winyo kuom tiyo kod kodhi ma nigi oboke mar ng’ado bura.
4606,Agriculture,General,Visit your nearest agricultural office to learn about post-harvest storage.,Tembelea ofisi ya kilimo ya karibu kujifunza kuhusu uhifadhi baada ya mavuno.,Dhi e ofis man machiegni kodi mar pur mondo ing'e kaka inyalo kano mwandu bang' keyo cham.
4607,Agriculture,General,Vaccinate your sheep against lumpy skin disease before the rainy season.,Chanja kondoo yako dhidi ya ugonjwa wa ngozi ya uvimbe kabla ya msimu wa mvua.,Chiw rombe mari chanjo mar geng’o tuoche mag del kapok kinde koth ochopo.
4608,Agriculture,General,Farmers growing coffee are advised to watch out for fall armyworm this season.,Wakulima wanaolima kahawa washauriwa kuchunga funza jeshi msimu huu.,Jopur ma pidho kahawa omiye rieko mar bedo gi ritruok kuom winyo ma ng’ado e kindeni.
4609,Agriculture,General,Protect your coffee from maize streak virus by using certified seeds.,Linda kahawa yako dhidi ya virusi vya mistari ya mahindi kwa kutumia mbegu zilizothibitishwa.,Riek kahawa mari kuom midhusi mar cham kuom tiyo kod kodhi ma oboke.
4610,Agriculture,General,Farmers growing coffee are advised to watch out for drought this season.,Wakulima wanaolima kahawa washauriwa kuchunga ukame msimu huu.,Jopur ma pidho kahawa ipuonjogi mondo gibed gi ritruok kuom oro e kindeni.
4611,Agriculture,General,Protect your cotton from coffee berry disease by improving drainage.,Linda pamba yako dhidi ya ugonjwa wa chungu wa kahawa kwa kuboresha mifereji ya maji.,Riek pamba mari mondo kik oyud tuoche mag berry mag kahawa kuom bero yo ma pi odhigo.
4612,Agriculture,General,Combine using certified seeds with proper spacing to boost your coffee yield.,Changanya kutumia mbegu zilizothibitishwa na nafasi sahihi ili kuongeza mavuno ya kahawa.,Kod tiyo kod kodhi ma nigi oboke ma nyiso ni nitie thuolo mowinjore mondo omed ng’eny mar kahawa mari.
4613,Agriculture,General,Combine monitoring fields weekly with proper spacing to boost your kale yield.,Changanya kufuatilia mashamba kila wiki na nafasi sahihi ili kuongeza mavuno ya sukuma wiki.,Riw puothe mag luwo juma ka juma kod thuolo mowinjore mondo imed cham mari mar kale.
4614,Agriculture,General,Combine monitoring fields weekly with proper spacing to boost your millet yield.,Changanya kufuatilia mashamba kila wiki na nafasi sahihi ili kuongeza mavuno ya wimbi.,Riw puothe mag luwo juma ka juma kod thuolo mowinjore mondo omed cham mari mar ngano.
4615,Agriculture,General,Don't ignore sudden livestock deaths on your farm — early action prevents bigger losses.,Usipuuze vifo vya ghafla vya mifugo shambani mwako — hatua za mapema huzuia hasara kubwa.,Okidwar weyo tho mapoya e puoth mari — timo gik mapiyo geng’o ketho madongo.
4616,Agriculture,General,Farmers growing groundnuts are advised to watch out for drought this season.,Wakulima wanaolima karanga washauriwa kuchunga ukame msimu huu.,Jopur ma pidho njugu mag lowo opuonjgi mondo gibed gi ritruok kuom oro e kindeni.
4617,Agriculture,General,Keep your dairy cows healthy by monitoring for signs of anthrax.,Weka ng'ombe wa maziwa wako na afya kwa kuchunguza dalili za kimeta.,Ket dhiang' magi ma chak obed gi ngima maber kuom luwo ranyisi mag tuo mar anthrax.
4618,Agriculture,General,Combine mulching early with proper spacing to boost your sunflower yield.,Changanya kufunika udongo mapema na nafasi sahihi ili kuongeza mavuno ya alizeti.,Riw mulching mapiyo kod keto thuolo mowinjore mondo omed cham mari mar maua mar chieng’.
4619,Agriculture,General,Keep your sheep healthy by monitoring for signs of foot-and-mouth disease.,Weka kondoo wako na afya kwa kuchunguza dalili za ugonjwa wa miguu na midomo.,Ket rombe magi obed gi ngima maber kuom luwo ranyisi mag tuo mar tielo kod dhok.
4620,Agriculture,General,Keep your rabbits healthy by monitoring for signs of anthrax.,Weka sungura wako na afya kwa kuchunguza dalili za kimeta.,Ket winyo mari obed gi ngima maber kuom luwo ranyisi mag tuo mar anthrax.
4621,Agriculture,General,Keep your goats healthy by monitoring for signs of Newcastle disease.,Weka mbuzi wako na afya kwa kuchunguza dalili za ugonjwa wa mdondo.,Ket dier guogi obed mangima kuom luwo ranyisi mag tuo mar Newcastle.
4622,Agriculture,General,Vaccinate your goats against mastitis before the rainy season.,Chanja mbuzi yako dhidi ya maambukizi ya kiwele kabla ya msimu wa mvua.,Chiw ne dier mari chanjo mar geng’o tuo mar master kapok kinde koth ochopo.
4623,Agriculture,General,Protect your sunflower from flooding by planting drought-resistant varieties.,Linda alizeti yako dhidi ya mafuriko kwa kupanda aina zinazostahimili ukame.,Rik maua mari mar chieng' mondo kik opong' gi pi kuom pidho yien ma ok nyal geng'o oro.
4624,Agriculture,General,Keep your rabbits healthy by monitoring for signs of rabies.,Weka sungura wako na afya kwa kuchunguza dalili za kichaa cha mbwa.,Ket apuoyo mari obed gi ngima maber kuom luwo ranyisi mag tuo mar rabies.
4625,Agriculture,General,Farmers growing cotton are advised to watch out for fungal blight this season.,Wakulima wanaolima pamba washauriwa kuchunga ugonjwa wa fangasi msimu huu.,Jopur mapidho pamba omiye rieko mondo kik giyud midhiero mag fungi e kindeni.
4626,Agriculture,General,Farmers growing beans are advised to watch out for drought this season.,Wakulima wanaolima maharagwe washauriwa kuchunga ukame msimu huu.,Jopur ma pidho beans ipuonjogi mondo gibed gi ritruok kuom oro e kindeni.
4627,Agriculture,General,Keep your dairy cows healthy by monitoring for signs of African swine fever.,Weka ng'ombe wa maziwa wako na afya kwa kuchunguza dalili za homa ya nguruwe ya Afrika.,Ket dhiang' magi ma chak obed gi ngima maber kuom luwo ranyisi mag liet mar anguro ma Afrika.
4628,Agriculture,General,Protect your groundnuts from fungal blight by using certified seeds.,Linda karanga yako dhidi ya ugonjwa wa fangasi kwa kutumia mbegu zilizothibitishwa.,Rit ng’injo mari mondo kik oyud tuoche mag fungi kuom tiyo kod kodhi ma nigi oboke ma nyiso ni ng’ato nigi oboke.
4629,Agriculture,General,Protect your wheat from drought by rotating crops.,Linda ngano yako dhidi ya ukame kwa kubadilisha mazao.,Rit ngano mari mondo kik oyud oro kuom loko cham ma ipidho.
4630,Agriculture,General,Register for the maize seed subsidy programme before the application deadline.,Jiandikishe kwa mpango wa ruzuku ya mbegu za mahindi kabla ya tarehe ya mwisho ya maombi.,Ndikri mondo iyud chenro mar konyo kodhi mag cham kapok odiechieng' mogik mar oro kwayo ochopo.
4631,Agriculture,General,Protect your cotton from drought by applying organic manure.,Linda pamba yako dhidi ya ukame kwa kutumia mbolea ya asili.,Riek pamba mari mondo kik obed gi oro kuom keto lum ma onge gik ma dongo dongo.
4632,Agriculture,General,Farmers growing cotton are advised to watch out for locusts this season.,Wakulima wanaolima pamba washauriwa kuchunga nzige msimu huu.,Jopur ma pidho pamba omiye rieko mondo kik giyud winyo e kindeni.
4633,Agriculture,General,Farmers are reminded that soil testing training sessions are held monthly at the county office.,Wakulima wakumbushwa kuwa vipindi vya mafunzo ya upimaji wa udongo hufanyika kila mwezi katika ofisi ya kaunti.,Jopur iparo ni puonjruok mag temo lowo itimo dwe ka dwe e ofis mar kaunti.
4634,Agriculture,General,Farmers growing rice are advised to watch out for flooding this season.,Wakulima wanaolima mchele washauriwa kuchunga mafuriko msimu huu.,Jopur ma pidho ngano ipuonjogi mondo gibed gi ritruok kuom pi ma nyalo pong’o piny e kindeni.
4635,Agriculture,General,Protect your rice from coffee berry disease by applying recommended pesticide.,Linda mchele yako dhidi ya ugonjwa wa chungu wa kahawa kwa kutumia dawa inayopendekezwa.,Rik mzabibu mari mondo kik oyud tuoche mag berry mag kahawa kuom tiyo kod yath ma ng'ato nyalo tiyogo mar nego yien.
4636,Agriculture,General,Vaccinate your dairy cows against rabies before the rainy season.,Chanja ng'ombe wa maziwa yako dhidi ya kichaa cha mbwa kabla ya msimu wa mvua.,Chiw chanjo ne dhiang’ magi ma nigi cak mar geng’o tuo mar rabies kapok kinde koth ochopo.
4637,Agriculture,General,Farmers growing onions are advised to watch out for locusts this season.,Wakulima wanaolima vitunguu washauriwa kuchunga nzige msimu huu.,Jopur ma pidho otungu opuonjgi mondo gibed gi ritruok kuom winyo ma ng’we ng’ar e kindeni.
4638,Agriculture,General,Visit your nearest agricultural office to learn about farm record keeping.,Tembelea ofisi ya kilimo ya karibu kujifunza kuhusu uhifadhi wa kumbukumbu za shamba.,Dhi e ofis man machiegni kodi mar pur mondo ing'e weche mag kano rekod mag puothe.
4639,Agriculture,General,Keep your cattle healthy by monitoring for signs of anthrax.,Weka ng'ombe wako na afya kwa kuchunguza dalili za kimeta.,Ket dhiang’ mari obed gi ngima maber kuom luwo ranyisi mag tuo mar anthrax.
4640,Agriculture,General,Farmers growing groundnuts are advised to watch out for aphids this season.,Wakulima wanaolima karanga washauriwa kuchunga vidukari msimu huu.,Jopur ma pidho njugu mag lowo opuonjogi mondo gibed gi ritruok kuom aphids e kindeni.
4641,Agriculture,General,Protect your millet from termites by planting drought-resistant varieties.,Linda wimbi yako dhidi ya mchwa kwa kupanda aina zinazostahimili ukame.,Riek cham mari mondo kik oyud winyo kuom pidho cham ma ok nyal geng’o oro.
4642,Agriculture,General,Vaccinate your poultry against lumpy skin disease before the rainy season.,Chanja kuku yako dhidi ya ugonjwa wa ngozi ya uvimbe kabla ya msimu wa mvua.,Chiw ne winy mari chanjo mar tuoche mag dende ma lumpy kapok kinde koth ochopo.
4643,Agriculture,General,Combine planting drought-resistant varieties with proper spacing to boost your beans yield.,Changanya kupanda aina zinazostahimili ukame na nafasi sahihi ili kuongeza mavuno ya maharagwe.,Riw pidho yien ma ok nyal geng'o oro kod thuolo mowinjore mondo omed cham mar beans mari.
4644,Agriculture,General,Combine applying recommended pesticide with proper spacing to boost your rice yield.,Changanya kutumia dawa inayopendekezwa na nafasi sahihi ili kuongeza mavuno ya mchele.,Kod tiyo kod yath ma ji dwaro mar nego yien kod keto thuolo mowinjore mondo omed chak mari mar ngano.
4645,Agriculture,General,Combine improving drainage with proper spacing to boost your cotton yield.,Changanya kuboresha mifereji ya maji na nafasi sahihi ili kuongeza mavuno ya pamba.,Riw bero yore mag golo pi kod keto thuolo mowinjore mondo omed nyal mari mar pamba.
4646,Agriculture,General,Vaccinate your donkeys against lumpy skin disease before the rainy season.,Chanja punda yako dhidi ya ugonjwa wa ngozi ya uvimbe kabla ya msimu wa mvua.,Chiwo chanjo ne punda mari mondo kik giyud tuoche mag dende kapok kinde koth ochopo.
4647,Agriculture,General,Protect your sorghum from coffee berry disease by spacing plants correctly.,Linda mtama yako dhidi ya ugonjwa wa chungu wa kahawa kwa kuweka nafasi sahihi za mimea.,Riek cham mari mondo kik oyud tuoche mag berry mag kahawa kuom keto thuolo makare e kind yien.
4648,Agriculture,General,Farmers growing onions are advised to watch out for fall armyworm this season.,Wakulima wanaolima vitunguu washauriwa kuchunga funza jeshi msimu huu.,Jopur ma pidho otungu omiye rieko mar bedo motegno e kinde mabiro.
4649,Agriculture,General,Farmers growing kale are advised to watch out for termites this season.,Wakulima wanaolima sukuma wiki washauriwa kuchunga mchwa msimu huu.,Jopur ma pidho kale opuonjogi mondo gibed gi ritruok kuom winyo ma ng’ato nyalo ng’ado e kindeni.
4650,Agriculture,General,Keep your poultry healthy by monitoring for signs of anthrax.,Weka kuku wako na afya kwa kuchunguza dalili za kimeta.,Ket winy mari obed gi ngima maber kuom luwo ranyisi mag tuo mar anthrax.
4651,Agriculture,General,Keep your poultry healthy by monitoring for signs of African swine fever.,Weka kuku wako na afya kwa kuchunguza dalili za homa ya nguruwe ya Afrika.,Ket winy mari obed gi ngima maber kuom luwo ranyisi mag liet mar anguro ma Afrika.
4652,Agriculture,General,Vaccinate your pigs against rabies before the rainy season.,Chanja nguruwe yako dhidi ya kichaa cha mbwa kabla ya msimu wa mvua.,Chiw ng’ombe mari chanjo mar geng’o tuo mar rabies kapok kinde koth ochopo.
4653,Agriculture,General,Report suspected pesticide poisoning to your county agricultural officer without delay.,Ripoti sumu ya dawa inayoshukiwa kwa afisa kilimo wa kaunti yako bila kuchelewa.,Chiw ripot mar yien ma igeno ni nitie kwiri mar yath manego yien ne apisa mar pur mar kaunti mari maonge thuolo.
4654,Agriculture,General,Visit your nearest agricultural office to learn about value addition for produce.,Tembelea ofisi ya kilimo ya karibu kujifunza kuhusu uongezaji thamani wa mazao.,Dhi e ofis man machiegni kodi mar pur mondo ing'e kaka medo nengo mar cham.
4655,Agriculture,General,Combine using certified seeds with proper spacing to boost your kale yield.,Changanya kutumia mbegu zilizothibitishwa na nafasi sahihi ili kuongeza mavuno ya sukuma wiki.,Kod tiyo kod kodhi ma nigi oboke ma nyiso ni nitie thuolo mowinjore mondo omed cham mari mar kale.
4656,Agriculture,General,Protect your groundnuts from coffee berry disease by spacing plants correctly.,Linda karanga yako dhidi ya ugonjwa wa chungu wa kahawa kwa kuweka nafasi sahihi za mimea.,Riek njugu mari mondo kik oyud tuoche mag berry mag kahawa kuom keto thuolo makare e kind yien.
4657,Agriculture,General,Vaccinate your donkeys against anthrax before the rainy season.,Chanja punda yako dhidi ya kimeta kabla ya msimu wa mvua.,Inyalo keto ng’ombe mari chanjo mar geng’o tuo mar anthrax kapok kinde koth ochopo.
4658,Agriculture,General,Combine using certified seeds with proper spacing to boost your sweet potatoes yield.,Changanya kutumia mbegu zilizothibitishwa na nafasi sahihi ili kuongeza mavuno ya viazi vitamu.,Kod kodhi ka itiyo gi kodhi ma nigi oboke ma nyiso ni nitie thuolo mowinjore mondo omed chak mari mar sabu mabed mayom.
4659,Agriculture,General,Farmers growing millet are advised to watch out for root rot this season.,Wakulima wanaolima wimbi washauriwa kuchunga kuoza kwa mizizi msimu huu.,Jopur ma pidho ngano imiwa rieko mar rito ng’injo mag ng’injo e kindeni.
4660,Agriculture,General,Protect your kale from aphids by mulching early.,Linda sukuma wiki yako dhidi ya vidukari kwa kufunika udongo mapema.,Rit kale mari mondo kik oyud aphid kuom ng’ado lum mapiyo.
4661,Agriculture,General,Combine spacing plants correctly with proper spacing to boost your cotton yield.,Changanya kuweka nafasi sahihi za mimea na nafasi sahihi ili kuongeza mavuno ya pamba.,Riw yien ma iketo thuolo e yo makare gi thuolo mowinjore mondo imed chak mari mar pamba.
4662,Agriculture,General,Combine using certified seeds with proper spacing to boost your tomatoes yield.,Changanya kutumia mbegu zilizothibitishwa na nafasi sahihi ili kuongeza mavuno ya nyanya.,Kod tiyo kod kodhi ma nigi oboke ma nyiso ni nitie thuolo mowinjore mondo omed ng’eny mar nyanya mari.
4663,Agriculture,General,Combine mulching early with proper spacing to boost your tea yield.,Changanya kufunika udongo mapema na nafasi sahihi ili kuongeza mavuno ya chai.,Kod ng’ado lum mapiyo ka itiyo gi thuolo mowinjore mondo imed ng’iewo chai mari.
4664,Agriculture,General,Farmers growing cassava are advised to watch out for termites this season.,Wakulima wanaolima muhogo washauriwa kuchunga mchwa msimu huu.,Jopur ma pidho mzabibu imiyogi paro mondo gibed gi ritruok kuom winyo ma ng’we ng’ar e kindeni.
4665,Agriculture,General,Protect your rice from fall armyworm by spacing plants correctly.,Linda mchele yako dhidi ya funza jeshi kwa kuweka nafasi sahihi za mimea.,Riek mzabibu mari mondo kik omak winyo mag piny kuom keto thuolo makare e kind yien.
4666,Agriculture,General,Farmers growing cotton are advised to watch out for termites this season.,Wakulima wanaolima pamba washauriwa kuchunga mchwa msimu huu.,Jopur ma pidho pamba ipuonjogi mondo gibed gi ritruok kuom winyo ma ng’ato nyalo ng’ado e kindeni.
4667,Agriculture,General,Protect your sorghum from coffee berry disease by improving drainage.,Linda mtama yako dhidi ya ugonjwa wa chungu wa kahawa kwa kuboresha mifereji ya maji.,Rit cham mari mondo kik oyud tuoche mag berry mag kahawa kuom bero kaka pi nyalo ng’ado.
4668,Agriculture,General,Protect your cassava from drought by practicing timely weeding.,Linda muhogo yako dhidi ya ukame kwa kupalilia kwa wakati.,Rit mzabibu mari kuom oro kuom timo puonjruok mar ng’ado lum e kinde mowinjore.
4669,Agriculture,General,Combine practicing timely weeding with proper spacing to boost your millet yield.,Changanya kupalilia kwa wakati na nafasi sahihi ili kuongeza mavuno ya wimbi.,Riw puonjruok mar golo yien e kinde mowinjore kod keto thuolo mowinjore mondo omed cham mari mar ngano.
4670,Agriculture,General,Keep your pigs healthy by monitoring for signs of brucellosis.,Weka nguruwe wako na afya kwa kuchunguza dalili za brusela.,Ket anguro mari obed gi ngima maber kuom luwo ranyisi mag tuo mar bruselosis.
4671,Agriculture,General,Combine practicing timely weeding with proper spacing to boost your sugarcane yield.,Changanya kupalilia kwa wakati na nafasi sahihi ili kuongeza mavuno ya miwa.,Riw puonjruok mar golo lum e kinde mowinjore kod keto thuolo mowinjore mondo omed cham mar ngano mari.
4672,Agriculture,General,Combine applying organic manure with proper spacing to boost your sweet potatoes yield.,Changanya kutumia mbolea ya asili na nafasi sahihi ili kuongeza mavuno ya viazi vitamu.,Riw keto lum ma dongo dongo kod thuolo mowinjore mondo omed chak mari mar sabu mabed mayom.
4673,Agriculture,General,Farmers growing onions are advised to watch out for termites this season.,Wakulima wanaolima vitunguu washauriwa kuchunga mchwa msimu huu.,Jopur ma pidho otungu opuonjo mondo gibed gi ritruok kuom winyo ma ng’we ng’ar e kindeni.
4674,Agriculture,General,Farmers growing maize are advised to watch out for maize streak virus this season.,Wakulima wanaolima mahindi washauriwa kuchunga virusi vya mistari ya mahindi msimu huu.,Jopur mapidho chago omiye rieko mar rito midhusi mar chago e kindeni.
4675,Agriculture,General,Combine improving drainage with proper spacing to boost your coffee yield.,Changanya kuboresha mifereji ya maji na nafasi sahihi ili kuongeza mavuno ya kahawa.,Riw bero yor pi kod keto thuolo mowinjore mondo omed kelo kahawa mari.
4676,Agriculture,General,Keep your sheep healthy by monitoring for signs of brucellosis.,Weka kondoo wako na afya kwa kuchunguza dalili za brusela.,Ket rombe mari obed gi ngima maber kuom luwo ranyisi mag tuo mar bruselosi.
4677,Agriculture,General,Combine applying recommended pesticide with proper spacing to boost your tomatoes yield.,Changanya kutumia dawa inayopendekezwa na nafasi sahihi ili kuongeza mavuno ya nyanya.,Kod tiyo kod yath mar ketho yien kod keto thuolo mowinjore mondo omed ng'eny mar nyanya mari.
4678,Agriculture,General,Combine planting drought-resistant varieties with proper spacing to boost your maize yield.,Changanya kupanda aina zinazostahimili ukame na nafasi sahihi ili kuongeza mavuno ya mahindi.,Riw pidho kit cham ma ok nyal geng'o oro kod thuolo mowinjore mondo omed cham mari mar cham.
4679,Agriculture,General,Keep your poultry healthy by monitoring for signs of mastitis.,Weka kuku wako na afya kwa kuchunguza dalili za maambukizi ya kiwele.,Ket winy mari obed gi ngima maber kuom luwo ranyisi mag tuo mar lak.
4680,Agriculture,General,Combine using certified seeds with proper spacing to boost your sugarcane yield.,Changanya kutumia mbegu zilizothibitishwa na nafasi sahihi ili kuongeza mavuno ya miwa.,Kod tiyo kod kodhi ma nigi oboke ma nyiso ni nitie thuolo mowinjore mondo omed cham mar ngano mari.
4681,Agriculture,General,Keep your dairy cows healthy by monitoring for signs of Newcastle disease.,Weka ng'ombe wa maziwa wako na afya kwa kuchunguza dalili za ugonjwa wa mdondo.,Ket dhiang' magi ma chak obed mangima maber kuom luwo ranyisi mag tuo mar Newcastle.
4682,Agriculture,General,Farmers growing maize are advised to watch out for fungal blight this season.,Wakulima wanaolima mahindi washauriwa kuchunga ugonjwa wa fangasi msimu huu.,Jopur mapidho cham imiyogi rieko mondo kik giyud midhiero mag fungi e kindeni.
4683,Agriculture,General,Combine rotating crops with proper spacing to boost your cotton yield.,Changanya kubadilisha mazao na nafasi sahihi ili kuongeza mavuno ya pamba.,Riw cham ma ilokore gi thuolo mowinjore mondo omed cham mari mar pamba.
4684,Agriculture,General,Combine using certified seeds with proper spacing to boost your groundnuts yield.,Changanya kutumia mbegu zilizothibitishwa na nafasi sahihi ili kuongeza mavuno ya karanga.,Kod tiyo kod kodhi ma nigi oboke ma nyiso ni nitie thuolo mowinjore mondo omed cham mar njugu mari.
4685,Agriculture,General,Farmers are reminded that climate-smart farming training sessions are held monthly at the county office.,Wakulima wakumbushwa kuwa vipindi vya mafunzo ya kilimo hai cha tabianchi hufanyika kila mwezi katika ofisi ya kaunti.,Jopur iparo ni puonjruok mag pur ma rito piny itimo dwe ka dwe e ofis mar kaunti.
4686,Agriculture,General,Protect your bananas from locusts by rotating crops.,Linda ndizi yako dhidi ya nzige kwa kubadilisha mazao.,Rit ng’injo mari mondo kik oyud winyo kuom loko cham ma ipidho.
4687,Agriculture,General,Protect your cassava from drought by using certified seeds.,Linda muhogo yako dhidi ya ukame kwa kutumia mbegu zilizothibitishwa.,Rit mzabibu mari mondo kik obed gi oro kuom tiyo kod kodhi ma nigi oboke mar ng’ado bura.
4688,Agriculture,General,Farmers growing kale are advised to watch out for aphids this season.,Wakulima wanaolima sukuma wiki washauriwa kuchunga vidukari msimu huu.,Jopur ma pidho kale opuonjogi mondo gibed gi ritruok kuom aphids e kindeni.
4689,Agriculture,General,Farmers growing sunflower are advised to watch out for coffee berry disease this season.,Wakulima wanaolima alizeti washauriwa kuchunga ugonjwa wa chungu wa kahawa msimu huu.,Jopur mapidho maua mag chieng' ipuonjo mondo oritgi tuoche mag yiend kahawa e kindeni.
4690,Agriculture,General,Combine improving drainage with proper spacing to boost your groundnuts yield.,Changanya kuboresha mifereji ya maji na nafasi sahihi ili kuongeza mavuno ya karanga.,Kod loso yore mag pi ma ng’ato nyalo ng’adogo pi kod keto thuolo mowinjore mondo omed cham mar njugu mari.
4691,Agriculture,General,Combine applying organic manure with proper spacing to boost your groundnuts yield.,Changanya kutumia mbolea ya asili na nafasi sahihi ili kuongeza mavuno ya karanga.,Riw keto lum ma dongo dongo kod thuolo mowinjore mondo omed cham mari mar njugu.
4692,Agriculture,General,Combine applying recommended pesticide with proper spacing to boost your sweet potatoes yield.,Changanya kutumia dawa inayopendekezwa na nafasi sahihi ili kuongeza mavuno ya viazi vitamu.,Kod tiyo kod yath ma ogolo mar nego yien kod keto thuolo mowinjore mondo omed chak mari mar sabu mabed mayom.
4693,Agriculture,General,Protect your sweet potatoes from root rot by using certified seeds.,Linda viazi vitamu yako dhidi ya kuoza kwa mizizi kwa kutumia mbegu zilizothibitishwa.,Riek ng’injo mari mondo kik otur kuom tiyo kod kodhi ma nigi oboke mar ng’injo.
4694,Agriculture,General,Visit your nearest agricultural office to learn about fertiliser subsidies.,Tembelea ofisi ya kilimo ya karibu kujifunza kuhusu ruzuku ya mbolea.,Dhi e ofis man machiegni kodi mar pur mondo ing’e weche mag sir mar chiwo lum.
4695,Agriculture,General,Combine mulching early with proper spacing to boost your cotton yield.,Changanya kufunika udongo mapema na nafasi sahihi ili kuongeza mavuno ya pamba.,Riw mulching mapiyo kod keto thuolo mowinjore mondo omed ng’iewo pamba mari.
4696,Agriculture,General,Combine practicing timely weeding with proper spacing to boost your cotton yield.,Changanya kupalilia kwa wakati na nafasi sahihi ili kuongeza mavuno ya pamba.,Riw puonjruok mar golo yien e kinde mowinjore kod keto thuolo mowinjore mondo omed chak mari mar pamba.
4697,Agriculture,General,Keep your cattle healthy by monitoring for signs of Newcastle disease.,Weka ng'ombe wako na afya kwa kuchunguza dalili za ugonjwa wa mdondo.,Ket dhiang' magi obed mangima kuom luwo ranyisi mag tuo mar Newcastle.
4698,Agriculture,General,Farmers growing maize are advised to watch out for termites this season.,Wakulima wanaolima mahindi washauriwa kuchunga mchwa msimu huu.,Jopur ma pidho cham imiyogi paro mondo gibed gi ritruok kuom winyo ma ng’we ng’ar e kindeni.
4699,Education,General,Teachers recommend combining regular homework review with regular attendance to address student unrest.,Walimu wanapendekeza kuchanganya kupitia kazi za nyumbani mara kwa mara na mahudhurio ya mara kwa mara kushughulikia machafuko ya wanafunzi.,Jopuonj golo paro ni mondo oriw somo mar tije mag ot pile ka pile kod chopo e chokruoge pile ka pile mar geng'o ywak mar nyithind sikul.
4700,Education,General,Any delayed textbook delivery affecting learners at vocational training college should be raised during the CBC curriculum transition discussions.,ucheleweshaji wa vitabu yoyote inayoathiri wanafunzi katika chuo cha mafunzo ya ufundi inapaswa kuibuliwa wakati wa majadiliano ya mpito wa mtaala wa CBC.,Gimoro amora ma osechopo e chiwo buge mag somo ma mulo jopuonjre e kolej mar puonjruok mar tich onego ogol e kinde ma itimoe mbaka mag loko chenro mar somo mar CBC.
4701,Education,General,"As part of improving Junior Secondary School, parents are asked to support asking questions in class at home.","Kama sehemu ya kuboresha shule ya upili ya chini, wazazi wanaombwa kusaidia kuuliza maswali darasani nyumbani.","Kaka achiel kuom yore mag bero Skul mar Sekondari, ikwayo jonyuol mondo ochung’ ne penjo penjo e klas e ot."
4702,Education,General,The free sanitary products programme now covers learners at Junior Secondary School facing financial hardship.,mpango wa taulo za bure sasa inahusisha wanafunzi katika shule ya upili ya chini wanaokabiliwa na ugumu wa kifedha.,Program mar gik ma itiyogo e rito ler ma onge chudo sani oriwo jopuonjre ma ni e skul mar sekondari ma yudo pek mag pesa.
4703,Education,General,Teachers recommend combining active class participation with regular attendance to address inadequate sanitation facilities.,Walimu wanapendekeza kuchanganya kushiriki kikamilifu darasani na mahudhurio ya mara kwa mara kushughulikia vyoo visivyotosha.,Jopuonj chiwo paro mar keto kanyakla bedo gi kinda e klas kod bedo e klas kinde ka kinde mondo ilos kuonde ma ok owinjore mag ler.
4704,Education,General,"As part of improving technical training institute, parents are asked to support time management at home.","Kama sehemu ya kuboresha chuo cha mafunzo ya kiufundi, wazazi wanaombwa kusaidia usimamizi wa muda nyumbani.","Kaka achiel kuom yore mag bero skul mar puonjruok mar ng’eyo tich, ikwayo jonyuol mondo okony kaka gitiyo gi thuolo e ot."
4705,Education,General,Any unsafe classroom conditions affecting learners at technical training institute should be raised during school safety measures discussions.,hali isiyo salama ya darasa yoyote inayoathiri wanafunzi katika chuo cha mafunzo ya kiufundi inapaswa kuibuliwa wakati wa majadiliano ya hatua za usalama shuleni.,Gimoro amora ma ok ber e klas ma mulo jopuonjre e skul mar puonjruok mar teknoloji onego oting’ e kinde ma itimo mbaka mag yore mag rito skul.
4706,Education,General,"As part of improving Junior Secondary School, parents are asked to support active class participation at home.","Kama sehemu ya kuboresha shule ya upili ya chini, wazazi wanaombwa kusaidia kushiriki kikamilifu darasani nyumbani.","Kaka achiel kuom yore mag bero Skul mar Sekondari, ikwayo jonyuol mondo ochung’ ne puonjruok ma ng’ato timo e klas e ot."
4707,Education,General,The county bursary fund now covers learners at vocational training college facing financial hardship.,mfuko wa bursary wa kaunti sasa inahusisha wanafunzi katika chuo cha mafunzo ya ufundi wanaokabiliwa na ugumu wa kifedha.,Fund mar bursary mar kaunti sani konyo jopuonjre ma ni e kolej mar puonjruok mar tich ma yudo pek mag pesa.
4708,Education,General,"As part of improving day secondary school, parents are asked to support regular homework review at home.","Kama sehemu ya kuboresha shule ya upili ya kutwa, wazazi wanaombwa kusaidia kupitia kazi za nyumbani mara kwa mara nyumbani.","Kaka achiel kuom yore mag bero skul mar sekondari mar odiechieng’, jonyuol ikwayo mondo ochung’ ne puonjruok mar tije mag ot pile pile e ot."
4709,Education,General,Any student unrest affecting learners at Junior Secondary School should be raised during digital literacy programmes discussions.,machafuko ya wanafunzi yoyote inayoathiri wanafunzi katika shule ya upili ya chini inapaswa kuibuliwa wakati wa majadiliano ya mipango ya ujuzi wa kidijitali.,"Kapo ni ng’ato ang’ata ma nigi ywak ma mulo jopuonjre e Skul mar Sekondari, onego oting’ e kinde ma itimoe mbaka mag chenro mag somo kod ndiko mag dijital."
4710,Education,General,"As part of improving vocational training college, parents are asked to support time management at home.","Kama sehemu ya kuboresha chuo cha mafunzo ya ufundi, wazazi wanaombwa kusaidia usimamizi wa muda nyumbani.","Kaka achiel kuom yore mag bero kolej mar puonjo ji tich, ikwayo jonyuol mondo okonygi tiyo kod thuolo e ot."
4711,Education,General,Report lack of learning materials at school to the head teacher immediately.,Ripoti ukosefu wa vifaa vya kujifunzia shuleni kwa mwalimu mkuu mara moja.,Ripot mar bedo gi gige somo e skul ne japuonj maduong’ mapiyo.
4712,Education,General,"As part of improving vocational training college, parents are asked to support peer study groups at home.","Kama sehemu ya kuboresha chuo cha mafunzo ya ufundi, wazazi wanaombwa kusaidia vikundi vya wenzao vya kusoma nyumbani.","Kaka achiel kuom yore mag bero kolej mar puonjruok mar tich, ikwayo jonyuol mondo okony grup mag somo mag jowetegi e ot."
4713,Education,General,Report student unrest at school to the head teacher immediately.,Ripoti machafuko ya wanafunzi shuleni kwa mwalimu mkuu mara moja.,Chiw ripot mar ng’anjo mar jopuonjre e skul ne japuonj maduong’ mapiyo.
4714,Education,General,Parents are urged to enroll children in boarding primary school without delay.,Wazazi wanahimizwa kuandikisha watoto katika shule ya msingi ya bweni bila kuchelewa.,Jonyuol okwayo mondo ondiki nyithindgi e skul ma piny ma ji odak e iye ma ok odhi nyime.
4715,Education,General,Encourage your child to practice regular homework review to improve their learning.,Mhamasishe mtoto wako kufanya kupitia kazi za nyumbani mara kwa mara ili kuboresha ujifunzaji wake.,Jiw nyathini mondo otim puonjruok mar ng’iyo tije mag ot kinde ka kinde mondo omed somo maber.
4716,Education,General,Any unsafe classroom conditions affecting learners at pre-primary school should be raised during digital literacy programmes discussions.,hali isiyo salama ya darasa yoyote inayoathiri wanafunzi katika shule ya chekechea inapaswa kuibuliwa wakati wa majadiliano ya mipango ya ujuzi wa kidijitali.,Gimoro amora ma ok ber e klas ma mulo jopuonjre e skul ma pok ochako somo onego oting’ e kinde ma itimo mbaka mag chenro mag somo kod ndiko mag dijital.
4717,Education,General,Any bullying affecting learners at vocational training college should be raised during infrastructure development plans discussions.,unyanyasaji yoyote inayoathiri wanafunzi katika chuo cha mafunzo ya ufundi inapaswa kuibuliwa wakati wa majadiliano ya mipango ya uendelezaji wa miundombinu.,Gimoro amora ma ketho nying’ jopuonjre e kolej mar puonjruok mar tich onego oting’ e kinde ma itimo mbaka mag chenro mag gedo mag piny.
4718,Education,General,The free sanitary products programme now covers learners at Early Childhood Development Education facing financial hardship.,mpango wa taulo za bure sasa inahusisha wanafunzi katika elimu ya awali wanaokabiliwa na ugumu wa kifedha.,Program mar gik ma itiyogo e rito ler ma onge chudo sani oriwo jopuonjre e somo mar dongruok mar nyithindo matindo ma yudo pek mag pesa.
4719,Education,General,Any teacher absenteeism affecting learners at Early Childhood Development Education should be raised during the new school calendar discussions.,walimu kutohudhuria yoyote inayoathiri wanafunzi katika elimu ya awali inapaswa kuibuliwa wakati wa majadiliano ya kalenda mpya ya shule.,"Ka japuonj moro amora ma ok dhi e skul ma mulo jopuonjre e somo mar dongruok mar nyithindo matindo, onego oketgi e paro e kinde ma itimoe mbaka mag kalenda manyien mar skul."
4720,Education,General,Parents are urged to enroll children in special needs unit without delay.,Wazazi wanahimizwa kuandikisha watoto katika kitengo cha mahitaji maalum bila kuchelewa.,Jonyuol okwayo mondo ondiki nyithindgi e kar rito joma nigi dwaro makende ma ok odhi nyime.
4721,Education,General,Apply for the textbook subsidy programme to help with your child's school fees.,Omba mpango wa ruzuku ya vitabu kusaidia ada ya shule ya mtoto wako.,Kwayo program mar konyo buge mag somo mondo okonyi chulo skul mar nyathini.
4722,Education,General,Teachers recommend combining keeping a study timetable with regular attendance to address lack of learning materials.,Walimu wanapendekeza kuchanganya kuweka ratiba ya masomo na mahudhurio ya mara kwa mara kushughulikia ukosefu wa vifaa vya kujifunzia.,Jopuonj chiwo paro ni mondo oriw keto chenro mar somo kod bedo e chokruoge pile pile mondo ilos bedo maonge gi gige somo.
4723,Education,General,Any overcrowded classrooms affecting learners at day secondary school should be raised during teacher recruitment updates discussions.,madarasa yenye msongamano yoyote inayoathiri wanafunzi katika shule ya upili ya kutwa inapaswa kuibuliwa wakati wa majadiliano ya taarifa za uajiri wa walimu.,Klase moro amora ma opong’ ahinya ma ketho jopuonjre e skul mar sekondari mar odiechieng’ onego oketgi e kinde ma itimoe mbaka mag ng’ado bura mar jopuonj.
4724,Education,General,Teachers recommend combining keeping a study timetable with regular attendance to address inadequate sanitation facilities.,Walimu wanapendekeza kuchanganya kuweka ratiba ya masomo na mahudhurio ya mara kwa mara kushughulikia vyoo visivyotosha.,Jopuonj chiwo paro ni mondo oriw keto chenro mar somo kod bedo e chokruoge pile pile mondo ilos kuonde ma ok oromo mag ler.
4725,Education,General,"As part of improving Grade 6, parents are asked to support daily reading at home.","Kama sehemu ya kuboresha darasa la sita, wazazi wanaombwa kusaidia kusoma kila siku nyumbani.","Kaka achiel kuom yore mag bero Grade 6, ikwayo jonyuol mondo ochung’ ne somo ma pile ka pile e ot."
4726,Education,General,Any overcrowded classrooms affecting learners at day secondary school should be raised during school safety measures discussions.,madarasa yenye msongamano yoyote inayoathiri wanafunzi katika shule ya upili ya kutwa inapaswa kuibuliwa wakati wa majadiliano ya hatua za usalama shuleni.,Klase moro amora ma opong’ ahinya ma ketho jopuonjre e skul mar sekondari mar odiechieng’ onego oketgi e kinde ma itimoe mbaka mag yore mag rito skul.
4727,Education,General,Any case of exam malpractice should be reported through the official school channel.,Kesi yoyote ya udanganyifu wa mtihani inapaswa kuripotiwa kupitia njia rasmi ya shule.,Kes moro amora mar tim marach mar penj onego ondiki kokalo kuom chanel mar skul ma owinjore.
4728,Education,General,"As part of improving day secondary school, parents are asked to support keeping a study timetable at home.","Kama sehemu ya kuboresha shule ya upili ya kutwa, wazazi wanaombwa kusaidia kuweka ratiba ya masomo nyumbani.","Kaka achiel kuom yore mag bero skul mar sekondari mar odiechieng’, ikwayo jonyuol mondo ochung’ ne keto chenro mar somo e ot."
4729,Education,General,"As part of improving special needs unit, parents are asked to support asking questions in class at home.","Kama sehemu ya kuboresha kitengo cha mahitaji maalum, wazazi wanaombwa kusaidia kuuliza maswali darasani nyumbani.","Kaka achiel kuom yore mag bero unit mar joma nigi dwaro makende, ikwayo jonyuol mondo ochung’ ne penjo penjo e klas e ot."
4730,Education,General,Teachers recommend combining peer study groups with regular attendance to address long distances to school.,Walimu wanapendekeza kuchanganya vikundi vya wenzao vya kusoma na mahudhurio ya mara kwa mara kushughulikia umbali mrefu kwenda shuleni.,Jopuonj golo paro ni mondo oriw grup mag somo mag jowetegi gi bedoe pile pile mondo gilos weche mabor mag skul.
4731,Education,General,The orphan and vulnerable children fund now covers learners at technical training institute facing financial hardship.,mfuko wa watoto yatima na walio hatarini sasa inahusisha wanafunzi katika chuo cha mafunzo ya kiufundi wanaokabiliwa na ugumu wa kifedha.,Fund mar nyithindo ma onge jonyuol kod ma nigi pek sani konyo jopuonjre ma ni e skul mar puonjruok mar teknoloji ma yudo pek mag pesa.
4732,Education,General,The orphan and vulnerable children fund now covers learners at Junior Secondary School facing financial hardship.,mfuko wa watoto yatima na walio hatarini sasa inahusisha wanafunzi katika shule ya upili ya chini wanaokabiliwa na ugumu wa kifedha.,Fund mar nyithindo ma onge jonyuol kod ma nigi pek sani ochung’ ne jopuonjre ma ni e skul ma piny ma yudo pek mag pesa.
4733,Education,General,Any case of long distances to school should be reported through the official school channel.,Kesi yoyote ya umbali mrefu kwenda shuleni inapaswa kuripotiwa kupitia njia rasmi ya shule.,Kaso moro amora mar wuotho ​​mabor nyaka skul onego ondiki kokalo kuom chanel mar skul ma owinjore.
4734,Education,General,Encourage your child to practice peer study groups to improve their learning.,Mhamasishe mtoto wako kufanya vikundi vya wenzao vya kusoma ili kuboresha ujifunzaji wake.,Jiw nyathini mondo otim puonjruok e grup mag somo gi jowetene mondo omed somo maber.
4735,Education,General,Parents are urged to enroll children in Early Childhood Development Education without delay.,Wazazi wanahimizwa kuandikisha watoto katika elimu ya awali bila kuchelewa.,Jonyuol okwayo mondo ondiki nyithindgi e somo mar dongruok mar nyithindo matindo ma ok odhi nyime.
4736,Education,General,Encourage your child to practice responsible internet use to improve their learning.,Mhamasishe mtoto wako kufanya matumizi ya kuwajibika ya intaneti ili kuboresha ujifunzaji wake.,Jiw nyathini mondo otim puonjruok mar tiyo kod intanet e yo makare mondo omed somo maber.
4737,Education,General,"As part of improving special needs unit, parents are asked to support peer study groups at home.","Kama sehemu ya kuboresha kitengo cha mahitaji maalum, wazazi wanaombwa kusaidia vikundi vya wenzao vya kusoma nyumbani.","Kaka achiel kuom yore mag bero unit mar dwaro makende, ikwayo jonyuol mondo okony grup mag somo mag jowetegi e ot."
4738,Education,General,Any case of student unrest should be reported through the official school channel.,Kesi yoyote ya machafuko ya wanafunzi inapaswa kuripotiwa kupitia njia rasmi ya shule.,Kaso moro amora mar ng’anjo mar jopuonjre onego ondiki kokalo kuom chanel mar skul ma owinjore.
4739,Education,General,The school feeding programme now covers learners at vocational training college facing financial hardship.,mpango wa chakula shuleni sasa inahusisha wanafunzi katika chuo cha mafunzo ya ufundi wanaokabiliwa na ugumu wa kifedha.,Program mar chiwo chiemo e skul sani oriwo jopuonjre ma ni e kolej mar puonjruok mar tich ma yudo pek mag pesa.
4740,Education,General,Any teacher absenteeism affecting learners at Junior Secondary School should be raised during infrastructure development plans discussions.,walimu kutohudhuria yoyote inayoathiri wanafunzi katika shule ya upili ya chini inapaswa kuibuliwa wakati wa majadiliano ya mipango ya uendelezaji wa miundombinu.,"Ka japuonj moro amora ma ok dhi e skul ma mulo jopuonjre e skul mar sekondari, onego oketgi e kinde ma itimoe mbaka mag chenro mag dongruok mar gedo mag piny."
4741,Education,General,Building asking questions in class early helps learners succeed under the CBC curriculum.,Kujenga kuuliza maswali darasani mapema husaidia wanafunzi kufaulu chini ya mtaala wa CBC.,Kugero penjo penjo e klas mapiyo konyo jopuonjre mondo gibed gi loch e bwo chenro mar somo mar CBC.
4742,Education,General,"As part of improving Senior School, parents are asked to support responsible internet use at home.","Kama sehemu ya kuboresha shule ya upili ya juu, wazazi wanaombwa kusaidia matumizi ya kuwajibika ya intaneti nyumbani.","Kaka achiel kuom yore mag bero Skul Maduong’, ikwayo jonyuol mondo ochung’ ne tiyo kod intanet e yo makare e ot."
4743,Education,General,"As part of improving special needs unit, parents are asked to support daily reading at home.","Kama sehemu ya kuboresha kitengo cha mahitaji maalum, wazazi wanaombwa kusaidia kusoma kila siku nyumbani.","Kaka achiel kuom yore mag bero unit mar joma nigi dwaro makende, ikwayo jonyuol mondo ochung’ ne somo ma pile ka pile e ot."
4744,Education,General,Teachers recommend combining time management with regular attendance to address long distances to school.,Walimu wanapendekeza kuchanganya usimamizi wa muda na mahudhurio ya mara kwa mara kushughulikia umbali mrefu kwenda shuleni.,Jopuonj golo paro ni mondo oriw rito thuolo kod bedo e skul pile pile mondo ilos thuolo mabor mar dhi skul.
4745,Education,General,"As part of improving boarding primary school, parents are asked to support keeping a study timetable at home.","Kama sehemu ya kuboresha shule ya msingi ya bweni, wazazi wanaombwa kusaidia kuweka ratiba ya masomo nyumbani.","Kaka achiel kuom yore mag bero skul ma piny ma ji odak e iye, ikwayo jonyuol mondo ochung’ ne keto chenro mar somo e ot."
4746,Education,General,Teachers recommend combining regular homework review with regular attendance to address inadequate sanitation facilities.,Walimu wanapendekeza kuchanganya kupitia kazi za nyumbani mara kwa mara na mahudhurio ya mara kwa mara kushughulikia vyoo visivyotosha.,Jopuonj golo paro ni mondo oriw somo mar tije mag pacho pile ka pile kod chopo e chokruoge pile ka pile mondo ilos kuonde ma ok oromo mar ler.
4747,Education,General,Attend the school meeting to discuss exam preparation for this term.,Hudhuria mkutano wa shule kujadili maandalizi ya mtihani kwa muhula huu.,Chopo e chokruok mar skul mondo wawuo kuom ikruok mar penj mar term ni.
4748,Education,General,Teachers recommend combining active class participation with regular attendance to address overcrowded classrooms.,Walimu wanapendekeza kuchanganya kushiriki kikamilifu darasani na mahudhurio ya mara kwa mara kushughulikia madarasa yenye msongamano.,Jopuonj golo paro ni mondo oriw bedo gi ng'iyo e klas kod bedo e klas pile mondo ilos klas ma opong' ahinya gi ji.
4749,Education,General,Any delayed textbook delivery affecting learners at boarding primary school should be raised during school feeding budgets discussions.,ucheleweshaji wa vitabu yoyote inayoathiri wanafunzi katika shule ya msingi ya bweni inapaswa kuibuliwa wakati wa majadiliano ya bajeti za chakula shuleni.,"Gimoro amora ma ng’ato nyalo ng’ado e buge mag somo ma mulo jopuonjre e skul ma piny ma ji odak e iye, onego oketgi e kinde ma itimoe mbaka mag pesa mag chiemo mag skul."
4750,Education,General,"As part of improving Senior School, parents are asked to support regular homework review at home.","Kama sehemu ya kuboresha shule ya upili ya juu, wazazi wanaombwa kusaidia kupitia kazi za nyumbani mara kwa mara nyumbani.","Kaka achiel kuom yore mag bero Skul Maduong’, ikwayo jonyuol mondo ochung’ ne puonjruok mar timo tije mag ot kinde ka kinde e ot."
4751,Education,General,Enroll your child in pre-primary school before the term begins.,Andikisha mtoto wako katika shule ya chekechea kabla ya muhula kuanza.,Inyalo ndiko nying nyathini e skul ma nyithindo pok ochako somo kapok term ochako.
4752,Education,General,Building regular homework review early helps learners succeed under the CBC curriculum.,Kujenga kupitia kazi za nyumbani mara kwa mara mapema husaidia wanafunzi kufaulu chini ya mtaala wa CBC.,Kugero puonjruok mar tije mag ot pile ka pile mapiyo konyo jopuonjre mondo gibed gi loch e bwo chenro mar somo mar CBC.
4753,Education,General,Building time management early helps learners succeed under the CBC curriculum.,Kujenga usimamizi wa muda mapema husaidia wanafunzi kufaulu chini ya mtaala wa CBC.,Kugero yore mag tiyo kod thuolo mapiyo konyo jopuonjre mondo gibed gi loch e bwo chenro mar somo mar CBC.
4754,Education,General,Building keeping a study timetable early helps learners succeed under the CBC curriculum.,Kujenga kuweka ratiba ya masomo mapema husaidia wanafunzi kufaulu chini ya mtaala wa CBC.,Kugero rito chenro mar somo mapiyo konyo jopuonjre mondo oyud loch e bwo chenro mar somo mar CBC.
4755,Education,General,Schools countrywide are holding sessions this week on exam preparation.,Shule nchini kote zinafanya vipindi wiki hii kuhusu maandalizi ya mtihani.,Sukuru e piny mangima nigi seche jumani kae kuom ikruok mar penj.
4756,Education,General,Any lack of learning materials affecting learners at Senior School should be raised during infrastructure development plans discussions.,ukosefu wa vifaa vya kujifunzia yoyote inayoathiri wanafunzi katika shule ya upili ya juu inapaswa kuibuliwa wakati wa majadiliano ya mipango ya uendelezaji wa miundombinu.,Gimoro amora ma onge gi gik mitiyogo e somo ma mulo jopuonjre e Skul Maduong’ onego oketgi e kinde ma itimoe mbaka mag chenro mag dongruok mar gedo mag piny.
4757,Education,General,The textbook subsidy programme now covers learners at Grade 6 facing financial hardship.,mpango wa ruzuku ya vitabu sasa inahusisha wanafunzi katika darasa la sita wanaokabiliwa na ugumu wa kifedha.,Program mar chiwo kony mar buge mag somo sani oriwo jopuonjre ma ni e klas mar 6 ma yudo pek mag pesa.
4758,Education,General,The special needs education grant now covers learners at Grade 6 facing financial hardship.,ruzuku ya elimu maalum sasa inahusisha wanafunzi katika darasa la sita wanaokabiliwa na ugumu wa kifedha.,Chiwo mar somo mar dwaro makende sani mulo jopuonjre ma ni e klas mar 6 ma yudo pek mag pesa.
4759,Education,General,Teachers recommend combining keeping a study timetable with regular attendance to address bullying.,Walimu wanapendekeza kuchanganya kuweka ratiba ya masomo na mahudhurio ya mara kwa mara kushughulikia unyanyasaji.,Jopuonj golo paro ni mondo oriw keto chenro mar somo kod bedo kanyakla pile mondo ilos tim mar anjao.
4760,Education,General,Teachers recommend combining regular homework review with regular attendance to address exam malpractice.,Walimu wanapendekeza kuchanganya kupitia kazi za nyumbani mara kwa mara na mahudhurio ya mara kwa mara kushughulikia udanganyifu wa mtihani.,Jopuonj golo paro ni mondo oriw somo mar tije mag pacho pile ka pile kod chopo pile pile mar geng'o tim marach mag penj.
4761,Education,General,Teachers recommend combining daily reading with regular attendance to address bullying.,Walimu wanapendekeza kuchanganya kusoma kila siku na mahudhurio ya mara kwa mara kushughulikia unyanyasaji.,Jopuonj golo paro ni mondo oriw somo ma pile ka pile kod bedo e chokruok pile mondo ilos tim mar anjao.
4762,Education,General,Parents are urged to enroll children in day secondary school without delay.,Wazazi wanahimizwa kuandikisha watoto katika shule ya upili ya kutwa bila kuchelewa.,Jonyuol okwayo mondo ondiki nyithindgi e skul mar sekondari ma ok odhi nyime.
4763,Education,General,Encourage your child to practice time management to improve their learning.,Mhamasishe mtoto wako kufanya usimamizi wa muda ili kuboresha ujifunzaji wake.,Jiw nyathini mondo otim puonjruok mar tiyo maber gi thuolo mondo omed somo maber.
4764,Education,General,The free sanitary products programme now covers learners at day secondary school facing financial hardship.,mpango wa taulo za bure sasa inahusisha wanafunzi katika shule ya upili ya kutwa wanaokabiliwa na ugumu wa kifedha.,Program mar gik mitiyogo e rito ler ma onge chudo sani oriwo jopuonjre ma ni e skul ma malo ma yudo pek mag pesa.
4765,Education,General,Teachers recommend combining daily reading with regular attendance to address teacher absenteeism.,Walimu wanapendekeza kuchanganya kusoma kila siku na mahudhurio ya mara kwa mara kushughulikia walimu kutohudhuria.,Jopuonj golo paro ni mondo oriw somo ma pile ka pile kod bedo e chokruoge pile mondo ilos bedo ma jopuonj okbi e skul.
4766,Education,General,The school feeding programme now covers learners at Early Childhood Development Education facing financial hardship.,mpango wa chakula shuleni sasa inahusisha wanafunzi katika elimu ya awali wanaokabiliwa na ugumu wa kifedha.,Program mar chiwo chiemo e skul sani oriwo jopuonjre e somo mar dongruok mar nyithindo matindo ma yudo pek mag pesa.
4767,Education,General,Encourage your child to practice active class participation to improve their learning.,Mhamasishe mtoto wako kufanya kushiriki kikamilifu darasani ili kuboresha ujifunzaji wake.,Jiw nyathini mondo otim puonjruok mar bedo gi ng’iyo e klas mondo ober somo mare.
4768,Education,General,Parents are urged to enroll children in Senior School without delay.,Wazazi wanahimizwa kuandikisha watoto katika shule ya upili ya juu bila kuchelewa.,Jonyuol okwayo mondo ondiki nyithindgi e Skul Maduong’ ma ok odhi nyime.
4769,Education,General,Any bullying affecting learners at Grade 6 should be raised during the CBC curriculum transition discussions.,unyanyasaji yoyote inayoathiri wanafunzi katika darasa la sita inapaswa kuibuliwa wakati wa majadiliano ya mpito wa mtaala wa CBC.,Gimoro amora ma nyalo ketho nyithindo ma ni e klas mar 6 onego oketgi e kinde ma itimoe mbaka mag loko chenro mar somo mar CBC.
4770,Education,General,Teachers recommend combining keeping a study timetable with regular attendance to address delayed textbook delivery.,Walimu wanapendekeza kuchanganya kuweka ratiba ya masomo na mahudhurio ya mara kwa mara kushughulikia ucheleweshaji wa vitabu.,Jopuonj golo paro ni mondo oriw keto chenro mar somo kod bedo e chokruoge pile mondo ilos dero mar chopo buge mag somo.
4771,Education,General,The special needs education grant now covers learners at pre-primary school facing financial hardship.,ruzuku ya elimu maalum sasa inahusisha wanafunzi katika shule ya chekechea wanaokabiliwa na ugumu wa kifedha.,Chiwo mar somo mar dwaro makende sani mulo jopuonjre ma ni e skul ma pok ochako somo ma yudo pek mag pesa.
4772,Education,General,Attend the school meeting to discuss digital literacy programmes for this term.,Hudhuria mkutano wa shule kujadili mipango ya ujuzi wa kidijitali kwa muhula huu.,Chopo e chokruok mar skul mondo wawuo kuom chenro mag somo kod ndiko mag dijital mag term ni.
4773,Education,General,Enroll your child in boarding primary school before the term begins.,Andikisha mtoto wako katika shule ya msingi ya bweni kabla ya muhula kuanza.,Ndik nying nyathini e skul ma piny ma ji odak e iye kapok term ochako.
4774,Education,General,Enroll your child in Junior Secondary School before the term begins.,Andikisha mtoto wako katika shule ya upili ya chini kabla ya muhula kuanza.,Inyalo ndiko nying nyathini e skul mar sekondari kapok term ochako.
4775,Education,General,Teachers recommend combining daily reading with regular attendance to address delayed textbook delivery.,Walimu wanapendekeza kuchanganya kusoma kila siku na mahudhurio ya mara kwa mara kushughulikia ucheleweshaji wa vitabu.,Jopuonj golo paro ni mondo oriw somo ma pile ka pile kod bedo e chokruoge pile mondo ilos dero mar chopo buge mag somo.
4776,Education,General,"As part of improving technical training institute, parents are asked to support asking questions in class at home.","Kama sehemu ya kuboresha chuo cha mafunzo ya kiufundi, wazazi wanaombwa kusaidia kuuliza maswali darasani nyumbani.","Kaka achiel kuom yore mag bero skul mar puonjruok mar teknoloji, ikwayo jonyuol mondo ochung’ ne penjo penjo e klas e ot."
4777,Education,General,Any inadequate sanitation facilities affecting learners at technical training institute should be raised during school safety measures discussions.,vyoo visivyotosha yoyote inayoathiri wanafunzi katika chuo cha mafunzo ya kiufundi inapaswa kuibuliwa wakati wa majadiliano ya hatua za usalama shuleni.,Gimoro amora ma ok oromo mar rito ler ma mulo jopuonjre e skul mar puonjruok mar teknoloji onego oketgi e kinde ma itimo mbaka mag yore mag rito ler e skul.
4778,Education,General,Report exam malpractice at school to the head teacher immediately.,Ripoti udanganyifu wa mtihani shuleni kwa mwalimu mkuu mara moja.,Chiw ripot mar tim marach mag penj e skul ne japuonj maduong' mapiyo.
4779,Education,General,Teachers recommend combining responsible internet use with regular attendance to address delayed textbook delivery.,Walimu wanapendekeza kuchanganya matumizi ya kuwajibika ya intaneti na mahudhurio ya mara kwa mara kushughulikia ucheleweshaji wa vitabu.,Jopuonj golo paro ni mondo oriw tiyo kod mbui mowinjore kod bedo e chokruoge kinde ka kinde mondo ilos dero mar chopo buge mag somo.
4780,Education,General,The school infrastructure improvement fund now covers learners at Junior Secondary School facing financial hardship.,mfuko wa uboreshaji wa miundombinu ya shule sasa inahusisha wanafunzi katika shule ya upili ya chini wanaokabiliwa na ugumu wa kifedha.,Fund mar bero gedo mag skul sani ochung’ ne jopuonjre ma ni e skul ma piny ma yudo pek mag pesa.
4781,Education,General,"As part of improving Grade 6, parents are asked to support peer study groups at home.","Kama sehemu ya kuboresha darasa la sita, wazazi wanaombwa kusaidia vikundi vya wenzao vya kusoma nyumbani.","Kaka achiel kuom yore mag bero Kilasi mar 6, ikwayo jonyuol mondo okony grup mag somo mag jowetegi e ot."
4782,Education,General,"As part of improving Grade 6, parents are asked to support responsible internet use at home.","Kama sehemu ya kuboresha darasa la sita, wazazi wanaombwa kusaidia matumizi ya kuwajibika ya intaneti nyumbani.","Kaka achiel kuom yore mag bero Grade 6, ikwayo jonyuol mondo ochung’ ne tiyo kod intanet e yo makare e ot."
4783,Education,General,Any exam malpractice affecting learners at technical training institute should be raised during digital literacy programmes discussions.,udanganyifu wa mtihani yoyote inayoathiri wanafunzi katika chuo cha mafunzo ya kiufundi inapaswa kuibuliwa wakati wa majadiliano ya mipango ya ujuzi wa kidijitali.,Tich moro amora ma ok kare e penj ma mulo jopuonjre e skul mar puonjruok mar teknoloji onego oting’ e kinde ma itimo mbaka mag chenro mag somo kod ndiko mag dijital.
4784,Education,General,The special needs education grant application window is now open at your local sub-county office.,Dirisha la maombi ya ruzuku ya elimu maalum sasa liko wazi katika ofisi ya sub-kaunti yako.,Dirisa mar oro kwayo mar sir mag somo ma nigi dwaro makende sani oyabere e ofis mar kaunti ma ni e alworau.
4785,Education,General,The orphan and vulnerable children fund now covers learners at Early Childhood Development Education facing financial hardship.,mfuko wa watoto yatima na walio hatarini sasa inahusisha wanafunzi katika elimu ya awali wanaokabiliwa na ugumu wa kifedha.,Fund mar nyithindo ma onge jonyuol kod ma nigi pek sani rito jopuonjre e somo mar dongruok mar nyithindo matindo ma yudo pek mag pesa.
4786,Education,General,Schools countrywide are holding sessions this week on the CBC curriculum transition.,Shule nchini kote zinafanya vipindi wiki hii kuhusu mpito wa mtaala wa CBC.,Suku mag piny mangima timo seche jumani kae kuom lokruok ma itimo e chenro mar somo mar CBC.
4787,Education,General,"As part of improving technical training institute, parents are asked to support regular homework review at home.","Kama sehemu ya kuboresha chuo cha mafunzo ya kiufundi, wazazi wanaombwa kusaidia kupitia kazi za nyumbani mara kwa mara nyumbani.","Kaka achiel kuom yore mag bero skul mar puonjruok mar lony, jonyuol ikwayo mondo ochung’ ne puonjruok mar tije mag ot pile ka pile e ot."
4788,Education,General,Apply for the school infrastructure improvement fund to help with your child's school fees.,Omba mfuko wa uboreshaji wa miundombinu ya shule kusaidia ada ya shule ya mtoto wako.,Kwayo pesa mar loso gik moko e skul mondo okonyi chulo skul mar nyathini.
4789,Education,General,Any overcrowded classrooms affecting learners at pre-primary school should be raised during the CBC curriculum transition discussions.,madarasa yenye msongamano yoyote inayoathiri wanafunzi katika shule ya chekechea inapaswa kuibuliwa wakati wa majadiliano ya mpito wa mtaala wa CBC.,Klase moro amora ma opong’ ahinya ma mulo jopuonjre e skul ma pok ochako somo onego oketgi e kinde ma itimoe mbaka mag loko chenro mar somo mar CBC.
4790,Education,General,The textbook subsidy programme now covers learners at boarding primary school facing financial hardship.,mpango wa ruzuku ya vitabu sasa inahusisha wanafunzi katika shule ya msingi ya bweni wanaokabiliwa na ugumu wa kifedha.,Program mar chiwo kony mar buge mag somo sani oriwo jopuonjre ma ni e skul ma piny ma nigi pek mag pesa.
4791,Education,General,Any exam malpractice affecting learners at vocational training college should be raised during teacher recruitment updates discussions.,udanganyifu wa mtihani yoyote inayoathiri wanafunzi katika chuo cha mafunzo ya ufundi inapaswa kuibuliwa wakati wa majadiliano ya taarifa za uajiri wa walimu.,Tich moro amora ma ok kare e penj ma mulo jopuonjre e kolej mar puonjruok mar tich onego oting’ e kinde ma itimoe mbaka mag ng’ado bura kuom jopuonj.
4792,Education,General,Teachers recommend combining daily reading with regular attendance to address unsafe classroom conditions.,Walimu wanapendekeza kuchanganya kusoma kila siku na mahudhurio ya mara kwa mara kushughulikia hali isiyo salama ya darasa.,Jopuonj golo paro ni mondo oriw somo ma pile ka pile kod bedo e chokruoge pile mondo ilos chal ma ok arita maber e klas.
4793,Education,General,Attend the school meeting to discuss teacher recruitment updates for this term.,Hudhuria mkutano wa shule kujadili taarifa za uajiri wa walimu kwa muhula huu.,Chopo e chokruok mar skul mondo wawuo kuom weche manyien mag kepo mar jopuonj e dwe mar higa ni.
4794,Education,General,Any delayed textbook delivery affecting learners at Junior Secondary School should be raised during infrastructure development plans discussions.,ucheleweshaji wa vitabu yoyote inayoathiri wanafunzi katika shule ya upili ya chini inapaswa kuibuliwa wakati wa majadiliano ya mipango ya uendelezaji wa miundombinu.,"Gimoro amora ma ng’ato nyalo ng’ado e wi buge mag somo ma mulo jopuonjre e Skul mar Sekondari ma piny, onego oketgi e kinde ma itimoe mbaka mag chenro mag gedo mag piny."
4795,Education,General,The orphan and vulnerable children fund now covers learners at vocational training college facing financial hardship.,mfuko wa watoto yatima na walio hatarini sasa inahusisha wanafunzi katika chuo cha mafunzo ya ufundi wanaokabiliwa na ugumu wa kifedha.,Fund mar nyithindo ma onge jonyuol kod ma nigi pek sani konyo jopuonjre ma ni e kolej mar puonjruok mar tich ma yudo pek mag pesa.
4796,Education,General,The digital learning devices programme now covers learners at vocational training college facing financial hardship.,mpango wa vifaa vya kujifunzia vya kidijitali sasa inahusisha wanafunzi katika chuo cha mafunzo ya ufundi wanaokabiliwa na ugumu wa kifedha.,Program mar gige somo mag dijital sani oriwo jopuonjre ma ni e kolej mar puonjruok mar tich ma yudo pek mag pesa.
4797,Education,General,"As part of improving pre-primary school, parents are asked to support daily reading at home.","Kama sehemu ya kuboresha shule ya chekechea, wazazi wanaombwa kusaidia kusoma kila siku nyumbani.","Kaka achiel kuom yore mag bero skul ma pok ochako somo, ikwayo jonyuol mondo ochung’ ne somo ma pile ka pile e ot."
4798,Education,General,Any teacher absenteeism affecting learners at Senior School should be raised during the new school calendar discussions.,walimu kutohudhuria yoyote inayoathiri wanafunzi katika shule ya upili ya juu inapaswa kuibuliwa wakati wa majadiliano ya kalenda mpya ya shule.,Gimoro amora ma japuonj ok dhi e skul ma mulo jopuonjre e Skul Maduong’ onego ogol e kinde ma itimo mbaka mag kalenda manyien mar skul.
4799,Education,General,Any bullying affecting learners at vocational training college should be raised during the CBC curriculum transition discussions.,unyanyasaji yoyote inayoathiri wanafunzi katika chuo cha mafunzo ya ufundi inapaswa kuibuliwa wakati wa majadiliano ya mpito wa mtaala wa CBC.,Gimoro amora ma nyalo ketho jopuonjre e kolej mar puonjruok mar tich onego oting’ e kinde ma itimo mbaka mag loko chenro mar somo mar CBC.
4800,Education,General,Any inadequate sanitation facilities affecting learners at Grade 6 should be raised during teacher recruitment updates discussions.,vyoo visivyotosha yoyote inayoathiri wanafunzi katika darasa la sita inapaswa kuibuliwa wakati wa majadiliano ya taarifa za uajiri wa walimu.,Gimoro amora ma ok oromo mar rito ler ma mulo jopuonjre ma ni e klas mar 6 onego oketgi e kinde ma itimoe mbaka mag loso weche manyien mag ng’ado jopuonj.
4801,Education,General,"As part of improving Grade 6, parents are asked to support keeping a study timetable at home.","Kama sehemu ya kuboresha darasa la sita, wazazi wanaombwa kusaidia kuweka ratiba ya masomo nyumbani.","Kaka achiel kuom yore mag bero Kilasi mar 6, ikwayo jonyuol mondo ochung’ ne keto chenro mar somo e ot."
4802,Education,General,Report unsafe classroom conditions at school to the head teacher immediately.,Ripoti hali isiyo salama ya darasa shuleni kwa mwalimu mkuu mara moja.,Chiw ripot ne japuonj maduong' mapiyo kuom gik ma ok ber e klas e skul.
4803,Education,General,"As part of improving Early Childhood Development Education, parents are asked to support responsible internet use at home.","Kama sehemu ya kuboresha elimu ya awali, wazazi wanaombwa kusaidia matumizi ya kuwajibika ya intaneti nyumbani.","Kaka achiel kuom yore mag bero Somo mar Nyithindo Matin, ikwayo jonyuol mondo ochung’ ne tiyo kod intanet e yo makare e ot."
4804,Education,General,The school feeding programme now covers learners at Senior School facing financial hardship.,mpango wa chakula shuleni sasa inahusisha wanafunzi katika shule ya upili ya juu wanaokabiliwa na ugumu wa kifedha.,Program mar chiwo chiemo e skul sani oriwo jopuonjre e Skul Maduong’ ma yudo pek mag pesa.
4805,Education,General,Schools countrywide are holding sessions this week on infrastructure development plans.,Shule nchini kote zinafanya vipindi wiki hii kuhusu mipango ya uendelezaji wa miundombinu.,Suku mag piny mangima timo seche jumani kae kuom chenro mag dongruok mag gedo mag piny.
4806,Education,General,Teachers recommend combining peer study groups with regular attendance to address teacher absenteeism.,Walimu wanapendekeza kuchanganya vikundi vya wenzao vya kusoma na mahudhurio ya mara kwa mara kushughulikia walimu kutohudhuria.,Jopuonj chiwo paro mar keto kanyakla grup mag somo mag jowetegi kanyachiel gi bedoe pile pile mar geng'o bedo maonge mar jopuonj.
4807,Education,General,"As part of improving Junior Secondary School, parents are asked to support keeping a study timetable at home.","Kama sehemu ya kuboresha shule ya upili ya chini, wazazi wanaombwa kusaidia kuweka ratiba ya masomo nyumbani.","Kaka achiel kuom yore mag bero Skul mar Sekondari, ikwayo jonyuol mondo ochung’ ne keto chenro mar somo e ot."
4808,Education,General,Enroll your child in Early Childhood Development Education before the term begins.,Andikisha mtoto wako katika elimu ya awali kabla ya muhula kuanza.,Inyalo ndiko nying nyathini e somo mar dongruok mar nyithindo matindo kapok term ochako.
4809,Education,General,The special needs education grant now covers learners at day secondary school facing financial hardship.,ruzuku ya elimu maalum sasa inahusisha wanafunzi katika shule ya upili ya kutwa wanaokabiliwa na ugumu wa kifedha.,Chiwo mar somo mar dwaro makende sani konyo jopuonjre ma ni e skul ma malo ma yudo pek mag pesa.
4810,Education,General,"As part of improving Early Childhood Development Education, parents are asked to support daily reading at home.","Kama sehemu ya kuboresha elimu ya awali, wazazi wanaombwa kusaidia kusoma kila siku nyumbani.","Kaka achiel kuom yore mag bero Somo mar Nyithindo Matin, ikwayo jonyuol mondo ochung’ ne somo ma pile ka pile e ot."
4811,Education,General,The digital learning devices programme now covers learners at boarding primary school facing financial hardship.,mpango wa vifaa vya kujifunzia vya kidijitali sasa inahusisha wanafunzi katika shule ya msingi ya bweni wanaokabiliwa na ugumu wa kifedha.,Program mar gige somo mag dijital sani oriwo jopuonjre ma ni e skul ma piny ma nigi pek mag pesa.
4812,Education,General,Attend the school meeting to discuss the CBC curriculum transition for this term.,Hudhuria mkutano wa shule kujadili mpito wa mtaala wa CBC kwa muhula huu.,Chopo e chokruok mar skul mondo wawuo kuom lokruok ma itimo e program mar somo mar CBC e term ni.
4813,Education,General,Building daily reading early helps learners succeed under the CBC curriculum.,Kujenga kusoma kila siku mapema husaidia wanafunzi kufaulu chini ya mtaala wa CBC.,Kugero somo ma pile ka pile mapiyo konyo jopuonjre mondo gibed gi loch e bwo chenro mar somo mar CBC.
4814,Education,General,Attend the school meeting to discuss infrastructure development plans for this term.,Hudhuria mkutano wa shule kujadili mipango ya uendelezaji wa miundombinu kwa muhula huu.,Chopo e chokruok mar skul mondo wawuo kuom chenro mag dongruok mag gedo mag piny e dwe mar higa ni.
4815,Education,General,The county bursary fund application window is now open at your local sub-county office.,Dirisha la maombi ya mfuko wa bursary wa kaunti sasa liko wazi katika ofisi ya sub-kaunti yako.,Dirisa mar kwayo pesa mag bursary mag kaunti sani oyabere e ofis matin mar kaunti mari.
4816,Education,General,Any case of teacher absenteeism should be reported through the official school channel.,Kesi yoyote ya walimu kutohudhuria inapaswa kuripotiwa kupitia njia rasmi ya shule.,"Kaso moro amora mar japuonj ma ok obiro e skul, owinjore ondiki kokalo kuom chanel mar skul ma owinjore."
4817,Education,General,Schools countrywide are holding sessions this week on school feeding budgets.,Shule nchini kote zinafanya vipindi wiki hii kuhusu bajeti za chakula shuleni.,Suku mag piny mangima timo seche jumani kae kuom bajet mar chiemo ma skul onego ochul.
4818,Education,General,"As part of improving vocational training college, parents are asked to support responsible internet use at home.","Kama sehemu ya kuboresha chuo cha mafunzo ya ufundi, wazazi wanaombwa kusaidia matumizi ya kuwajibika ya intaneti nyumbani.","Kaka achiel kuom yore mag bero kolej mar puonjruok mar tich, ikwayo jonyuol mondo ochung’ ne tiyo kod intanet e yo makare e ot."
4819,Education,General,Building active class participation early helps learners succeed under the CBC curriculum.,Kujenga kushiriki kikamilifu darasani mapema husaidia wanafunzi kufaulu chini ya mtaala wa CBC.,Kugero ng’iyo ma ng’ato nyalo bedogo e klas mapiyo konyo jopuonjre mondo gibed gi loch e bwo chenro mar somo mar CBC.
4820,Education,General,Any bullying affecting learners at boarding primary school should be raised during digital literacy programmes discussions.,unyanyasaji yoyote inayoathiri wanafunzi katika shule ya msingi ya bweni inapaswa kuibuliwa wakati wa majadiliano ya mipango ya ujuzi wa kidijitali.,Gimoro amora ma ketho nying’ jopuonjre e skul ma piny ma ji odak e iye onego oting’ e kinde ma itimo mbaka mag chenro mag somo kod ndiko mag dijital.
4821,Education,General,Any long distances to school affecting learners at day secondary school should be raised during the new school calendar discussions.,umbali mrefu kwenda shuleni yoyote inayoathiri wanafunzi katika shule ya upili ya kutwa inapaswa kuibuliwa wakati wa majadiliano ya kalenda mpya ya shule.,Gimoro amora mabor ma dhi skul ma mulo jopuonjre e skul mar sekondari mar odiechieng’ onego oting’ e kinde ma itimo mbaka mag kalenda manyien mar skul.
4822,Education,General,The textbook subsidy programme now covers learners at vocational training college facing financial hardship.,mpango wa ruzuku ya vitabu sasa inahusisha wanafunzi katika chuo cha mafunzo ya ufundi wanaokabiliwa na ugumu wa kifedha.,Program mar chiwo kony mar buge mag somo sani oriwo jopuonjre ma ni e kolej mar puonjruok mar tich ma yudo pek mag pesa.
4823,Education,General,Teachers recommend combining regular homework review with regular attendance to address lack of learning materials.,Walimu wanapendekeza kuchanganya kupitia kazi za nyumbani mara kwa mara na mahudhurio ya mara kwa mara kushughulikia ukosefu wa vifaa vya kujifunzia.,Jopuonj golo paro ni mondo oriw somo mar tije mag ot pile ka pile kod chopo e chokruoge pile ka pile mondo ilos bedo maonge gi gige somo.
4824,Education,General,Teachers recommend combining asking questions in class with regular attendance to address student unrest.,Walimu wanapendekeza kuchanganya kuuliza maswali darasani na mahudhurio ya mara kwa mara kushughulikia machafuko ya wanafunzi.,Jopuonj ogolo paro ni mondo oriw penjo e klas kod bedo e klas kinde ka kinde mondo ilos ywak mar nyithind skul.
4825,Education,General,Attend the school meeting to discuss the new school calendar for this term.,Hudhuria mkutano wa shule kujadili kalenda mpya ya shule kwa muhula huu.,Chopo e chokruok mar skul mondo uler kalenda manyien mar skul mar term ni.
4826,Education,General,Teachers recommend combining responsible internet use with regular attendance to address lack of learning materials.,Walimu wanapendekeza kuchanganya matumizi ya kuwajibika ya intaneti na mahudhurio ya mara kwa mara kushughulikia ukosefu wa vifaa vya kujifunzia.,Jopuonj golo paro ni mondo oriw tiyo kod mbui maber kod bedo e chokruoge kinde ka kinde mondo ilos bedo maonge gi gige somo.
4827,Education,General,Teachers recommend combining responsible internet use with regular attendance to address exam malpractice.,Walimu wanapendekeza kuchanganya matumizi ya kuwajibika ya intaneti na mahudhurio ya mara kwa mara kushughulikia udanganyifu wa mtihani.,Jopuonj golo paro ni mondo oriw kanyakla tiyo kod mbui mowinjore kod bedo e chokruoge kinde ka kinde mar geng'o tim marach mag penj.
4828,Education,General,Any case of overcrowded classrooms should be reported through the official school channel.,Kesi yoyote ya madarasa yenye msongamano inapaswa kuripotiwa kupitia njia rasmi ya shule.,Kaso moro amora mar klas ma opong’ ahinya owinjore ondiki kokalo kuom chanel mar skul ma owinjore.
4829,Education,General,Encourage your child to practice asking questions in class to improve their learning.,Mhamasishe mtoto wako kufanya kuuliza maswali darasani ili kuboresha ujifunzaji wake.,Jiw nyathini mondo opuonjre penjo penjo e klas mondo omed somo maber.
4830,Education,General,Any case of bullying should be reported through the official school channel.,Kesi yoyote ya unyanyasaji inapaswa kuripotiwa kupitia njia rasmi ya shule.,Kes moro amora mar ng’anjo onego ondiki kokalo kuom chanel mar skul ma owinjore.
4831,Education,General,Apply for the digital learning devices programme to help with your child's school fees.,Omba mpango wa vifaa vya kujifunzia vya kidijitali kusaidia ada ya shule ya mtoto wako.,Kwayo program mar gige somo mag dijital mondo okonyi chulo skul mar nyathini.
4832,Education,General,"As part of improving Grade 6, parents are asked to support active class participation at home.","Kama sehemu ya kuboresha darasa la sita, wazazi wanaombwa kusaidia kushiriki kikamilifu darasani nyumbani.","Kaka achiel kuom yore mag bero Kilasi mar 6, ikwayo jonyuol mondo ochung’ ne puonjruok ma ng’ato timo e klas e ot."
4833,Education,General,"As part of improving day secondary school, parents are asked to support peer study groups at home.","Kama sehemu ya kuboresha shule ya upili ya kutwa, wazazi wanaombwa kusaidia vikundi vya wenzao vya kusoma nyumbani.","Kaka achiel kuom yore mag bero skul mar sekondari mar odiechieng’, ikwayo jonyuol mondo okony grup mag somo mag jowetegi e ot."
4834,Education,General,Teachers recommend combining time management with regular attendance to address teacher absenteeism.,Walimu wanapendekeza kuchanganya usimamizi wa muda na mahudhurio ya mara kwa mara kushughulikia walimu kutohudhuria.,Jopuonj golo paro ni mondo oriw rito thuolo kod bedo e skul pile mondo ilos bedo maonge mar jopuonj.
4835,Education,General,Teachers recommend combining daily reading with regular attendance to address student unrest.,Walimu wanapendekeza kuchanganya kusoma kila siku na mahudhurio ya mara kwa mara kushughulikia machafuko ya wanafunzi.,Jopuonj golo paro ni mondo oriw somo ma pile ka pile kod bedo e chokruoge pile mondo ilos ywak mar nyithind skul.
4836,Education,General,The school feeding programme now covers learners at technical training institute facing financial hardship.,mpango wa chakula shuleni sasa inahusisha wanafunzi katika chuo cha mafunzo ya kiufundi wanaokabiliwa na ugumu wa kifedha.,Program mar chiwo chiemo e skul sani oriwo jopuonjre ma ni e skul mar puonjruok mar teknoloji ma yudo pek mag pesa.
4837,Education,General,Any long distances to school affecting learners at day secondary school should be raised during school feeding budgets discussions.,umbali mrefu kwenda shuleni yoyote inayoathiri wanafunzi katika shule ya upili ya kutwa inapaswa kuibuliwa wakati wa majadiliano ya bajeti za chakula shuleni.,Gimoro amora mabor ma dhi skul ma mulo jopuonjre e skul mar sekondari mar odiechieng’ onego oting’ e kinde ma ilosoe bajet mag chiemo mag skul.
4838,Education,General,"As part of improving boarding primary school, parents are asked to support responsible internet use at home.","Kama sehemu ya kuboresha shule ya msingi ya bweni, wazazi wanaombwa kusaidia matumizi ya kuwajibika ya intaneti nyumbani.","Kaka achiel kuom yore mag bero skul ma piny ma ji odak e iye, ikwayo jonyuol mondo ochung’ ne tiyo kod intanet e yo makare e ot."
4839,Education,General,Teachers recommend combining time management with regular attendance to address student unrest.,Walimu wanapendekeza kuchanganya usimamizi wa muda na mahudhurio ya mara kwa mara kushughulikia machafuko ya wanafunzi.,Jopuonj golo paro ni mondo oriw rito thuolo kod bedo e skul pile mondo ilos ywak mar nyithind sikul.
4840,Education,General,The free sanitary products programme now covers learners at pre-primary school facing financial hardship.,mpango wa taulo za bure sasa inahusisha wanafunzi katika shule ya chekechea wanaokabiliwa na ugumu wa kifedha.,Program mar gik mitiyogo e rito ler ma onge chudo sani oriwo jopuonjre ma ni e skul ma pok ochako somo ma yudo pek mag pesa.
4841,Education,General,The school feeding programme now covers learners at Junior Secondary School facing financial hardship.,mpango wa chakula shuleni sasa inahusisha wanafunzi katika shule ya upili ya chini wanaokabiliwa na ugumu wa kifedha.,Program mar chiwo chiemo e skul sani oriwo jopuonjre ma ni e skul mar sekondari ma yudo pek mag pesa.
4842,Education,General,Any long distances to school affecting learners at Senior School should be raised during the CBC curriculum transition discussions.,umbali mrefu kwenda shuleni yoyote inayoathiri wanafunzi katika shule ya upili ya juu inapaswa kuibuliwa wakati wa majadiliano ya mpito wa mtaala wa CBC.,Gimoro amora mabor ma dhi e skul ma mulo jopuonjre e Skul Maduong’ onego oting’ e kinde ma itimoe mbaka mag loko chenro mar somo mar CBC.
4843,Education,General,Teachers recommend combining time management with regular attendance to address inadequate sanitation facilities.,Walimu wanapendekeza kuchanganya usimamizi wa muda na mahudhurio ya mara kwa mara kushughulikia vyoo visivyotosha.,Jopuonj chiwo paro ni mondo oriw rito thuolo kod bedo e chokruoge pile pile mondo ilos kuonde ma ok oromo mag ler.
4844,Education,General,Any student unrest affecting learners at Junior Secondary School should be raised during school feeding budgets discussions.,machafuko ya wanafunzi yoyote inayoathiri wanafunzi katika shule ya upili ya chini inapaswa kuibuliwa wakati wa majadiliano ya bajeti za chakula shuleni.,"Kapo ni ng’ato ang’ata ma nigi ywak ma mulo jopuonjre e skul mar sekondari, onego oting’ e kinde ma itimoe mbaka mag pesa mag chiemo mag skul."
4845,Education,General,Any case of lack of learning materials should be reported through the official school channel.,Kesi yoyote ya ukosefu wa vifaa vya kujifunzia inapaswa kuripotiwa kupitia njia rasmi ya shule.,"Kaso moro amora mar bedo maonge gi gik ma itiyogo e somo, owinjore ondiki kokalo kuom chanel mar skul ma owinjore."
4846,Education,General,Any bullying affecting learners at pre-primary school should be raised during teacher recruitment updates discussions.,unyanyasaji yoyote inayoathiri wanafunzi katika shule ya chekechea inapaswa kuibuliwa wakati wa majadiliano ya taarifa za uajiri wa walimu.,Gimoro amora ma kelo ng’anjo ma mulo jopuonjre e skul ma pok ochako somo onego oting’ e kinde ma itimo mbaka mag ng’ado bura mar jopuonj.
4847,Education,General,The free sanitary products programme now covers learners at Senior School facing financial hardship.,mpango wa taulo za bure sasa inahusisha wanafunzi katika shule ya upili ya juu wanaokabiliwa na ugumu wa kifedha.,Program mar gik ma itiyogo e rito ler ma onge chudo sani oriwo jopuonjre ma ni e Skul Maduong’ ma yudo pek mag pesa.
4848,Education,General,The digital learning devices programme application window is now open at your local sub-county office.,Dirisha la maombi ya mpango wa vifaa vya kujifunzia vya kidijitali sasa liko wazi katika ofisi ya sub-kaunti yako.,Dirisa mar keto kwayo mar program mar gige somo mag dijital sani oyabere e ofis matin mar kaunti mari.
4849,Education,General,The free sanitary products programme application window is now open at your local sub-county office.,Dirisha la maombi ya mpango wa taulo za bure sasa liko wazi katika ofisi ya sub-kaunti yako.,Dirisa mar oro kwayo mar program mar gik mitiyogo e rito ler ma onge chudo sani oyabere e ofis mar kaunti ma ni machiegni kodi.
4850,Education,General,Any unsafe classroom conditions affecting learners at boarding primary school should be raised during the new school calendar discussions.,hali isiyo salama ya darasa yoyote inayoathiri wanafunzi katika shule ya msingi ya bweni inapaswa kuibuliwa wakati wa majadiliano ya kalenda mpya ya shule.,"Gik moko duto ma ok ber ma nyalo timore e klas ma mulo jopuonjre e skul ma piny ma ji odak e iye, onego oketgi e kinde ma itimoe mbaka mag kalenda manyien mar skul."
4851,Education,General,Enroll your child in Senior School before the term begins.,Andikisha mtoto wako katika shule ya upili ya juu kabla ya muhula kuanza.,Inyalo ndiko nying nyathini e Skul Maduong’ kapok term ochako.
4852,Education,General,Parents are urged to enroll children in vocational training college without delay.,Wazazi wanahimizwa kuandikisha watoto katika chuo cha mafunzo ya ufundi bila kuchelewa.,Jonyuol okwayo mondo ondiki nyithindgi e kolej ma puonjo ji tich ma ok odhi nyime.
4853,Education,General,Report long distances to school at school to the head teacher immediately.,Ripoti umbali mrefu kwenda shuleni shuleni kwa mwalimu mkuu mara moja.,Ripot mar ng’ado thuolo mabor e skul e skul ne japuonj maduong’ mapiyo.
4854,Education,General,Encourage your child to practice daily reading to improve their learning.,Mhamasishe mtoto wako kufanya kusoma kila siku ili kuboresha ujifunzaji wake.,Jiw nyathini mondo otim puonjruok mar somo pile ka pile mondo omed somo maber.
4855,Education,General,"As part of improving boarding primary school, parents are asked to support time management at home.","Kama sehemu ya kuboresha shule ya msingi ya bweni, wazazi wanaombwa kusaidia usimamizi wa muda nyumbani.","Kaka achiel kuom yore mag bero skul ma piny ma ji odak e iye, ikwayo jonyuol mondo okonygi tiyo kod thuolo e ot."
4856,Education,General,Any case of unsafe classroom conditions should be reported through the official school channel.,Kesi yoyote ya hali isiyo salama ya darasa inapaswa kuripotiwa kupitia njia rasmi ya shule.,Kas moro amora mar gik ma ok ber e klas onego ondiki kokalo kuom chanel mar skul ma owinjore.
4857,Education,General,Any lack of learning materials affecting learners at pre-primary school should be raised during exam preparation discussions.,ukosefu wa vifaa vya kujifunzia yoyote inayoathiri wanafunzi katika shule ya chekechea inapaswa kuibuliwa wakati wa majadiliano ya maandalizi ya mtihani.,"Kapo ni onge gik ma itiyogo e somo ma mulo jopuonjre e skul ma pok ochako somo, onego oting’ e kinde ma itimo mbaka mag ikruok mar penj."
4858,Education,General,"As part of improving day secondary school, parents are asked to support time management at home.","Kama sehemu ya kuboresha shule ya upili ya kutwa, wazazi wanaombwa kusaidia usimamizi wa muda nyumbani.","Kaka achiel kuom yore mag bero skul mar sekondari mar odiechieng’, ikwayo jonyuol mondo okonygi tiyo kod thuolo e ot."
4859,Education,General,Schools countrywide are holding sessions this week on the new school calendar.,Shule nchini kote zinafanya vipindi wiki hii kuhusu kalenda mpya ya shule.,Suku mag piny mangima timo seche jumani ka e wi kalenda manyien mar skul.
4860,Education,General,The school infrastructure improvement fund now covers learners at vocational training college facing financial hardship.,mfuko wa uboreshaji wa miundombinu ya shule sasa inahusisha wanafunzi katika chuo cha mafunzo ya ufundi wanaokabiliwa na ugumu wa kifedha.,Fund mar bero gedo mag skul sani konyo jopuonjre ma ni e kolej mar puonjruok mar tich ma yudo pek mag pesa.
4861,Education,General,Teachers recommend combining active class participation with regular attendance to address teacher absenteeism.,Walimu wanapendekeza kuchanganya kushiriki kikamilifu darasani na mahudhurio ya mara kwa mara kushughulikia walimu kutohudhuria.,Jopuonj chiwo paro ni mondo oriw bedo gi ng'iyo e klas kod bedo e klas kinde ka kinde mondo ilos bedo maonge mar jopuonj.
4862,Education,General,"As part of improving special needs unit, parents are asked to support active class participation at home.","Kama sehemu ya kuboresha kitengo cha mahitaji maalum, wazazi wanaombwa kusaidia kushiriki kikamilifu darasani nyumbani.","Kaka achiel kuom yore mag bero unit mar dwaro makende, jonyuol ikwayo mondo ochung’ ne puonjruok ma ng’ato timo e klas e ot."
4863,Education,General,"As part of improving Early Childhood Development Education, parents are asked to support time management at home.","Kama sehemu ya kuboresha elimu ya awali, wazazi wanaombwa kusaidia usimamizi wa muda nyumbani.","Kaka achiel kuom yore mag bero Somo mar Nyithindo Matin, ikwayo jonyuol mondo ochung’ ne rito thuolo e ot."
4864,Education,General,The special needs education grant now covers learners at technical training institute facing financial hardship.,ruzuku ya elimu maalum sasa inahusisha wanafunzi katika chuo cha mafunzo ya kiufundi wanaokabiliwa na ugumu wa kifedha.,Osiep mar somo mar joma nigi dwaro makende sani mulo jopuonjre ma ni e skul mar puonjruok mar teknoloji ma yudo pek mag pesa.
4865,Education,General,Any student unrest affecting learners at day secondary school should be raised during teacher recruitment updates discussions.,machafuko ya wanafunzi yoyote inayoathiri wanafunzi katika shule ya upili ya kutwa inapaswa kuibuliwa wakati wa majadiliano ya taarifa za uajiri wa walimu.,"Kapo ni ng’ato ang’ata ma nigi ywak ma mulo jopuonjre e skul ma malo mar odiechieng’, onego oting’ e kinde ma itimoe mbaka mag ng’ado bura mar jopuonj."
4866,Education,General,Parents are urged to enroll children in pre-primary school without delay.,Wazazi wanahimizwa kuandikisha watoto katika shule ya chekechea bila kuchelewa.,Jonyuol okwayo mondo ondiki nyithindgi e skul ma pok ochako somo e skul ma ok odhi nyime.
4867,Education,General,Apply for the school feeding programme to help with your child's school fees.,Omba mpango wa chakula shuleni kusaidia ada ya shule ya mtoto wako.,Kwayo program mar chiwo chiemo e skul mondo okonyi chudo mag skul mag nyathini.
4868,Education,General,Any long distances to school affecting learners at Grade 6 should be raised during digital literacy programmes discussions.,umbali mrefu kwenda shuleni yoyote inayoathiri wanafunzi katika darasa la sita inapaswa kuibuliwa wakati wa majadiliano ya mipango ya ujuzi wa kidijitali.,Gimoro amora mabor ma dhi skul ma mulo jopuonjre ma ni e klas mar 6 onego oting’ e kinde ma itimo mbaka mag chenro mag somo kod ndiko mag dijital.
4869,Education,General,The school infrastructure improvement fund now covers learners at boarding primary school facing financial hardship.,mfuko wa uboreshaji wa miundombinu ya shule sasa inahusisha wanafunzi katika shule ya msingi ya bweni wanaokabiliwa na ugumu wa kifedha.,Fund mar bero gedo mag skul sani rito jopuonjre ma ni e skul ma piny ma nigi pek mag pesa.
4870,Education,General,Teachers recommend combining daily reading with regular attendance to address lack of learning materials.,Walimu wanapendekeza kuchanganya kusoma kila siku na mahudhurio ya mara kwa mara kushughulikia ukosefu wa vifaa vya kujifunzia.,Jopuonj golo paro ni mondo oriw somo ma pile ka pile kod bedo e chokruoge pile mondo ilos bedo maonge gi gige somo.
4871,Education,General,The county bursary fund now covers learners at boarding primary school facing financial hardship.,mfuko wa bursary wa kaunti sasa inahusisha wanafunzi katika shule ya msingi ya bweni wanaokabiliwa na ugumu wa kifedha.,Fund mar bursary mar kaunti sani konyo jopuonjre ma ni e skul ma piny ma nigi pek mag pesa.
4872,Education,General,Enroll your child in technical training institute before the term begins.,Andikisha mtoto wako katika chuo cha mafunzo ya kiufundi kabla ya muhula kuanza.,Ndik nying nyathini e skul mar puonjruok mar lony kapok term ochako.
4873,Education,General,"As part of improving Senior School, parents are asked to support time management at home.","Kama sehemu ya kuboresha shule ya upili ya juu, wazazi wanaombwa kusaidia usimamizi wa muda nyumbani.","Kaka achiel kuom yore mag bero Skul Maduong’, ikwayo jonyuol mondo ochung’ ne rito thuolo e ot."
4874,Education,General,"As part of improving pre-primary school, parents are asked to support asking questions in class at home.","Kama sehemu ya kuboresha shule ya chekechea, wazazi wanaombwa kusaidia kuuliza maswali darasani nyumbani.","Kaka achiel kuom yore mag bero skul ma pok ochako somo, ikwayo jonyuol mondo ochung’ ne penjo penjo e klas e ot."
4875,Education,General,The school infrastructure improvement fund now covers learners at day secondary school facing financial hardship.,mfuko wa uboreshaji wa miundombinu ya shule sasa inahusisha wanafunzi katika shule ya upili ya kutwa wanaokabiliwa na ugumu wa kifedha.,Fund mar bero gedo mag skul sani ochung’ ne jopuonjre ma ni e skul ma malo ma yudo pek mag pesa.
4876,Education,General,The digital learning devices programme now covers learners at Junior Secondary School facing financial hardship.,mpango wa vifaa vya kujifunzia vya kidijitali sasa inahusisha wanafunzi katika shule ya upili ya chini wanaokabiliwa na ugumu wa kifedha.,Program mar gige somo mag dijital sani oriwo jopuonjre ma ni e skul mar sekondari ma yudo pek mag pesa.
4877,Education,General,Teachers recommend combining peer study groups with regular attendance to address lack of learning materials.,Walimu wanapendekeza kuchanganya vikundi vya wenzao vya kusoma na mahudhurio ya mara kwa mara kushughulikia ukosefu wa vifaa vya kujifunzia.,Jopuonj chiwo paro ni mondo oriw grup mag somo mag jowetegi gi bedoe pile pile mondo ilos bedo maonge gi gige somo.
4878,Education,General,Apply for the free sanitary products programme to help with your child's school fees.,Omba mpango wa taulo za bure kusaidia ada ya shule ya mtoto wako.,Kwayo program mar gik ma itiyogo e rito ler ma onge chudo mondo okonyi chulo skul mar nyathini.
4879,Education,General,Any unsafe classroom conditions affecting learners at Early Childhood Development Education should be raised during the new school calendar discussions.,hali isiyo salama ya darasa yoyote inayoathiri wanafunzi katika elimu ya awali inapaswa kuibuliwa wakati wa majadiliano ya kalenda mpya ya shule.,Gik moko duto ma ok ber ma nyalo timore e klas ma mulo jopuonjre e somo mar dongruok mar nyithindo matindo onego oting’ e kinde ma itimoe mbaka mag kalenda manyien mar skul.
4880,Education,General,The textbook subsidy programme now covers learners at day secondary school facing financial hardship.,mpango wa ruzuku ya vitabu sasa inahusisha wanafunzi katika shule ya upili ya kutwa wanaokabiliwa na ugumu wa kifedha.,Program mar konyo buge mag somo sani oriwo jopuonjre ma ni e skul ma malo ma yudo pek mag pesa.
4881,Education,General,Teachers recommend combining asking questions in class with regular attendance to address overcrowded classrooms.,Walimu wanapendekeza kuchanganya kuuliza maswali darasani na mahudhurio ya mara kwa mara kushughulikia madarasa yenye msongamano.,Jopuonj golo paro ni mondo oriw penjo e klas kod bedo pile pile mondo ilos klas ma opong' ahinya gi ji.
4882,Education,General,Any student unrest affecting learners at Early Childhood Development Education should be raised during school feeding budgets discussions.,machafuko ya wanafunzi yoyote inayoathiri wanafunzi katika elimu ya awali inapaswa kuibuliwa wakati wa majadiliano ya bajeti za chakula shuleni.,Gimoro amora ma nyalo ketho ywak mar jopuonjre ma mulo jopuonjre e somo mar dongruok mar nyithindo matindo onego oting’ e kinde ma itimoe mbaka mag pesa mag chiemo mag skul.
4883,Education,General,Teachers recommend combining daily reading with regular attendance to address long distances to school.,Walimu wanapendekeza kuchanganya kusoma kila siku na mahudhurio ya mara kwa mara kushughulikia umbali mrefu kwenda shuleni.,Jopuonj golo paro ni mondo oriw somo ma pile ka pile kod dhi e skul pile pile mondo ilos weche mabor mag skul.
4884,Education,General,"As part of improving vocational training college, parents are asked to support asking questions in class at home.","Kama sehemu ya kuboresha chuo cha mafunzo ya ufundi, wazazi wanaombwa kusaidia kuuliza maswali darasani nyumbani.","Kaka achiel kuom yore mag bero kolej mar puonjruok mar tich, ikwayo jonyuol mondo ochung’ ne penjo penjo e klas e ot."
4885,Education,General,"As part of improving Early Childhood Development Education, parents are asked to support regular homework review at home.","Kama sehemu ya kuboresha elimu ya awali, wazazi wanaombwa kusaidia kupitia kazi za nyumbani mara kwa mara nyumbani.","Kaka achiel kuom yore mag bero Somo mar Nyithindo Matin, ikwayo jonyuol mondo ochung’ ne puonjruok mar timo tije mag ot kinde ka kinde e ot."
4886,Education,General,Any long distances to school affecting learners at pre-primary school should be raised during digital literacy programmes discussions.,umbali mrefu kwenda shuleni yoyote inayoathiri wanafunzi katika shule ya chekechea inapaswa kuibuliwa wakati wa majadiliano ya mipango ya ujuzi wa kidijitali.,Gimoro amora mabor ma dhi e skul ma mulo jopuonjre e skul ma pok ochako somo onego oting’ e kinde ma itimo mbaka mag chenro mag somo kod ndiko mag dijital.
4887,Education,General,The county bursary fund now covers learners at pre-primary school facing financial hardship.,mfuko wa bursary wa kaunti sasa inahusisha wanafunzi katika shule ya chekechea wanaokabiliwa na ugumu wa kifedha.,Fund mar bursary mar kaunti sani konyo jopuonjre ma ni e skul ma pok ochako somo ma yudo pek mag pesa.
4888,Education,General,Teachers recommend combining keeping a study timetable with regular attendance to address student unrest.,Walimu wanapendekeza kuchanganya kuweka ratiba ya masomo na mahudhurio ya mara kwa mara kushughulikia machafuko ya wanafunzi.,Jopuonj golo paro ni mondo oriw keto chenro mar somo kod bedo e chokruoge pile mondo ilos ywak mar nyithind sikul.
4889,Education,General,The county bursary fund now covers learners at technical training institute facing financial hardship.,mfuko wa bursary wa kaunti sasa inahusisha wanafunzi katika chuo cha mafunzo ya kiufundi wanaokabiliwa na ugumu wa kifedha.,Fund mar bursary mar kaunti sani konyo jopuonjre ma ni e skul mar puonjruok mar teknoloji ma yudo pek mag pesa.
4890,Education,General,The digital learning devices programme now covers learners at Grade 6 facing financial hardship.,mpango wa vifaa vya kujifunzia vya kidijitali sasa inahusisha wanafunzi katika darasa la sita wanaokabiliwa na ugumu wa kifedha.,Program mar gige somo mag dijital sani oriwo jopuonjre ma ni e klas mar 6 ma yudo pek mag pesa.
4891,Education,General,Building peer study groups early helps learners succeed under the CBC curriculum.,Kujenga vikundi vya wenzao vya kusoma mapema husaidia wanafunzi kufaulu chini ya mtaala wa CBC.,Kugero grup mag somo mag jowetegi mapiyo konyo jopuonjre mondo gibed gi loch e bwo chenro mar somo mar CBC.
4892,Education,General,Teachers recommend combining asking questions in class with regular attendance to address long distances to school.,Walimu wanapendekeza kuchanganya kuuliza maswali darasani na mahudhurio ya mara kwa mara kushughulikia umbali mrefu kwenda shuleni.,Jopuonj chiwo paro ni mondo oriw penjo e klas kod bedo e klas kinde ka kinde mondo ilos weche mabor mag skul.
4893,Education,General,Teachers recommend combining responsible internet use with regular attendance to address student unrest.,Walimu wanapendekeza kuchanganya matumizi ya kuwajibika ya intaneti na mahudhurio ya mara kwa mara kushughulikia machafuko ya wanafunzi.,Jopuonj golo paro ni mondo oriw tiyo kod mbui mowinjore kod bedo e chokruoge kinde ka kinde mar geng'o anjao mar nyithind sikul.
4894,Education,General,Teachers recommend combining peer study groups with regular attendance to address inadequate sanitation facilities.,Walimu wanapendekeza kuchanganya vikundi vya wenzao vya kusoma na mahudhurio ya mara kwa mara kushughulikia vyoo visivyotosha.,Jopuonj chiwo paro mar keto kanyakla grup mag somo mag jowetegi kanyachiel gi bedoe kinde ka kinde mar loso kuonde ma ok oromo mag ler.
4895,Education,General,"As part of improving Junior Secondary School, parents are asked to support regular homework review at home.","Kama sehemu ya kuboresha shule ya upili ya chini, wazazi wanaombwa kusaidia kupitia kazi za nyumbani mara kwa mara nyumbani.","Kaka achiel kuom yore mag bero Skul mar Sekondari, ikwayo jonyuol mondo ochung’ ne puonjruok mar tije mag ot kinde ka kinde e ot."
4896,Education,General,Teachers recommend combining asking questions in class with regular attendance to address exam malpractice.,Walimu wanapendekeza kuchanganya kuuliza maswali darasani na mahudhurio ya mara kwa mara kushughulikia udanganyifu wa mtihani.,Jopuonj golo paro ni mondo oriw penjo e klas kod bedo pile pile mar geng'o tim marach mag penj.
4897,Education,General,Any overcrowded classrooms affecting learners at Early Childhood Development Education should be raised during digital literacy programmes discussions.,madarasa yenye msongamano yoyote inayoathiri wanafunzi katika elimu ya awali inapaswa kuibuliwa wakati wa majadiliano ya mipango ya ujuzi wa kidijitali.,Klase moro amora ma opong’ ahinya ma ketho jopuonjre e Somo mar Dongruok mar Nyithindo Matin onego oketgi e kinde ma itimoe mbaka mag chenro mag somo kod ndiko mag dijital.
4898,Education,General,Attend the school meeting to discuss school feeding budgets for this term.,Hudhuria mkutano wa shule kujadili bajeti za chakula shuleni kwa muhula huu.,Chopo e chokruok mar skul mondo wawuo kuom bajet mar chiemo ma skul biro tiyogo e term ni.
4899,Education,General,Any teacher absenteeism affecting learners at Grade 6 should be raised during digital literacy programmes discussions.,walimu kutohudhuria yoyote inayoathiri wanafunzi katika darasa la sita inapaswa kuibuliwa wakati wa majadiliano ya mipango ya ujuzi wa kidijitali.,"Ka japuonj moro amora ma ok dhi e skul ma mulo jopuonjre e klas mar 6, onego oting’ e kinde ma itimo mbaka mag chenro mag somo kod ndiko mag dijital."
4900,Education,General,Any delayed textbook delivery affecting learners at special needs unit should be raised during school safety measures discussions.,ucheleweshaji wa vitabu yoyote inayoathiri wanafunzi katika kitengo cha mahitaji maalum inapaswa kuibuliwa wakati wa majadiliano ya hatua za usalama shuleni.,"Gimoro amora ma ng’ato nyalo ng’ado e wi buge mag somo ma mulo jopuonjre e unit mar dwaro makende, onego oting’ e kinde ma itimoe mbaka mag yore mag rito skul."
4901,Education,General,Teachers recommend combining time management with regular attendance to address overcrowded classrooms.,Walimu wanapendekeza kuchanganya usimamizi wa muda na mahudhurio ya mara kwa mara kushughulikia madarasa yenye msongamano.,Jopuonj golo paro ni mondo oriw rito thuolo kod bedo e skul pile pile mondo ilos klas ma opong' ahinya gi ji.
4902,Education,General,Any delayed textbook delivery affecting learners at pre-primary school should be raised during infrastructure development plans discussions.,ucheleweshaji wa vitabu yoyote inayoathiri wanafunzi katika shule ya chekechea inapaswa kuibuliwa wakati wa majadiliano ya mipango ya uendelezaji wa miundombinu.,Gimoro amora ma osechopo e chiwo buge mag somo ma mulo jopuonjre e skul ma pok ochako somo onego oketgi e kinde ma itimoe mbaka mag chenro mag dongruok mar gedo mag piny.
4903,Education,General,Teachers recommend combining regular homework review with regular attendance to address teacher absenteeism.,Walimu wanapendekeza kuchanganya kupitia kazi za nyumbani mara kwa mara na mahudhurio ya mara kwa mara kushughulikia walimu kutohudhuria.,Jopuonj golo paro ni mondo oriw somo mar tije mag ot pile ka pile kod chopo e skul pile pile mar geng'o bedo maonge mar jopuonj e skul.
4904,Education,General,Teachers recommend combining peer study groups with regular attendance to address overcrowded classrooms.,Walimu wanapendekeza kuchanganya vikundi vya wenzao vya kusoma na mahudhurio ya mara kwa mara kushughulikia madarasa yenye msongamano.,Jopuonj golo paro mar keto kanyakla grup mag somo mag jowetegi kanyachiel gi bedoe pile mondo ilos klas ma opong' ahinya gi ji.
4905,Education,General,Schools countrywide are holding sessions this week on digital literacy programmes.,Shule nchini kote zinafanya vipindi wiki hii kuhusu mipango ya ujuzi wa kidijitali.,Suku mag piny mangima timo seche jumani kae kuom chenro mag somo kod ndiko mag dijital.
4906,Education,General,The school infrastructure improvement fund now covers learners at Senior School facing financial hardship.,mfuko wa uboreshaji wa miundombinu ya shule sasa inahusisha wanafunzi katika shule ya upili ya juu wanaokabiliwa na ugumu wa kifedha.,Fund mar bero gedo mag skul sani ochung’ ne jopuonjre ma ni e skul maduong’ ma yudo pek mag pesa.
4907,Education,General,Teachers recommend combining regular homework review with regular attendance to address overcrowded classrooms.,Walimu wanapendekeza kuchanganya kupitia kazi za nyumbani mara kwa mara na mahudhurio ya mara kwa mara kushughulikia madarasa yenye msongamano.,Jopuonj golo paro ni mondo oriw somo mar tije mag ot pile ka pile kod chopo kanyakla mondo ilos klas ma opong' ahinya gi ji.
4908,Education,General,The textbook subsidy programme now covers learners at pre-primary school facing financial hardship.,mpango wa ruzuku ya vitabu sasa inahusisha wanafunzi katika shule ya chekechea wanaokabiliwa na ugumu wa kifedha.,Program mar konyo buge mag somo sani oriwo jopuonjre ma ni e skul ma pok ochako somo ma yudo pek mag pesa.
4909,Education,General,The textbook subsidy programme now covers learners at technical training institute facing financial hardship.,mpango wa ruzuku ya vitabu sasa inahusisha wanafunzi katika chuo cha mafunzo ya kiufundi wanaokabiliwa na ugumu wa kifedha.,Program mar konyo buge mag somo sani oriwo jopuonjre ma ni e skul mar puonjruok mar teknoloji ma yudo pek mag pesa.
4910,Education,General,Any teacher absenteeism affecting learners at Junior Secondary School should be raised during digital literacy programmes discussions.,walimu kutohudhuria yoyote inayoathiri wanafunzi katika shule ya upili ya chini inapaswa kuibuliwa wakati wa majadiliano ya mipango ya ujuzi wa kidijitali.,"Ka japuonj moro amora ma ok dhi e skul ma mulo jopuonjre e Skul mar Sekondari, onego oting’ e kinde ma itimo mbaka mag chenro mag somo kod ndiko mag dijital."
4911,Education,General,Report bullying at school to the head teacher immediately.,Ripoti unyanyasaji shuleni kwa mwalimu mkuu mara moja.,Chiw ripot mar ng’anjo e skul ne japuonj maduong’ mapiyo.
4912,Education,General,Report delayed textbook delivery at school to the head teacher immediately.,Ripoti ucheleweshaji wa vitabu shuleni kwa mwalimu mkuu mara moja.,Chiw ripot mar tero buge mag somo ma osechopo e skul ne japuonj maduong’ mapiyo.
4913,Education,General,The orphan and vulnerable children fund application window is now open at your local sub-county office.,Dirisha la maombi ya mfuko wa watoto yatima na walio hatarini sasa liko wazi katika ofisi ya sub-kaunti yako.,Dirisa mar oro kwayo mar pesa mar nyithindo ma nigi jonyuol kod ma nigi pek sani oyabere e ofis mar kaunti ma ni e alworau.
4914,Education,General,"As part of improving vocational training college, parents are asked to support daily reading at home.","Kama sehemu ya kuboresha chuo cha mafunzo ya ufundi, wazazi wanaombwa kusaidia kusoma kila siku nyumbani.","Kaka achiel kuom yore mag bero kolej mar puonjruok mar tich, ikwayo jonyuol mondo ochung’ ne somo ma pile ka pile e ot."
4915,Education,General,Any bullying affecting learners at boarding primary school should be raised during the CBC curriculum transition discussions.,unyanyasaji yoyote inayoathiri wanafunzi katika shule ya msingi ya bweni inapaswa kuibuliwa wakati wa majadiliano ya mpito wa mtaala wa CBC.,Gimoro amora ma ketho nying’ jopuonjre e skul ma piny ma ji odak e iye onego oting’ e kinde ma itimoe mbaka mag loko chenro mar somo mar CBC.
4916,Education,General,Parents are urged to enroll children in technical training institute without delay.,Wazazi wanahimizwa kuandikisha watoto katika chuo cha mafunzo ya kiufundi bila kuchelewa.,Jonyuol ikwayo mondo ondiki nyithindgi e skul mar puonjruok mar lony maonge thuolo.
4917,Education,General,Any student unrest affecting learners at day secondary school should be raised during exam preparation discussions.,machafuko ya wanafunzi yoyote inayoathiri wanafunzi katika shule ya upili ya kutwa inapaswa kuibuliwa wakati wa majadiliano ya maandalizi ya mtihani.,"Kapo ni ng’ato ang’ata ma nigi ywak e kind jopuonjre ma mulo jopuonjre e skul ma malo, onego oting’ e kinde ma itimoe mbaka mag ikruok mar timo penj."
4918,Education,General,The special needs education grant now covers learners at boarding primary school facing financial hardship.,ruzuku ya elimu maalum sasa inahusisha wanafunzi katika shule ya msingi ya bweni wanaokabiliwa na ugumu wa kifedha.,Chiwo mar somo mar dwaro makende sani mulo jopuonjre ma ni e skul ma piny ma nigi pek mag pesa.
4919,Education,General,Building responsible internet use early helps learners succeed under the CBC curriculum.,Kujenga matumizi ya kuwajibika ya intaneti mapema husaidia wanafunzi kufaulu chini ya mtaala wa CBC.,Kugero tiyo kod intanet e yo makare mapiyo konyo jopuonjre mondo oyud loch e bwo chenro mar somo mar CBC.
4920,Education,General,Enroll your child in vocational training college before the term begins.,Andikisha mtoto wako katika chuo cha mafunzo ya ufundi kabla ya muhula kuanza.,Ndik nying nyathini e kolej ma puonjo ji tich kapok term ochako.
4921,Education,General,Any inadequate sanitation facilities affecting learners at Grade 6 should be raised during school safety measures discussions.,vyoo visivyotosha yoyote inayoathiri wanafunzi katika darasa la sita inapaswa kuibuliwa wakati wa majadiliano ya hatua za usalama shuleni.,Gimoro amora ma ok oromo mar rito ler ma ketho jopuonjre ma ni e klas mar 6 onego oketgi e kinde ma itimoe mbaka mag yore mag rito ler e skul.
4922,Education,General,Any delayed textbook delivery affecting learners at Early Childhood Development Education should be raised during exam preparation discussions.,ucheleweshaji wa vitabu yoyote inayoathiri wanafunzi katika elimu ya awali inapaswa kuibuliwa wakati wa majadiliano ya maandalizi ya mtihani.,Gimoro amora ma ng’ato nyalo ng’ado e buge mag somo ma mulo jopuonjre e somo mar dongruok mar nyithindo matindo onego oting’ e kinde ma itimoe mbaka mag ikruok mar timo penj.
4923,Education,General,Teachers recommend combining keeping a study timetable with regular attendance to address unsafe classroom conditions.,Walimu wanapendekeza kuchanganya kuweka ratiba ya masomo na mahudhurio ya mara kwa mara kushughulikia hali isiyo salama ya darasa.,Jopuonj golo paro ni mondo oriw keto chenro mar somo kod bedo e klas kinde ka kinde mondo ilos chal ma ok ber e klas.
4924,Education,General,Enroll your child in special needs unit before the term begins.,Andikisha mtoto wako katika kitengo cha mahitaji maalum kabla ya muhula kuanza.,Inyalo ndiko nying nyathini e kar puonjruok mar joma nigi dwaro makende kapok term ochako.
4925,Education,General,The digital learning devices programme now covers learners at day secondary school facing financial hardship.,mpango wa vifaa vya kujifunzia vya kidijitali sasa inahusisha wanafunzi katika shule ya upili ya kutwa wanaokabiliwa na ugumu wa kifedha.,Program mar gige somo mag dijital sani oriwo jopuonjre ma ni e skul ma malo ma yudo pek mag pesa.
4926,Education,General,The county bursary fund now covers learners at day secondary school facing financial hardship.,mfuko wa bursary wa kaunti sasa inahusisha wanafunzi katika shule ya upili ya kutwa wanaokabiliwa na ugumu wa kifedha.,Fund mar bursary mar kaunti sani konyo jopuonjre ma ni e skul ma malo ma yudo pek mag pesa.
4927,Education,General,Schools countrywide are holding sessions this week on school safety measures.,Shule nchini kote zinafanya vipindi wiki hii kuhusu hatua za usalama shuleni.,Suku mag piny mangima timo seche jumani kae kuom yore mag rito skul.
4928,Education,General,Any exam malpractice affecting learners at technical training institute should be raised during school safety measures discussions.,udanganyifu wa mtihani yoyote inayoathiri wanafunzi katika chuo cha mafunzo ya kiufundi inapaswa kuibuliwa wakati wa majadiliano ya hatua za usalama shuleni.,Tich moro amora ma ok owinjore ma timore e penj ma mulo jopuonjre e skul mar puonjruok mar teknoloji onego oting’ e kinde ma itimo mbaka mag yore mag rito ngima e skul.
4929,Education,General,The county bursary fund now covers learners at Senior School facing financial hardship.,mfuko wa bursary wa kaunti sasa inahusisha wanafunzi katika shule ya upili ya juu wanaokabiliwa na ugumu wa kifedha.,Fund mar bursary mar kaunti sani konyo jopuonjre ma ni e Skul Maduong’ ma yudo pek mag pesa.
4930,Education,General,Attend the school meeting to discuss school safety measures for this term.,Hudhuria mkutano wa shule kujadili hatua za usalama shuleni kwa muhula huu.,Chopo e chokruok mar skul mondo wawuo kuom yore mag rito skul e term ni.
4931,Education,General,Schools countrywide are holding sessions this week on teacher recruitment updates.,Shule nchini kote zinafanya vipindi wiki hii kuhusu taarifa za uajiri wa walimu.,Suku mag piny mangima timo seche jumani kae kuom weche manyien mag ng'ado jopuonj.
4932,Education,General,"As part of improving vocational training college, parents are asked to support keeping a study timetable at home.","Kama sehemu ya kuboresha chuo cha mafunzo ya ufundi, wazazi wanaombwa kusaidia kuweka ratiba ya masomo nyumbani.","Kaka achiel kuom yore mag bero kolej mar puonjruok mar tich, ikwayo jonyuol mondo ochung’ ne keto chenro mar somo e ot."
4933,Education,General,"As part of improving special needs unit, parents are asked to support regular homework review at home.","Kama sehemu ya kuboresha kitengo cha mahitaji maalum, wazazi wanaombwa kusaidia kupitia kazi za nyumbani mara kwa mara nyumbani.","Kaka achiel kuom yore mag bero unit mar dwaro makende, jonyuol ikwayo mondo ochung’ ne puonjruok mar tije mag ot pile pile e ot."
4934,Education,General,Any bullying affecting learners at Senior School should be raised during teacher recruitment updates discussions.,unyanyasaji yoyote inayoathiri wanafunzi katika shule ya upili ya juu inapaswa kuibuliwa wakati wa majadiliano ya taarifa za uajiri wa walimu.,Gimoro amora ma kelo ng’anjo ma mulo jopuonjre e Skul Maduong’ onego oting’ e kinde ma itimo mbaka mag loso weche manyien mag ng’ado jopuonj.
4935,Education,General,Any lack of learning materials affecting learners at Junior Secondary School should be raised during infrastructure development plans discussions.,ukosefu wa vifaa vya kujifunzia yoyote inayoathiri wanafunzi katika shule ya upili ya chini inapaswa kuibuliwa wakati wa majadiliano ya mipango ya uendelezaji wa miundombinu.,"Gimoro amora ma onge gi gik mitiyogo e somo ma mulo jopuonjre e Skul mar Sekondari ma piny, onego oketgi e paro e kinde ma itimoe mbaka mag chenro mag dongruok mar gedo mag piny."
4936,Education,General,Report overcrowded classrooms at school to the head teacher immediately.,Ripoti madarasa yenye msongamano shuleni kwa mwalimu mkuu mara moja.,Chiw ripot mar klas ma opong’ ahinya e skul ne japuonj maduong’ mapiyo.
4937,Education,General,The free sanitary products programme now covers learners at boarding primary school facing financial hardship.,mpango wa taulo za bure sasa inahusisha wanafunzi katika shule ya msingi ya bweni wanaokabiliwa na ugumu wa kifedha.,Program mar gik mitiyogo e rito ler ma onge chudo sani oriwo jopuonjre ma ni e skul ma piny ma nigi pek mag pesa.
4938,Education,General,Teachers recommend combining asking questions in class with regular attendance to address delayed textbook delivery.,Walimu wanapendekeza kuchanganya kuuliza maswali darasani na mahudhurio ya mara kwa mara kushughulikia ucheleweshaji wa vitabu.,Jopuonj golo paro ni mondo oriw penjo e klas kod bedo e klas kinde ka kinde mondo ilos dero mar chopo buge mag somo.
4939,Education,General,Report teacher absenteeism at school to the head teacher immediately.,Ripoti walimu kutohudhuria shuleni kwa mwalimu mkuu mara moja.,Chik ripot mar japuonj ma ok dhi e skul ne japuonj maduong’ mapiyo.
4940,Education,General,"As part of improving vocational training college, parents are asked to support active class participation at home.","Kama sehemu ya kuboresha chuo cha mafunzo ya ufundi, wazazi wanaombwa kusaidia kushiriki kikamilifu darasani nyumbani.","Kaka achiel kuom yore mag bero kolej mar puonjruok mar tich, jonyuol ikwayo mondo ochung’ ne puonjruok mar bedo gi ng’iyo e klas e ot."
4941,Education,General,Any case of delayed textbook delivery should be reported through the official school channel.,Kesi yoyote ya ucheleweshaji wa vitabu inapaswa kuripotiwa kupitia njia rasmi ya shule.,"Kapo ni ng’ato odhi nyime gi kelo buge mag somo, owinjore ondiki kokalo kuom chanel mar skul ma owinjore."
4942,Education,General,The digital learning devices programme now covers learners at pre-primary school facing financial hardship.,mpango wa vifaa vya kujifunzia vya kidijitali sasa inahusisha wanafunzi katika shule ya chekechea wanaokabiliwa na ugumu wa kifedha.,Program mar gige somo mag dijital sani oriwo jopuonjre ma ni e skul ma pok ochako somo ma yudo pek mag pesa.
4943,Education,General,The county bursary fund now covers learners at special needs unit facing financial hardship.,mfuko wa bursary wa kaunti sasa inahusisha wanafunzi katika kitengo cha mahitaji maalum wanaokabiliwa na ugumu wa kifedha.,Fund mar bursary mar kaunti sani konyo jopuonjre ma ni e unit ma nigi dwaro makende ma yudo pek mag pesa.
4944,Education,General,Encourage your child to practice keeping a study timetable to improve their learning.,Mhamasishe mtoto wako kufanya kuweka ratiba ya masomo ili kuboresha ujifunzaji wake.,Jiw nyathini mondo opuonjre luwo chenro mar somo mondo omed somo maber.
4945,Education,General,Parents are urged to enroll children in Junior Secondary School without delay.,Wazazi wanahimizwa kuandikisha watoto katika shule ya upili ya chini bila kuchelewa.,Jonyuol okwayo mondo ondiki nyithindgi e skul mar sekondari ma ok odhi nyime.
4946,Education,General,Apply for the orphan and vulnerable children fund to help with your child's school fees.,Omba mfuko wa watoto yatima na walio hatarini kusaidia ada ya shule ya mtoto wako.,Kwayo pesa mar nyithindo ma nigi jonyuol ma onge jonyuol kod ma nigi pek mondo okonyi chulo skul mar nyathini.
4947,Education,General,Teachers recommend combining active class participation with regular attendance to address exam malpractice.,Walimu wanapendekeza kuchanganya kushiriki kikamilifu darasani na mahudhurio ya mara kwa mara kushughulikia udanganyifu wa mtihani.,Jopuonj golo paro ni mondo oriw bedo gi kinda e klas kod bedo e klas pile pile mar geng'o tim marach mag timo penj.
4948,Education,General,"As part of improving boarding primary school, parents are asked to support asking questions in class at home.","Kama sehemu ya kuboresha shule ya msingi ya bweni, wazazi wanaombwa kusaidia kuuliza maswali darasani nyumbani.","Kaka achiel kuom yore mag bero skul ma piny ma ji odak e iye, ikwayo jonyuol mondo ochung’ ne penjo penjo e klas e ot."
4949,Education,General,"As part of improving pre-primary school, parents are asked to support time management at home.","Kama sehemu ya kuboresha shule ya chekechea, wazazi wanaombwa kusaidia usimamizi wa muda nyumbani.","Kaka achiel kuom yore mag bero skul ma pok ochako somo, ikwayo jonyuol mondo ochung’ ne rito thuolo e ot."
4950,Education,General,Apply for the special needs education grant to help with your child's school fees.,Omba ruzuku ya elimu maalum kusaidia ada ya shule ya mtoto wako.,Kwayo pesa mar somo mar joma nigi dwaro makende mondo okonyi chulo skul mar nyathini.
4951,Education,General,The school infrastructure improvement fund application window is now open at your local sub-county office.,Dirisha la maombi ya mfuko wa uboreshaji wa miundombinu ya shule sasa liko wazi katika ofisi ya sub-kaunti yako.,Dirisa mar oro kwayo mar pesa mar bero gedo mag skul sani oyabere e ofis mar kaunti ma ni e alworau.
4952,Education,General,Any case of inadequate sanitation facilities should be reported through the official school channel.,Kesi yoyote ya vyoo visivyotosha inapaswa kuripotiwa kupitia njia rasmi ya shule.,"Kaso moro amora mar kuonde ma ok oromo mar rito ler, owinjore ondiki kokalo kuom chanel mar skul ma owinjore."
4953,Education,General,Any lack of learning materials affecting learners at Junior Secondary School should be raised during exam preparation discussions.,ukosefu wa vifaa vya kujifunzia yoyote inayoathiri wanafunzi katika shule ya upili ya chini inapaswa kuibuliwa wakati wa majadiliano ya maandalizi ya mtihani.,"Kapo ni onge gik ma itiyogo e somo ma mulo jopuonjre e Skul mar Sekondari, onego oketgi e kinde ma itimoe mbaka mag ikruok mar penj."
4954,Education,General,Report inadequate sanitation facilities at school to the head teacher immediately.,Ripoti vyoo visivyotosha shuleni kwa mwalimu mkuu mara moja.,Chiw ripot ne japuonj maduong’ mapiyo kuom kuonde ma ok oromo mag ler e skul.
4955,Education,General,Parents are urged to enroll children in Grade 6 without delay.,Wazazi wanahimizwa kuandikisha watoto katika darasa la sita bila kuchelewa.,Jonyuol okwayo mondo ondiki nyithindgi e klas mar 6 ma ok odhi nyime.
4956,Education,General,The school feeding programme application window is now open at your local sub-county office.,Dirisha la maombi ya mpango wa chakula shuleni sasa liko wazi katika ofisi ya sub-kaunti yako.,Dirisa mar oro kwayo mar chenro mar chiemo e skul sani oyabere e ofis mar kaunti ma ni e alworau.
4957,Education,General,"As part of improving pre-primary school, parents are asked to support responsible internet use at home.","Kama sehemu ya kuboresha shule ya chekechea, wazazi wanaombwa kusaidia matumizi ya kuwajibika ya intaneti nyumbani.","Kaka achiel kuom yore mag bero skul ma pok ochako somo, ikwayo jonyuol mondo ochung’ ne tiyo kod intanet e yo makare e ot."
4958,Education,General,The orphan and vulnerable children fund now covers learners at day secondary school facing financial hardship.,mfuko wa watoto yatima na walio hatarini sasa inahusisha wanafunzi katika shule ya upili ya kutwa wanaokabiliwa na ugumu wa kifedha.,Fund mar nyithindo ma onge jonyuol kod ma nigi pek sani konyo jopuonjre ma ni e skul ma malo ma yudo pek mag pesa.
4959,Education,General,The county bursary fund now covers learners at Junior Secondary School facing financial hardship.,mfuko wa bursary wa kaunti sasa inahusisha wanafunzi katika shule ya upili ya chini wanaokabiliwa na ugumu wa kifedha.,Fund mar bursary mar kaunti sani konyo jopuonjre ma ni e skul mar sekondari ma yudo pek mag pesa.
4960,Education,General,The digital learning devices programme now covers learners at Senior School facing financial hardship.,mpango wa vifaa vya kujifunzia vya kidijitali sasa inahusisha wanafunzi katika shule ya upili ya juu wanaokabiliwa na ugumu wa kifedha.,Program mar gige somo mag dijital sani oriwo jopuonjre ma ni e Skul Maduong’ ma yudo pek mag pesa.
4961,Education,General,Any unsafe classroom conditions affecting learners at Junior Secondary School should be raised during the CBC curriculum transition discussions.,hali isiyo salama ya darasa yoyote inayoathiri wanafunzi katika shule ya upili ya chini inapaswa kuibuliwa wakati wa majadiliano ya mpito wa mtaala wa CBC.,Gimoro amora ma ok ber e klas ma mulo jopuonjre e Skul mar Sekondari ma piny onego oketgi e kinde ma itimo mbaka mag loko chenro mar somo mar CBC.
4962,Education,General,The free sanitary products programme now covers learners at Grade 6 facing financial hardship.,mpango wa taulo za bure sasa inahusisha wanafunzi katika darasa la sita wanaokabiliwa na ugumu wa kifedha.,Program mar gik mitiyogo e rito ler ma onge chudo sani oriwo jopuonjre ma ni e klas mar 6 ma yudo pek mag pesa.
4963,Education,General,Teachers recommend combining regular homework review with regular attendance to address delayed textbook delivery.,Walimu wanapendekeza kuchanganya kupitia kazi za nyumbani mara kwa mara na mahudhurio ya mara kwa mara kushughulikia ucheleweshaji wa vitabu.,Jopuonj golo paro ni mondo oriw somo mar tije mag pacho pile ka pile kod chopo ka pile pile mondo ilos dero mar chopo buge mag somo.
4964,Education,General,The special needs education grant now covers learners at vocational training college facing financial hardship.,ruzuku ya elimu maalum sasa inahusisha wanafunzi katika chuo cha mafunzo ya ufundi wanaokabiliwa na ugumu wa kifedha.,Chiwo mar somo mar dwaro makende sani konyo jopuonjre ma ni e kolej mar puonjruok mar tich ma yudo pek mag pesa.
4965,Education,General,Teachers recommend combining regular homework review with regular attendance to address unsafe classroom conditions.,Walimu wanapendekeza kuchanganya kupitia kazi za nyumbani mara kwa mara na mahudhurio ya mara kwa mara kushughulikia hali isiyo salama ya darasa.,Jopuonj golo paro ni mondo oriw nonro mar tije mag ot pile ka pile kod chopo ka pile pile mondo ilos chal ma ok ber e klas.
4966,Education,General,"As part of improving technical training institute, parents are asked to support responsible internet use at home.","Kama sehemu ya kuboresha chuo cha mafunzo ya kiufundi, wazazi wanaombwa kusaidia matumizi ya kuwajibika ya intaneti nyumbani.","Kaka achiel kuom yore mag bero skul mar puonjruok mar teknoloji, ikwayo jonyuol mondo ochung’ ne tiyo kod intanet e yo makare e ot."
4967,Education,General,"As part of improving Grade 6, parents are asked to support time management at home.","Kama sehemu ya kuboresha darasa la sita, wazazi wanaombwa kusaidia usimamizi wa muda nyumbani.","Kaka achiel kuom yore mag bero Grade 6, ikwayo jonyuol mondo ochung’ ne rito thuolo e ot."
4968,Education,General,Teachers recommend combining asking questions in class with regular attendance to address bullying.,Walimu wanapendekeza kuchanganya kuuliza maswali darasani na mahudhurio ya mara kwa mara kushughulikia unyanyasaji.,Jopuonj golo paro ni mondo oriw penjo e klas kod bedo pile pile mondo ilos tim mar ng'anjo.
4969,Education,General,The school feeding programme now covers learners at boarding primary school facing financial hardship.,mpango wa chakula shuleni sasa inahusisha wanafunzi katika shule ya msingi ya bweni wanaokabiliwa na ugumu wa kifedha.,Program mar chiwo chiemo e skul sani oriwo jopuonjre ma ni e skul ma piny ma nigi pek mag pesa.
4970,Education,General,Enroll your child in day secondary school before the term begins.,Andikisha mtoto wako katika shule ya upili ya kutwa kabla ya muhula kuanza.,Inyalo ndiko nying nyathini e skul ma malo kapok term ochako.
4971,Education,General,Any delayed textbook delivery affecting learners at Junior Secondary School should be raised during the new school calendar discussions.,ucheleweshaji wa vitabu yoyote inayoathiri wanafunzi katika shule ya upili ya chini inapaswa kuibuliwa wakati wa majadiliano ya kalenda mpya ya shule.,"Gimoro amora ma ng’ato nyalo ng’ado e wi buge mag somo ma mulo jopuonjre e Skul mar Sekondari ma piny, owinjore oting’ e kinde ma ibiro timoe mbaka mag kalenda manyien mar skul."
4972,Education,General,The special needs education grant now covers learners at Senior School facing financial hardship.,ruzuku ya elimu maalum sasa inahusisha wanafunzi katika shule ya upili ya juu wanaokabiliwa na ugumu wa kifedha.,Chiwo mar somo mar dwaro makende sani konyo jopuonjre e Skul Maduong’ ma yudo pek mag pesa.
4973,Education,General,Teachers recommend combining peer study groups with regular attendance to address exam malpractice.,Walimu wanapendekeza kuchanganya vikundi vya wenzao vya kusoma na mahudhurio ya mara kwa mara kushughulikia udanganyifu wa mtihani.,Jopuonj golo paro mar keto kanyakla grup mag somo mag jowetegi kanyachiel gi bedoe kinde ka kinde mar geng'o tim marach mag penj.
4974,Education,General,Teachers recommend combining regular homework review with regular attendance to address bullying.,Walimu wanapendekeza kuchanganya kupitia kazi za nyumbani mara kwa mara na mahudhurio ya mara kwa mara kushughulikia unyanyasaji.,Jopuonj golo paro ni mondo oriw somo mar tije mag pacho pile ka pile kod bedo e chokruoge pile ka pile mar geng'o anjao.
4975,Education,General,Enroll your child in Grade 6 before the term begins.,Andikisha mtoto wako katika darasa la sita kabla ya muhula kuanza.,Inyalo ndiko nying nyathini e klas mar 6 kapok term ochako.
4976,Education,General,"As part of improving technical training institute, parents are asked to support active class participation at home.","Kama sehemu ya kuboresha chuo cha mafunzo ya kiufundi, wazazi wanaombwa kusaidia kushiriki kikamilifu darasani nyumbani.","Kaka achiel kuom yore mag bero skul mar puonjruok mar teknoloji, ikwayo jonyuol mondo ochung’ ne puonjruok ma ng’ato timo e klas e ot."
4977,Education,General,"As part of improving special needs unit, parents are asked to support responsible internet use at home.","Kama sehemu ya kuboresha kitengo cha mahitaji maalum, wazazi wanaombwa kusaidia matumizi ya kuwajibika ya intaneti nyumbani.","Kaka achiel kuom yore mag bero ng’at ma nigi dwaro makende, ikwayo jonyuol mondo okony tiyo kod intanet e yo makare e ot."
4978,Education,General,Teachers recommend combining responsible internet use with regular attendance to address long distances to school.,Walimu wanapendekeza kuchanganya matumizi ya kuwajibika ya intaneti na mahudhurio ya mara kwa mara kushughulikia umbali mrefu kwenda shuleni.,Jopuonj golo paro ni mondo oriw tiyo kod mbui maber kod bedo e skul pile pile mondo ilos thuolo mabor mar dhi skul.
4979,Education,General,Teachers recommend combining regular homework review with regular attendance to address long distances to school.,Walimu wanapendekeza kuchanganya kupitia kazi za nyumbani mara kwa mara na mahudhurio ya mara kwa mara kushughulikia umbali mrefu kwenda shuleni.,Jopuonj golo paro ni mondo oriw somo mar tije mag ot pile ka pile kod dhi e skul pile ka pile mondo ilos thuolo mabor mar dhi skul.
4980,Education,General,The textbook subsidy programme application window is now open at your local sub-county office.,Dirisha la maombi ya mpango wa ruzuku ya vitabu sasa liko wazi katika ofisi ya sub-kaunti yako.,Dirisa mar oro kwayo mar kony mar buge mag somo sani oyabere e ofis mar kaunti ma ni e alworau.
4981,Education,General,"As part of improving Grade 6, parents are asked to support asking questions in class at home.","Kama sehemu ya kuboresha darasa la sita, wazazi wanaombwa kusaidia kuuliza maswali darasani nyumbani.","Kaka achiel kuom yore mag bero Grade 6, ikwayo jonyuol mondo ochung’ ne penjo penjo e klas e ot."
4982,Education,General,"As part of improving pre-primary school, parents are asked to support regular homework review at home.","Kama sehemu ya kuboresha shule ya chekechea, wazazi wanaombwa kusaidia kupitia kazi za nyumbani mara kwa mara nyumbani.","Kaka achiel kuom yore mag bero skul ma pok ochako somo, jonyuol ikwayo mondo ochung’ ne puonjruok mar tije mag ot pile pile e ot."
4983,Education,General,Apply for the county bursary fund to help with your child's school fees.,Omba mfuko wa bursary wa kaunti kusaidia ada ya shule ya mtoto wako.,Kwayo pesa mag bursary mag kaunti mondo okonyi chulo skul mar nyathini.
4984,Education,General,Any overcrowded classrooms affecting learners at Early Childhood Development Education should be raised during school feeding budgets discussions.,madarasa yenye msongamano yoyote inayoathiri wanafunzi katika elimu ya awali inapaswa kuibuliwa wakati wa majadiliano ya bajeti za chakula shuleni.,Klase moro amora ma opong’ ahinya ma ketho jopuonjre e somo mar dongruok mar nyithindo matindo onego oketgi e kinde ma itimoe mbaka mag pesa mag chiemo e skul.
4985,Education,General,Any student unrest affecting learners at special needs unit should be raised during the CBC curriculum transition discussions.,machafuko ya wanafunzi yoyote inayoathiri wanafunzi katika kitengo cha mahitaji maalum inapaswa kuibuliwa wakati wa majadiliano ya mpito wa mtaala wa CBC.,"Kapo ni ng’ato ang’ata ma nigi ywak mar jopuonjre ma mulo jopuonjre e unit mar dwaro makende, onego oting’ e kinde ma itimoe mbaka mag loko chenro mar somo mar CBC."
4986,Education,General,"As part of improving Junior Secondary School, parents are asked to support time management at home.","Kama sehemu ya kuboresha shule ya upili ya chini, wazazi wanaombwa kusaidia usimamizi wa muda nyumbani.","Kaka achiel kuom yore mag bero Skul mar Sekondari, ikwayo jonyuol mondo okony e rito thuolo e ot."
4987,Education,General,Teachers recommend combining time management with regular attendance to address bullying.,Walimu wanapendekeza kuchanganya usimamizi wa muda na mahudhurio ya mara kwa mara kushughulikia unyanyasaji.,Jopuonj golo paro ni mondo oriw rito thuolo kod bedo e chokruoge pile mondo ilos lweny mar anjao.
4988,Education,General,Teachers recommend combining asking questions in class with regular attendance to address teacher absenteeism.,Walimu wanapendekeza kuchanganya kuuliza maswali darasani na mahudhurio ya mara kwa mara kushughulikia walimu kutohudhuria.,Jopuonj chiwo paro ni mondo oriw penjo e klas kod bedo e klas kinde ka kinde mondo ilos ng’anjo mar jopuonj ma ok chopo e klas.
4989,Education,General,"As part of improving pre-primary school, parents are asked to support active class participation at home.","Kama sehemu ya kuboresha shule ya chekechea, wazazi wanaombwa kusaidia kushiriki kikamilifu darasani nyumbani.","Kaka achiel kuom yore mag bero skul ma pok ochako somo, ikwayo jonyuol mondo ochung’ ne puonjruok ma ng’ato nyalo timo e klas e ot."
4990,Education,General,Any inadequate sanitation facilities affecting learners at special needs unit should be raised during exam preparation discussions.,vyoo visivyotosha yoyote inayoathiri wanafunzi katika kitengo cha mahitaji maalum inapaswa kuibuliwa wakati wa majadiliano ya maandalizi ya mtihani.,Gimoro amora ma ok oromo mar rito ler ma mulo jopuonjre e unit mar dwaro makende onego oketgi e kinde ma itimo mbaka mag ikruok mar penj.
4991,Health,General,Outbreaks of cholera are prevented through boiling drinking water and timely immunization services.,Milipuko ya kipindupindu huzuiwa kupitia kuchemsha maji ya kunywa na huduma za chanjo kwa wakati.,Gigeng’o tuoche mag kolera kokalo kuom pi ma ng’ato madho ma ng’we ng’ar kod chiwo thieth e kinde mowinjore.
4992,Health,General,Health workers recommend learning about managing chronic illness alongside practicing proper waste disposal at home.,Wahudumu wa afya wanapendekeza kujifunza kuhusu usimamizi wa magonjwa sugu pamoja na kufanya utupaji sahihi wa taka nyumbani.,Jotich mag thieth nyiso ni onego opuonjre kaka onego orit tuoche ma ok rum kaachiel gi puonjruok kaka onego oket yugi e ot.
4993,Health,General,Anyone showing signs of malnutrition should also be checked for cholera at a nearby clinic.,Yeyote anayeonyesha dalili za utapiamlo pia anapaswa kuchunguzwa kwa kipindupindu katika kliniki ya karibu.,Ng’at moro amora ma nyiso ranyisi mag chiemo ma ok owinjore bende onego otimne nonro mar kolera e klinik man machiegni.
4994,Health,General,Parents should watch for dehydration in children and seek maternal health checkups promptly.,Wazazi wanapaswa kuchunga upungufu wa maji mwilini kwa watoto na kutafuta uchunguzi wa afya ya uzazi haraka.,Jonyuol onego ong’e ni nyithindo ok ng’iyo gi pi e ringregi kendo onego gidhi otimnegi pim mapiyo mag thieth mar min.
4995,Health,General,Health workers recommend learning about first aid basics alongside practicing safe food handling at home.,Wahudumu wa afya wanapendekeza kujifunza kuhusu misingi ya huduma ya kwanza pamoja na kufanya utunzaji salama wa chakula nyumbani.,Jotich mag thieth nyiso ni nyaka ipuonjri weche madongo mag kony mokwongo kaachiel gi puonjruok kaka inyalo rito chiemo maber e ot.
4996,Health,General,Combine exclusive breastfeeding for six months with regular immunization services visits to stay healthy all year round.,Changanya kunyonyesha maziwa ya mama pekee kwa miezi sita na ziara za mara kwa mara za huduma za chanjo ili kuwa na afya mwaka mzima.,Kod chiwo thuno kende kuom dweche auchiel kod limo ma pile ka pile mag thieth mag thieth mondo ibed gi ngima maber e higa duto.
4997,Health,General,Health workers recommend learning about elderly care alongside practicing boiling drinking water at home.,Wahudumu wa afya wanapendekeza kujifunza kuhusu utunzaji wa wazee pamoja na kufanya kuchemsha maji ya kunywa nyumbani.,Jotich mag thieth wacho ni onego opuonjre kaka onego orit jogo mahikgi oniang’ kaachiel gi puonjruok mar pi ma ng’ato nyalo madho e ot.
4998,Health,General,Anyone showing signs of persistent cough should also be checked for hepatitis B at a nearby clinic.,Yeyote anayeonyesha dalili za kikohozi cha kudumu pia anapaswa kuchunguzwa kwa homa ya ini aina B katika kliniki ya karibu.,Ng'at ang'ata manyiso ranyisi mag ook ma ok arum bende owinjore otimne nonro mar hepatitis B e klinik man machiegni.
4999,Health,General,Health workers recommend learning about mental health support alongside practicing regular handwashing with soap at home.,Wahudumu wa afya wanapendekeza kujifunza kuhusu usaidizi wa afya ya akili pamoja na kufanya kunawa mikono mara kwa mara kwa sabuni nyumbani.,Jotich mag thieth nyiso ni nyaka ipuonjri weche mag konyo thieth mar paro kaachiel gi puonjruok mar lwoko lwedo pile ka itiyo gi sabun e ot.
5000,Health,General,Health workers recommend learning about first aid basics alongside practicing proper waste disposal at home.,Wahudumu wa afya wanapendekeza kujifunza kuhusu misingi ya huduma ya kwanza pamoja na kufanya utupaji sahihi wa taka nyumbani.,Jotich mag thieth nyiso ni nyaka ipuonjri weche madongo mag kony mokwongo kaachiel gi puonjruok mar wito yugi e ot.
5001,Health,General,Outbreaks of tuberculosis are prevented through boiling drinking water and timely maternal health checkups.,Milipuko ya kifua kikuu huzuiwa kupitia kuchemsha maji ya kunywa na uchunguzi wa afya ya uzazi kwa wakati.,Gigeng’o tuoche mag ng’ut ng’ato kuom pi ma ng’ato madho ma ng’we ng’ar kod timo nonro mag ngima mar min e kinde mowinjore.
5002,Health,General,Outbreaks of tuberculosis are prevented through safe food handling and timely dental checkups.,Milipuko ya kifua kikuu huzuiwa kupitia utunzaji salama wa chakula na uchunguzi wa meno kwa wakati.,Gigeng’o tuoche mag ng’ut ng’ato kuom tiyo maber gi chiemo kod ng’iyo lak e kinde mowinjore.
5003,Health,General,Outbreaks of malaria are prevented through safe disposal of medical waste and timely immunization services.,Milipuko ya malaria huzuiwa kupitia utupaji salama wa taka za hospitalini na huduma za chanjo kwa wakati.,Ogeng’o tuoche mag maleria kokalo kuom wito yugi mag thieth e yoo makare kod chiwo thieth e kinde mowinjore.
5004,Health,General,Parents should watch for malnutrition in children and seek HIV testing promptly.,Wazazi wanapaswa kuchunga utapiamlo kwa watoto na kutafuta upimaji wa VVU haraka.,Jonyuol onego orit kaka nyithindo ok yudo chiemo ma ok owinjore kendo onego otimnegi pim mar HIV mapiyo.
5005,Health,General,Health officials warn residents to watch for signs of diarrhoeal disease this season.,Maafisa wa afya wanaonya wakazi kuchunga dalili za ugonjwa wa kuhara msimu huu.,Jotelo mag thieth onyiso jodak mondo orit ranyisi mag tuo mar ng’ol e kindeni.
5006,Health,General,Anyone showing signs of diabetes symptoms should also be checked for measles at a nearby clinic.,Yeyote anayeonyesha dalili za dalili za kisukari pia anapaswa kuchunguzwa kwa surua katika kliniki ya karibu.,Ng’at moro amora ma nyiso ranyisi mag tuo mar sukari bende onego otimne nonro mar tuo mar ng’ut e klinik man machiegni.
5007,Health,General,Parents should watch for persistent cough in children and seek immunization services promptly.,Wazazi wanapaswa kuchunga kikohozi cha kudumu kwa watoto na kutafuta huduma za chanjo haraka.,Jonyuol onego orit ka nyithindgi nigi akwede ma ok rum kendo onego giyud kony mar thieth mapiyo.
5008,Health,General,Health officials warn residents to watch for signs of tuberculosis this season.,Maafisa wa afya wanaonya wakazi kuchunga dalili za kifua kikuu msimu huu.,Jotelo mag thieth ogolo chik ne jodak mondo gibed gi ranyisi mag tuo mar TB e kindeni.
5009,Health,General,Outbreaks of hepatitis B are prevented through boiling drinking water and timely family planning services.,Milipuko ya homa ya ini aina B huzuiwa kupitia kuchemsha maji ya kunywa na huduma za uzazi wa mpango kwa wakati.,Ogeng’o tuoche mag hepatitis B kokalo kuom pi ma ng’ato madho ma ng’ich kod timo chenro mar loso anyuola e kinde mowinjore.
5010,Health,General,Outbreaks of cholera are prevented through exclusive breastfeeding for six months and timely immunization services.,Milipuko ya kipindupindu huzuiwa kupitia kunyonyesha maziwa ya mama pekee kwa miezi sita na huduma za chanjo kwa wakati.,Gigeng’o tuoche mag kolera kokalo kuom miyo nyathi matin thuolo mar ng’iyo gik moko kende kuom dweche auchiel kod chiwo thieth e kinde mowinjore.
5011,Health,General,Talk to a health worker about elderly care to protect your family's health.,Zungumza na mhudumu wa afya kuhusu utunzaji wa wazee ili kulinda afya ya familia yako.,Wuo gi jatich mar thieth kuom rito jogo mahikgi oniang’ mondo orit ngima mar joodu.
5012,Health,General,Health officials warn residents to watch for signs of cholera this season.,Maafisa wa afya wanaonya wakazi kuchunga dalili za kipindupindu msimu huu.,Jotelo mag thieth onyiso jodak mondo orit ranyisi mag tuo mar kolera e kindeni.
5013,Health,General,Combine regular handwashing with soap with regular HIV testing visits to stay healthy all year round.,Changanya kunawa mikono mara kwa mara kwa sabuni na ziara za mara kwa mara za upimaji wa VVU ili kuwa na afya mwaka mzima.,Kod lwoko lwedo pile ka pile gi sabun ka idhi timo pim mar HIV pile ka pile mondo ibed gi ngima maber e higa duto.
5014,Health,General,Parents should watch for high blood pressure in children and seek child growth monitoring promptly.,Wazazi wanapaswa kuchunga shinikizo la damu kwa watoto na kutafuta ufuatiliaji wa ukuaji wa mtoto haraka.,Jonyuol onego orit ka be nitie presa mamalo mar remo e nyithindgi kendo giyud yore mag luwo dongruok mar nyithindgi mapiyo.
5015,Health,General,Parents should watch for dehydration in children and seek dental checkups promptly.,Wazazi wanapaswa kuchunga upungufu wa maji mwilini kwa watoto na kutafuta uchunguzi wa meno haraka.,Jonyuol onego orit mondo kik pi otho e ringre nyithindgi kendo onego gidhi otimnegi nonro mar lak mapiyo.
5016,Health,General,Parents should watch for malnutrition in children and seek dental checkups promptly.,Wazazi wanapaswa kuchunga utapiamlo kwa watoto na kutafuta uchunguzi wa meno haraka.,Jonyuol onego orit ni nyithindgi onge gi chiemo ma ok owinjore kendo onego gidhi otimnegi nonro mar lak mapiyo.
5017,Health,General,Anyone showing signs of persistent cough should also be checked for pneumonia at a nearby clinic.,Yeyote anayeonyesha dalili za kikohozi cha kudumu pia anapaswa kuchunguzwa kwa nimonia katika kliniki ya karibu.,Ng’at ang’ata ma nyiso ranyisi mag ng’ol ma ok rum bende onego otimne nonro e klinik man machiegni.
5018,Health,General,Health officials warn residents to watch for signs of typhoid this season.,Maafisa wa afya wanaonya wakazi kuchunga dalili za homa ya matumbo msimu huu.,Jotelo mag thieth onyiso jodak mondo orit ranyisi mag tuo mar typhoid e kindeni.
5019,Health,General,Combine safe disposal of medical waste with regular maternal health checkups visits to stay healthy all year round.,Changanya utupaji salama wa taka za hospitalini na ziara za mara kwa mara za uchunguzi wa afya ya uzazi ili kuwa na afya mwaka mzima.,Kod keto yugi mag thieth e yoo makare kod limo pile pile mag pim mag thieth mag min mondo obed gi ngima maber higa duto.
5020,Health,General,Parents should watch for dehydration in children and seek family planning services promptly.,Wazazi wanapaswa kuchunga upungufu wa maji mwilini kwa watoto na kutafuta huduma za uzazi wa mpango haraka.,Jonyuol onego orit mondo kik pi otho e ringre nyithindo kendo onego giyud kony mar loso chenro mar anyuola mapiyo.
5021,Health,General,Vaccinate your child against whooping cough at your nearest health centre.,Chanja mtoto wako dhidi ya kifaduro katika kituo cha afya cha karibu.,Chiw nyathini chanjo mar geng’o tuo mar ng’ol e kar thieth man machiegni kodi.
5022,Health,General,Learn more about nutrition for young children by visiting your community health worker.,Jifunze zaidi kuhusu lishe kwa watoto wadogo kwa kutembelea mhudumu wa afya wa jamii yako.,Inyalo ng’eyo mathoth e wi chiemo ma nyithindo matindo chamo kuom dhi limo jatich mar thieth ma ni e alworau.
5023,Health,General,Vaccinate your child against polio at your nearest health centre.,Chanja mtoto wako dhidi ya polio katika kituo cha afya cha karibu.,Chiw nyathini chanjo mar tuo mar polio e kar thieth man machiegni kodi.
5024,Health,General,Combine boiling drinking water with regular immunization services visits to stay healthy all year round.,Changanya kuchemsha maji ya kunywa na ziara za mara kwa mara za huduma za chanjo ili kuwa na afya mwaka mzima.,Kod pi ma ng’ich mar madho kod limo ma pile ka pile mag thieth mondo ibed gi ngima maber e higa duto.
5025,Health,General,Parents should watch for malnutrition in children and seek child growth monitoring promptly.,Wazazi wanapaswa kuchunga utapiamlo kwa watoto na kutafuta ufuatiliaji wa ukuaji wa mtoto haraka.,Jonyuol onego orit kaka nyithindo ok yudo chiemo ma ok owinjore kendo giyud yore mag luwo dongruok mar nyithindo mapiyo.
5026,Health,General,Outbreaks of polio are prevented through using treated mosquito nets and timely immunization services.,Milipuko ya polio huzuiwa kupitia kutumia vyandarua vilivyotibiwa na huduma za chanjo kwa wakati.,Gigeng’o tuoche mag polio kokalo kuom tiyo kod gik ma itiyogo e geng’o suna kod chiwo thieth e kinde mowinjore.
5027,Health,General,Attend your nearest clinic for child growth monitoring this month.,Hudhuria kliniki ya karibu kwa ufuatiliaji wa ukuaji wa mtoto mwezi huu.,Dhi e klinik man machiegni kodi mondo itim nonro mar dongruok mar nyathi dwe ni.
5028,Health,General,Free dental checkups is available at government health facilities this week.,uchunguzi wa meno ya bure inapatikana katika vituo vya afya vya serikali wiki hii.,Ginyalo timo pim mag lak ma nono e kar thieth mag sirkal e juma ni.
5029,Health,General,Health workers recommend learning about elderly care alongside practicing exclusive breastfeeding for six months at home.,Wahudumu wa afya wanapendekeza kujifunza kuhusu utunzaji wa wazee pamoja na kufanya kunyonyesha maziwa ya mama pekee kwa miezi sita nyumbani.,Jotich mag thieth wacho ni onego opuonjre kaka onego orit jogo mahikgi oniang’ kaachiel gi puonjruok mar miyo nyathigi thuolo mar madho pi kende kuom dweche auchiel e ot.
5030,Health,General,Combine safe disposal of medical waste with regular family planning services visits to stay healthy all year round.,Changanya utupaji salama wa taka za hospitalini na ziara za mara kwa mara za huduma za uzazi wa mpango ili kuwa na afya mwaka mzima.,Kod keto yugi mag thieth e yoo makare kod limo jotend chenro mag anyuola pile ka pile mondo ibed gi ngima maber e higa duto.
5031,Health,General,Outbreaks of whooping cough are prevented through safe food handling and timely child growth monitoring.,Milipuko ya kifaduro huzuiwa kupitia utunzaji salama wa chakula na ufuatiliaji wa ukuaji wa mtoto kwa wakati.,Ogeng'o tuoche mag ahola mapek kokalo kuom tiyo maber gi chiemo kod luwo dongruok mar nyathi e kinde mowinjore.
5032,Health,General,Outbreaks of pneumonia are prevented through safe food handling and timely child growth monitoring.,Milipuko ya nimonia huzuiwa kupitia utunzaji salama wa chakula na ufuatiliaji wa ukuaji wa mtoto kwa wakati.,Ogeng’o tuoche mag ng’ut ng’ato kokalo kuom tiyo maber gi chiemo kod luwo dongruok mar nyathi e kinde mowinjore.
5033,Health,General,Health workers recommend learning about elderly care alongside practicing safe food handling at home.,Wahudumu wa afya wanapendekeza kujifunza kuhusu utunzaji wa wazee pamoja na kufanya utunzaji salama wa chakula nyumbani.,Jotich mag thieth wacho ni onego opuonjre kaka onego orit jogo mahikgi oniang’ kaachiel gi puonjruok kaka onego orit chiemo maber e ot.
5034,Health,General,Outbreaks of cholera are prevented through proper waste disposal and timely HIV testing.,Milipuko ya kipindupindu huzuiwa kupitia utupaji sahihi wa taka na upimaji wa VVU kwa wakati.,Gigeng’o tuoche mag kolera kuom keto yugi e yo makare kendo timo pim mag HIV e kinde mowinjore.
5035,Health,General,Health workers recommend learning about nutrition for young children alongside practicing safe disposal of medical waste at home.,Wahudumu wa afya wanapendekeza kujifunza kuhusu lishe kwa watoto wadogo pamoja na kufanya utupaji salama wa taka za hospitalini nyumbani.,Jotich mag thieth wacho ni onego opuonjre weche mag chiemo ma nyithindo matindo nigo kaachiel gi puonjruok mar wito yugi mag thieth e ot.
5036,Health,General,Parents should watch for malnutrition in children and seek family planning services promptly.,Wazazi wanapaswa kuchunga utapiamlo kwa watoto na kutafuta huduma za uzazi wa mpango haraka.,Jonyuol onego orit kaka nyithindo ok yudo chiemo ma ok oromogi kendo onego giyud kony mar rito joot mapiyo.
5037,Health,General,Parents should watch for diabetes symptoms in children and seek immunization services promptly.,Wazazi wanapaswa kuchunga dalili za kisukari kwa watoto na kutafuta huduma za chanjo haraka.,Jonyuol onego onen ranyisi mag tuo mar sukari e nyithindgi kendo onego giyud kony mar thieth mapiyo.
5038,Health,General,Parents should watch for high fever in children and seek dental checkups promptly.,Wazazi wanapaswa kuchunga homa kali kwa watoto na kutafuta uchunguzi wa meno haraka.,Jonyuol onego orit ka nyithindgi nigi liet mang’eny kendo gidhi otim nonro mar lak mapiyo.
5039,Health,General,Parents should watch for malnutrition in children and seek cancer screening promptly.,Wazazi wanapaswa kuchunga utapiamlo kwa watoto na kutafuta uchunguzi wa saratani haraka.,Jonyuol onego orit kaka nyithindo ok yudo chiemo ma ok oromogi kendo onego gidhi otimnegi nonro mar kansa mapiyo.
5040,Health,General,Visit a health facility if you experience symptoms of malnutrition.,Tembelea kituo cha afya iwapo utaona dalili za utapiamlo.,Dhi e kar thieth ka iyudo ranyisi mag bedo gi chiemo ma ok oromo.
5041,Health,General,Visit a health facility if you experience symptoms of diabetes symptoms.,Tembelea kituo cha afya iwapo utaona dalili za dalili za kisukari.,Dhi e kar thieth ka iyudo ranyisi mag ranyisi mag tuo mar sukari.
5042,Health,General,Anyone showing signs of high fever should also be checked for typhoid at a nearby clinic.,Yeyote anayeonyesha dalili za homa kali pia anapaswa kuchunguzwa kwa homa ya matumbo katika kliniki ya karibu.,Ng’at moro amora ma nyiso ranyisi mag liet maduong’ bende onego otimne nonro mar typhoid e klinik man machiegni.
5043,Health,General,Anyone showing signs of high fever should also be checked for pneumonia at a nearby clinic.,Yeyote anayeonyesha dalili za homa kali pia anapaswa kuchunguzwa kwa nimonia katika kliniki ya karibu.,Ng’at ang’ata manyiso ranyisi mag liet mamalo bende owinjore otimne nonro mar pneumonia e klinik man machiegni.
5044,Health,General,Community health workers recommend exclusive breastfeeding for six months as a simple way to stay healthy.,Wahudumu wa afya ya jamii wanapendekeza kunyonyesha maziwa ya mama pekee kwa miezi sita kama njia rahisi ya kuwa na afya.,Jotich mag thieth mag gwenge nyiso ni onego omi nyathi mana thuno kuom dweche auchiel kaka yo mayot mar bedo gi ngima maber.
5045,Health,General,Combine safe disposal of medical waste with regular HIV testing visits to stay healthy all year round.,Changanya utupaji salama wa taka za hospitalini na ziara za mara kwa mara za upimaji wa VVU ili kuwa na afya mwaka mzima.,Kod keto yugi mag thieth e yoo makare kod limo pile ka pile mar timo pim mar HIV mondo ibed gi ngima maber higa duto.
5046,Health,General,Anyone showing signs of high fever should also be checked for diarrhoeal disease at a nearby clinic.,Yeyote anayeonyesha dalili za homa kali pia anapaswa kuchunguzwa kwa ugonjwa wa kuhara katika kliniki ya karibu.,Ng’at ang’ata ma nyiso ranyisi mag liet maduong’ bende onego otimne nonro mondo ong’e ka be en gi tuo mar ng’ol e klinik man machiegni.
5047,Health,General,Parents should watch for malnutrition in children and seek maternal health checkups promptly.,Wazazi wanapaswa kuchunga utapiamlo kwa watoto na kutafuta uchunguzi wa afya ya uzazi haraka.,Jonyuol onego orit mondo kik giyud chiemo ma ok oromo e nyithindo kendo gidhi otimnegi pim mag thieth mapiyo.
5048,Health,General,Health workers recommend learning about adolescent reproductive health alongside practicing safe disposal of medical waste at home.,Wahudumu wa afya wanapendekeza kujifunza kuhusu afya ya uzazi kwa vijana pamoja na kufanya utupaji salama wa taka za hospitalini nyumbani.,Jotich mag thieth chiwo paro ni ji opuonjre e wi thieth mar nyuol mar nyithindo ma rowere kaachiel gi puonjruok mar wito yugi mag thieth e ot maber.
5049,Health,General,Health officials warn residents to watch for signs of hepatitis B this season.,Maafisa wa afya wanaonya wakazi kuchunga dalili za homa ya ini aina B msimu huu.,Jotelo mag thieth onyiso jodak mondo orit ranyisi mag tuo mar hepatitis B e kindeni.
5050,Health,General,Practice regular handwashing with soap to prevent the spread of disease in your household.,Fanya kunawa mikono mara kwa mara kwa sabuni ili kuzuia kuenea kwa magonjwa nyumbani kwako.,Ti gi puonjruok mar lwoko lwedo kinde ka kinde ka itiyo gi sabun mondo kik tuoche olandre e ot.
5051,Health,General,Outbreaks of pneumonia are prevented through safe food handling and timely dental checkups.,Milipuko ya nimonia huzuiwa kupitia utunzaji salama wa chakula na uchunguzi wa meno kwa wakati.,Ogeng’o tuoche mag ng’ut ng’ato kokalo kuom tiyo maber gi chiemo kod timo nonro mag lak e kinde mowinjore.
5052,Health,General,Anyone showing signs of anaemia should also be checked for diarrhoeal disease at a nearby clinic.,Yeyote anayeonyesha dalili za upungufu wa damu pia anapaswa kuchunguzwa kwa ugonjwa wa kuhara katika kliniki ya karibu.,Ng’at ang’ata ma nyiso ranyisi mag bedo gi remo matin bende onego otimne nonro mar tuo mar ng’ol e klinik man machiegni.
5053,Health,General,Combine safe disposal of medical waste with regular cancer screening visits to stay healthy all year round.,Changanya utupaji salama wa taka za hospitalini na ziara za mara kwa mara za uchunguzi wa saratani ili kuwa na afya mwaka mzima.,Kod bolo yugi mag thieth maber kod limo pile pile mar pim kansa mondo ibed gi ngima maber higa duto.
5054,Health,General,Vaccinate your child against hepatitis B at your nearest health centre.,Chanja mtoto wako dhidi ya homa ya ini aina B katika kituo cha afya cha karibu.,Chiw nyathini chanjo mar hepatitis B e kar thieth man machiegni kodi.
5055,Health,General,Parents should watch for persistent cough in children and seek HIV testing promptly.,Wazazi wanapaswa kuchunga kikohozi cha kudumu kwa watoto na kutafuta upimaji wa VVU haraka.,Jonyuol onego orit ka nyithindgi nigi akwede ma ok rum kendo onego otimnegi pim mar HIV mapiyo.
5056,Health,General,Parents should watch for anaemia in children and seek child growth monitoring promptly.,Wazazi wanapaswa kuchunga upungufu wa damu kwa watoto na kutafuta ufuatiliaji wa ukuaji wa mtoto haraka.,Jonyuol onego orit ka nyithindo nigi ng’ol mar remo kendo giyud yore mag luwo dongruok mar nyithindo mapiyo.
5057,Health,General,Health workers recommend learning about nutrition for young children alongside practicing boiling drinking water at home.,Wahudumu wa afya wanapendekeza kujifunza kuhusu lishe kwa watoto wadogo pamoja na kufanya kuchemsha maji ya kunywa nyumbani.,Jotich mag thieth wacho ni onego opuonjre weche mag chiemo ma nigi gik ma konyo nyithindo matindo kaachiel gi puonjruok mar ng’iewo pi ma ng’ich e ot.
5058,Health,General,Parents should watch for high blood pressure in children and seek HIV testing promptly.,Wazazi wanapaswa kuchunga shinikizo la damu kwa watoto na kutafuta upimaji wa VVU haraka.,Jonyuol onego orit ka be nyithindgi nigi presa mamalo mar remo kendo onego otimnegi pim mar HIV mapiyo.
5059,Health,General,Practice safe food handling to prevent the spread of disease in your household.,Fanya utunzaji salama wa chakula ili kuzuia kuenea kwa magonjwa nyumbani kwako.,Ti gi yore mabeyo mag tiyo kod chiemo mondo kik tuoche olandre e ot mari.
5060,Health,General,Free cancer screening is available at government health facilities this week.,uchunguzi wa saratani ya bure inapatikana katika vituo vya afya vya serikali wiki hii.,Pim mar kansa ma nono yudore e kar thieth mag sirkal e juma ni.
5061,Health,General,Free maternal health checkups is available at government health facilities this week.,uchunguzi wa afya ya uzazi ya bure inapatikana katika vituo vya afya vya serikali wiki hii.,Chik mag thieth mag min ma onge chudo yudore e kar thieth mag sirkal e juma ni.
5062,Health,General,Anyone showing signs of diabetes symptoms should also be checked for polio at a nearby clinic.,Yeyote anayeonyesha dalili za dalili za kisukari pia anapaswa kuchunguzwa kwa polio katika kliniki ya karibu.,Ng’at moro amora ma nyiso ranyisi mag tuo mar sukari bende onego otimne nonro mar polio e klinik man machiegni.
5063,Health,General,Combine regular handwashing with soap with regular child growth monitoring visits to stay healthy all year round.,Changanya kunawa mikono mara kwa mara kwa sabuni na ziara za mara kwa mara za ufuatiliaji wa ukuaji wa mtoto ili kuwa na afya mwaka mzima.,Kod lwoko lwedo pile ka pile gi sabun kod limo nyathi pile ka pile mar luwo dongruok mar nyathi mondo obed gi ngima maber higa duto.
5064,Health,General,Combine proper waste disposal with regular child growth monitoring visits to stay healthy all year round.,Changanya utupaji sahihi wa taka na ziara za mara kwa mara za ufuatiliaji wa ukuaji wa mtoto ili kuwa na afya mwaka mzima.,Kod keto yugi e yoo makare kod limo nyathi pile ka pile mar luwo dongruok mar nyathi mondo obed gi ngima maber higa duto.
5065,Health,General,Outbreaks of cholera are prevented through safe food handling and timely child growth monitoring.,Milipuko ya kipindupindu huzuiwa kupitia utunzaji salama wa chakula na ufuatiliaji wa ukuaji wa mtoto kwa wakati.,Ogeng’o tuoche mag kolera kokalo kuom tiyo maber gi chiemo kod luwo dongruok mar nyathi e kinde mowinjore.
5066,Health,General,Combine using treated mosquito nets with regular dental checkups visits to stay healthy all year round.,Changanya kutumia vyandarua vilivyotibiwa na ziara za mara kwa mara za uchunguzi wa meno ili kuwa na afya mwaka mzima.,Kod tiyo kod mbui mag suna mosetim thieth kod limo pim mar lak pile pile mondo ibed gi ngima maber e higa duto.
5067,Health,General,Parents should watch for diabetes symptoms in children and seek maternal health checkups promptly.,Wazazi wanapaswa kuchunga dalili za kisukari kwa watoto na kutafuta uchunguzi wa afya ya uzazi haraka.,Jonyuol onego orit ranyisi mag tuo mar sukari e nyithindgi kendo onego odhi otimnegi nonro mapiyo mag thieth mar min.
5068,Health,General,Health workers recommend learning about safe pregnancy practices alongside practicing proper waste disposal at home.,Wahudumu wa afya wanapendekeza kujifunza kuhusu mazoezi salama ya ujauzito pamoja na kufanya utupaji sahihi wa taka nyumbani.,Jotich mag thieth chiwo paro ni mondo ipuonjri yore mabeyo mag bedo gi ich kaachiel gi puonjruok mar wito yugi e ot.
5069,Health,General,Anyone showing signs of dehydration should also be checked for pneumonia at a nearby clinic.,Yeyote anayeonyesha dalili za upungufu wa maji mwilini pia anapaswa kuchunguzwa kwa nimonia katika kliniki ya karibu.,Ng’at ang’ata ma nyiso ranyisi mag bedo gi pi matin e ringre bende owinjore otimne nonro mar ng’ut ng’ato e klinik man machiegni.
5070,Health,General,Combine exclusive breastfeeding for six months with regular dental checkups visits to stay healthy all year round.,Changanya kunyonyesha maziwa ya mama pekee kwa miezi sita na ziara za mara kwa mara za uchunguzi wa meno ili kuwa na afya mwaka mzima.,Kod kende mar chiwo thuno makende kuom dweche auchiel kod limo pile mag pim mag lak mondo ibed gi ngima maber e higa duto.
5071,Health,General,Anyone showing signs of dehydration should also be checked for hepatitis B at a nearby clinic.,Yeyote anayeonyesha dalili za upungufu wa maji mwilini pia anapaswa kuchunguzwa kwa homa ya ini aina B katika kliniki ya karibu.,Ng'at ang'ata manyiso ranyisi mag rumo mar pi e dende bende owinjore otimne nonro mar hepatitis B e klinik man machiegni.
5072,Health,General,Vaccinate your child against diarrhoeal disease at your nearest health centre.,Chanja mtoto wako dhidi ya ugonjwa wa kuhara katika kituo cha afya cha karibu.,Chiw nyathini chanjo mar tuo mar ng’ol e kar thieth man machiegni kodi.
5073,Health,General,Health workers recommend learning about first aid basics alongside practicing exclusive breastfeeding for six months at home.,Wahudumu wa afya wanapendekeza kujifunza kuhusu misingi ya huduma ya kwanza pamoja na kufanya kunyonyesha maziwa ya mama pekee kwa miezi sita nyumbani.,Jotich mag thieth chiwo paro ni mondo opuonjre weche madongo mag kony mokwongo kaachiel gi puonjruok mar miyo nyathi thuolo mar pi kende kuom dweche auchiel e ot.
5074,Health,General,Community health workers recommend boiling drinking water as a simple way to stay healthy.,Wahudumu wa afya ya jamii wanapendekeza kuchemsha maji ya kunywa kama njia rahisi ya kuwa na afya.,Jotich mag thieth e alwora wacho ni pi ma ng’ato nyalo madho en yo mayot mar bedo gi ngima maber.
5075,Health,General,Outbreaks of typhoid are prevented through safe disposal of medical waste and timely cancer screening.,Milipuko ya homa ya matumbo huzuiwa kupitia utupaji salama wa taka za hospitalini na uchunguzi wa saratani kwa wakati.,Gigeng’o tuoche mag typhoid kokalo kuom keto yugi mag thieth e yo makare kendo timo nonro mag kansa e kinde mowinjore.
5076,Health,General,Vaccinate your child against cholera at your nearest health centre.,Chanja mtoto wako dhidi ya kipindupindu katika kituo cha afya cha karibu.,Chiw nyathini chanjo mar tuo mar kolera e kar thieth man machiegni kodi.
5077,Health,General,Health workers recommend learning about nutrition for young children alongside practicing regular handwashing with soap at home.,Wahudumu wa afya wanapendekeza kujifunza kuhusu lishe kwa watoto wadogo pamoja na kufanya kunawa mikono mara kwa mara kwa sabuni nyumbani.,Jotich mag thieth nyiso ni onego opuonjre weche mag chiemo ma nyithindo matindo nigo kaachiel gi puonjruok mar lwoko lwedo pile ka pile ka gitiyo gi sabun e ot.
5078,Health,General,Anyone showing signs of anaemia should also be checked for pneumonia at a nearby clinic.,Yeyote anayeonyesha dalili za upungufu wa damu pia anapaswa kuchunguzwa kwa nimonia katika kliniki ya karibu.,Ng’at ang’ata ma nyiso ranyisi mag bedo gi anemia bende onego otimne nonro mondo ong’e ni en gi tuo mar ng’ut e klinik man machiegni.
5079,Health,General,Outbreaks of typhoid are prevented through exclusive breastfeeding for six months and timely dental checkups.,Milipuko ya homa ya matumbo huzuiwa kupitia kunyonyesha maziwa ya mama pekee kwa miezi sita na uchunguzi wa meno kwa wakati.,Ogeng’o tuoche mag typhoid kokalo kuom miyo nyathi thuolo mar pi kende kuom dweche auchiel kod timo nonro mag lak e kinde mowinjore.
5080,Health,General,Anyone showing signs of high blood pressure should also be checked for hepatitis B at a nearby clinic.,Yeyote anayeonyesha dalili za shinikizo la damu pia anapaswa kuchunguzwa kwa homa ya ini aina B katika kliniki ya karibu.,Ng'at ang'ata manyiso ranyisi mag presa mamalo mar remo bende owinjore otimne nonro mar hepatitis B e klinik man machiegni.
5081,Health,General,Parents should watch for dehydration in children and seek HIV testing promptly.,Wazazi wanapaswa kuchunga upungufu wa maji mwilini kwa watoto na kutafuta upimaji wa VVU haraka.,Jonyuol onego orit mondo kik pi otho e ringre nyithindo kendo onego otimnegi pim mar HIV mapiyo.
5082,Health,General,Outbreaks of typhoid are prevented through boiling drinking water and timely dental checkups.,Milipuko ya homa ya matumbo huzuiwa kupitia kuchemsha maji ya kunywa na uchunguzi wa meno kwa wakati.,Gigeng’o tuoche mag taifoid kokalo kuom pi ma ng’ato madho ma ng’ich kendo timo nonro mag lak e kinde mowinjore.
5083,Health,General,Outbreaks of diarrhoeal disease are prevented through exclusive breastfeeding for six months and timely immunization services.,Milipuko ya ugonjwa wa kuhara huzuiwa kupitia kunyonyesha maziwa ya mama pekee kwa miezi sita na huduma za chanjo kwa wakati.,Ogeng’o tuoche mag ng’ut ng’ato kokalo kuom miyo nyathi matin thuolo mar ng’iyo gik moko kende kuom dweche auchiel kod chiwo thieth e kinde mowinjore.
5084,Health,General,Parents should watch for high fever in children and seek maternal health checkups promptly.,Wazazi wanapaswa kuchunga homa kali kwa watoto na kutafuta uchunguzi wa afya ya uzazi haraka.,Jonyuol onego orit ka be nyithindo nigi liet mang’eny kendo onego gidhi otimnegi pim mag thieth mapiyo.
5085,Health,General,Parents should watch for diabetes symptoms in children and seek child growth monitoring promptly.,Wazazi wanapaswa kuchunga dalili za kisukari kwa watoto na kutafuta ufuatiliaji wa ukuaji wa mtoto haraka.,Jonyuol onego orit ranyisi mag tuo mar sukari kuom nyithindgi kendo giyud yore mag luwo dongruok mar nyithindgi mapiyo.
5086,Health,General,Practice exclusive breastfeeding for six months to prevent the spread of disease in your household.,Fanya kunyonyesha maziwa ya mama pekee kwa miezi sita ili kuzuia kuenea kwa magonjwa nyumbani kwako.,Ti gi puonjruok mar miyo nyathi matin thuolo mar ng’iyo gik moko kende kuom dweche auchiel mondo kik tuoche olandre e ot mari.
5087,Health,General,Anyone showing signs of dehydration should also be checked for diarrhoeal disease at a nearby clinic.,Yeyote anayeonyesha dalili za upungufu wa maji mwilini pia anapaswa kuchunguzwa kwa ugonjwa wa kuhara katika kliniki ya karibu.,Ng’at ang’ata ma nyiso ranyisi mag bedo gi pi matin e dende bende onego otimne nonro mondo ong’e ka be en gi tuo mar ng’ol e klinik man machiegni.
5088,Health,General,Outbreaks of malaria are prevented through safe food handling and timely family planning services.,Milipuko ya malaria huzuiwa kupitia utunzaji salama wa chakula na huduma za uzazi wa mpango kwa wakati.,Ogeng’o tuoche mag maleria kokalo kuom rito chiemo maber kod timo chenro mar loso anyuola e kinde mowinjore.
5089,Health,General,Health workers recommend learning about first aid basics alongside practicing using treated mosquito nets at home.,Wahudumu wa afya wanapendekeza kujifunza kuhusu misingi ya huduma ya kwanza pamoja na kufanya kutumia vyandarua vilivyotibiwa nyumbani.,Jotich mag thieth ogolo paro ni mondo ipuonjri weche mochuno mag kony mokwongo kaachiel gi puonjruok mar tiyo kod gik ma itiyogo e geng'o suna e ot.
5090,Health,General,Combine safe food handling with regular maternal health checkups visits to stay healthy all year round.,Changanya utunzaji salama wa chakula na ziara za mara kwa mara za uchunguzi wa afya ya uzazi ili kuwa na afya mwaka mzima.,Kod rito chiemo maber kod limo pile pile mar pim ngima mar min mondo obed gi ngima maber higa duto.
5091,Health,General,Free family planning services is available at government health facilities this week.,huduma za uzazi wa mpango ya bure inapatikana katika vituo vya afya vya serikali wiki hii.,Tich mar keto chenro mar anyuola ma onge chudo yudore e kar thieth mag sirkal jumani ka.
5092,Health,General,Health workers recommend learning about safe pregnancy practices alongside practicing exclusive breastfeeding for six months at home.,Wahudumu wa afya wanapendekeza kujifunza kuhusu mazoezi salama ya ujauzito pamoja na kufanya kunyonyesha maziwa ya mama pekee kwa miezi sita nyumbani.,Jotich mag thieth chiwo paro ni mondo ipuonjri yore mabeyo mag bedo gi ich kaachiel gi puonjruok mar miyo nyathi matin thuolo mar ng’iyo gik moko kende kuom dweche auchiel e ot.
5093,Health,General,Practice safe disposal of medical waste to prevent the spread of disease in your household.,Fanya utupaji salama wa taka za hospitalini ili kuzuia kuenea kwa magonjwa nyumbani kwako.,Ti gi yore mag bolo yugi mag thieth e yoo makare mondo kik tuoche olandre e ot mari.
5094,Health,General,Community health workers recommend proper waste disposal as a simple way to stay healthy.,Wahudumu wa afya ya jamii wanapendekeza utupaji sahihi wa taka kama njia rahisi ya kuwa na afya.,Jotich mag thieth mag gwenge nyiso ni onego oket yugi e yoo makare kaka yo mayot mar bedo gi ngima maber.
5095,Health,General,Combine safe food handling with regular immunization services visits to stay healthy all year round.,Changanya utunzaji salama wa chakula na ziara za mara kwa mara za huduma za chanjo ili kuwa na afya mwaka mzima.,Kod rito chiemo maber gi limo ma pile ka pile mag thieth mondo ibed gi ngima maber e higa duto.
5096,Health,General,Parents should watch for diabetes symptoms in children and seek cancer screening promptly.,Wazazi wanapaswa kuchunga dalili za kisukari kwa watoto na kutafuta uchunguzi wa saratani haraka.,Jonyuol onego orit ranyisi mag tuo mar sukari e nyithindgi kendo onego gidhi otim nonro mar kansa mapiyo.
5097,Health,General,Visit a health facility if you experience symptoms of high blood pressure.,Tembelea kituo cha afya iwapo utaona dalili za shinikizo la damu.,Dhi e kar thieth ka iyudo ranyisi mag presa mamalo mar remo.
5098,Health,General,Visit a health facility if you experience symptoms of high fever.,Tembelea kituo cha afya iwapo utaona dalili za homa kali.,Dhi e kar thieth ka iyudo ranyisi mag liet maduong’.
5099,Health,General,Practice using treated mosquito nets to prevent the spread of disease in your household.,Fanya kutumia vyandarua vilivyotibiwa ili kuzuia kuenea kwa magonjwa nyumbani kwako.,Praktis tiyo kod mtoka ma nigi thieth mondo kik tuoche olandre e ot mari.
5100,Health,General,Health workers recommend learning about safe pregnancy practices alongside practicing safe disposal of medical waste at home.,Wahudumu wa afya wanapendekeza kujifunza kuhusu mazoezi salama ya ujauzito pamoja na kufanya utupaji salama wa taka za hospitalini nyumbani.,Jotich mag thieth chiwo paro ni ji opuonjre yore mabeyo mag bedo gi ich kaachiel gi puonjruok mar wito yugi mag thieth e ot.
5101,Health,General,Attend your nearest clinic for cancer screening this month.,Hudhuria kliniki ya karibu kwa uchunguzi wa saratani mwezi huu.,Dhi e klinik man machiegni kodi mondo itim nonro mar kansa e dwe mar apar.
5102,Health,General,Parents should watch for high blood pressure in children and seek cancer screening promptly.,Wazazi wanapaswa kuchunga shinikizo la damu kwa watoto na kutafuta uchunguzi wa saratani haraka.,Jonyuol onego orit ka be nyithindgi nigi presa mamalo mar remo kendo onego gidhi otimnegi nonro mar kansa mapiyo.
5103,Health,General,Health workers recommend learning about first aid basics alongside practicing boiling drinking water at home.,Wahudumu wa afya wanapendekeza kujifunza kuhusu misingi ya huduma ya kwanza pamoja na kufanya kuchemsha maji ya kunywa nyumbani.,Jotich mag thieth ogolo paro ni mondo ipuonjri weche madongo mag kony mokwongo kaachiel gi puonjruok mar keto pi ma ng’ato madho e ot.
5104,Health,General,Health workers recommend learning about managing chronic illness alongside practicing safe food handling at home.,Wahudumu wa afya wanapendekeza kujifunza kuhusu usimamizi wa magonjwa sugu pamoja na kufanya utunzaji salama wa chakula nyumbani.,Jotich mag thieth wacho ni onego opuonjre kaka onego orit tuoche ma ok rum kaachiel gi puonjruok kaka onego orit chiemo maber e ot.
5105,Health,General,Health officials warn residents to watch for signs of measles this season.,Maafisa wa afya wanaonya wakazi kuchunga dalili za surua msimu huu.,Jotelo mag thieth onyiso jodak mondo orit ranyisi mag tuo mar ng’ut e kindeni.
5106,Health,General,Anyone showing signs of dehydration should also be checked for measles at a nearby clinic.,Yeyote anayeonyesha dalili za upungufu wa maji mwilini pia anapaswa kuchunguzwa kwa surua katika kliniki ya karibu.,Ng’at moro amora ma nyiso ranyisi mag bedo gi pi e del bende onego otimne nonro mar tuo mar ng’ut e klinik man machiegni.
5107,Health,General,Combine safe food handling with regular dental checkups visits to stay healthy all year round.,Changanya utunzaji salama wa chakula na ziara za mara kwa mara za uchunguzi wa meno ili kuwa na afya mwaka mzima.,Kod rito chiemo maber kod limo pim mar lak pile pile mondo ibed gi ngima maber e higa duto.
5108,Health,General,Parents should watch for persistent cough in children and seek family planning services promptly.,Wazazi wanapaswa kuchunga kikohozi cha kudumu kwa watoto na kutafuta huduma za uzazi wa mpango haraka.,Jonyuol onego orit ka nyithindo bedo gi ahola ma ok rum kendo gipenj kony mar keto chenro mar anyuola mapiyo.
5109,Health,General,Anyone showing signs of high fever should also be checked for measles at a nearby clinic.,Yeyote anayeonyesha dalili za homa kali pia anapaswa kuchunguzwa kwa surua katika kliniki ya karibu.,Ng’at ang’ata ma nyiso ranyisi mag liet maduong’ bende onego otimne nonro mar tuo mar ng’ut e klinik man machiegni.
5110,Health,General,Combine safe food handling with regular cancer screening visits to stay healthy all year round.,Changanya utunzaji salama wa chakula na ziara za mara kwa mara za uchunguzi wa saratani ili kuwa na afya mwaka mzima.,Kod rito chiemo maber kod limo pile pile mar pim kansa mondo ibed gi ngima maber e higa duto.
5111,Health,General,Anyone showing signs of malnutrition should seek medical attention promptly.,Yeyote anayeonyesha dalili za utapiamlo anapaswa kutafuta matibabu haraka.,Ng’at ang’ata ma nyiso ranyisi mag bedo gi chiemo ma ok owinjore onego odhi ir thieth mapiyo.
5112,Health,General,Outbreaks of hepatitis B are prevented through safe food handling and timely child growth monitoring.,Milipuko ya homa ya ini aina B huzuiwa kupitia utunzaji salama wa chakula na ufuatiliaji wa ukuaji wa mtoto kwa wakati.,Midhiero mag hepatitis B geng'o kokalo kuom tiyo maber gi chiemo kod luwo dongruok mar nyathi e kinde mowinjore.
5113,Health,General,Outbreaks of tuberculosis are prevented through boiling drinking water and timely child growth monitoring.,Milipuko ya kifua kikuu huzuiwa kupitia kuchemsha maji ya kunywa na ufuatiliaji wa ukuaji wa mtoto kwa wakati.,Gigeng’o tuoche mag ng’ut ng’ato kokalo kuom pi ma ng’ato madho ma ng’we ng’ar kendo luwo dongruok mar nyathi e kinde mowinjore.
5114,Health,General,Health workers recommend learning about mental health support alongside practicing safe food handling at home.,Wahudumu wa afya wanapendekeza kujifunza kuhusu usaidizi wa afya ya akili pamoja na kufanya utunzaji salama wa chakula nyumbani.,Jotich mag thieth nyiso ni onego opuonjre kuom konyo thieth mar paro kaachiel gi puonjruok mar rito chiemo maber e ot.
5115,Health,General,Outbreaks of polio are prevented through using treated mosquito nets and timely cancer screening.,Milipuko ya polio huzuiwa kupitia kutumia vyandarua vilivyotibiwa na uchunguzi wa saratani kwa wakati.,Gigeng’o tuoche mag polio kokalo kuom tiyo kod gik ma itiyogo e geng’o suna kod timo pim mar kansa e kinde mowinjore.
5116,Health,General,Combine boiling drinking water with regular child growth monitoring visits to stay healthy all year round.,Changanya kuchemsha maji ya kunywa na ziara za mara kwa mara za ufuatiliaji wa ukuaji wa mtoto ili kuwa na afya mwaka mzima.,Kod pi ma ng’ich mar madho kod limo pile ka pile mar luwo dongruok mar nyathi mondo obed gi ngima maber higa duto.
5117,Health,General,Free HIV testing is available at government health facilities this week.,upimaji wa VVU ya bure inapatikana katika vituo vya afya vya serikali wiki hii.,Test mar HIV ma nono yudore e kar thieth mag sirkal e juma ni.
5118,Health,General,Anyone showing signs of dehydration should also be checked for typhoid at a nearby clinic.,Yeyote anayeonyesha dalili za upungufu wa maji mwilini pia anapaswa kuchunguzwa kwa homa ya matumbo katika kliniki ya karibu.,Ng’at moro amora ma nyiso ranyisi mag bedo gi pi e del bende onego otimne nonro mar tuo mar taifoid e klinik man machiegni.
5119,Health,General,Anyone showing signs of persistent cough should also be checked for typhoid at a nearby clinic.,Yeyote anayeonyesha dalili za kikohozi cha kudumu pia anapaswa kuchunguzwa kwa homa ya matumbo katika kliniki ya karibu.,Ng’at moro amora ma nyiso ranyisi mag ng’ol ma ok rum bende onego otimne nonro mar taifoid e klinik man machiegni.
5120,Health,General,Visit a health facility if you experience symptoms of dehydration.,Tembelea kituo cha afya iwapo utaona dalili za upungufu wa maji mwilini.,Dhi e kar thieth ka iyudo ranyisi mag ng’ol mar pi e del.
5121,Health,General,Vaccinate your child against malaria at your nearest health centre.,Chanja mtoto wako dhidi ya malaria katika kituo cha afya cha karibu.,Chiw nyathini chanjo mar maleria e kar thieth man machiegni kodi.
5122,Health,General,Talk to a health worker about mental health support to protect your family's health.,Zungumza na mhudumu wa afya kuhusu usaidizi wa afya ya akili ili kulinda afya ya familia yako.,Wuo kod jatich mar thieth kuom kony mar thieth mar paro mondo orit ngima mar joodu.
5123,Health,General,Anyone showing signs of high fever should also be checked for whooping cough at a nearby clinic.,Yeyote anayeonyesha dalili za homa kali pia anapaswa kuchunguzwa kwa kifaduro katika kliniki ya karibu.,Ng’at moro amora ma nyiso ranyisi mag liet maduong’ bende onego otimne nonro mar ng’iyo ng’ato e klinik man machiegni.
5124,Health,General,Combine using treated mosquito nets with regular maternal health checkups visits to stay healthy all year round.,Changanya kutumia vyandarua vilivyotibiwa na ziara za mara kwa mara za uchunguzi wa afya ya uzazi ili kuwa na afya mwaka mzima.,Kod tiyo kod mtoka ma osethiedho kod limo pile pile mag pim mag ngima mar min mondo obed gi ngima maber higa duto.
5125,Health,General,Combine safe disposal of medical waste with regular immunization services visits to stay healthy all year round.,Changanya utupaji salama wa taka za hospitalini na ziara za mara kwa mara za huduma za chanjo ili kuwa na afya mwaka mzima.,Kod keto yugi mag thieth e yoo makare kod dhi e kar thieth pile ka pile mondo ibed gi ngima maber higa duto.
5126,Health,General,Anyone showing signs of persistent cough should seek medical attention promptly.,Yeyote anayeonyesha dalili za kikohozi cha kudumu anapaswa kutafuta matibabu haraka.,Ng'at ang'ata manyiso ranyisi mag akweda ma ok rum owinjore odhi ir laktar mapiyo.
5127,Health,General,Vaccinate your child against pneumonia at your nearest health centre.,Chanja mtoto wako dhidi ya nimonia katika kituo cha afya cha karibu.,Chiw nyathini chanjo mar tuo mar ng’ut e kar thieth man machiegni kodi.
5128,Health,General,Combine proper waste disposal with regular dental checkups visits to stay healthy all year round.,Changanya utupaji sahihi wa taka na ziara za mara kwa mara za uchunguzi wa meno ili kuwa na afya mwaka mzima.,Ket yo makare mar wito yugi kod limo pim mar lak pile pile mondo ibed gi ngima maber higa duto.
5129,Health,General,Anyone showing signs of diabetes symptoms should also be checked for diarrhoeal disease at a nearby clinic.,Yeyote anayeonyesha dalili za dalili za kisukari pia anapaswa kuchunguzwa kwa ugonjwa wa kuhara katika kliniki ya karibu.,Ng’at moro amora ma nyiso ranyisi mag tuo mar sukari bende onego otimne nonro mar tuo mar ng’ol e klinik man machiegni.
5130,Health,General,Anyone showing signs of anaemia should also be checked for measles at a nearby clinic.,Yeyote anayeonyesha dalili za upungufu wa damu pia anapaswa kuchunguzwa kwa surua katika kliniki ya karibu.,Ng’at ang’ata ma nyiso ranyisi mag bedo gi remo matin bende onego otimne nonro mar tuo mar ng’ut e klinik man machiegni.
5131,Health,General,Outbreaks of pneumonia are prevented through proper waste disposal and timely dental checkups.,Milipuko ya nimonia huzuiwa kupitia utupaji sahihi wa taka na uchunguzi wa meno kwa wakati.,Ogeng’o tuoche mag ng’ut ng’ato kokalo kuom wito yugi e yoo makare kod timo nonro mag lak e kinde mowinjore.
5132,Health,General,Parents should watch for dehydration in children and seek cancer screening promptly.,Wazazi wanapaswa kuchunga upungufu wa maji mwilini kwa watoto na kutafuta uchunguzi wa saratani haraka.,Jonyuol onego orit ka be nyithindo ok ng’iyo pi e ringregi kendo onego gidhi otimnegi pim mar kansa mapiyo.
5133,Health,General,Outbreaks of polio are prevented through safe disposal of medical waste and timely family planning services.,Milipuko ya polio huzuiwa kupitia utupaji salama wa taka za hospitalini na huduma za uzazi wa mpango kwa wakati.,Gigeng’o tuoche mag polio kokalo kuom keto yugi mag thieth e yoo makare kod timo chenro mar rito joot e kinde mowinjore.
5134,Health,General,Learn more about first aid basics by visiting your community health worker.,Jifunze zaidi kuhusu misingi ya huduma ya kwanza kwa kutembelea mhudumu wa afya wa jamii yako.,Ng’e mathoth kuom gik madongo mag kony mokwongo kuom dhi limo jatich mar thieth ma ni e alworau.
5135,Health,General,Combine proper waste disposal with regular immunization services visits to stay healthy all year round.,Changanya utupaji sahihi wa taka na ziara za mara kwa mara za huduma za chanjo ili kuwa na afya mwaka mzima.,Kod keto yugi e yoo makare kod dhi e kar thieth pile ka pile mondo ibed gi ngima maber e higa duto.
5136,Health,General,Health workers recommend learning about mental health support alongside practicing proper waste disposal at home.,Wahudumu wa afya wanapendekeza kujifunza kuhusu usaidizi wa afya ya akili pamoja na kufanya utupaji sahihi wa taka nyumbani.,Jotich mag thieth nyiso ni nyaka ipuonjri kuom konyo thieth mar paro kaachiel gi puonjruok mar wito yugi e ot.
5137,Health,General,Health workers recommend learning about nutrition for young children alongside practicing exclusive breastfeeding for six months at home.,Wahudumu wa afya wanapendekeza kujifunza kuhusu lishe kwa watoto wadogo pamoja na kufanya kunyonyesha maziwa ya mama pekee kwa miezi sita nyumbani.,Jotich mag thieth wacho ni onego opuonjre weche mag chiemo ma nyithindo matindo nigo kaachiel gi puonjruok mar miyo nyathigi thuolo mar ng’iyo gik moko kende kuom dweche auchiel e ot.
5138,Health,General,Combine using treated mosquito nets with regular child growth monitoring visits to stay healthy all year round.,Changanya kutumia vyandarua vilivyotibiwa na ziara za mara kwa mara za ufuatiliaji wa ukuaji wa mtoto ili kuwa na afya mwaka mzima.,Kod tiyo kod mbui mag suna mosetim thieth kod limo nyathi pile pile mar luwo dongruok mar nyathi mondo obed gi ngima maber higa duto.
5139,Health,General,Visit a health facility if you experience symptoms of anaemia.,Tembelea kituo cha afya iwapo utaona dalili za upungufu wa damu.,Dhi e kar thieth ka iyudo ranyisi mag bedo gi remo matin.
5140,Health,General,Parents should watch for persistent cough in children and seek child growth monitoring promptly.,Wazazi wanapaswa kuchunga kikohozi cha kudumu kwa watoto na kutafuta ufuatiliaji wa ukuaji wa mtoto haraka.,Jonyuol onego orit ka nyathino bedo gi ahola ma ok rum kendo giyud luwo dongruok mar nyathi mapiyo.
5141,Health,General,Combine safe disposal of medical waste with regular dental checkups visits to stay healthy all year round.,Changanya utupaji salama wa taka za hospitalini na ziara za mara kwa mara za uchunguzi wa meno ili kuwa na afya mwaka mzima.,Kod bolo yugi mar thieth maber kod limo pim mar lak pile pile mondo ibed gi ngima maber higa duto.
5142,Health,General,Outbreaks of pneumonia are prevented through using treated mosquito nets and timely dental checkups.,Milipuko ya nimonia huzuiwa kupitia kutumia vyandarua vilivyotibiwa na uchunguzi wa meno kwa wakati.,Ogeng’o tuoche mag ng’ut ng’ato kokalo kuom tiyo kod gik ma oting’o ng’injo ma osethiedh kendo timo nonro mag lak e kinde mowinjore.
5143,Health,General,Outbreaks of tuberculosis are prevented through exclusive breastfeeding for six months and timely immunization services.,Milipuko ya kifua kikuu huzuiwa kupitia kunyonyesha maziwa ya mama pekee kwa miezi sita na huduma za chanjo kwa wakati.,Ogeng’o tuoche mag ng’ut ng’ato kokalo kuom miyo nyathi matin thuolo mar dweche auchiel kod chiwo thieth e kinde mowinjore.
5144,Health,General,Learn more about mental health support by visiting your community health worker.,Jifunze zaidi kuhusu usaidizi wa afya ya akili kwa kutembelea mhudumu wa afya wa jamii yako.,Inyalo ng’eyo mathoth kuom kony mar thieth mar paro kuom dhi limo jatich mar thieth mar alworau.
5145,Health,General,Outbreaks of cholera are prevented through using treated mosquito nets and timely immunization services.,Milipuko ya kipindupindu huzuiwa kupitia kutumia vyandarua vilivyotibiwa na huduma za chanjo kwa wakati.,Gigeng’o tuoche mag kolera kokalo kuom tiyo kod gik ma itiyogo e geng’o suna kod chiwo thieth e kinde mowinjore.
5146,Health,General,Outbreaks of measles are prevented through using treated mosquito nets and timely family planning services.,Milipuko ya surua huzuiwa kupitia kutumia vyandarua vilivyotibiwa na huduma za uzazi wa mpango kwa wakati.,Ogeng’o tuoche mag ng’ut ng’ato kokalo kuom tiyo kod gik ma osetimne thieth kod tich mar loso chenro mar anyuola e kinde mowinjore.
5147,Health,General,Combine regular handwashing with soap with regular cancer screening visits to stay healthy all year round.,Changanya kunawa mikono mara kwa mara kwa sabuni na ziara za mara kwa mara za uchunguzi wa saratani ili kuwa na afya mwaka mzima.,Kod lwoko lwedo pile ka pile gi sabun kod limo pile pile mar pim tuwo mar kansa mondo ibed gi ngima maber e higa duto.
5148,Health,General,Anyone showing signs of anaemia should also be checked for whooping cough at a nearby clinic.,Yeyote anayeonyesha dalili za upungufu wa damu pia anapaswa kuchunguzwa kwa kifaduro katika kliniki ya karibu.,Ng’at ang’ata ma nyiso ranyisi mag bedo gi remo matin bende onego otimne nonro mar ng’ol e klinik man machiegni.
5149,Health,General,Anyone showing signs of diabetes symptoms should also be checked for cholera at a nearby clinic.,Yeyote anayeonyesha dalili za dalili za kisukari pia anapaswa kuchunguzwa kwa kipindupindu katika kliniki ya karibu.,Ng’at moro amora ma nyiso ranyisi mag tuo mar sukari bende onego otimne nonro mar kolera e klinik man machiegni.
5150,Health,General,Outbreaks of measles are prevented through regular handwashing with soap and timely maternal health checkups.,Milipuko ya surua huzuiwa kupitia kunawa mikono mara kwa mara kwa sabuni na uchunguzi wa afya ya uzazi kwa wakati.,Gigeng’o tuoche mag ng’ut ng’ato kuom lwoko lwedo pile ka pile ka itiyo gi sabun kendo timo nonro mag ngima mar min e kinde mowinjore.
5151,Health,General,Anyone showing signs of high blood pressure should also be checked for whooping cough at a nearby clinic.,Yeyote anayeonyesha dalili za shinikizo la damu pia anapaswa kuchunguzwa kwa kifaduro katika kliniki ya karibu.,Ng’at ang’ata ma nyiso ranyisi mag presa mamalo mar remo bende onego otimne nonro mar ng’iyo ng’ato e klinik man machiegni.
5152,Health,General,Health workers recommend learning about first aid basics alongside practicing safe disposal of medical waste at home.,Wahudumu wa afya wanapendekeza kujifunza kuhusu misingi ya huduma ya kwanza pamoja na kufanya utupaji salama wa taka za hospitalini nyumbani.,Jotich mag thieth nyiso ni nyaka ipuonjri weche madongo mag kony mokwongo kaachiel gi puonjruok mar wito yugi mag thieth e ot.
5153,Health,General,Free child growth monitoring is available at government health facilities this week.,ufuatiliaji wa ukuaji wa mtoto ya bure inapatikana katika vituo vya afya vya serikali wiki hii.,Neno dongruok mar nyithindo ma onge chudo yudore e kuonde thieth mag sirkal jumani ka.
5154,Health,General,Health workers recommend learning about managing chronic illness alongside practicing boiling drinking water at home.,Wahudumu wa afya wanapendekeza kujifunza kuhusu usimamizi wa magonjwa sugu pamoja na kufanya kuchemsha maji ya kunywa nyumbani.,Jotich mag thieth wacho ni onego opuonjre kaka onego orit tuoche ma ok rum kaachiel gi puonjruok mar keto pi ma ng’ato madho e ot.
5155,Health,General,Anyone showing signs of high fever should also be checked for hepatitis B at a nearby clinic.,Yeyote anayeonyesha dalili za homa kali pia anapaswa kuchunguzwa kwa homa ya ini aina B katika kliniki ya karibu.,Ng'at ang'ata manyiso ranyisi mag liet mamalo bende onego otimne hepatitis B e klinik man machiegni.
5156,Health,General,Anyone showing signs of high fever should also be checked for cholera at a nearby clinic.,Yeyote anayeonyesha dalili za homa kali pia anapaswa kuchunguzwa kwa kipindupindu katika kliniki ya karibu.,Ng’at ang’ata ma nyiso ranyisi mag liet maduong’ bende onego otimne nonro mar kolera e klinik man machiegni.
5157,Health,General,Anyone showing signs of diabetes symptoms should also be checked for typhoid at a nearby clinic.,Yeyote anayeonyesha dalili za dalili za kisukari pia anapaswa kuchunguzwa kwa homa ya matumbo katika kliniki ya karibu.,Ng’at moro amora ma nyiso ranyisi mag tuo mar sukari bende onego otimne nonro mar taifoid e klinik man machiegni.
5158,Health,General,Parents should watch for high blood pressure in children and seek immunization services promptly.,Wazazi wanapaswa kuchunga shinikizo la damu kwa watoto na kutafuta huduma za chanjo haraka.,Jonyuol onego orit ka be nyithindo nigi presa mamalo mar remo kendo onego giyud kony mar thieth mapiyo.
5159,Health,General,Combine exclusive breastfeeding for six months with regular maternal health checkups visits to stay healthy all year round.,Changanya kunyonyesha maziwa ya mama pekee kwa miezi sita na ziara za mara kwa mara za uchunguzi wa afya ya uzazi ili kuwa na afya mwaka mzima.,Kod chiwo thuno makende kuom dweche auchiel kod limo pile mag pim mar ngima mar min mondo obed gi ngima maber higa duto.
5160,Health,General,Anyone showing signs of anaemia should also be checked for hepatitis B at a nearby clinic.,Yeyote anayeonyesha dalili za upungufu wa damu pia anapaswa kuchunguzwa kwa homa ya ini aina B katika kliniki ya karibu.,Ng'at ang'ata manyiso ranyisi mag bedo ni anemia bende owinjore otimne nonro mar hepatitis B e klinik man machiegni.
5161,Health,General,Outbreaks of hepatitis B are prevented through regular handwashing with soap and timely cancer screening.,Milipuko ya homa ya ini aina B huzuiwa kupitia kunawa mikono mara kwa mara kwa sabuni na uchunguzi wa saratani kwa wakati.,Tuo mar hepatitis B ogeng'o kokalo kuom lwoko lwedo pile ka itiyo gi sabun kod pim mar kansa e kinde mowinjore.
5162,Health,General,Combine using treated mosquito nets with regular family planning services visits to stay healthy all year round.,Changanya kutumia vyandarua vilivyotibiwa na ziara za mara kwa mara za huduma za uzazi wa mpango ili kuwa na afya mwaka mzima.,Kod tiyo kod mbui mag suna mosetim thieth kod limo ma pile ka pile mag chenro mag anyuola mondo ibed gi ngima maber e higa duto.
5163,Health,General,Parents should watch for diabetes symptoms in children and seek HIV testing promptly.,Wazazi wanapaswa kuchunga dalili za kisukari kwa watoto na kutafuta upimaji wa VVU haraka.,Jonyuol onego orit ranyisi mag tuo mar sukari e nyithindgi kendo onego otimnegi pim mar HIV mapiyo.
5164,Health,General,Anyone showing signs of diabetes symptoms should also be checked for hepatitis B at a nearby clinic.,Yeyote anayeonyesha dalili za dalili za kisukari pia anapaswa kuchunguzwa kwa homa ya ini aina B katika kliniki ya karibu.,Ng'at ang'ata manyiso ranyisi mag tuo mar skar bende owinjore otimne nonro mar hepatitis B e klinik man machiegni.
5165,Health,General,Health workers recommend learning about managing chronic illness alongside practicing exclusive breastfeeding for six months at home.,Wahudumu wa afya wanapendekeza kujifunza kuhusu usimamizi wa magonjwa sugu pamoja na kufanya kunyonyesha maziwa ya mama pekee kwa miezi sita nyumbani.,Jotich mag thieth wacho ni onego opuonjre kaka onego ochung’ ne tuoche ma ok rum kaachiel gi puonjruok mar miyo nyathi thuolo mar madho pi kende kuom dweche auchiel e ot.
5166,Health,General,Combine safe disposal of medical waste with regular child growth monitoring visits to stay healthy all year round.,Changanya utupaji salama wa taka za hospitalini na ziara za mara kwa mara za ufuatiliaji wa ukuaji wa mtoto ili kuwa na afya mwaka mzima.,Kod bolo yugi mag thieth maber kod limo nyathi pile ka pile mar luwo dongruok mar nyathi mondo obed gi ngima maber higa duto.
5167,Health,General,Anyone showing signs of diabetes symptoms should also be checked for tuberculosis at a nearby clinic.,Yeyote anayeonyesha dalili za dalili za kisukari pia anapaswa kuchunguzwa kwa kifua kikuu katika kliniki ya karibu.,Ng’at moro amora ma nyiso ranyisi mag tuo mar sukari bende onego otimne nonro mar tuo mar ng’ut e klinik man machiegni.
5168,Health,General,Outbreaks of pneumonia are prevented through boiling drinking water and timely maternal health checkups.,Milipuko ya nimonia huzuiwa kupitia kuchemsha maji ya kunywa na uchunguzi wa afya ya uzazi kwa wakati.,Ogeng’o tuoche mag ng’ut ng’ato kokalo kuom pi ma ng’ato madho ma ng’we ng’ar kod timo nonro mag ngima mar min e kinde mowinjore.
5169,Health,General,Health workers recommend learning about managing chronic illness alongside practicing using treated mosquito nets at home.,Wahudumu wa afya wanapendekeza kujifunza kuhusu usimamizi wa magonjwa sugu pamoja na kufanya kutumia vyandarua vilivyotibiwa nyumbani.,Jotich mag thieth chiwo paro ni mondo ipuonjri kaka inyalo rito tuoche ma ok rum kaachiel gi puonjruok mar tiyo kod gik ma itiyogo e geng’o suna e ot.
5170,Health,General,Health workers recommend learning about managing chronic illness alongside practicing regular handwashing with soap at home.,Wahudumu wa afya wanapendekeza kujifunza kuhusu usimamizi wa magonjwa sugu pamoja na kufanya kunawa mikono mara kwa mara kwa sabuni nyumbani.,Jotich mag thieth nyiso ni nyaka ipuonjri kaka inyalo rito tuoche ma ok rum kaachiel gi puonjruok mar lwoko lwedo pile ka itiyo gi sabun e ot.
5171,Health,General,Health workers recommend learning about elderly care alongside practicing using treated mosquito nets at home.,Wahudumu wa afya wanapendekeza kujifunza kuhusu utunzaji wa wazee pamoja na kufanya kutumia vyandarua vilivyotibiwa nyumbani.,Jotich mag thieth nyiso ni onego opuonjre kaka onego orit jogo mahikgi oniang’ kaachiel gi puonjruok mar tiyo kod gik ma itiyogo e geng’o suna e ot.
5172,Health,General,Health workers recommend learning about nutrition for young children alongside practicing proper waste disposal at home.,Wahudumu wa afya wanapendekeza kujifunza kuhusu lishe kwa watoto wadogo pamoja na kufanya utupaji sahihi wa taka nyumbani.,Jotich mag thieth wacho ni onego opuonjre e wi chiemo ma nyithindo matindo chamo kaachiel gi puonjruok mar keto yugi e ot.
5173,Health,General,Outbreaks of hepatitis B are prevented through exclusive breastfeeding for six months and timely child growth monitoring.,Milipuko ya homa ya ini aina B huzuiwa kupitia kunyonyesha maziwa ya mama pekee kwa miezi sita na ufuatiliaji wa ukuaji wa mtoto kwa wakati.,Ogeng’o tuoche mag hepatitis B kokalo kuom miyo nyathino thuno kende kuom dweche auchiel kod luwo kaka nyathino dongo e kinde mowinjore.
5174,Health,General,Anyone showing signs of dehydration should seek medical attention promptly.,Yeyote anayeonyesha dalili za upungufu wa maji mwilini anapaswa kutafuta matibabu haraka.,Ng’at ang’ata ma nyiso ranyisi mag bedo gi pi matin e del onego odhi ir thieth mapiyo.
5175,Health,General,Outbreaks of polio are prevented through proper waste disposal and timely cancer screening.,Milipuko ya polio huzuiwa kupitia utupaji sahihi wa taka na uchunguzi wa saratani kwa wakati.,Ogeng’o tuoche mag polio kokalo kuom wito yugi e yo makare kod timo pim mar kansa e kinde mowinjore.
5176,Health,General,Learn more about elderly care by visiting your community health worker.,Jifunze zaidi kuhusu utunzaji wa wazee kwa kutembelea mhudumu wa afya wa jamii yako.,Inyalo ng’eyo mathoth e wi rito jogo mahikgi oniang’ kuom dhi limo jatich mar thieth ma ni e alworau.
5177,Health,General,Combine using treated mosquito nets with regular cancer screening visits to stay healthy all year round.,Changanya kutumia vyandarua vilivyotibiwa na ziara za mara kwa mara za uchunguzi wa saratani ili kuwa na afya mwaka mzima.,Kod tiyo kod mbui mag suna ma osethiedho kod limo pile pile mar pim kansa mondo ibed gi ngima maber higa duto.
5178,Health,General,Combine regular handwashing with soap with regular immunization services visits to stay healthy all year round.,Changanya kunawa mikono mara kwa mara kwa sabuni na ziara za mara kwa mara za huduma za chanjo ili kuwa na afya mwaka mzima.,Kod lwoko lwedo pile ka pile gi sabun ka idhi limo kar thieth pile ka pile mondo ibed gi ngima maber e higa duto.
5179,Health,General,Practice boiling drinking water to prevent the spread of disease in your household.,Fanya kuchemsha maji ya kunywa ili kuzuia kuenea kwa magonjwa nyumbani kwako.,Praktis loso pi ma inyalo madho mondo kik tuoche olandre e ot mari.
5180,Health,General,Anyone showing signs of high blood pressure should also be checked for malaria at a nearby clinic.,Yeyote anayeonyesha dalili za shinikizo la damu pia anapaswa kuchunguzwa kwa malaria katika kliniki ya karibu.,Ng’at ang’ata ma nyiso ranyisi mag presa mamalo mar remo bende onego otimne nonro mar maleria e klinik man machiegni.
5181,Health,General,Parents should watch for anaemia in children and seek cancer screening promptly.,Wazazi wanapaswa kuchunga upungufu wa damu kwa watoto na kutafuta uchunguzi wa saratani haraka.,Jonyuol onego orit ka nyithindo nigi ng’ol mar remo kendo onego gidhi otimnegi nonro mar kansa mapiyo.
5182,Health,General,Health workers recommend learning about elderly care alongside practicing regular handwashing with soap at home.,Wahudumu wa afya wanapendekeza kujifunza kuhusu utunzaji wa wazee pamoja na kufanya kunawa mikono mara kwa mara kwa sabuni nyumbani.,Jotich mag thieth wacho ni onego opuonjre kaka onego orit jogo mahikgi oniang’ kaachiel gi puonjruok mar lwoko lwedo pile ka otiyo gi sabun e ot.
5183,Health,General,Health workers recommend learning about mental health support alongside practicing safe disposal of medical waste at home.,Wahudumu wa afya wanapendekeza kujifunza kuhusu usaidizi wa afya ya akili pamoja na kufanya utupaji salama wa taka za hospitalini nyumbani.,Jotich mag thieth nyiso ni onego opuonjre e wi konyo thieth mar paro kaachiel gi puonjruok mar wito yugi mag thieth e ot.
5184,Health,General,Health workers recommend learning about adolescent reproductive health alongside practicing boiling drinking water at home.,Wahudumu wa afya wanapendekeza kujifunza kuhusu afya ya uzazi kwa vijana pamoja na kufanya kuchemsha maji ya kunywa nyumbani.,Jotich mag thieth wacho ni onego opuonjre e wi thieth mar nyuol mar nyithindo ma rowere kaachiel gi puonjruok mar madho pi ma ng’we ng’ar e ot.
5185,Health,General,Health workers recommend learning about adolescent reproductive health alongside practicing proper waste disposal at home.,Wahudumu wa afya wanapendekeza kujifunza kuhusu afya ya uzazi kwa vijana pamoja na kufanya utupaji sahihi wa taka nyumbani.,Jotich mag thieth wacho ni onego opuonjre e wi thieth mar nyuol mar nyithindo ma hikgi tin kaachiel gi puonjruok kaka onego oket yugi e ot.
5186,Health,General,Attend your nearest clinic for family planning services this month.,Hudhuria kliniki ya karibu kwa huduma za uzazi wa mpango mwezi huu.,Dhi e klinik man machiegni kodi mondo iyud kony mar keto chenro mar anyuola e dwe mar apar.
5187,Health,General,Combine boiling drinking water with regular family planning services visits to stay healthy all year round.,Changanya kuchemsha maji ya kunywa na ziara za mara kwa mara za huduma za uzazi wa mpango ili kuwa na afya mwaka mzima.,Kod pi ma ng’ich mar madho kod limo ma pile ka pile mag rito chenro mar joot mondo ibed gi ngima maber e higa duto.
5188,Health,General,Health workers recommend learning about mental health support alongside practicing using treated mosquito nets at home.,Wahudumu wa afya wanapendekeza kujifunza kuhusu usaidizi wa afya ya akili pamoja na kufanya kutumia vyandarua vilivyotibiwa nyumbani.,Jotich mag thieth nyiso ni nyaka ipuonjri kuom konyo thieth mar paro kaachiel gi puonjruok mar tiyo kod gik ma itiyogo e geng’o suna e ot.
5189,Health,General,Learn more about adolescent reproductive health by visiting your community health worker.,Jifunze zaidi kuhusu afya ya uzazi kwa vijana kwa kutembelea mhudumu wa afya wa jamii yako.,Inyalo ng’eyo mathoth e wi ngima mar nyuol mar nyithindo ma rowere kuom dhi limo jatich mar thieth e alworau.
5190,Health,General,Combine using treated mosquito nets with regular immunization services visits to stay healthy all year round.,Changanya kutumia vyandarua vilivyotibiwa na ziara za mara kwa mara za huduma za chanjo ili kuwa na afya mwaka mzima.,Kod tiyo kod mtoka ma osethiedh gi limo pile ka pile mag thieth mag thieth mondo ibed gi ngima maber e higa duto.
5191,Health,General,Combine safe food handling with regular family planning services visits to stay healthy all year round.,Changanya utunzaji salama wa chakula na ziara za mara kwa mara za huduma za uzazi wa mpango ili kuwa na afya mwaka mzima.,Kod rito chiemo maber kod limo ma pile ka pile mag chenro mar anyuola mondo ibed gi ngima maber e higa duto.
5192,Health,General,Parents should watch for persistent cough in children and seek maternal health checkups promptly.,Wazazi wanapaswa kuchunga kikohozi cha kudumu kwa watoto na kutafuta uchunguzi wa afya ya uzazi haraka.,Jonyuol onego orit ka nyithindo bedo gi ahola ma ok rum kendo gidhi otimnegi pim mag thieth mapiyo.
5193,Health,General,Combine proper waste disposal with regular family planning services visits to stay healthy all year round.,Changanya utupaji sahihi wa taka na ziara za mara kwa mara za huduma za uzazi wa mpango ili kuwa na afya mwaka mzima.,Kod keto yugi e yo makare kod limo jotelo mag chenro mar anyuola pile ka pile mondo ibed gi ngima maber e higa duto.
5194,Health,General,Anyone showing signs of diabetes symptoms should seek medical attention promptly.,Yeyote anayeonyesha dalili za dalili za kisukari anapaswa kutafuta matibabu haraka.,Ng’at ang’ata ma nyiso ranyisi mag tuo mar sukari onego odhi ir thieth mapiyo.
5195,Health,General,Health workers recommend learning about safe pregnancy practices alongside practicing using treated mosquito nets at home.,Wahudumu wa afya wanapendekeza kujifunza kuhusu mazoezi salama ya ujauzito pamoja na kufanya kutumia vyandarua vilivyotibiwa nyumbani.,Jotich mag thieth chiwo paro ni mondo ipuonjri yore mabeyo mag bedo gi ich kaachiel gi puonjruok mar tiyo kod gik ma itiyogo e geng’o suna e ot.
5196,Health,General,Parents should watch for dehydration in children and seek child growth monitoring promptly.,Wazazi wanapaswa kuchunga upungufu wa maji mwilini kwa watoto na kutafuta ufuatiliaji wa ukuaji wa mtoto haraka.,Jonyuol onego orit ka be nyithindo otho e ringregi kendo giyud yore mag luwo dongruok mar nyathigi mapiyo.
5197,Health,General,Anyone showing signs of high fever should seek medical attention promptly.,Yeyote anayeonyesha dalili za homa kali anapaswa kutafuta matibabu haraka.,Ng’at ang’ata ma nyiso ranyisi mag liet maduong’ onego odhi ir laktar mapiyo.
5198,Health,General,Community health workers recommend using treated mosquito nets as a simple way to stay healthy.,Wahudumu wa afya ya jamii wanapendekeza kutumia vyandarua vilivyotibiwa kama njia rahisi ya kuwa na afya.,Jotich mag thieth mag gwenge nyiso ni tiyo gi mbui ma osethiedh kaka yo mayot mar bedo gi ngima maber.
5199,Health,General,Combine regular handwashing with soap with regular maternal health checkups visits to stay healthy all year round.,Changanya kunawa mikono mara kwa mara kwa sabuni na ziara za mara kwa mara za uchunguzi wa afya ya uzazi ili kuwa na afya mwaka mzima.,Kod lwoko lwedo pile ka pile gi sabun kod limo pile pile mag pim mag ngima mar min mondo obed gi ngima maber higa duto.
5200,Health,General,Combine safe food handling with regular child growth monitoring visits to stay healthy all year round.,Changanya utunzaji salama wa chakula na ziara za mara kwa mara za ufuatiliaji wa ukuaji wa mtoto ili kuwa na afya mwaka mzima.,Kod rito chiemo maber kod limo nyathi pile ka pile mar luwo dongruok mar nyathi mondo obed gi ngima maber higa duto.
5201,Health,General,Combine proper waste disposal with regular HIV testing visits to stay healthy all year round.,Changanya utupaji sahihi wa taka na ziara za mara kwa mara za upimaji wa VVU ili kuwa na afya mwaka mzima.,Kod keto yugi e yo makare kod limo pile ka pile mar timo pim mag HIV mondo ibed gi ngima maber higa duto.
5202,Health,General,Health workers recommend learning about adolescent reproductive health alongside practicing using treated mosquito nets at home.,Wahudumu wa afya wanapendekeza kujifunza kuhusu afya ya uzazi kwa vijana pamoja na kufanya kutumia vyandarua vilivyotibiwa nyumbani.,Jotich mag thieth wacho ni onego opuonjre e wi thieth mar nyuol mar nyithindo ma rowere kaachiel gi puonjruok mar tiyo kod gik ma osetimnegi thieth e ot.
5203,Health,General,Health officials warn residents to watch for signs of polio this season.,Maafisa wa afya wanaonya wakazi kuchunga dalili za polio msimu huu.,Jotelo mag thieth onyiso jodak mondo orit ranyisi mag tuo mar polio e kindeni.
5204,Health,General,Parents should watch for high fever in children and seek immunization services promptly.,Wazazi wanapaswa kuchunga homa kali kwa watoto na kutafuta huduma za chanjo haraka.,Jonyuol onego orit ka nyithindgi nigi liet maduong’ kendo onego giyud kony mar thieth mapiyo.
5205,Health,General,Health workers recommend learning about managing chronic illness alongside practicing safe disposal of medical waste at home.,Wahudumu wa afya wanapendekeza kujifunza kuhusu usimamizi wa magonjwa sugu pamoja na kufanya utupaji salama wa taka za hospitalini nyumbani.,Jotich mag thieth wacho ni onego opuonjre kaka onego orit tuoche ma ok rum kaachiel gi puonjruok mar wito yugi mag thieth e ot.
5206,Health,General,Anyone showing signs of diabetes symptoms should also be checked for whooping cough at a nearby clinic.,Yeyote anayeonyesha dalili za dalili za kisukari pia anapaswa kuchunguzwa kwa kifaduro katika kliniki ya karibu.,Ng’at moro amora ma nyiso ranyisi mag tuo mar sukari bende onego otimne nonro mar ng’iyo ng’ato e klinik man machiegni.
5207,Health,General,Outbreaks of hepatitis B are prevented through safe food handling and timely family planning services.,Milipuko ya homa ya ini aina B huzuiwa kupitia utunzaji salama wa chakula na huduma za uzazi wa mpango kwa wakati.,Twoche mag hepatitis B ogeng'o kokalo kuom tiyo maber gi chiemo ma ichamo kod chiwo kony mag komo anyuola e kinde mowinjore.
5208,Health,General,Parents should watch for malnutrition in children and seek immunization services promptly.,Wazazi wanapaswa kuchunga utapiamlo kwa watoto na kutafuta huduma za chanjo haraka.,Jonyuol onego orit kaka nyithindo ok yudo chiemo ma ok oromogi kendo onego giyud kony mar thieth mapiyo.
5209,Health,General,Anyone showing signs of malnutrition should also be checked for tuberculosis at a nearby clinic.,Yeyote anayeonyesha dalili za utapiamlo pia anapaswa kuchunguzwa kwa kifua kikuu katika kliniki ya karibu.,Ng’at moro amora ma nyiso ranyisi mag chiemo ma ok owinjore bende onego otimne nonro mar tuo mar ng’ut e klinik man machiegni.
5210,Health,General,Parents should watch for anaemia in children and seek maternal health checkups promptly.,Wazazi wanapaswa kuchunga upungufu wa damu kwa watoto na kutafuta uchunguzi wa afya ya uzazi haraka.,Jonyuol onego orit ka be nyithindo nigi ng’ol mar remo kendo onego gidhi otim nonro mar ngima mar min ma nigi nyithindo mapiyo.
5211,Health,General,Talk to a health worker about first aid basics to protect your family's health.,Zungumza na mhudumu wa afya kuhusu misingi ya huduma ya kwanza ili kulinda afya ya familia yako.,Wuo gi jatich mar thieth kuom gik ma dwarore mondo orit ngima mar joodu.
5212,Health,General,Combine regular handwashing with soap with regular dental checkups visits to stay healthy all year round.,Changanya kunawa mikono mara kwa mara kwa sabuni na ziara za mara kwa mara za uchunguzi wa meno ili kuwa na afya mwaka mzima.,Kod lwoko lwedo pile ka pile gi sabun kod limo pile mag pim mag lak mondo ibed gi ngima maber e higa duto.
5213,Health,General,Outbreaks of typhoid are prevented through using treated mosquito nets and timely HIV testing.,Milipuko ya homa ya matumbo huzuiwa kupitia kutumia vyandarua vilivyotibiwa na upimaji wa VVU kwa wakati.,Gigeng’o tuoche mag taifoid kokalo kuom tiyo kod gik ma osetimnegi thieth kendo timo pim mag HIV e kinde mowinjore.
5214,Health,General,Talk to a health worker about safe pregnancy practices to protect your family's health.,Zungumza na mhudumu wa afya kuhusu mazoezi salama ya ujauzito ili kulinda afya ya familia yako.,Wuo kod jatich mar thieth kuom yore mabeyo mag bedo gi ich mondo orit ngima mar joodu.
5215,Health,General,Anyone showing signs of high fever should also be checked for polio at a nearby clinic.,Yeyote anayeonyesha dalili za homa kali pia anapaswa kuchunguzwa kwa polio katika kliniki ya karibu.,Ng’at moro amora ma nyiso ranyisi mag liet maduong’ bende onego otimne nonro mar polio e klinik man machiegni.
5216,Health,General,Parents should watch for persistent cough in children and seek dental checkups promptly.,Wazazi wanapaswa kuchunga kikohozi cha kudumu kwa watoto na kutafuta uchunguzi wa meno haraka.,Jonyuol onego orit ka nyithindgi nigi akweda ma ok rum kendo gidhi e kar pim mar lak mapiyo.
5217,Health,General,Outbreaks of polio are prevented through safe disposal of medical waste and timely immunization services.,Milipuko ya polio huzuiwa kupitia utupaji salama wa taka za hospitalini na huduma za chanjo kwa wakati.,Gigeng’o tuoche mag polio kokalo kuom keto yugi mag thieth e yoo makare kod chiwo thieth e kinde mowinjore.
5218,Health,General,Combine proper waste disposal with regular maternal health checkups visits to stay healthy all year round.,Changanya utupaji sahihi wa taka na ziara za mara kwa mara za uchunguzi wa afya ya uzazi ili kuwa na afya mwaka mzima.,Kod keto yugi e yoo makare kod limo pile pile mag pim mar ngima mar min mondo obed gi ngima maber higa duto.
5219,Health,General,Anyone showing signs of high blood pressure should seek medical attention promptly.,Yeyote anayeonyesha dalili za shinikizo la damu anapaswa kutafuta matibabu haraka.,Ng’at ang’ata ma nyiso ranyisi mag presa mamalo mar remo onego odhi ir laktar mapiyo.
5220,Health,General,Health workers recommend learning about nutrition for young children alongside practicing using treated mosquito nets at home.,Wahudumu wa afya wanapendekeza kujifunza kuhusu lishe kwa watoto wadogo pamoja na kufanya kutumia vyandarua vilivyotibiwa nyumbani.,Jotich mag thieth wacho ni onego opuonjre e wi chiemo ma nyithindo matindo chamo kaachiel gi puonjruok mar tiyo kod gik ma osetimnegi thieth e ot.
5221,Health,General,Community health workers recommend safe food handling as a simple way to stay healthy.,Wahudumu wa afya ya jamii wanapendekeza utunzaji salama wa chakula kama njia rahisi ya kuwa na afya.,Jotich mag thieth mag gwenge nyiso ni onego orit chiemo maber en yo mayot mar bedo gi ngima maber.
5222,Health,General,Health workers recommend learning about adolescent reproductive health alongside practicing exclusive breastfeeding for six months at home.,Wahudumu wa afya wanapendekeza kujifunza kuhusu afya ya uzazi kwa vijana pamoja na kufanya kunyonyesha maziwa ya mama pekee kwa miezi sita nyumbani.,Jotich mag thieth wacho ni onego opuonjre e wi thieth mar nyuol mar nyithindo ma rowere kaachiel gi puonjruok mar miyo nyathigi thuolo mar madho pi kende kuom dweche auchiel e ot.
5223,Health,General,Anyone showing signs of high fever should also be checked for tuberculosis at a nearby clinic.,Yeyote anayeonyesha dalili za homa kali pia anapaswa kuchunguzwa kwa kifua kikuu katika kliniki ya karibu.,Ng’at moro amora ma nyiso ranyisi mag liet maduong’ bende onego otimne nonro mar tuo mar TB e klinik man machiegni.
5224,Health,General,Anyone showing signs of malnutrition should also be checked for polio at a nearby clinic.,Yeyote anayeonyesha dalili za utapiamlo pia anapaswa kuchunguzwa kwa polio katika kliniki ya karibu.,Ng’at moro amora ma nyiso ranyisi mag bedo gi chiemo ma ok owinjore bende onego otimne nonro mar polio e klinik man machiegni.
5225,Health,General,Outbreaks of tuberculosis are prevented through using treated mosquito nets and timely dental checkups.,Milipuko ya kifua kikuu huzuiwa kupitia kutumia vyandarua vilivyotibiwa na uchunguzi wa meno kwa wakati.,Gigeng’o tuoche mag ng’ut ng’ato kokalo kuom tiyo kod gik ma ng’ato nyalo ng’adogo lak kendo timo nonro mag lak e kinde mowinjore.
5226,Health,General,Outbreaks of whooping cough are prevented through exclusive breastfeeding for six months and timely immunization services.,Milipuko ya kifaduro huzuiwa kupitia kunyonyesha maziwa ya mama pekee kwa miezi sita na huduma za chanjo kwa wakati.,Ogeng’o tuoche mag ng’ut ma ng’ato nyalo ng’ado kuom miyo nyathi mana thuno kuom dweche auchiel kod chiwo thieth e kinde mowinjore.
5227,Health,General,Combine boiling drinking water with regular dental checkups visits to stay healthy all year round.,Changanya kuchemsha maji ya kunywa na ziara za mara kwa mara za uchunguzi wa meno ili kuwa na afya mwaka mzima.,Kod pi ma ng’ich mar madho kod limo pile pile mar pim lak mondo ibed gi ngima maber e higa duto.
5228,Health,General,Outbreaks of cholera are prevented through using treated mosquito nets and timely maternal health checkups.,Milipuko ya kipindupindu huzuiwa kupitia kutumia vyandarua vilivyotibiwa na uchunguzi wa afya ya uzazi kwa wakati.,Gigeng’o tuoche mag kolera kokalo kuom tiyo kod gik ma itiyogo e geng’o suna kod timo nonro mag ngima mar mon e kinde mowinjore.
5229,Health,General,Anyone showing signs of anaemia should seek medical attention promptly.,Yeyote anayeonyesha dalili za upungufu wa damu anapaswa kutafuta matibabu haraka.,Ng’at ang’ata ma nyiso ranyisi mag bedo gi anemia onego odhi ir laktar mapiyo.
5230,Health,General,Attend your nearest clinic for dental checkups this month.,Hudhuria kliniki ya karibu kwa uchunguzi wa meno mwezi huu.,Dhi e klinik man machiegni kodi mondo itimne nonro mar lak e dwe mar apar.
5231,Health,General,Vaccinate your child against tuberculosis at your nearest health centre.,Chanja mtoto wako dhidi ya kifua kikuu katika kituo cha afya cha karibu.,Chiw nyathini chanjo mar tuo mar TB e kar thieth man machiegni kodi.
5232,Health,General,Anyone showing signs of anaemia should also be checked for tuberculosis at a nearby clinic.,Yeyote anayeonyesha dalili za upungufu wa damu pia anapaswa kuchunguzwa kwa kifua kikuu katika kliniki ya karibu.,Ng’at moro amora ma nyiso ranyisi mag bedo gi remo matin bende onego otimne nonro mar tuo mar ng’ol e klinik man machiegni.
5233,Health,General,Combine exclusive breastfeeding for six months with regular cancer screening visits to stay healthy all year round.,Changanya kunyonyesha maziwa ya mama pekee kwa miezi sita na ziara za mara kwa mara za uchunguzi wa saratani ili kuwa na afya mwaka mzima.,Kod chiwo thuno kende kuom dweche auchiel kod limo pile ka pile mag pim mar kansa mondo ibed gi ngima maber e higa duto.
5234,Health,General,Learn more about safe pregnancy practices by visiting your community health worker.,Jifunze zaidi kuhusu mazoezi salama ya ujauzito kwa kutembelea mhudumu wa afya wa jamii yako.,Ng’e mathoth kuom yore mabeyo mag bedo gi ich kuom dhi limo jatich mar thieth ma ni e alworau.
5235,Health,General,Combine boiling drinking water with regular cancer screening visits to stay healthy all year round.,Changanya kuchemsha maji ya kunywa na ziara za mara kwa mara za uchunguzi wa saratani ili kuwa na afya mwaka mzima.,Kod pi ma ng’ich mar madho kod limo pile pile mar pim kansa mondo ibed gi ngima maber higa duto.
5236,Health,General,Talk to a health worker about nutrition for young children to protect your family's health.,Zungumza na mhudumu wa afya kuhusu lishe kwa watoto wadogo ili kulinda afya ya familia yako.,Wuo gi jatich mar thieth kuom chiemo ma nyithindo matindo chamo mondo orit ngima mar joodu.
5237,Health,General,Anyone showing signs of anaemia should also be checked for malaria at a nearby clinic.,Yeyote anayeonyesha dalili za upungufu wa damu pia anapaswa kuchunguzwa kwa malaria katika kliniki ya karibu.,Ng'at ang'ata manyiso ranyisi mag bedo gi anemia bende owinjore otimne maleria e klinik man machiegni.
5238,Health,General,Health workers recommend learning about safe pregnancy practices alongside practicing safe food handling at home.,Wahudumu wa afya wanapendekeza kujifunza kuhusu mazoezi salama ya ujauzito pamoja na kufanya utunzaji salama wa chakula nyumbani.,Jotich mag thieth nyiso ni nyaka ipuonjri yore mabeyo mag bedo gi ich kaachiel gi puonjruok kaka inyalo rito chiemo maber e ot.
5239,Health,General,Vaccinate your child against typhoid at your nearest health centre.,Chanja mtoto wako dhidi ya homa ya matumbo katika kituo cha afya cha karibu.,Chiw nyathini chanjo mar tuo mar typhoid e kar thieth man machiegni kodi.
5240,Health,General,Health workers recommend learning about elderly care alongside practicing proper waste disposal at home.,Wahudumu wa afya wanapendekeza kujifunza kuhusu utunzaji wa wazee pamoja na kufanya utupaji sahihi wa taka nyumbani.,Jotich mag thieth wacho ni onego opuonjre kaka onego orit jogo mahikgi oniang’ kaachiel gi puonjruok kaka onego oket yugi e ot.
5241,Health,General,Parents should watch for diabetes symptoms in children and seek family planning services promptly.,Wazazi wanapaswa kuchunga dalili za kisukari kwa watoto na kutafuta huduma za uzazi wa mpango haraka.,Jonyuol onego onen ranyisi mag tuo mar sukari e nyithindgi kendo onego giyud kony mar keto chenro mar anyuola mapiyo.
5242,Health,General,Health workers recommend learning about first aid basics alongside practicing regular handwashing with soap at home.,Wahudumu wa afya wanapendekeza kujifunza kuhusu misingi ya huduma ya kwanza pamoja na kufanya kunawa mikono mara kwa mara kwa sabuni nyumbani.,Jotich mag thieth nyiso ni nyaka ipuonjri weche madongo mag kony mokwongo kaachiel gi puonjruok mar lwoko lwedo pile ka pile ka itiyo gi sabun e ot.
5243,Health,General,Health workers recommend learning about safe pregnancy practices alongside practicing boiling drinking water at home.,Wahudumu wa afya wanapendekeza kujifunza kuhusu mazoezi salama ya ujauzito pamoja na kufanya kuchemsha maji ya kunywa nyumbani.,Jotich mag thieth nyiso ni nyaka ipuonjri yore mabeyo mag bedo gi ich kaachiel gi puonjruok mar pi ma ng’ato nyalo madho e ot.
5244,Health,General,Community health workers recommend regular handwashing with soap as a simple way to stay healthy.,Wahudumu wa afya ya jamii wanapendekeza kunawa mikono mara kwa mara kwa sabuni kama njia rahisi ya kuwa na afya.,Jotich mag thieth mag gwenge wacho ni onego olos lwedo pile ka otiyo gi sabun kaka yo mayot mar bedo gi ngima maber.
5245,Health,General,Outbreaks of typhoid are prevented through using treated mosquito nets and timely immunization services.,Milipuko ya homa ya matumbo huzuiwa kupitia kutumia vyandarua vilivyotibiwa na huduma za chanjo kwa wakati.,Gigeng’o tuoche mag typhoid kokalo kuom tiyo kod gik ma osetimnegi thieth kod chiwo thieth e kinde mowinjore.
5246,Health,General,Anyone showing signs of high blood pressure should also be checked for tuberculosis at a nearby clinic.,Yeyote anayeonyesha dalili za shinikizo la damu pia anapaswa kuchunguzwa kwa kifua kikuu katika kliniki ya karibu.,Ng’at ang’ata ma nyiso ranyisi mag presa mamalo mar remo bende onego otimne nonro mar tuo mar TB e klinik man machiegni.
5247,Health,General,Parents should watch for anaemia in children and seek family planning services promptly.,Wazazi wanapaswa kuchunga upungufu wa damu kwa watoto na kutafuta huduma za uzazi wa mpango haraka.,Jonyuol onego orit ka nyithindo nigi ng’ol mar remo kendo onego giyud kony mar keto chenro mar anyuola mapiyo.
5248,Health,General,Outbreaks of malaria are prevented through using treated mosquito nets and timely maternal health checkups.,Milipuko ya malaria huzuiwa kupitia kutumia vyandarua vilivyotibiwa na uchunguzi wa afya ya uzazi kwa wakati.,Ogeng’o tuoche mag maleria kokalo kuom tiyo kod gik ma itiyogo e geng’o suna kod timo nonro mag ngima mar mon e kinde mowinjore.
5249,Health,General,Anyone showing signs of malnutrition should also be checked for whooping cough at a nearby clinic.,Yeyote anayeonyesha dalili za utapiamlo pia anapaswa kuchunguzwa kwa kifaduro katika kliniki ya karibu.,Ng’at moro amora ma nyiso ranyisi mag bedo gi chiemo ma ok owinjore bende onego otimne nonro mar ng’iyo ng’ato e klinik man machiegni.
5250,Health,General,Learn more about managing chronic illness by visiting your community health worker.,Jifunze zaidi kuhusu usimamizi wa magonjwa sugu kwa kutembelea mhudumu wa afya wa jamii yako.,Ng’e mathoth kuom rito tuoche ma ok rum kuom dhi limo jatich mar thieth e alworau.
5251,Health,General,Anyone showing signs of high blood pressure should also be checked for typhoid at a nearby clinic.,Yeyote anayeonyesha dalili za shinikizo la damu pia anapaswa kuchunguzwa kwa homa ya matumbo katika kliniki ya karibu.,Ng’at ang’ata ma nyiso ranyisi mag presa mamalo mar remo bende onego otimne nonro mar tuo mar taifod e klinik man machiegni.
5252,Health,General,Outbreaks of diarrhoeal disease are prevented through exclusive breastfeeding for six months and timely family planning services.,Milipuko ya ugonjwa wa kuhara huzuiwa kupitia kunyonyesha maziwa ya mama pekee kwa miezi sita na huduma za uzazi wa mpango kwa wakati.,Ogeng’o tuoche mag ng’ut ng’ato kokalo kuom miyo nyathi thuolo mar pi kende kuom dweche auchiel kod tich mar loso chenro mar anyuola e kinde mowinjore.
5253,Health,General,Parents should watch for dehydration in children and seek immunization services promptly.,Wazazi wanapaswa kuchunga upungufu wa maji mwilini kwa watoto na kutafuta huduma za chanjo haraka.,Jonyuol onego orit mondo kik pi otho e ringre nyithindo kendo onego giyud kony mar thieth mapiyo.
5254,Health,General,Combine exclusive breastfeeding for six months with regular child growth monitoring visits to stay healthy all year round.,Changanya kunyonyesha maziwa ya mama pekee kwa miezi sita na ziara za mara kwa mara za ufuatiliaji wa ukuaji wa mtoto ili kuwa na afya mwaka mzima.,Kod chiwo thuno makende kuom dweche auchiel kod limo ma pile ka pile mar luwo dongruok mar nyathi mondo obed gi ngima maber e higa duto.
5255,Health,General,Health officials warn residents to watch for signs of whooping cough this season.,Maafisa wa afya wanaonya wakazi kuchunga dalili za kifaduro msimu huu.,Jotelo mag thieth onyiso jodak mondo orit ranyisi mag tuo mar ng’ol e kindeni.
5256,Health,General,Health workers recommend learning about adolescent reproductive health alongside practicing safe food handling at home.,Wahudumu wa afya wanapendekeza kujifunza kuhusu afya ya uzazi kwa vijana pamoja na kufanya utunzaji salama wa chakula nyumbani.,Jotich mag thieth wacho ni onego opuonjre e wi thieth mar nyuol mar nyithindo ma rowere kaachiel gi puonjruok kaka onego orit chiemo maber e ot.
5257,Health,General,Health officials warn residents to watch for signs of malaria this season.,Maafisa wa afya wanaonya wakazi kuchunga dalili za malaria msimu huu.,Jotelo mag thieth onyiso jodak mondo orit ranyisi mag tuo mar malaria e kindeni.
5258,Health,General,Combine exclusive breastfeeding for six months with regular HIV testing visits to stay healthy all year round.,Changanya kunyonyesha maziwa ya mama pekee kwa miezi sita na ziara za mara kwa mara za upimaji wa VVU ili kuwa na afya mwaka mzima.,Kod chiwo thuno kende kuom dweche auchiel kod dhi e pim mag HIV pile pile mondo ibed gi ngima maber e higa duto.
5259,Health,General,Community health workers recommend safe disposal of medical waste as a simple way to stay healthy.,Wahudumu wa afya ya jamii wanapendekeza utupaji salama wa taka za hospitalini kama njia rahisi ya kuwa na afya.,Jotich mag thieth e alwora wacho ni onego oket yugi mag thieth e yo maber kaka yo mayot mar bedo gi ngima maber.
5260,Health,General,Parents should watch for high fever in children and seek HIV testing promptly.,Wazazi wanapaswa kuchunga homa kali kwa watoto na kutafuta upimaji wa VVU haraka.,Jonyuol onego orit ka nyithindgi nigi liet mang’eny kendo onego otimnegi pim mar HIV mapiyo.
5261,Health,General,Combine regular handwashing with soap with regular family planning services visits to stay healthy all year round.,Changanya kunawa mikono mara kwa mara kwa sabuni na ziara za mara kwa mara za huduma za uzazi wa mpango ili kuwa na afya mwaka mzima.,Kod lwoko lwedo pile ka pile gi sabun ka idhi limo kar rito joot pile ka pile mondo ibed gi ngima maber e higa duto.
5262,Health,General,Anyone showing signs of dehydration should also be checked for polio at a nearby clinic.,Yeyote anayeonyesha dalili za upungufu wa maji mwilini pia anapaswa kuchunguzwa kwa polio katika kliniki ya karibu.,Ng’at moro amora ma nyiso ranyisi mag bedo gi pi matin bende onego otimne nonro mar polio e klinik man machiegni.
5263,Health,General,Anyone showing signs of persistent cough should also be checked for cholera at a nearby clinic.,Yeyote anayeonyesha dalili za kikohozi cha kudumu pia anapaswa kuchunguzwa kwa kipindupindu katika kliniki ya karibu.,Ng’at ang’ata ma nyiso ranyisi mag ng’ol ma ok rum bende onego otimne nonro mar kolera e klinik man machiegni.
5264,Health,General,Parents should watch for high blood pressure in children and seek family planning services promptly.,Wazazi wanapaswa kuchunga shinikizo la damu kwa watoto na kutafuta huduma za uzazi wa mpango haraka.,Jonyuol onego orit ka be nyithindgi nigi presa mamalo mar remo kendo onego giyud kony mar keto chenro mar anyuola mapiyo.
5265,Health,General,Health workers recommend learning about elderly care alongside practicing safe disposal of medical waste at home.,Wahudumu wa afya wanapendekeza kujifunza kuhusu utunzaji wa wazee pamoja na kufanya utupaji salama wa taka za hospitalini nyumbani.,Jotich mag thieth wacho ni onego opuonjre kaka onego orit jogo mahikgi oniang’ kaachiel gi puonjruok mar wito yugi mag thieth e ot.
5266,Health,General,Parents should watch for anaemia in children and seek dental checkups promptly.,Wazazi wanapaswa kuchunga upungufu wa damu kwa watoto na kutafuta uchunguzi wa meno haraka.,Jonyuol onego orit ka nyithindo nigi ng’ol mar remo kendo onego gidhi otimnegi nonro mar lak mapiyo.
5267,Health,General,Practice proper waste disposal to prevent the spread of disease in your household.,Fanya utupaji sahihi wa taka ili kuzuia kuenea kwa magonjwa nyumbani kwako.,Ti gi yore makare mag bolo yugi mondo kik tuoche olandre e ot mari.
5268,Health,General,Talk to a health worker about managing chronic illness to protect your family's health.,Zungumza na mhudumu wa afya kuhusu usimamizi wa magonjwa sugu ili kulinda afya ya familia yako.,Wuo gi jatich mar thieth kuom kaka inyalo rito tuoche ma ok rum mondo orit ngima mar joodu.
5269,Health,General,Outbreaks of diarrhoeal disease are prevented through safe food handling and timely child growth monitoring.,Milipuko ya ugonjwa wa kuhara huzuiwa kupitia utunzaji salama wa chakula na ufuatiliaji wa ukuaji wa mtoto kwa wakati.,Tuwo mag ng’ol ogeng’ore kokalo kuom tiyo maber gi chiemo kod luwo dongruok mar nyathi e kinde mowinjore.
5270,Health,General,Combine boiling drinking water with regular HIV testing visits to stay healthy all year round.,Changanya kuchemsha maji ya kunywa na ziara za mara kwa mara za upimaji wa VVU ili kuwa na afya mwaka mzima.,Kod pi ma ng’ich ma inyalo madho kod dhi e pim mar HIV pile pile mondo ibed gi ngima maber e higa duto.
5271,Health,General,Health officials warn residents to watch for signs of pneumonia this season.,Maafisa wa afya wanaonya wakazi kuchunga dalili za nimonia msimu huu.,Jotelo mag thieth onyiso jodak mondo orit ranyisi mag tuo mar ng’ut e kindeni.
5272,Health,General,Outbreaks of polio are prevented through regular handwashing with soap and timely family planning services.,Milipuko ya polio huzuiwa kupitia kunawa mikono mara kwa mara kwa sabuni na huduma za uzazi wa mpango kwa wakati.,Gigeng’o tuoche mag polio kuom lwoko lwedo pile ka pile ka itiyo gi sabun kendo timo chenro mar rito joot e kinde mowinjore.
5273,Health,General,Anyone showing signs of diabetes symptoms should also be checked for pneumonia at a nearby clinic.,Yeyote anayeonyesha dalili za dalili za kisukari pia anapaswa kuchunguzwa kwa nimonia katika kliniki ya karibu.,Ng’at ang’ata ma nyiso ranyisi mag tuo mar sukari bende onego otimne nonro mar ng’ut ng’ato e klinik man machiegni.
5274,Health,General,Outbreaks of typhoid are prevented through regular handwashing with soap and timely child growth monitoring.,Milipuko ya homa ya matumbo huzuiwa kupitia kunawa mikono mara kwa mara kwa sabuni na ufuatiliaji wa ukuaji wa mtoto kwa wakati.,Ogeng’o tuoche mag taifoid kuom lwoko lwedo pile ka pile ka itiyo gi sabun kendo luwo dongruok mar nyathi e kinde mowinjore.
5275,Health,General,Parents should watch for high fever in children and seek cancer screening promptly.,Wazazi wanapaswa kuchunga homa kali kwa watoto na kutafuta uchunguzi wa saratani haraka.,Jonyuol onego orit ka nyithindgi nigi liet mang’eny kendo gidhi pim kansa mapiyo.
5276,Health,General,Anyone showing signs of malnutrition should also be checked for typhoid at a nearby clinic.,Yeyote anayeonyesha dalili za utapiamlo pia anapaswa kuchunguzwa kwa homa ya matumbo katika kliniki ya karibu.,Ng’at moro amora ma nyiso ranyisi mag chiemo ma ok owinjore bende onego otimne nonro mar tuo mar taifod e klinik man machiegni.
5277,Health,General,Free immunization services is available at government health facilities this week.,huduma za chanjo ya bure inapatikana katika vituo vya afya vya serikali wiki hii.,Tich mar chiwo thieth ma nono yudore e kuonde thieth mag sirkal e juma ni.
5278,Health,General,Outbreaks of measles are prevented through boiling drinking water and timely immunization services.,Milipuko ya surua huzuiwa kupitia kuchemsha maji ya kunywa na huduma za chanjo kwa wakati.,Gigeng’o tuoche mag ng’ut ng’ato kokalo kuom pi ma ng’ato madho ma ng’we ng’ar kod chiwo thieth e kinde mowinjore.
5279,Health,General,Visit a health facility if you experience symptoms of persistent cough.,Tembelea kituo cha afya iwapo utaona dalili za kikohozi cha kudumu.,Dhi e kar thieth ka iyudo ranyisi mag ahonda ma ok rum.
5280,Health,General,Parents should watch for high fever in children and seek child growth monitoring promptly.,Wazazi wanapaswa kuchunga homa kali kwa watoto na kutafuta ufuatiliaji wa ukuaji wa mtoto haraka.,Jonyuol onego orit ka be nitie liet maduong' e nyithindgi kendo giyud yore mag luwo dongruok mar nyithindgi mapiyo.
5281,Health,General,Parents should watch for high blood pressure in children and seek dental checkups promptly.,Wazazi wanapaswa kuchunga shinikizo la damu kwa watoto na kutafuta uchunguzi wa meno haraka.,Jonyuol onego orit ka be nyithindgi nigi presa ma malo mar remo kendo onego gidhi otimnegi nonro mar lak mapiyo.
5282,Health,General,Attend your nearest clinic for immunization services this month.,Hudhuria kliniki ya karibu kwa huduma za chanjo mwezi huu.,Dhi e klinik man machiegni kodi mondo iyud thieth mar thieth e dwe mar apar.
5283,Health,General,Talk to a health worker about adolescent reproductive health to protect your family's health.,Zungumza na mhudumu wa afya kuhusu afya ya uzazi kwa vijana ili kulinda afya ya familia yako.,Wuo gi jatich mar thieth kuom thieth mar nyuol mar joma tin mondo orit ngima mar joodu.
5284,Health,General,Parents should watch for anaemia in children and seek HIV testing promptly.,Wazazi wanapaswa kuchunga upungufu wa damu kwa watoto na kutafuta upimaji wa VVU haraka.,Jonyuol onego orit ka nyithindo nigi ng’ol mar remo kendo onego otimnegi pim mar HIV mapiyo.
5285,Health,General,Combine exclusive breastfeeding for six months with regular family planning services visits to stay healthy all year round.,Changanya kunyonyesha maziwa ya mama pekee kwa miezi sita na ziara za mara kwa mara za huduma za uzazi wa mpango ili kuwa na afya mwaka mzima.,Kod chiwo thuno makende kuom dweche auchiel kod limo ma pile ka pile mag chenro mag anyuola mondo ibed gi ngima maber e higa duto.
5286,Health,General,Parents should watch for high blood pressure in children and seek maternal health checkups promptly.,Wazazi wanapaswa kuchunga shinikizo la damu kwa watoto na kutafuta uchunguzi wa afya ya uzazi haraka.,Jonyuol onego orit ka be nyithindgi nigi presa ma malo mar remo kendo onego gidhi otimnegi pim mag thieth mapiyo.
5287,Health,General,Outbreaks of diarrhoeal disease are prevented through exclusive breastfeeding for six months and timely child growth monitoring.,Milipuko ya ugonjwa wa kuhara huzuiwa kupitia kunyonyesha maziwa ya mama pekee kwa miezi sita na ufuatiliaji wa ukuaji wa mtoto kwa wakati.,Tuwo mag ng’ol ogeng’ore kokalo kuom miyo nyathi thuolo mar pi kende kuom dweche auchiel kod luwo dongruok mar nyathi e kinde mowinjore.
5288,Health,General,Anyone showing signs of dehydration should also be checked for tuberculosis at a nearby clinic.,Yeyote anayeonyesha dalili za upungufu wa maji mwilini pia anapaswa kuchunguzwa kwa kifua kikuu katika kliniki ya karibu.,Ng’at ang’ata ma nyiso ranyisi mag bedo gi pi matin bende onego otimne nonro mar tuo mar TB e klinik man machiegni.
5289,Health,General,Combine using treated mosquito nets with regular HIV testing visits to stay healthy all year round.,Changanya kutumia vyandarua vilivyotibiwa na ziara za mara kwa mara za upimaji wa VVU ili kuwa na afya mwaka mzima.,Kod tiyo kod mtoka ma oseng’ado thieth kod limo pile ka pile mar timo pim mag HIV mondo ibed gi ngima maber higa duto.
5290,Health,General,Anyone showing signs of persistent cough should also be checked for malaria at a nearby clinic.,Yeyote anayeonyesha dalili za kikohozi cha kudumu pia anapaswa kuchunguzwa kwa malaria katika kliniki ya karibu.,Ng’at ang’ata ma nyiso ranyisi mag ng’ol ma ok rum bende onego otimne nonro mar maleria e klinik man machiegni.
5291,Health,General,Outbreaks of measles are prevented through safe food handling and timely child growth monitoring.,Milipuko ya surua huzuiwa kupitia utunzaji salama wa chakula na ufuatiliaji wa ukuaji wa mtoto kwa wakati.,Ogeng’o tuoche mag ng’ut ng’ato kokalo kuom tiyo maber gi chiemo kod luwo dongruok mar nyathi e kinde mowinjore.
5292,Health,General,Outbreaks of typhoid are prevented through using treated mosquito nets and timely family planning services.,Milipuko ya homa ya matumbo huzuiwa kupitia kutumia vyandarua vilivyotibiwa na huduma za uzazi wa mpango kwa wakati.,Gigeng’o tuoche mag taifoid kokalo kuom tiyo kod gik ma osetimnegi thieth kod tich ma itimo e kinde mowinjore mar loso chenro mar anyuola.
5293,Health,General,Outbreaks of pneumonia are prevented through safe food handling and timely HIV testing.,Milipuko ya nimonia huzuiwa kupitia utunzaji salama wa chakula na upimaji wa VVU kwa wakati.,Two mag pneumonia ogeng'o kokalo kuom tiyo maber gi chiemo kod timo pim mag HIV e wang' saa.
5294,Health,General,Parents should watch for anaemia in children and seek immunization services promptly.,Wazazi wanapaswa kuchunga upungufu wa damu kwa watoto na kutafuta huduma za chanjo haraka.,Jonyuol onego orit ka nyithindo nigi anemia kendo onego giyud kony mar thieth mapiyo.
5295,Health,General,Attend your nearest clinic for HIV testing this month.,Hudhuria kliniki ya karibu kwa upimaji wa VVU mwezi huu.,Dhi e klinik man machiegni kodi mondo itim pim mar HIV dwe mar apar.
5296,Health,General,Outbreaks of cholera are prevented through using treated mosquito nets and timely HIV testing.,Milipuko ya kipindupindu huzuiwa kupitia kutumia vyandarua vilivyotibiwa na upimaji wa VVU kwa wakati.,Gigeng’o tuoche mag kolera kokalo kuom tiyo kod gik ma itiyogo e geng’o suna kod timo pim mag HIV e kinde mowinjore.
5297,Health,General,Anyone showing signs of anaemia should also be checked for polio at a nearby clinic.,Yeyote anayeonyesha dalili za upungufu wa damu pia anapaswa kuchunguzwa kwa polio katika kliniki ya karibu.,Ng’at ang’ata ma nyiso ranyisi mag bedo gi remo matin bende onego otimne nonro mar polio e klinik man machiegni.
5298,Health,General,Outbreaks of whooping cough are prevented through using treated mosquito nets and timely maternal health checkups.,Milipuko ya kifaduro huzuiwa kupitia kutumia vyandarua vilivyotibiwa na uchunguzi wa afya ya uzazi kwa wakati.,Gigeng’o tuoche mag ng’ol ma ng’ato nyalo ng’ado kokalo kuom tiyo kod gik ma itiyogo e geng’o suna kod timo nonro mag ngima mar min e kinde mowinjore.
5299,Health,General,Attend your nearest clinic for maternal health checkups this month.,Hudhuria kliniki ya karibu kwa uchunguzi wa afya ya uzazi mwezi huu.,Dhi e klinik man machiegni kodi mondo itim nonro mar ngima mar min dwe ni.
5300,Health,General,Outbreaks of typhoid are prevented through using treated mosquito nets and timely dental checkups.,Milipuko ya homa ya matumbo huzuiwa kupitia kutumia vyandarua vilivyotibiwa na uchunguzi wa meno kwa wakati.,Ogeng’o tuoche mag taifoid kokalo kuom tiyo kod gik ma itiyogo e geng’o suna kod ng’iyo lak e kinde mowinjore.
5301,Health,General,Health workers recommend learning about safe pregnancy practices alongside practicing regular handwashing with soap at home.,Wahudumu wa afya wanapendekeza kujifunza kuhusu mazoezi salama ya ujauzito pamoja na kufanya kunawa mikono mara kwa mara kwa sabuni nyumbani.,Jotich mag thieth nyiso ni nyaka ipuonjri yore mabeyo mag bedo gi ich kaachiel gi puonjruok mar lwoko lwedo kinde ka kinde ka itiyo gi sabun e ot.
5302,Health,General,Combine safe food handling with regular HIV testing visits to stay healthy all year round.,Changanya utunzaji salama wa chakula na ziara za mara kwa mara za upimaji wa VVU ili kuwa na afya mwaka mzima.,Kod rito chiemo maber kod limo pile ka pile mar timo pim mar HIV mondo ibed gi ngima maber higa duto.
5303,Health,General,Parents should watch for diabetes symptoms in children and seek dental checkups promptly.,Wazazi wanapaswa kuchunga dalili za kisukari kwa watoto na kutafuta uchunguzi wa meno haraka.,Jonyuol onego orit ranyisi mag tuo mar sukari e nyithindgi kendo onego odhi otim nonro mar lak mapiyo.
5304,Health,General,Combine proper waste disposal with regular cancer screening visits to stay healthy all year round.,Changanya utupaji sahihi wa taka na ziara za mara kwa mara za uchunguzi wa saratani ili kuwa na afya mwaka mzima.,Kod keto yugi e yo makare kod limo pile pile mar pim kansa mondo ibed gi ngima maber higa duto.
5305,Health,General,Parents should watch for persistent cough in children and seek cancer screening promptly.,Wazazi wanapaswa kuchunga kikohozi cha kudumu kwa watoto na kutafuta uchunguzi wa saratani haraka.,Jonyuol onego orit ka nyathino nigi akweda ma ok rum kendo gidhi pim kansa mapiyo.
5306,Health,General,Anyone showing signs of high blood pressure should also be checked for cholera at a nearby clinic.,Yeyote anayeonyesha dalili za shinikizo la damu pia anapaswa kuchunguzwa kwa kipindupindu katika kliniki ya karibu.,Ng’at ang’ata ma nyiso ranyisi mag presa mamalo mar remo bende onego otimne nonro mar kolera e klinik man machiegni.
5307,Health,General,Health workers recommend learning about adolescent reproductive health alongside practicing regular handwashing with soap at home.,Wahudumu wa afya wanapendekeza kujifunza kuhusu afya ya uzazi kwa vijana pamoja na kufanya kunawa mikono mara kwa mara kwa sabuni nyumbani.,Jotich mag thieth nyiso ni onego opuonjre e wi thieth mar nyuol mar nyithindo ma rowere kaachiel gi puonjruok mar lwoko lwedo pile ka pile gi sabun e ot.
5308,Health,General,Health workers recommend learning about mental health support alongside practicing exclusive breastfeeding for six months at home.,Wahudumu wa afya wanapendekeza kujifunza kuhusu usaidizi wa afya ya akili pamoja na kufanya kunyonyesha maziwa ya mama pekee kwa miezi sita nyumbani.,Jotich mag thieth wacho ni onego opuonjre kuom konyo thieth mar paro kaachiel gi puonjruok mar miyo nyathi thuolo mar pi kende kuom dweche auchiel e ot.
5309,Health,General,Vaccinate your child against measles at your nearest health centre.,Chanja mtoto wako dhidi ya surua katika kituo cha afya cha karibu.,Chiw nyathini chanjo mar tuo mar ng’ut e kar thieth man machiegni kodi.
5310,Health,General,Combine boiling drinking water with regular maternal health checkups visits to stay healthy all year round.,Changanya kuchemsha maji ya kunywa na ziara za mara kwa mara za uchunguzi wa afya ya uzazi ili kuwa na afya mwaka mzima.,Kod pi ma ng’ich mar madho kod limo pile pile mar pim ngima mar min mondo obed gi ngima maber higa duto.
5311,Health,General,Parents should watch for high fever in children and seek family planning services promptly.,Wazazi wanapaswa kuchunga homa kali kwa watoto na kutafuta huduma za uzazi wa mpango haraka.,Jonyuol onego orit ka nyithindgi nigi liet mang’eny kendo gipenj kony mar keto chenro mar anyuola mapiyo.
5312,Health,General,Health workers recommend learning about nutrition for young children alongside practicing safe food handling at home.,Wahudumu wa afya wanapendekeza kujifunza kuhusu lishe kwa watoto wadogo pamoja na kufanya utunzaji salama wa chakula nyumbani.,Jotich mag thieth wacho ni onego opuonjre e wi chiemo ma nigi gik ma konyo nyithindo matindo kaachiel gi puonjruok kaka onego orit chiemo maber e ot.
5313,Health,General,Anyone showing signs of persistent cough should also be checked for diarrhoeal disease at a nearby clinic.,Yeyote anayeonyesha dalili za kikohozi cha kudumu pia anapaswa kuchunguzwa kwa ugonjwa wa kuhara katika kliniki ya karibu.,Ng’at ang’ata ma nyiso ranyisi mag ng’ol ma ok rum bende onego otimne nonro mondo ong’e ni en gi tuo mar ng’ol e klinik man machiegni.
5314,Health,General,Health workers recommend learning about mental health support alongside practicing boiling drinking water at home.,Wahudumu wa afya wanapendekeza kujifunza kuhusu usaidizi wa afya ya akili pamoja na kufanya kuchemsha maji ya kunywa nyumbani.,Jotich mag thieth nyiso ni onego opuonjre e wi konyo thieth mar paro kaachiel gi puonjruok mar pi ma ng’ato nyalo madho e ot.
5315,Health,General,Anyone showing signs of high fever should also be checked for malaria at a nearby clinic.,Yeyote anayeonyesha dalili za homa kali pia anapaswa kuchunguzwa kwa malaria katika kliniki ya karibu.,Ng’at ang’ata ma nyiso ranyisi mag liet maduong’ bende owinjore otimne maleria e klinik man machiegni.
5316,Security & Safety,General,Report any child abuse to the nearest police station immediately.,Ripoti unyanyasaji wa watoto yoyote kwa kituo cha polisi cha karibu mara moja.,Chiw ripot mar tim marach moro amora mar nyathi ne polisi man machiegni mapiyo.
5317,Security & Safety,General,Emergency responders are on standby to assist during flooding emergencies.,Wahudumu wa dharura wako tayari kusaidia wakati wa dharura za mafuriko.,Jogo ma konyo e kinde mag masira gin gi gombo mar konyo e kinde ma pi ma pong’o piny opong’o piny.
5318,Security & Safety,General,Anyone who witnesses arson during search and rescue operations should alert authorities immediately.,Yeyote anayeshuhudia uchomaji moto wa makusudi wakati wa operesheni za utafutaji na uokoaji anapaswa kuarifu mamlaka mara moja.,"Ng’at ang’ata ma neno ka ng’ato owang’o mach e kinde ma gidhi manyo kendo reso ji, onego onyis jotelo mapiyo."
5319,Security & Safety,General,"During mass gatherings, always keep emergency contacts on hand in case of flooding.","Wakati wa mikusanyiko mikubwa, weka nambari za dharura karibu endapo kutakuwa na mafuriko.","E kinde mag chokruok mag ji mang’eny, kinde duto bed gi jogo ma inyalo tudruokgo mapiyo ka pi opong’o piny."
5320,Security & Safety,General,"In light of recent a road accident cases, residents are reminded to follow school safety protocols.","Kutokana na visa vya hivi karibuni vya ajali ya barabarani, wakazi wanakumbushwa kufuata kanuni za usalama shuleni.","Kaluwore gi weche ma osetimore machiegni mag masira mag ndara, iparo ne jodak mondo oluw chike mag arita mag skul."
5321,Security & Safety,General,Anyone who witnesses theft during flooding emergencies should alert authorities immediately.,Yeyote anayeshuhudia wizi wakati wa dharura za mafuriko anapaswa kuarifu mamlaka mara moja.,Ng’at ang’ata ma neno kuo e kinde ma pi opong’o piny onego onyis jotelo mapiyo.
5322,Security & Safety,General,Communities facing landslides should follow public transport safety rules issued by county disaster teams.,Jamii zinazokabiliwa na maporomoko ya ardhi zinapaswa kufuata kanuni za usalama wa usafiri wa umma zilizotolewa na timu za maafa za kaunti.,Jodak ma yudo masira mag lowo onego oluw chike mag arita mag wuoth ma ji duto ogolo gi jotelo mag masira mag kaunti.
5323,Security & Safety,General,Follow curfew regulations to keep your community safe during the festive season.,Fuata kanuni za amri ya kutotoka nje kuweka jamii yako salama wakati wa msimu wa sherehe.,Luri kod chike mag kafiu mondo orit jodak mari e kinde mag nyasi.
5324,Security & Safety,General,Anyone who witnesses theft during severe weather events should alert authorities immediately.,Yeyote anayeshuhudia wizi wakati wa matukio makali ya hali ya hewa anapaswa kuarifu mamlaka mara moja.,Ng’at ang’ata ma neno kuo e kinde ma piny bedo mager ahinya onego onyis jotelo mapiyo.
5325,Security & Safety,General,"In light of recent arson cases, residents are reminded to follow workplace safety standards.","Kutokana na visa vya hivi karibuni vya uchomaji moto wa makusudi, wakazi wanakumbushwa kufuata viwango vya usalama mahali pa kazi.","Kaluwore gi weche ma osetimore machiegni mag wang’o ot, iparo ne jodak mondo oluw chike mag arita e kar tich."
5326,Security & Safety,General,Stay informed on civil unrest warnings and follow road safety guidelines to keep your family safe.,Endelea kufahamishwa kuhusu tahadhari za machafuko ya kiraia na ufuate miongozo ya usalama barabarani kuweka familia yako salama.,Bed gi ng’eyo kuom siem mag ng’anjo mag oganda kendo luwo chike mag arita mag yore mondo orit joodu obed gi arita.
5327,Security & Safety,General,Stay informed on flooding risk and follow fire safety precautions to keep your family safe.,Endelea kufahamishwa kuhusu hatari ya mafuriko na ufuate tahadhari za usalama wa moto kuweka familia yako salama.,Bed gi ng’eyo kuom gik ma nyalo kelo hinyruok e wi pi ma pong’o piny kendo luwo yore mag geng’o mach mondo orit joodu maber.
5328,Security & Safety,General,Stay informed on disease outbreak alerts and follow public transport safety rules to keep your family safe.,Endelea kufahamishwa kuhusu tahadhari za milipuko ya magonjwa na ufuate kanuni za usalama wa usafiri wa umma kuweka familia yako salama.,Bed gi ng'eyo matut kuom tuoche manyalo landore kendo luwo chike mag arita mag gari mar ji duto mondo orit joodu maber.
5329,Security & Safety,General,Stay alert for updates on severe weather warnings from official government channels.,Kaa macho kwa taarifa kuhusu tahadhari za hali mbaya ya hewa kutoka njia rasmi za serikali.,Bed gi ritruok mondo iyud weche manyien mag siem mag yamo mager mowuok e chanel mag sirkal.
5330,Security & Safety,General,Anyone who witnesses suspicious activity during flooding emergencies should alert authorities immediately.,Yeyote anayeshuhudia shughuli za kutiliwa shaka wakati wa dharura za mafuriko anapaswa kuarifu mamlaka mara moja.,Ng'at ang'ata maneno tim ma ji nyalo bedo gi kiawa e seche ma opong'o piny owinjore onyis jotelo mapiyo.
5331,Security & Safety,General,Stay informed on severe weather warnings and follow boat and lake safety rules to keep your family safe.,Endelea kufahamishwa kuhusu tahadhari za hali mbaya ya hewa na ufuate kanuni za usalama wa mashua na ziwa kuweka familia yako salama.,Bed gi ng’eyo kuom siem mag yamo mager kendo luwo chike mag arita mar yie kod nam mondo orit joodu maber.
5332,Security & Safety,General,Anyone who witnesses arson during fire disasters should alert authorities immediately.,Yeyote anayeshuhudia uchomaji moto wa makusudi wakati wa majanga ya moto anapaswa kuarifu mamlaka mara moja.,"Ng’at ang’ata ma neno ka ng’ato owang’o mach e kinde ma mach owang’o, onego onyis jotelo mapiyo."
5333,Security & Safety,General,Anyone who witnesses cybercrime during flooding emergencies should alert authorities immediately.,Yeyote anayeshuhudia uhalifu wa mtandaoni wakati wa dharura za mafuriko anapaswa kuarifu mamlaka mara moja.,Ng’at ang’ata ma neno tim marach mag mbui e kinde ma pi pong’o piny onego onyis jotelo mapiyo.
5334,Security & Safety,General,Communities facing drought should follow fire safety precautions issued by county disaster teams.,Jamii zinazokabiliwa na ukame zinapaswa kufuata tahadhari za usalama wa moto zilizotolewa na timu za maafa za kaunti.,Oganda maromo gi oro onego oluw okenge mag arita mar mach moketi gi riwruoge mag masira mag kaunti.
5335,Security & Safety,General,"During displacement crises, always keep emergency contacts on hand in case of building collapse risk.","Wakati wa migogoro ya kuhamishwa, weka nambari za dharura karibu endapo kutakuwa na hatari ya kuporomoka kwa jengo.","E kinde mag masira mag weyo udi, kinde duto bed gi jogo ma inyalo tudruokgo mapiyo ka ot nyalo kethore."
5336,Security & Safety,General,"In light of recent human trafficking cases, residents are reminded to follow boat and lake safety rules.","Kutokana na visa vya hivi karibuni vya usafirishaji haramu wa binadamu, wakazi wanakumbushwa kufuata kanuni za usalama wa mashua na ziwa.","Kaluwore gi kes mag ng’iewo dhano ma osetimore machiegni, iparo ne jodak mondo oluw chike mag rito yie kod nam."
5337,Security & Safety,General,Anyone who witnesses child abuse during search and rescue operations should alert authorities immediately.,Yeyote anayeshuhudia unyanyasaji wa watoto wakati wa operesheni za utafutaji na uokoaji anapaswa kuarifu mamlaka mara moja.,Ng’at ang’ata ma neno ka itimo ne nyathi timbe mag anjao e kinde ma itimo tije mag manyo kendo reso onego onyis jotelo mapiyo.
5338,Security & Safety,General,Stay informed on disease outbreak alerts and follow school safety protocols to keep your family safe.,Endelea kufahamishwa kuhusu tahadhari za milipuko ya magonjwa na ufuate kanuni za usalama shuleni kuweka familia yako salama.,Bed gi ng'eyo matut kuom weche mag tuoche kendo luwo chike mag arita mag skul mondo orit joodu maber.
5339,Security & Safety,General,Communities facing disease outbreaks should follow school safety protocols issued by county disaster teams.,Jamii zinazokabiliwa na milipuko ya magonjwa zinapaswa kufuata kanuni za usalama shuleni zilizotolewa na timu za maafa za kaunti.,Oganda maromo gi masira mag tuoche onego oluw chike mag arita mag skul ma ogolo gi riwruoge mag masira mag kaunti.
5340,Security & Safety,General,Follow road safety guidelines to keep your community safe during the festive season.,Fuata miongozo ya usalama barabarani kuweka jamii yako salama wakati wa msimu wa sherehe.,Luri gi chike mag arita mag yore mondo orit jodak mari e kinde mag nyasi.
5341,Security & Safety,General,"During road accident emergencies, always keep emergency contacts on hand in case of drought.","Wakati wa dharura za ajali za barabarani, weka nambari za dharura karibu endapo kutakuwa na ukame.","E kinde mag masira mag ndara, kinde duto bed gi jogo ma nyalo konyi e lweti ka ng’ato otho."
5342,Security & Safety,General,"In light of recent child abuse cases, residents are reminded to follow curfew regulations.","Kutokana na visa vya hivi karibuni vya unyanyasaji wa watoto, wakazi wanakumbushwa kufuata kanuni za amri ya kutotoka nje.","Kaluwore gi kes mag anjao ne nyithindo mosekalo, iparo ne jodak mondo oluw chike mag kafiu."
5343,Security & Safety,General,"In light of recent vandalism of public property cases, residents are reminded to follow workplace safety standards.","Kutokana na visa vya hivi karibuni vya uharibifu wa mali ya umma, wakazi wanakumbushwa kufuata viwango vya usalama mahali pa kazi.","Kaluwore gi weche ma osetimore machiegni mag ketho mwandu mag piny, iparo ne jodak mondo giluw chike mag rito gik moko e kar tich."
5344,Security & Safety,General,Communities facing fire outbreaks should follow public transport safety rules issued by county disaster teams.,Jamii zinazokabiliwa na milipuko ya moto zinapaswa kufuata kanuni za usalama wa usafiri wa umma zilizotolewa na timu za maafa za kaunti.,Oganda maromo gi tuwo mag mach onego oluw chike mag arita mag wuoth ma ji duto ogolo gi riwruoge mag masira mag kaunti.
5345,Security & Safety,General,"In light of recent arson cases, residents are reminded to follow curfew regulations.","Kutokana na visa vya hivi karibuni vya uchomaji moto wa makusudi, wakazi wanakumbushwa kufuata kanuni za amri ya kutotoka nje.","Kaluwore gi kes mag wang'o mach mosekalo, iparo ne jodak mondo oluw chike mag kafiu."
5346,Security & Safety,General,"In light of recent vandalism of public property cases, residents are reminded to follow public transport safety rules.","Kutokana na visa vya hivi karibuni vya uharibifu wa mali ya umma, wakazi wanakumbushwa kufuata kanuni za usalama wa usafiri wa umma.","Kaluwore gi kes ma osetimore machiegni mag ketho mwandu mag piny, iparo ne jodak mondo oluw chike mag rito gik ma ji nyalo ng’iewo."
5347,Security & Safety,General,Communities in flood-prone areas should prepare for flooding this rainy season.,Jamii katika maeneo yanayokumbwa na mafuriko zijiandae kwa mafuriko msimu huu wa mvua.,Jodak ma nitie kuonde ma pi nyalo pong’o piny onego oikre ne pi ma pong’o piny e kinde kothni.
5348,Security & Safety,General,Stay informed on flooding risk and follow curfew regulations to keep your family safe.,Endelea kufahamishwa kuhusu hatari ya mafuriko na ufuate kanuni za amri ya kutotoka nje kuweka familia yako salama.,Bed gi ng'eyo kuom gik manyalo kelo luoro mar pi ma pong'o piny kendo luwo chike mag kafiu mondo orit joodu maber.
5349,Security & Safety,General,"In light of recent arson cases, residents are reminded to follow school safety protocols.","Kutokana na visa vya hivi karibuni vya uchomaji moto wa makusudi, wakazi wanakumbushwa kufuata kanuni za usalama shuleni.","Kaluwore gi weche ma osetimore machiegni mag wang’o ot, iparo ne jodak mondo oluw chike mag arita mag skul."
5350,Security & Safety,General,Emergency responders are on standby to assist during displacement crises.,Wahudumu wa dharura wako tayari kusaidia wakati wa migogoro ya kuhamishwa.,Jogo ma konyo e kinde mag masira gin gi gombo mar konyo e kinde mag masira mag jodak.
5351,Security & Safety,General,Anyone who witnesses child abuse during displacement crises should alert authorities immediately.,Yeyote anayeshuhudia unyanyasaji wa watoto wakati wa migogoro ya kuhamishwa anapaswa kuarifu mamlaka mara moja.,"Ng’at ang’ata ma neno ka itimo ne nyithindo timbe mag anjao e kinde ma ji odak e udigi, onego onyis jotelo mapiyo."
5352,Security & Safety,General,"During severe weather events, always keep emergency contacts on hand in case of water contamination.","Wakati wa matukio makali ya hali ya hewa, weka nambari za dharura karibu endapo kutakuwa na uchafuzi wa maji.","E kinde ma piny bedo mager ahinya, kinde duto bed gi jogo ma inyalo tudruokgo mapiyo mondo kik pi okethore."
5353,Security & Safety,General,Anyone who witnesses domestic violence during search and rescue operations should alert authorities immediately.,Yeyote anayeshuhudia unyanyasaji wa nyumbani wakati wa operesheni za utafutaji na uokoaji anapaswa kuarifu mamlaka mara moja.,Ng’at ang’ata ma neno tim gero mag ot e kinde ma itimo tije mag manyo kendo reso ji onego onyis jotelo mapiyo.
5354,Security & Safety,General,"During fire disasters, always keep emergency contacts on hand in case of lightning strikes.","Wakati wa majanga ya moto, weka nambari za dharura karibu endapo kutakuwa na mapigo ya radi.","E kinde mag masiche mag mach, kinde duto bed gi jogo ma inyalo tudruokgo mapiyo ka mil polo omako."
5355,Security & Safety,General,Anyone who witnesses vandalism of public property during flooding emergencies should alert authorities immediately.,Yeyote anayeshuhudia uharibifu wa mali ya umma wakati wa dharura za mafuriko anapaswa kuarifu mamlaka mara moja.,"Ng’at ang’ata ma neno ka ji ketho mwandu mag piny e kinde ma pi opong’o piny, onego onyis jotelo mapiyo."
5356,Security & Safety,General,Communities facing drought should follow school safety protocols issued by county disaster teams.,Jamii zinazokabiliwa na ukame zinapaswa kufuata kanuni za usalama shuleni zilizotolewa na timu za maafa za kaunti.,Oganda maromo gi oro onego oluw chike mag arita mag skul ma ogol gi jokanyo mag kaunti mag masira.
5357,Security & Safety,General,Communities facing drought should follow workplace safety standards issued by county disaster teams.,Jamii zinazokabiliwa na ukame zinapaswa kufuata viwango vya usalama mahali pa kazi zilizotolewa na timu za maafa za kaunti.,Oganda maromo gi oro onego oluw chike mag arita mag kuonde tich ma ogol gi jokanyo mag kaunti mag masira.
5358,Security & Safety,General,Emergency responders are on standby to assist during disease outbreaks.,Wahudumu wa dharura wako tayari kusaidia wakati wa milipuko ya magonjwa.,Jogo ma konyo e kinde mag masira gin gi gombo mar konyo e kinde ma tuoche opong’o piny.
5359,Security & Safety,General,"During road accident emergencies, always keep emergency contacts on hand in case of strong winds.","Wakati wa dharura za ajali za barabarani, weka nambari za dharura karibu endapo kutakuwa na upepo mkali.","E kinde mag masira mag ndara, kinde duto bed gi jogo ma nyalo konyi e lweti ka yamo matek owuok."
5360,Security & Safety,General,Communities facing drought should follow curfew regulations issued by county disaster teams.,Jamii zinazokabiliwa na ukame zinapaswa kufuata kanuni za amri ya kutotoka nje zilizotolewa na timu za maafa za kaunti.,Oganda maromo gi oro onego oluw chike mag kafiu moketi gi riwruoge mag masira mag kaunti.
5361,Security & Safety,General,"During disease outbreaks, always keep emergency contacts on hand in case of disease outbreaks.","Wakati wa milipuko ya magonjwa, weka nambari za dharura karibu endapo kutakuwa na milipuko ya magonjwa.","E kinde ma tuoche pong’o piny, kinde duto bed gi jogo ma inyalo tudruokgo mapiyo ka tuoche pong’o piny."
5362,Security & Safety,General,Stay informed on wildfire risk and follow fire safety precautions to keep your family safe.,Endelea kufahamishwa kuhusu hatari ya moto wa mwituni na ufuate tahadhari za usalama wa moto kuweka familia yako salama.,Bed gi ng’eyo matut kuom gik ma nyalo kelo mach e bungu kendo luwo okenge mag arita mar mach mondo orit joodu maber.
5363,Security & Safety,General,Follow workplace safety standards to keep your community safe during the festive season.,Fuata viwango vya usalama mahali pa kazi kuweka jamii yako salama wakati wa msimu wa sherehe.,Luri gi chike mag arita mag kuonde tich mondo orit jodak mari e kinde mag nyasi.
5364,Security & Safety,General,"During flooding emergencies, always keep emergency contacts on hand in case of lightning strikes.","Wakati wa dharura za mafuriko, weka nambari za dharura karibu endapo kutakuwa na mapigo ya radi.","E kinde mag masira mag pi ma pong’o piny, kinde duto bed gi jogo ma nyalo konyi e lweti kapo ni mil polo omako."
5365,Security & Safety,General,"In light of recent armed robbery cases, residents are reminded to follow workplace safety standards.","Kutokana na visa vya hivi karibuni vya unyang'anyi wa kutumia silaha, wakazi wanakumbushwa kufuata viwango vya usalama mahali pa kazi.","Kaluwore gi kes mag kuo ma osetimore machiegni, iparo ne jodak mondo oluw chike mag arita e kar tich."
5366,Security & Safety,General,Prepare an emergency kit in case of disease outbreaks in your area.,Andaa vifaa vya dharura endapo kutakuwa na milipuko ya magonjwa eneo lako.,Inyalo loso gik ma inyalo tiyogo mapiyo ka tuoche ochako pong’o piny e alworau.
5367,Security & Safety,General,Contact the Kenya Red Cross for assistance during mass gatherings.,Wasiliana na Msalaba Mwekundu wa Kenya kwa msaada wakati wa mikusanyiko mikubwa.,Tudri kod Red Cross mar Kenya mondo iyud kony e kinde mag chokruok mathoth.
5368,Security & Safety,General,Communities facing flooding should follow curfew regulations issued by county disaster teams.,Jamii zinazokabiliwa na mafuriko zinapaswa kufuata kanuni za amri ya kutotoka nje zilizotolewa na timu za maafa za kaunti.,Jodak maromo gi pi ma pong'o piny onego oluw chike mag kafiu ma ogol gi jotend masira mag kaunti.
5369,Security & Safety,General,"In light of recent cybercrime cases, residents are reminded to follow boat and lake safety rules.","Kutokana na visa vya hivi karibuni vya uhalifu wa mtandaoni, wakazi wanakumbushwa kufuata kanuni za usalama wa mashua na ziwa.","Kaluwore gi kes ma osetimore machiegni mag ketho mbui, iparo ne jodak mondo oluw chike mag rito yie kod nam."
5370,Security & Safety,General,Communities facing flooding should follow fire safety precautions issued by county disaster teams.,Jamii zinazokabiliwa na mafuriko zinapaswa kufuata tahadhari za usalama wa moto zilizotolewa na timu za maafa za kaunti.,Oganda maromo gi pi ma pong'o piny onego oluw okenge mag arita mar mach moketi gi riwruoge mag masira mag kaunti.
5371,Security & Safety,General,Communities facing water contamination should follow workplace safety standards issued by county disaster teams.,Jamii zinazokabiliwa na uchafuzi wa maji zinapaswa kufuata viwango vya usalama mahali pa kazi zilizotolewa na timu za maafa za kaunti.,Jodak ma yudo pek mag pi onego oluw chike mag arita mag kuonde tich ma ogol gi jokanyo mag kaunti mag masira.
5372,Security & Safety,General,"In light of recent cybercrime cases, residents are reminded to follow road safety guidelines.","Kutokana na visa vya hivi karibuni vya uhalifu wa mtandaoni, wakazi wanakumbushwa kufuata miongozo ya usalama barabarani.","Kaluwore gi kes ma osetimore machiegni mag ketho mbui, iparo ne jodak mondo oluw chike mag rito yore."
5373,Security & Safety,General,"During displacement crises, always keep emergency contacts on hand in case of landslides.","Wakati wa migogoro ya kuhamishwa, weka nambari za dharura karibu endapo kutakuwa na maporomoko ya ardhi.","E kinde mag masira mag weyo udigi, kinde duto bed gi jogo ma inyalo tudruokgo mapiyo ka piny otur."
5374,Security & Safety,General,Anyone who witnesses armed robbery during road accident emergencies should alert authorities immediately.,Yeyote anayeshuhudia unyang'anyi wa kutumia silaha wakati wa dharura za ajali za barabarani anapaswa kuarifu mamlaka mara moja.,"Ng’at ang’ata ma neno ka ji kuo gi gik lweny e kinde ma masira mag ndara timore mapiyo, onego onyis jotelo mapiyo."
5375,Security & Safety,General,Stay alert for updates on disease outbreak alerts from official government channels.,Kaa macho kwa taarifa kuhusu tahadhari za milipuko ya magonjwa kutoka njia rasmi za serikali.,Bed gi ritruok mondo iyud weche ma nyasani ewi lendo mag tuoche mowuok e chanel ma sirkal mapile.
5376,Security & Safety,General,Stay informed on landslide risk and follow boat and lake safety rules to keep your family safe.,Endelea kufahamishwa kuhusu hatari ya maporomoko ya ardhi na ufuate kanuni za usalama wa mashua na ziwa kuweka familia yako salama.,Bed gi ng’eyo kuom gik ma nyalo kelo luoro mar ng’anjo mar piny kendo luwo chike mag arita mag yie kod nam mondo orit joodu maber.
5377,Security & Safety,General,Communities in flood-prone areas should prepare for strong winds this rainy season.,Jamii katika maeneo yanayokumbwa na mafuriko zijiandae kwa upepo mkali msimu huu wa mvua.,Jodak ma nitie kuonde ma pi mang’eny nyalo pong’o piny onego oikre ne yamo matek e kinde kothni.
5378,Security & Safety,General,Communities facing fire outbreaks should follow boat and lake safety rules issued by county disaster teams.,Jamii zinazokabiliwa na milipuko ya moto zinapaswa kufuata kanuni za usalama wa mashua na ziwa zilizotolewa na timu za maafa za kaunti.,Oganda maromo gi mach onego oluw chike mag arita mag yie kod nam ma ogol gi jokanyo mag kaunti mag masira.
5379,Security & Safety,General,Stay informed on wildfire risk and follow school safety protocols to keep your family safe.,Endelea kufahamishwa kuhusu hatari ya moto wa mwituni na ufuate kanuni za usalama shuleni kuweka familia yako salama.,Bed gi ng’eyo matut kuom gik ma nyalo kelo mach e bungu kendo luwo chike mag skul mondo orit joodu obed gi arita.
5380,Security & Safety,General,"During fire disasters, always keep emergency contacts on hand in case of building collapse risk.","Wakati wa majanga ya moto, weka nambari za dharura karibu endapo kutakuwa na hatari ya kuporomoka kwa jengo.","E kinde mag masiche mag mach, kinde duto bed gi jogo ma inyalo tudruokgo mapiyo ka ot nyalo kethore."
5381,Security & Safety,General,Stay alert for updates on civil unrest warnings from official government channels.,Kaa macho kwa taarifa kuhusu tahadhari za machafuko ya kiraia kutoka njia rasmi za serikali.,Bed gi ritruok mar yudo weche manyien ewi siem mag anjao mag oganda kowuok e chanel mag sirkal.
5382,Security & Safety,General,"During search and rescue operations, always keep emergency contacts on hand in case of drought.","Wakati wa operesheni za utafutaji na uokoaji, weka nambari za dharura karibu endapo kutakuwa na ukame.","E kinde mag manyo kendo reso ji, kinde duto bed gi jogo ma inyalo tudruokgo mapiyo ka ng’ato otho."
5383,Security & Safety,General,Report any human trafficking to the nearest police station immediately.,Ripoti usafirishaji haramu wa binadamu yoyote kwa kituo cha polisi cha karibu mara moja.,Chiw ripot mar ohala moro amora mar ohala dhano ne obila man machiegni mapiyo.
5384,Security & Safety,General,Anyone who witnesses human trafficking during mass gatherings should alert authorities immediately.,Yeyote anayeshuhudia usafirishaji haramu wa binadamu wakati wa mikusanyiko mikubwa anapaswa kuarifu mamlaka mara moja.,Ng’at ang’ata maneno ka ji uso dhano e kinde ma ji mang’eny romoe owinjore onyis jotelo mapiyo.
5385,Security & Safety,General,Motorists and pedestrians alike must observe road safety guidelines at all times.,Madereva na waenda kwa miguu wanapaswa kuzingatia miongozo ya usalama barabarani wakati wote.,Joma riembo nyamburko kod joma wuotho ​​gi tiendgi nyaka luwo chike mag rito yore kinde duto.
5386,Security & Safety,General,"In light of recent vandalism of public property cases, residents are reminded to follow curfew regulations.","Kutokana na visa vya hivi karibuni vya uharibifu wa mali ya umma, wakazi wanakumbushwa kufuata kanuni za amri ya kutotoka nje.","Kaluwore gi kes mag ketho mwandu mag piny, iparo ne jodak mondo oluw chike mag kafiu."
5387,Security & Safety,General,Stay informed on cybersecurity threats and follow crowd safety measures to keep your family safe.,Endelea kufahamishwa kuhusu vitisho vya usalama wa mtandao na ufuate hatua za usalama wa umati kuweka familia yako salama.,Bed gi ng’eyo matut kuom gik ma nyalo kelo luoro e yor mbui kendo luwo okenge mag arita mag oganda mondo orit joodu maber.
5388,Security & Safety,General,Stay informed on cybersecurity threats and follow boat and lake safety rules to keep your family safe.,Endelea kufahamishwa kuhusu vitisho vya usalama wa mtandao na ufuate kanuni za usalama wa mashua na ziwa kuweka familia yako salama.,Bed gi ng’eyo matut kuom gik ma nyalo kelo luoro e yor mbui kendo luwo chike mag rito yie kod nam mondo orit joodu obed gi arita.
5389,Security & Safety,General,"During fire disasters, always keep emergency contacts on hand in case of water contamination.","Wakati wa majanga ya moto, weka nambari za dharura karibu endapo kutakuwa na uchafuzi wa maji.","E kinde mag masiche mag mach, kinde duto bed gi jogo ma inyalo tudruokgo mapiyo ka pi okethore."
5390,Security & Safety,General,"During mass gatherings, always keep emergency contacts on hand in case of drought.","Wakati wa mikusanyiko mikubwa, weka nambari za dharura karibu endapo kutakuwa na ukame.","E kinde mag chokruok mag ji mang’eny, kinde duto bed gi jogo ma inyalo tudruokgo mapiyo ka ng’ato otho."
5391,Security & Safety,General,Report any domestic violence to the nearest police station immediately.,Ripoti unyanyasaji wa nyumbani yoyote kwa kituo cha polisi cha karibu mara moja.,Chiw ripot mar tim gero moro amora e ot ne obila man machiegni mapiyo.
5392,Security & Safety,General,Contact the Kenya Red Cross for assistance during disease outbreaks.,Wasiliana na Msalaba Mwekundu wa Kenya kwa msaada wakati wa milipuko ya magonjwa.,Tudri kod Red Cross mar piny Kenya mondo iyud kony e seche ma tuoche opong'o piny.
5393,Security & Safety,General,Prepare an emergency kit in case of fire outbreaks in your area.,Andaa vifaa vya dharura endapo kutakuwa na milipuko ya moto eneo lako.,Inyalo loso gik ma inyalo tiyogo mapiyo ka mach owang’ e alworau.
5394,Security & Safety,General,Communities facing disease outbreaks should follow workplace safety standards issued by county disaster teams.,Jamii zinazokabiliwa na milipuko ya magonjwa zinapaswa kufuata viwango vya usalama mahali pa kazi zilizotolewa na timu za maafa za kaunti.,Oganda ma yudo masira mag tuoche onego oluw chike mag arita mag kuonde tich ma ogol gi jokanyo mag kaunti mag masira.
5395,Security & Safety,General,"During road accident emergencies, always keep emergency contacts on hand in case of disease outbreaks.","Wakati wa dharura za ajali za barabarani, weka nambari za dharura karibu endapo kutakuwa na milipuko ya magonjwa.","E kinde mag masira mag ndara, kinde duto bed gi jogo ma inyalo tudruokgo mapiyo ka tuoche owuok."
5396,Security & Safety,General,Anyone who witnesses suspicious activity during search and rescue operations should alert authorities immediately.,Yeyote anayeshuhudia shughuli za kutiliwa shaka wakati wa operesheni za utafutaji na uokoaji anapaswa kuarifu mamlaka mara moja.,Ng'at ang'ata maneno tim ma omiye kiawa e seche mag manyo kod reso onego onyis jotelo mapiyo.
5397,Security & Safety,General,"During search and rescue operations, always keep emergency contacts on hand in case of disease outbreaks.","Wakati wa operesheni za utafutaji na uokoaji, weka nambari za dharura karibu endapo kutakuwa na milipuko ya magonjwa.","E kinde mag manyo kendo reso ji, kinde duto bed gi jogo ma inyalo tudorego mapiyo kapo ni tuoche moko owuok."
5398,Security & Safety,General,"In light of recent human trafficking cases, residents are reminded to follow public transport safety rules.","Kutokana na visa vya hivi karibuni vya usafirishaji haramu wa binadamu, wakazi wanakumbushwa kufuata kanuni za usalama wa usafiri wa umma.","Kaluwore gi kes mag ng’iewo dhano ma osetimore machiegni, iparo ne jodak mondo oluw chike mag arita mag wuotho ​​ma ji duto nyalo ng’iewo."
5399,Security & Safety,General,Stay informed on flooding risk and follow workplace safety standards to keep your family safe.,Endelea kufahamishwa kuhusu hatari ya mafuriko na ufuate viwango vya usalama mahali pa kazi kuweka familia yako salama.,Bed gi ng’eyo kuom gik ma nyalo kelo hinyruok e wi pi ma pong’o piny kendo luwo chike mag rito gik moko e kar tich mondo orit joodu obed gi arita.
5400,Security & Safety,General,"During disease outbreaks, always keep emergency contacts on hand in case of flooding.","Wakati wa milipuko ya magonjwa, weka nambari za dharura karibu endapo kutakuwa na mafuriko.","E kinde ma tuoche pong’o piny, kinde duto bed gi jogo ma inyalo tudruokgo mapiyo ka pi opong’o piny."
5401,Security & Safety,General,Communities facing disease outbreaks should follow public transport safety rules issued by county disaster teams.,Jamii zinazokabiliwa na milipuko ya magonjwa zinapaswa kufuata kanuni za usalama wa usafiri wa umma zilizotolewa na timu za maafa za kaunti.,Oganda ma yudo masira mag tuoche onego oluw chike mag arita mag wuoth ma ji duto ogolo gi riwruoge mag masira mag kaunti.
5402,Security & Safety,General,Residents are urged to report armed robbery through the county emergency hotline.,Wakazi wanahimizwa kuripoti unyang'anyi wa kutumia silaha kupitia laini ya dharura ya kaunti.,Jodak ikwayo mondo ogol ripot mar kuo ma nigi gik lweny kokalo kuom namba mar ng’ado bura mapiyo e kaunti.
5403,Security & Safety,General,The National Disaster Operations Centre has issued an update on security threats.,Kituo cha Kitaifa cha Uendeshaji wa Maafa kimetoa taarifa kuhusu vitisho vya usalama.,Ofis mar piny mangima ma rito masira osegolo wach manyien kuom gik ma nyalo kelo luoro e arita.
5404,Security & Safety,General,Communities facing water contamination should follow public transport safety rules issued by county disaster teams.,Jamii zinazokabiliwa na uchafuzi wa maji zinapaswa kufuata kanuni za usalama wa usafiri wa umma zilizotolewa na timu za maafa za kaunti.,Jodak ma yudo pek mag pi onego oluw chike mag arita mag wuoth ma ji duto ogolo gi jotelo mag kaunti mag masira.
5405,Security & Safety,General,Communities facing lightning strikes should follow public transport safety rules issued by county disaster teams.,Jamii zinazokabiliwa na mapigo ya radi zinapaswa kufuata kanuni za usalama wa usafiri wa umma zilizotolewa na timu za maafa za kaunti.,Jodak ma yudo masira mag mil polo onego oluw chike mag arita mag wuoth ma ji duto ogolo gi jotelo mag masira mag kaunti.
5406,Security & Safety,General,"In light of recent domestic violence cases, residents are reminded to follow school safety protocols.","Kutokana na visa vya hivi karibuni vya unyanyasaji wa nyumbani, wakazi wanakumbushwa kufuata kanuni za usalama shuleni.","Kaluwore gi kes mag tulo mag ot ma osetimore machiegni, iparo ne jodak mondo oluw chike mag arita mag skul."
5407,Security & Safety,General,Contact the Kenya Red Cross for assistance during fire disasters.,Wasiliana na Msalaba Mwekundu wa Kenya kwa msaada wakati wa majanga ya moto.,Tudri kod Red Cross mar piny Kenya mondo iyud kony e seche ma masiche mag mach timore.
5408,Security & Safety,General,Communities in flood-prone areas should prepare for landslides this rainy season.,Jamii katika maeneo yanayokumbwa na mafuriko zijiandae kwa maporomoko ya ardhi msimu huu wa mvua.,Jodak ma ni e kuonde ma pi mang’eny nyalo pong’o piny onego oikre ne ng’anjo mag piny e kinde koth.
5409,Security & Safety,General,Communities facing lightning strikes should follow fire safety precautions issued by county disaster teams.,Jamii zinazokabiliwa na mapigo ya radi zinapaswa kufuata tahadhari za usalama wa moto zilizotolewa na timu za maafa za kaunti.,Oganda maromo gi mil polo onego oluw okenge mag arita mag mach ma ogol gi jokanyo mag kaunti mag masira.
5410,Security & Safety,General,"During displacement crises, always keep emergency contacts on hand in case of lightning strikes.","Wakati wa migogoro ya kuhamishwa, weka nambari za dharura karibu endapo kutakuwa na mapigo ya radi.","E kinde mag masira mag weyo udigi, kinde duto bed gi jogo ma inyalo tudruokgo mapiyo kapo ni mil polo omako."
5411,Security & Safety,General,Emergency responders are on standby to assist during fire disasters.,Wahudumu wa dharura wako tayari kusaidia wakati wa majanga ya moto.,Jogo ma konyo e kinde mag masira gin moikre mar konyo e seche ma mach wuok.
5412,Security & Safety,General,Communities facing fire outbreaks should follow road safety guidelines issued by county disaster teams.,Jamii zinazokabiliwa na milipuko ya moto zinapaswa kufuata miongozo ya usalama barabarani zilizotolewa na timu za maafa za kaunti.,Oganda maromo gi midhiero mag mach onego oluw chike mag arita mag yore ogol gi riwruoge mag masira mag kaunti.
5413,Security & Safety,General,"In light of recent domestic violence cases, residents are reminded to follow crowd safety measures.","Kutokana na visa vya hivi karibuni vya unyanyasaji wa nyumbani, wakazi wanakumbushwa kufuata hatua za usalama wa umati.","Kaluwore gi kes mag tulo mag ot ma osetimore machiegni, iparo ne jodak mondo oluw okenge mag arita mag oganda."
5414,Security & Safety,General,Follow crowd safety measures to keep your community safe during the festive season.,Fuata hatua za usalama wa umati kuweka jamii yako salama wakati wa msimu wa sherehe.,Luri gi okenge mag arita mar oganda mondo orit jodak mari e kinde mag nyasi.
5415,Security & Safety,General,"During mass gatherings, always keep emergency contacts on hand in case of lightning strikes.","Wakati wa mikusanyiko mikubwa, weka nambari za dharura karibu endapo kutakuwa na mapigo ya radi.","E kinde mag chokruok mag ji mang’eny, kinde duto bed gi jogo ma inyalo tudruokgo mapiyo kapo ni mil polo omako."
5416,Security & Safety,General,Anyone who witnesses cybercrime during road accident emergencies should alert authorities immediately.,Yeyote anayeshuhudia uhalifu wa mtandaoni wakati wa dharura za ajali za barabarani anapaswa kuarifu mamlaka mara moja.,"Ng’at ang’ata ma neno tim marach mag mbui e kinde ma masira mag ndara timore mapiyo, onego onyis jotelo mapiyo."
5417,Security & Safety,General,Communities facing strong winds should follow boat and lake safety rules issued by county disaster teams.,Jamii zinazokabiliwa na upepo mkali zinapaswa kufuata kanuni za usalama wa mashua na ziwa zilizotolewa na timu za maafa za kaunti.,Jodak ma yudo yamo matek onego oluw chike mag arita mag yie kod nam ma ogol gi riwruoge mag kaunti mag masira.
5418,Security & Safety,General,Stay informed on security threats and follow workplace safety standards to keep your family safe.,Endelea kufahamishwa kuhusu vitisho vya usalama na ufuate viwango vya usalama mahali pa kazi kuweka familia yako salama.,Bed gi ng’eyo kuom gik ma nyalo ketho arita kendo luwo chike mag arita e kar tich mondo orit joodu obed gi arita.
5419,Security & Safety,General,Communities facing strong winds should follow school safety protocols issued by county disaster teams.,Jamii zinazokabiliwa na upepo mkali zinapaswa kufuata kanuni za usalama shuleni zilizotolewa na timu za maafa za kaunti.,Jodak ma yudo yamo matek onego oluw chike mag arita mag skul ma ogol gi jokanyo mag kaunti mag masira.
5420,Security & Safety,General,Stay informed on severe weather warnings and follow crowd safety measures to keep your family safe.,Endelea kufahamishwa kuhusu tahadhari za hali mbaya ya hewa na ufuate hatua za usalama wa umati kuweka familia yako salama.,Bed gi ng'eyo kuom siem mag yamo mager kendo luwo okenge mag arita mag oganda mondo orit joodu maber.
5421,Security & Safety,General,Stay informed on landslide risk and follow public transport safety rules to keep your family safe.,Endelea kufahamishwa kuhusu hatari ya maporomoko ya ardhi na ufuate kanuni za usalama wa usafiri wa umma kuweka familia yako salama.,Bed gi ng’eyo matut kuom gik ma nyalo kelo hinyruok e wi lowo kendo luwo chike mag arita mag wuotho ​​mag ji duto mondo orit joodu maber.
5422,Security & Safety,General,"In light of recent a road accident cases, residents are reminded to follow road safety guidelines.","Kutokana na visa vya hivi karibuni vya ajali ya barabarani, wakazi wanakumbushwa kufuata miongozo ya usalama barabarani.","Kaluwore gi weche ma osetimore machiegni mag masira mag ndara, iparo ne jodak mondo oluw chike mag rito ndara."
5423,Security & Safety,General,"In light of recent human trafficking cases, residents are reminded to follow curfew regulations.","Kutokana na visa vya hivi karibuni vya usafirishaji haramu wa binadamu, wakazi wanakumbushwa kufuata kanuni za amri ya kutotoka nje.","Kaluwore gi kes mag uso dhano ma osetimore machiegni, iparo ne jodak mondo oluw chike mag kafiu."
5424,Security & Safety,General,Anyone who witnesses vandalism of public property during severe weather events should alert authorities immediately.,Yeyote anayeshuhudia uharibifu wa mali ya umma wakati wa matukio makali ya hali ya hewa anapaswa kuarifu mamlaka mara moja.,"Ng’at ang’ata ma neno ka ji ketho mwandu mag piny e kinde ma piny bedo mager, onego onyis jotelo mapiyo."
5425,Security & Safety,General,"In light of recent domestic violence cases, residents are reminded to follow public transport safety rules.","Kutokana na visa vya hivi karibuni vya unyanyasaji wa nyumbani, wakazi wanakumbushwa kufuata kanuni za usalama wa usafiri wa umma.","Kaluwore gi weche ma osetimore machiegni mag ng’anjo e ot, iparo ne jodak mondo oluw chike mag rito ng’ato e wuoth ma ji duto tiyogo."
5426,Security & Safety,General,Communities facing lightning strikes should follow workplace safety standards issued by county disaster teams.,Jamii zinazokabiliwa na mapigo ya radi zinapaswa kufuata viwango vya usalama mahali pa kazi zilizotolewa na timu za maafa za kaunti.,Jodak ma yudo masira mag mil polo onego oluw chike mag arita mag kar tich ma ogol gi jokanyo mag kaunti mag masira.
5427,Security & Safety,General,Stay informed on civil unrest warnings and follow school safety protocols to keep your family safe.,Endelea kufahamishwa kuhusu tahadhari za machafuko ya kiraia na ufuate kanuni za usalama shuleni kuweka familia yako salama.,Bed gi ng’eyo kuom siem mag ng’anjo mag oganda kendo luwo chike mag arita mag skul mondo orit joodu obed gi arita.
5428,Security & Safety,General,Stay informed on flooding risk and follow public transport safety rules to keep your family safe.,Endelea kufahamishwa kuhusu hatari ya mafuriko na ufuate kanuni za usalama wa usafiri wa umma kuweka familia yako salama.,Bed gi ng’eyo matut kuom gik ma nyalo kelo hinyruok e wi pi ma pong’o piny kendo luwo chike mag rito gik ma ji nyalo ng’ado mondo orit joodu obed gi arita.
5429,Security & Safety,General,Communities facing lightning strikes should follow boat and lake safety rules issued by county disaster teams.,Jamii zinazokabiliwa na mapigo ya radi zinapaswa kufuata kanuni za usalama wa mashua na ziwa zilizotolewa na timu za maafa za kaunti.,Jodak ma yudo masira mag mil polo onego oluw chike mag arita mag yie kod nam ma ogol gi riwruoge mag masira mag kaunti.
5430,Security & Safety,General,Anyone who witnesses vandalism of public property during search and rescue operations should alert authorities immediately.,Yeyote anayeshuhudia uharibifu wa mali ya umma wakati wa operesheni za utafutaji na uokoaji anapaswa kuarifu mamlaka mara moja.,"Ng’at ang’ata ma neno ka ng’ato oketho mwandu mag piny e kinde ma gidhi manyo kendo reso ji, onego onyis jotelo mapiyo."
5431,Security & Safety,General,Anyone who witnesses child abuse during flooding emergencies should alert authorities immediately.,Yeyote anayeshuhudia unyanyasaji wa watoto wakati wa dharura za mafuriko anapaswa kuarifu mamlaka mara moja.,Ng’at ang’ata ma neno ka itimo ne nyathi timbe mag anjao e kinde ma pi opong’o piny onego onyis jotelo mapiyo.
5432,Security & Safety,General,Anyone who witnesses domestic violence during disease outbreaks should alert authorities immediately.,Yeyote anayeshuhudia unyanyasaji wa nyumbani wakati wa milipuko ya magonjwa anapaswa kuarifu mamlaka mara moja.,"Ng’at ang’ata ma neno tim gero mag ot e kinde ma tuoche opong’o piny, onego onyis jotelo mapiyo."
5433,Security & Safety,General,Motorists and pedestrians alike must observe crowd safety measures at all times.,Madereva na waenda kwa miguu wanapaswa kuzingatia hatua za usalama wa umati wakati wote.,Joma riembo nyamburko kod joma wuotho ​​e tiendgi nyaka luwo okenge mag arita mag oganda kinde duto.
5434,Security & Safety,General,Communities facing building collapse risk should follow curfew regulations issued by county disaster teams.,Jamii zinazokabiliwa na hatari ya kuporomoka kwa jengo zinapaswa kufuata kanuni za amri ya kutotoka nje zilizotolewa na timu za maafa za kaunti.,Oganda maromo gi arita mar ketruok mar udi onego oluw chike mag kafiu ma ogol gi jotend masira mag kaunti.
5435,Security & Safety,General,Residents are urged to report cybercrime through the county emergency hotline.,Wakazi wanahimizwa kuripoti uhalifu wa mtandaoni kupitia laini ya dharura ya kaunti.,Jodak ikwayo mondo ogol ripot mar ketho mag mbui kokalo kuom namba mar simu mar kaunti mar ng’ado bura mapiyo.
5436,Security & Safety,General,Communities in flood-prone areas should prepare for drought this rainy season.,Jamii katika maeneo yanayokumbwa na mafuriko zijiandae kwa ukame msimu huu wa mvua.,Jodak ma nitie kuonde ma pi mang’eny nyalo pong’o piny onego oikre ne oro e kinde kothni.
5437,Security & Safety,General,"During road accident emergencies, always keep emergency contacts on hand in case of building collapse risk.","Wakati wa dharura za ajali za barabarani, weka nambari za dharura karibu endapo kutakuwa na hatari ya kuporomoka kwa jengo.","E kinde mag masira mag ndara, kinde duto bed gi jogo ma inyalo tudruokgo mapiyo ka ot nyalo kethore."
5438,Security & Safety,General,"In light of recent a road accident cases, residents are reminded to follow workplace safety standards.","Kutokana na visa vya hivi karibuni vya ajali ya barabarani, wakazi wanakumbushwa kufuata viwango vya usalama mahali pa kazi.","Kaluwore gi weche ma osetimore machiegni mag masira mag ndara, iparo ne jodak mondo oluw chike mag arita e kar tich."
5439,Security & Safety,General,Anyone who witnesses arson during mass gatherings should alert authorities immediately.,Yeyote anayeshuhudia uchomaji moto wa makusudi wakati wa mikusanyiko mikubwa anapaswa kuarifu mamlaka mara moja.,"Ng’at ang’ata ma neno ka ng’ato owang’o mach e kinde ma ji mang’eny chokore, onego onyis jotelo mapiyo."
5440,Security & Safety,General,Communities in flood-prone areas should prepare for water contamination this rainy season.,Jamii katika maeneo yanayokumbwa na mafuriko zijiandae kwa uchafuzi wa maji msimu huu wa mvua.,Jodak ma ni e kuonde ma pi nyalo pong’o piny onego oikre mondo kik pi obed ma ok ler e kinde kothni.
5441,Security & Safety,General,"During fire disasters, always keep emergency contacts on hand in case of strong winds.","Wakati wa majanga ya moto, weka nambari za dharura karibu endapo kutakuwa na upepo mkali.","E kinde mag masiche mag mach, kinde duto bed gi jogo ma inyalo tudruokgo mapiyo ka yamo matek owuok."
5442,Security & Safety,General,"During severe weather events, always keep emergency contacts on hand in case of fire outbreaks.","Wakati wa matukio makali ya hali ya hewa, weka nambari za dharura karibu endapo kutakuwa na milipuko ya moto.","E kinde mag piny bedo marach ahinya, kinde duto bed gi jogo ma inyalo tudorego mapiyo kapo ni mach owang’."
5443,Security & Safety,General,Emergency responders are on standby to assist during road accident emergencies.,Wahudumu wa dharura wako tayari kusaidia wakati wa dharura za ajali za barabarani.,Jogo ma konyo e kinde mag masira gin gi gombo mar konyo e kinde ma masira mag ndara otimore.
5444,Security & Safety,General,"During disease outbreaks, always keep emergency contacts on hand in case of drought.","Wakati wa milipuko ya magonjwa, weka nambari za dharura karibu endapo kutakuwa na ukame.","E kinde ma tuoche pong’o piny, kinde duto bed gi jogo ma inyalo tudruokgo mapiyo ka ng’ato otho."
5445,Security & Safety,General,Emergency responders are on standby to assist during severe weather events.,Wahudumu wa dharura wako tayari kusaidia wakati wa matukio makali ya hali ya hewa.,Jogo ma konyo e kinde mag masira gin gi gombo mar konyo e kinde mag yamo mager.
5446,Security & Safety,General,"In light of recent child abuse cases, residents are reminded to follow fire safety precautions.","Kutokana na visa vya hivi karibuni vya unyanyasaji wa watoto, wakazi wanakumbushwa kufuata tahadhari za usalama wa moto.","Kaluwore gi kes mag ketho nyithindo ma osetimore machiegni, iparo ne jodak mondo oluw yore mag geng’o mach."
5447,Security & Safety,General,Communities facing building collapse risk should follow boat and lake safety rules issued by county disaster teams.,Jamii zinazokabiliwa na hatari ya kuporomoka kwa jengo zinapaswa kufuata kanuni za usalama wa mashua na ziwa zilizotolewa na timu za maafa za kaunti.,Oganda maromo gi luoro mar ketruok mar udi onego oluw chike mag arita mag yie kod nam ma ogol gi jotend masira mag kaunti.
5448,Security & Safety,General,"In light of recent theft cases, residents are reminded to follow crowd safety measures.","Kutokana na visa vya hivi karibuni vya wizi, wakazi wanakumbushwa kufuata hatua za usalama wa umati.","Kaluwore gi kes mag kuo ma osetimore machiegni, iparo ne jodak mondo oluw okenge mag arita e kind oganda."
5449,Security & Safety,General,"During search and rescue operations, always keep emergency contacts on hand in case of fire outbreaks.","Wakati wa operesheni za utafutaji na uokoaji, weka nambari za dharura karibu endapo kutakuwa na milipuko ya moto.","E kinde mag manyo kendo reso ji, kinde duto bed gi jogo ma inyalo tudorego mapiyo kapo ni mach owang’."
5450,Security & Safety,General,Communities facing water contamination should follow road safety guidelines issued by county disaster teams.,Jamii zinazokabiliwa na uchafuzi wa maji zinapaswa kufuata miongozo ya usalama barabarani zilizotolewa na timu za maafa za kaunti.,Jodak ma yudo pek mag pi onego oluw chike mag arita mag yore ma ogol gi jokanyo mag kaunti mag masira.
5451,Security & Safety,General,"During fire disasters, always keep emergency contacts on hand in case of landslides.","Wakati wa majanga ya moto, weka nambari za dharura karibu endapo kutakuwa na maporomoko ya ardhi.","E kinde mag masira mag mach, kinde duto bed gi jogo ma inyalo tudruokgo mapiyo ka piny otur."
5452,Security & Safety,General,Communities facing flooding should follow boat and lake safety rules issued by county disaster teams.,Jamii zinazokabiliwa na mafuriko zinapaswa kufuata kanuni za usalama wa mashua na ziwa zilizotolewa na timu za maafa za kaunti.,Oganda maromo gi pi ma pong'o piny onego oluw chike mag arita mag yie kod nam ma ogol gi riwruoge mag kaunti mag masira.
5453,Security & Safety,General,Stay informed on security threats and follow road safety guidelines to keep your family safe.,Endelea kufahamishwa kuhusu vitisho vya usalama na ufuate miongozo ya usalama barabarani kuweka familia yako salama.,Bed gi ng’eyo matut kuom gik ma nyalo kelo luoro kendo luwo chike mag arita mag yore mondo orit joodu.
5454,Security & Safety,General,Follow fire safety precautions to keep your community safe during the festive season.,Fuata tahadhari za usalama wa moto kuweka jamii yako salama wakati wa msimu wa sherehe.,Luri gi yore mag arita mar mach mondo orit jodak mari e kinde mag nyasi.
5455,Security & Safety,General,Stay informed on wildfire risk and follow curfew regulations to keep your family safe.,Endelea kufahamishwa kuhusu hatari ya moto wa mwituni na ufuate kanuni za amri ya kutotoka nje kuweka familia yako salama.,Bed gi ng'eyo matut kuom gik manyalo wang'o mach e bungu kendo luwo chike mag kafiu mondo orit joodu maber.
5456,Security & Safety,General,Follow boat and lake safety rules to keep your community safe during the festive season.,Fuata kanuni za usalama wa mashua na ziwa kuweka jamii yako salama wakati wa msimu wa sherehe.,Luri gi chike mag arita mag yie kod nam mondo orit jodak mari e kinde mag nyasi.
5457,Security & Safety,General,"In light of recent a road accident cases, residents are reminded to follow boat and lake safety rules.","Kutokana na visa vya hivi karibuni vya ajali ya barabarani, wakazi wanakumbushwa kufuata kanuni za usalama wa mashua na ziwa.","Kaluwore gi weche ma osetimore machiegni mag masira mag ndara, iparo ne jodak mondo oluw chike mag rito yie kod nam."
5458,Security & Safety,General,Anyone who witnesses child abuse during disease outbreaks should alert authorities immediately.,Yeyote anayeshuhudia unyanyasaji wa watoto wakati wa milipuko ya magonjwa anapaswa kuarifu mamlaka mara moja.,"Ng’at ang’ata ma neno ka itimo ne nyathi timbe mag anjao e kinde ma tuoche opong’o piny, onego onyis jotelo mapiyo."
5459,Security & Safety,General,Anyone who witnesses vandalism of public property during road accident emergencies should alert authorities immediately.,Yeyote anayeshuhudia uharibifu wa mali ya umma wakati wa dharura za ajali za barabarani anapaswa kuarifu mamlaka mara moja.,"Ng’at ang’ata ma neno ka ji ketho mwandu mag piny e kinde ma masira mag ndara timore mapiyo, onego onyis jotelo mapiyo."
5460,Security & Safety,General,Communities facing building collapse risk should follow crowd safety measures issued by county disaster teams.,Jamii zinazokabiliwa na hatari ya kuporomoka kwa jengo zinapaswa kufuata hatua za usalama wa umati zilizotolewa na timu za maafa za kaunti.,Oganda maromo gi luoro mar ketruok mar udi onego oluw okenge mag arita mag oganda ma ogol gi jokanyo mag masira mag kaunti.
5461,Security & Safety,General,"During severe weather events, always keep emergency contacts on hand in case of flooding.","Wakati wa matukio makali ya hali ya hewa, weka nambari za dharura karibu endapo kutakuwa na mafuriko.","E kinde ma piny bedo matek ahinya, kinde duto bed gi jogo ma inyalo tudruokgo mapiyo ka pi opong’o piny."
5462,Security & Safety,General,Communities facing fire outbreaks should follow fire safety precautions issued by county disaster teams.,Jamii zinazokabiliwa na milipuko ya moto zinapaswa kufuata tahadhari za usalama wa moto zilizotolewa na timu za maafa za kaunti.,Oganda maromo gi midhiero mag mach onego oluw yore mag arita mag mach ma ogol gi riwruoge mag masira mag kaunti.
5463,Security & Safety,General,Residents are urged to report vandalism of public property through the county emergency hotline.,Wakazi wanahimizwa kuripoti uharibifu wa mali ya umma kupitia laini ya dharura ya kaunti.,Jodak ikwayo mondo ondiki ripot mar ketho mwandu mag piny kokalo kuom namba mar ng’ado bura mapiyo.
5464,Security & Safety,General,"In light of recent human trafficking cases, residents are reminded to follow school safety protocols.","Kutokana na visa vya hivi karibuni vya usafirishaji haramu wa binadamu, wakazi wanakumbushwa kufuata kanuni za usalama shuleni.","Kaluwore gi kes mag ng’iewo dhano ma osetimore machiegni, iparo ne jodak mondo oluw chike mag arita mag skul."
5465,Security & Safety,General,"During severe weather events, always keep emergency contacts on hand in case of landslides.","Wakati wa matukio makali ya hali ya hewa, weka nambari za dharura karibu endapo kutakuwa na maporomoko ya ardhi.","E kinde ma piny bedo matek ahinya, kinde duto bed gi jogo ma inyalo tudruokgo mapiyo ka piny otur."
5466,Security & Safety,General,Anyone who witnesses theft during road accident emergencies should alert authorities immediately.,Yeyote anayeshuhudia wizi wakati wa dharura za ajali za barabarani anapaswa kuarifu mamlaka mara moja.,"Ng’at ang’ata ma neno kuo e kinde ma masira mag ndara timore mapiyo, onego onyis jotelo mapiyo."
5467,Security & Safety,General,Stay informed on flooding risk and follow road safety guidelines to keep your family safe.,Endelea kufahamishwa kuhusu hatari ya mafuriko na ufuate miongozo ya usalama barabarani kuweka familia yako salama.,Bed gi ng’eyo matut kuom gik ma nyalo kelo luoro mar pi ma pong’o piny kendo luwo chike mag rito yore mondo orit joodu obed gi arita maber.
5468,Security & Safety,General,The National Disaster Operations Centre has issued an update on severe weather warnings.,Kituo cha Kitaifa cha Uendeshaji wa Maafa kimetoa taarifa kuhusu tahadhari za hali mbaya ya hewa.,Ofis mar piny mangima ma rito masira osegolo wach manyien kuom siem mag yamo mager.
5469,Security & Safety,General,Prepare an emergency kit in case of drought in your area.,Andaa vifaa vya dharura endapo kutakuwa na ukame eneo lako.,Inyalo loso gik ma inyalo tiyogo mapiyo ka ng’ato otho e alworau.
5470,Security & Safety,General,Communities facing lightning strikes should follow road safety guidelines issued by county disaster teams.,Jamii zinazokabiliwa na mapigo ya radi zinapaswa kufuata miongozo ya usalama barabarani zilizotolewa na timu za maafa za kaunti.,Jodak ma yudo masira mag mil polo onego oluw chike mag arita mag yore ma ogol gi jotelo mag masira mag kaunti.
5471,Security & Safety,General,Report any armed robbery to the nearest police station immediately.,Ripoti unyang'anyi wa kutumia silaha yoyote kwa kituo cha polisi cha karibu mara moja.,Chiw ripot mar kuo moro amora ma itimo gi gik lweny e ofis mar polisi man machiegni mapiyo.
5472,Security & Safety,General,The National Disaster Operations Centre has issued an update on flooding risk.,Kituo cha Kitaifa cha Uendeshaji wa Maafa kimetoa taarifa kuhusu hatari ya mafuriko.,Ofis mar piny mangima ma rito masira osegolo wach manyien kuom gik ma nyalo kelo masira.
5473,Security & Safety,General,Prepare an emergency kit in case of landslides in your area.,Andaa vifaa vya dharura endapo kutakuwa na maporomoko ya ardhi eneo lako.,Inyalo loso gik ma itiyogo e kinde mag masira ka piny otur e alworau.
5474,Security & Safety,General,Anyone who witnesses suspicious activity during fire disasters should alert authorities immediately.,Yeyote anayeshuhudia shughuli za kutiliwa shaka wakati wa majanga ya moto anapaswa kuarifu mamlaka mara moja.,Ng'at ang'ata maneno gik ma ji nyalo bedo gi kiawa e kinde masira mag mach owinjore onyis jotelo mapiyo.
5475,Security & Safety,General,Anyone who witnesses human trafficking during severe weather events should alert authorities immediately.,Yeyote anayeshuhudia usafirishaji haramu wa binadamu wakati wa matukio makali ya hali ya hewa anapaswa kuarifu mamlaka mara moja.,"Ng’at ang’ata ma neno ka ji uso dhano e kinde ma piny bedo mager ahinya, onego onyis jotelo mapiyo."
5476,Security & Safety,General,Communities facing landslides should follow workplace safety standards issued by county disaster teams.,Jamii zinazokabiliwa na maporomoko ya ardhi zinapaswa kufuata viwango vya usalama mahali pa kazi zilizotolewa na timu za maafa za kaunti.,Jodak ma yudo masira mag lowo onego oluw chike mag arita mag kar tich ma ogol gi riwruoge mag masira mag kaunti.
5477,Security & Safety,General,"In light of recent theft cases, residents are reminded to follow curfew regulations.","Kutokana na visa vya hivi karibuni vya wizi, wakazi wanakumbushwa kufuata kanuni za amri ya kutotoka nje.","Kaluwore gi kes mag kuo ma osetimore machiegni, iparo ne jodak mondo oluw chike mag kafiu."
5478,Security & Safety,General,Stay informed on severe weather warnings and follow curfew regulations to keep your family safe.,Endelea kufahamishwa kuhusu tahadhari za hali mbaya ya hewa na ufuate kanuni za amri ya kutotoka nje kuweka familia yako salama.,Bed gi ng'eyo kuom siem mag yamo mager kendo luwo chike mag kafiu mondo orit joodu maber.
5479,Security & Safety,General,Stay informed on disease outbreak alerts and follow fire safety precautions to keep your family safe.,Endelea kufahamishwa kuhusu tahadhari za milipuko ya magonjwa na ufuate tahadhari za usalama wa moto kuweka familia yako salama.,Bed gi ng'eyo matut kuom weche mag tuoche kendo luwo okenge mag arita mag mach mondo orit joodu maber.
5480,Security & Safety,General,Anyone who witnesses a road accident during mass gatherings should alert authorities immediately.,Yeyote anayeshuhudia ajali ya barabarani wakati wa mikusanyiko mikubwa anapaswa kuarifu mamlaka mara moja.,"Ng’at ang’ata ma neno masira mar ndara e kinde ma ji mang’eny chokore, onego onyis jotelo mapiyo."
5481,Security & Safety,General,"In light of recent cybercrime cases, residents are reminded to follow fire safety precautions.","Kutokana na visa vya hivi karibuni vya uhalifu wa mtandaoni, wakazi wanakumbushwa kufuata tahadhari za usalama wa moto.","Kaluwore gi kes mag ketho mag mbui ma osetimore machiegni, iparo ne jodak mondo oluw yore mag geng’o mach."
5482,Security & Safety,General,Report any a road accident to the nearest police station immediately.,Ripoti ajali ya barabarani yoyote kwa kituo cha polisi cha karibu mara moja.,"Ka ng’ato otimo masira moro amora e yo, ng’adne polisi man machiegni mapiyo."
5483,Security & Safety,General,Contact the Kenya Red Cross for assistance during flooding emergencies.,Wasiliana na Msalaba Mwekundu wa Kenya kwa msaada wakati wa dharura za mafuriko.,Tudri kod Red Cross mar Kenya mondo iyud kony e seche ma pi opong'o piny.
5484,Security & Safety,General,Stay informed on disease outbreak alerts and follow workplace safety standards to keep your family safe.,Endelea kufahamishwa kuhusu tahadhari za milipuko ya magonjwa na ufuate viwango vya usalama mahali pa kazi kuweka familia yako salama.,Bed gi ng'eyo kuom gik ma nyalo kelo tuoche kendo luwo chike mag arita mag kar tich mondo orit joodu maber.
5485,Security & Safety,General,Emergency responders are on standby to assist during mass gatherings.,Wahudumu wa dharura wako tayari kusaidia wakati wa mikusanyiko mikubwa.,Jogo ma konyo e kinde mag masira gin gi gombo mar konyo e kinde ma ji mang’eny chokoree.
5486,Security & Safety,General,Motorists and pedestrians alike must observe workplace safety standards at all times.,Madereva na waenda kwa miguu wanapaswa kuzingatia viwango vya usalama mahali pa kazi wakati wote.,Joma riembo gari kod joma wuotho ​​gi tiendgi nyaka luwo chike mag arita e kar tich kinde duto.
5487,Security & Safety,General,Communities facing drought should follow boat and lake safety rules issued by county disaster teams.,Jamii zinazokabiliwa na ukame zinapaswa kufuata kanuni za usalama wa mashua na ziwa zilizotolewa na timu za maafa za kaunti.,Oganda maromo gi oro onego oluw chike mag arita mag yie kod nam ma ogol gi jokanyo mag kaunti mag masira.
5488,Security & Safety,General,Motorists and pedestrians alike must observe boat and lake safety rules at all times.,Madereva na waenda kwa miguu wanapaswa kuzingatia kanuni za usalama wa mashua na ziwa wakati wote.,Joma riembo nyamburko kod joma wuotho ​​gi tiendgi nyaka luwo chike mag rito yie kod nam kinde duto.
5489,Security & Safety,General,"During displacement crises, always keep emergency contacts on hand in case of water contamination.","Wakati wa migogoro ya kuhamishwa, weka nambari za dharura karibu endapo kutakuwa na uchafuzi wa maji.","E kinde mag masira mag weyo udi, kinde duto bed gi jogo ma inyalo tudruokgo mapiyo ka pi osekethore."
5490,Security & Safety,General,Prepare an emergency kit in case of lightning strikes in your area.,Andaa vifaa vya dharura endapo kutakuwa na mapigo ya radi eneo lako.,Inyalo loso gik ma inyalo tiyogo mapiyo ka mil polo omako e alworau.
5491,Security & Safety,General,Anyone who witnesses child abuse during road accident emergencies should alert authorities immediately.,Yeyote anayeshuhudia unyanyasaji wa watoto wakati wa dharura za ajali za barabarani anapaswa kuarifu mamlaka mara moja.,"Ng'at ang'ata maneno ka nyathi otimnegi timbe mag anjao e kinde ma masira mag ndara timore mapiyo, onego onyis jotelo mapiyo."
5492,Security & Safety,General,Communities facing water contamination should follow fire safety precautions issued by county disaster teams.,Jamii zinazokabiliwa na uchafuzi wa maji zinapaswa kufuata tahadhari za usalama wa moto zilizotolewa na timu za maafa za kaunti.,Oganda maromo gi chilo mag pi onego oluw yore mag arita mar mach ma ogol gi jokanyo mag kaunti mag masira.
5493,Security & Safety,General,Communities facing flooding should follow public transport safety rules issued by county disaster teams.,Jamii zinazokabiliwa na mafuriko zinapaswa kufuata kanuni za usalama wa usafiri wa umma zilizotolewa na timu za maafa za kaunti.,Oganda maromo gi pi ma pong'o piny onego oluw chike mag arita mag wuoth ma ji duto ogolo gi riwruoge mag masira mag kaunti.
5494,Security & Safety,General,Stay informed on landslide risk and follow workplace safety standards to keep your family safe.,Endelea kufahamishwa kuhusu hatari ya maporomoko ya ardhi na ufuate viwango vya usalama mahali pa kazi kuweka familia yako salama.,Bed gi ng’eyo matut kuom gik ma nyalo kelo hinyruok e piny kendo luwo chike mag arita e kar tich mondo orit joodu obed gi arita.
5495,Security & Safety,General,Prepare an emergency kit in case of flooding in your area.,Andaa vifaa vya dharura endapo kutakuwa na mafuriko eneo lako.,Inyalo loso gik ma itiyogo e kinde ma pi opong’o piny e alworau.
5496,Security & Safety,General,"In light of recent human trafficking cases, residents are reminded to follow road safety guidelines.","Kutokana na visa vya hivi karibuni vya usafirishaji haramu wa binadamu, wakazi wanakumbushwa kufuata miongozo ya usalama barabarani.","Kaluwore gi kes mag ng’iewo dhano ma osetimore machiegni, iparo ne jodak mondo oluw chike mag rito yore."
5497,Security & Safety,General,Prepare an emergency kit in case of building collapse risk in your area.,Andaa vifaa vya dharura endapo kutakuwa na hatari ya kuporomoka kwa jengo eneo lako.,Los gik ma itiyogo mapiyo ka ot moro nyalo kethore e alworau.
5498,Security & Safety,General,Contact the Kenya Red Cross for assistance during displacement crises.,Wasiliana na Msalaba Mwekundu wa Kenya kwa msaada wakati wa migogoro ya kuhamishwa.,Tudri kod Red Cross mar Kenya mondo iyud kony e seche mag pek mag jodak.
5499,Security & Safety,General,Stay informed on landslide risk and follow road safety guidelines to keep your family safe.,Endelea kufahamishwa kuhusu hatari ya maporomoko ya ardhi na ufuate miongozo ya usalama barabarani kuweka familia yako salama.,Bed gi ng’eyo matut kuom gik ma nyalo kelo luoro mar ng’anjo kendo luwo chike mag rito yore mondo orit joodu obed gi arita.
5500,Security & Safety,General,Anyone who witnesses arson during disease outbreaks should alert authorities immediately.,Yeyote anayeshuhudia uchomaji moto wa makusudi wakati wa milipuko ya magonjwa anapaswa kuarifu mamlaka mara moja.,"Ng’at ang’ata ma neno ka ng’ato owang’o mach e kinde ma tuoche opong’o piny, onego onyis jotelo mapiyo."
5501,Security & Safety,General,"In light of recent suspicious activity cases, residents are reminded to follow school safety protocols.","Kutokana na visa vya hivi karibuni vya shughuli za kutiliwa shaka, wakazi wanakumbushwa kufuata kanuni za usalama shuleni.","Kaluwore gi weche ma osetimore machuok ma kelo kiawa, iparo ne jodak mondo oluw chike mag arita mag skul."
5502,Security & Safety,General,Anyone who witnesses vandalism of public property during disease outbreaks should alert authorities immediately.,Yeyote anayeshuhudia uharibifu wa mali ya umma wakati wa milipuko ya magonjwa anapaswa kuarifu mamlaka mara moja.,"Ng’at ang’ata ma neno ka ji ketho mwandu mag piny e kinde ma tuoche opong’o piny, onego onyis jotelo mapiyo."
5503,Security & Safety,General,"In light of recent vandalism of public property cases, residents are reminded to follow crowd safety measures.","Kutokana na visa vya hivi karibuni vya uharibifu wa mali ya umma, wakazi wanakumbushwa kufuata hatua za usalama wa umati.","Kaluwore gi kes mag ketho mwandu mag piny ma osetimore machiegni, iparo ne jodak mondo oluw yore mag rito mwandu mag oganda."
5504,Security & Safety,General,Contact the Kenya Red Cross for assistance during severe weather events.,Wasiliana na Msalaba Mwekundu wa Kenya kwa msaada wakati wa matukio makali ya hali ya hewa.,Tudri kod Red Cross mar Kenya mondo iyud kony e kinde mag kor lwasi mager ahinya.
5505,Security & Safety,General,"In light of recent theft cases, residents are reminded to follow road safety guidelines.","Kutokana na visa vya hivi karibuni vya wizi, wakazi wanakumbushwa kufuata miongozo ya usalama barabarani.","Kaluwore gi kes mag kuo ma osetimore machiegni, iparo ne jodak mondo oluw chike mag rito yore."
5506,Security & Safety,General,Communities facing lightning strikes should follow curfew regulations issued by county disaster teams.,Jamii zinazokabiliwa na mapigo ya radi zinapaswa kufuata kanuni za amri ya kutotoka nje zilizotolewa na timu za maafa za kaunti.,Oganda maromo gi masira mag mil polo onego oluw chike mag kafiu ma ogol gi riwruoge mag masira mag kaunti.
5507,Security & Safety,General,Anyone who witnesses arson during road accident emergencies should alert authorities immediately.,Yeyote anayeshuhudia uchomaji moto wa makusudi wakati wa dharura za ajali za barabarani anapaswa kuarifu mamlaka mara moja.,"Ng’at ang’ata ma neno ka ng’ato owang’o mach e kinde ma ng’ato otimo masira mapiyo, onego onyis jotelo mapiyo."
5508,Security & Safety,General,Communities facing landslides should follow crowd safety measures issued by county disaster teams.,Jamii zinazokabiliwa na maporomoko ya ardhi zinapaswa kufuata hatua za usalama wa umati zilizotolewa na timu za maafa za kaunti.,Jodak maromo gi mosruok mag lowo onego oluw okenge mag arita mag oganda ma ogol gi jokanyo mag masira mag kaunti.
5509,Security & Safety,General,"In light of recent human trafficking cases, residents are reminded to follow fire safety precautions.","Kutokana na visa vya hivi karibuni vya usafirishaji haramu wa binadamu, wakazi wanakumbushwa kufuata tahadhari za usalama wa moto.","Kaluwore gi weche ma osetimore machiegni mag uso dhano, iparo ne jodak mondo oluw yore mag geng’o mach."
5510,Security & Safety,General,Anyone who witnesses suspicious activity during severe weather events should alert authorities immediately.,Yeyote anayeshuhudia shughuli za kutiliwa shaka wakati wa matukio makali ya hali ya hewa anapaswa kuarifu mamlaka mara moja.,Ng'ato ang'ata maneno gik ma ji nyalo bedo gi kiawa e kinde mag yamo mager owinjore onyis jotelo mapiyo.
5511,Security & Safety,General,"In light of recent armed robbery cases, residents are reminded to follow curfew regulations.","Kutokana na visa vya hivi karibuni vya unyang'anyi wa kutumia silaha, wakazi wanakumbushwa kufuata kanuni za amri ya kutotoka nje.","Kaluwore gi kes mag kuo ma osetimore machiegni, iparo ne jodak mondo oluw chike mag kafiu."
5512,Security & Safety,General,"During fire disasters, always keep emergency contacts on hand in case of flooding.","Wakati wa majanga ya moto, weka nambari za dharura karibu endapo kutakuwa na mafuriko.","E kinde mag masiche mag mach, kinde duto bed gi jogo ma inyalo tudruokgo mapiyo ka pi opong’o piny."
5513,Security & Safety,General,"During mass gatherings, always keep emergency contacts on hand in case of strong winds.","Wakati wa mikusanyiko mikubwa, weka nambari za dharura karibu endapo kutakuwa na upepo mkali.","E kinde mag chokruok mag ji mang’eny, kinde duto bed gi jogo ma inyalo tudruokgo mapiyo ka yamo matek owuok."
5514,Security & Safety,General,Anyone who witnesses domestic violence during flooding emergencies should alert authorities immediately.,Yeyote anayeshuhudia unyanyasaji wa nyumbani wakati wa dharura za mafuriko anapaswa kuarifu mamlaka mara moja.,Ng’at ang’ata ma neno tim gero mag ot e kinde ma pi opong’o piny onego onyis jotelo mapiyo.
5515,Security & Safety,General,Communities facing lightning strikes should follow school safety protocols issued by county disaster teams.,Jamii zinazokabiliwa na mapigo ya radi zinapaswa kufuata kanuni za usalama shuleni zilizotolewa na timu za maafa za kaunti.,Jodak ma yudo masira mag mil polo onego oluw chike mag arita mag skul ma ogol gi jokanyo mag masira mag kaunti.
5516,Security & Safety,General,"During severe weather events, always keep emergency contacts on hand in case of strong winds.","Wakati wa matukio makali ya hali ya hewa, weka nambari za dharura karibu endapo kutakuwa na upepo mkali.","E kinde ma piny bedo matek ahinya, kinde duto bed gi jogo ma inyalo tudruokgo mapiyo ka yamo matek owuok."
5517,Security & Safety,General,Report any theft to the nearest police station immediately.,Ripoti wizi yoyote kwa kituo cha polisi cha karibu mara moja.,Chiw ripot mar kuo moro amora ne polisi man machiegni mapiyo.
5518,Security & Safety,General,Communities facing strong winds should follow workplace safety standards issued by county disaster teams.,Jamii zinazokabiliwa na upepo mkali zinapaswa kufuata viwango vya usalama mahali pa kazi zilizotolewa na timu za maafa za kaunti.,Jodak ma yudo yamo matek onego oluw chike mag arita mag kuonde tich ma ogol gi jokanyo mag kaunti mag masira.
5519,Security & Safety,General,Emergency responders are on standby to assist during search and rescue operations.,Wahudumu wa dharura wako tayari kusaidia wakati wa operesheni za utafutaji na uokoaji.,Jogo ma konyo e kinde mag masira gin gi irikruok mar konyo e seche mag manyo kod reso ji.
5520,Security & Safety,General,Anyone who witnesses child abuse during mass gatherings should alert authorities immediately.,Yeyote anayeshuhudia unyanyasaji wa watoto wakati wa mikusanyiko mikubwa anapaswa kuarifu mamlaka mara moja.,"Ng’at ang’ata ma neno ka itimo ne nyithindo timbe mag anjao e kinde ma ji mang’eny chokoree, onego onyis jotelo mapiyo."
5521,Security & Safety,General,"During fire disasters, always keep emergency contacts on hand in case of fire outbreaks.","Wakati wa majanga ya moto, weka nambari za dharura karibu endapo kutakuwa na milipuko ya moto.","E kinde mag masiche mag mach, kinde duto bed gi jogo ma inyalo tudruokgo mapiyo ka mach owang’."
5522,Security & Safety,General,Stay informed on wildfire risk and follow public transport safety rules to keep your family safe.,Endelea kufahamishwa kuhusu hatari ya moto wa mwituni na ufuate kanuni za usalama wa usafiri wa umma kuweka familia yako salama.,Bed gi ng’eyo kuom gik ma nyalo kelo mach e bungu kendo luwo chike mag arita mag wuotho ​​mag ji duto mondo orit joodu maber.
5523,Security & Safety,General,Anyone who witnesses a road accident during search and rescue operations should alert authorities immediately.,Yeyote anayeshuhudia ajali ya barabarani wakati wa operesheni za utafutaji na uokoaji anapaswa kuarifu mamlaka mara moja.,Ng’at ang’ata ma neno masira moro e yo e kinde ma gidhi manyo kendo reso ji onego onyis jotelo mapiyo.
5524,Security & Safety,General,Stay informed on flooding risk and follow crowd safety measures to keep your family safe.,Endelea kufahamishwa kuhusu hatari ya mafuriko na ufuate hatua za usalama wa umati kuweka familia yako salama.,Bed gi ng'eyo kuom luoro mar pi ma pong'o piny kendo luwo okenge mag arita mag oganda mondo orit joodu maber.
5525,Security & Safety,General,Communities facing strong winds should follow road safety guidelines issued by county disaster teams.,Jamii zinazokabiliwa na upepo mkali zinapaswa kufuata miongozo ya usalama barabarani zilizotolewa na timu za maafa za kaunti.,Oganda maromo gi yamo matek onego oluw chike mag arita mag ndara ma ogol gi riwruoge mag kaunti mag masira.
5526,Security & Safety,General,Anyone who witnesses vandalism of public property during fire disasters should alert authorities immediately.,Yeyote anayeshuhudia uharibifu wa mali ya umma wakati wa majanga ya moto anapaswa kuarifu mamlaka mara moja.,"Ng’at ang’ata ma neno ka ji ketho mwandu mag piny e kinde ma mach owang’o piny, onego onyis jotelo mapiyo."
5527,Security & Safety,General,Anyone who witnesses suspicious activity during disease outbreaks should alert authorities immediately.,Yeyote anayeshuhudia shughuli za kutiliwa shaka wakati wa milipuko ya magonjwa anapaswa kuarifu mamlaka mara moja.,Ng'at ang'ata maneno tim ma ji nyalo bedo gi kiawa e seche ma tuoche opong'o piny onego onyis jotelo mapiyo.
5528,Security & Safety,General,Stay informed on disease outbreak alerts and follow boat and lake safety rules to keep your family safe.,Endelea kufahamishwa kuhusu tahadhari za milipuko ya magonjwa na ufuate kanuni za usalama wa mashua na ziwa kuweka familia yako salama.,Bed gi ng'eyo kuom gik ma nyalo kelo tuoche kendo luwo chike mag arita mar yie kod nam mondo orit joodu maber.
5529,Security & Safety,General,"In light of recent vandalism of public property cases, residents are reminded to follow road safety guidelines.","Kutokana na visa vya hivi karibuni vya uharibifu wa mali ya umma, wakazi wanakumbushwa kufuata miongozo ya usalama barabarani.","Kaluwore gi kes mag ketho mwandu mag piny ma osetimore machiegni, iparo ne jodak mondo oluw chike mag rito yore."
5530,Security & Safety,General,Contact the Kenya Red Cross for assistance during search and rescue operations.,Wasiliana na Msalaba Mwekundu wa Kenya kwa msaada wakati wa operesheni za utafutaji na uokoaji.,Tudri kod Red Cross mar Kenya mondo iyud kony e seche mag manyo kod reso ji.
5531,Security & Safety,General,"In light of recent suspicious activity cases, residents are reminded to follow boat and lake safety rules.","Kutokana na visa vya hivi karibuni vya shughuli za kutiliwa shaka, wakazi wanakumbushwa kufuata kanuni za usalama wa mashua na ziwa.","Kaluwore gi weche ma osetimore machiegni mag gik ma ji nyalo bedo gi kiawa, iparo ne jodak mondo oluw chike mag arita mar yie kod nam."
5532,Security & Safety,General,Communities facing drought should follow public transport safety rules issued by county disaster teams.,Jamii zinazokabiliwa na ukame zinapaswa kufuata kanuni za usalama wa usafiri wa umma zilizotolewa na timu za maafa za kaunti.,Oganda maromo gi oro onego oluw chike mag arita mag wuoth ma ji duto ogolo gi riwruoge mag masira mag kaunti.
5533,Security & Safety,General,Stay informed on security threats and follow public transport safety rules to keep your family safe.,Endelea kufahamishwa kuhusu vitisho vya usalama na ufuate kanuni za usalama wa usafiri wa umma kuweka familia yako salama.,Bed gi ng’eyo kuom gik ma nyalo ketho arita kendo luwo chike mag arita mag ng’ado mtoka ma ji duto nyalo ng’ado mondo orit joodu.
5534,Security & Safety,General,Communities in flood-prone areas should prepare for lightning strikes this rainy season.,Jamii katika maeneo yanayokumbwa na mafuriko zijiandae kwa mapigo ya radi msimu huu wa mvua.,Jodak ma ni e kuonde ma pi mang’eny nyalo pong’o piny onego oikre ne yamo mager mabiro e kinde kothni.
5535,Security & Safety,General,Stay informed on cybersecurity threats and follow school safety protocols to keep your family safe.,Endelea kufahamishwa kuhusu vitisho vya usalama wa mtandao na ufuate kanuni za usalama shuleni kuweka familia yako salama.,Bed gi ng’eyo matut kuom gik ma nyalo kelo luoro e mbui kendo luwo chike mag skul mondo orit joodu obed gi arita.
5536,Security & Safety,General,Stay informed on severe weather warnings and follow fire safety precautions to keep your family safe.,Endelea kufahamishwa kuhusu tahadhari za hali mbaya ya hewa na ufuate tahadhari za usalama wa moto kuweka familia yako salama.,Bed gi ng’eyo kuom siem mag yamo mager kendo luwo okenge mag arita mar mach mondo orit joodu maber.
5537,Security & Safety,General,"During disease outbreaks, always keep emergency contacts on hand in case of strong winds.","Wakati wa milipuko ya magonjwa, weka nambari za dharura karibu endapo kutakuwa na upepo mkali.","E kinde ma tuoche pong’o piny, kinde duto bed gi jogo ma inyalo tudruokgo mapiyo ka yamo matek owuok."
5538,Security & Safety,General,Stay informed on civil unrest warnings and follow fire safety precautions to keep your family safe.,Endelea kufahamishwa kuhusu tahadhari za machafuko ya kiraia na ufuate tahadhari za usalama wa moto kuweka familia yako salama.,Bed gi ng’eyo matut kuom siem mag anjao mag oganda kendo luwo okenge mag arita mar mach mondo orit joodu maber.
5539,Security & Safety,General,Stay informed on cybersecurity threats and follow workplace safety standards to keep your family safe.,Endelea kufahamishwa kuhusu vitisho vya usalama wa mtandao na ufuate viwango vya usalama mahali pa kazi kuweka familia yako salama.,Bed gi ng’eyo matut kuom gik ma nyalo kelo luoro e mbui kendo luwo chike mag rito gik moko e kar tich mondo orit joodu obed gi arita.
5540,Security & Safety,General,Communities facing fire outbreaks should follow school safety protocols issued by county disaster teams.,Jamii zinazokabiliwa na milipuko ya moto zinapaswa kufuata kanuni za usalama shuleni zilizotolewa na timu za maafa za kaunti.,Oganda maromo gi tuwo mar mach onego oluw chike mag arita mag skul ma ogol gi jokanyo mag masira mag kaunti.
5541,Security & Safety,General,"In light of recent domestic violence cases, residents are reminded to follow road safety guidelines.","Kutokana na visa vya hivi karibuni vya unyanyasaji wa nyumbani, wakazi wanakumbushwa kufuata miongozo ya usalama barabarani.","Kaluwore gi weche ma osetimore machiegni mag ng’anjo e ot, iparo ne jodak mondo oluw chike mag rito yore."
5542,Security & Safety,General,Communities facing landslides should follow boat and lake safety rules issued by county disaster teams.,Jamii zinazokabiliwa na maporomoko ya ardhi zinapaswa kufuata kanuni za usalama wa mashua na ziwa zilizotolewa na timu za maafa za kaunti.,Jodak ma yudo masira mag lowo onego oluw chike mag arita mar yie kod nam ma ogol gi riwruoge mag masira mag kaunti.
5543,Security & Safety,General,Anyone who witnesses human trafficking during flooding emergencies should alert authorities immediately.,Yeyote anayeshuhudia usafirishaji haramu wa binadamu wakati wa dharura za mafuriko anapaswa kuarifu mamlaka mara moja.,Ng'at ang'ata maneno ka ji uso dhano e kinde ma pi opong'o piny onego onyis jotelo mapiyo.
5544,Security & Safety,General,Stay informed on cybersecurity threats and follow road safety guidelines to keep your family safe.,Endelea kufahamishwa kuhusu vitisho vya usalama wa mtandao na ufuate miongozo ya usalama barabarani kuweka familia yako salama.,Bed gi ng’eyo matut kuom gik ma nyalo kelo luoro e yor mbui kendo luwo chike mag rito yore mondo orit joodu.
5545,Security & Safety,General,"During disease outbreaks, always keep emergency contacts on hand in case of landslides.","Wakati wa milipuko ya magonjwa, weka nambari za dharura karibu endapo kutakuwa na maporomoko ya ardhi.","E kinde ma tuoche pong’o piny, kinde duto bed gi jogo ma inyalo tudruokgo mapiyo ka piny otur."
5546,Security & Safety,General,The National Disaster Operations Centre has issued an update on cybersecurity threats.,Kituo cha Kitaifa cha Uendeshaji wa Maafa kimetoa taarifa kuhusu vitisho vya usalama wa mtandao.,Ofis mar piny mangima ma rito masira osegolo wach manyien kuom gik ma nyalo kelo luoro e yor mbui.
5547,Security & Safety,General,"In light of recent theft cases, residents are reminded to follow workplace safety standards.","Kutokana na visa vya hivi karibuni vya wizi, wakazi wanakumbushwa kufuata viwango vya usalama mahali pa kazi.","Kaluwore gi kes mag kuo ma osetimore machiegni, iparo ne jodak mondo oluw chike mag arita e kar tich."
5548,Security & Safety,General,Report any cybercrime to the nearest police station immediately.,Ripoti uhalifu wa mtandaoni yoyote kwa kituo cha polisi cha karibu mara moja.,Chiw ripot mar tim marach moro amora motimre e yor mbui ne kar polisi man machiegni mapiyo.
5549,Security & Safety,General,"In light of recent suspicious activity cases, residents are reminded to follow road safety guidelines.","Kutokana na visa vya hivi karibuni vya shughuli za kutiliwa shaka, wakazi wanakumbushwa kufuata miongozo ya usalama barabarani.","Kaluwore gi weche ma osetimore machiegni mag gik ma ji nyalo bedo gi kiawa, iparo ne jodak mondo oluw chike mag arita e yore."
5550,Security & Safety,General,Anyone who witnesses armed robbery during fire disasters should alert authorities immediately.,Yeyote anayeshuhudia unyang'anyi wa kutumia silaha wakati wa majanga ya moto anapaswa kuarifu mamlaka mara moja.,"Ng’at ang’ata ma neno ka ji ng’iewo gik lweny e kinde ma masira mag mach timore, onego onyis jotelo mapiyo."
5551,Security & Safety,General,Anyone who witnesses human trafficking during disease outbreaks should alert authorities immediately.,Yeyote anayeshuhudia usafirishaji haramu wa binadamu wakati wa milipuko ya magonjwa anapaswa kuarifu mamlaka mara moja.,"Ng’at ang’ata ma neno ka ji uso dhano e kinde ma tuoche opong’o piny, onego onyis jotelo mapiyo."
5552,Security & Safety,General,"During displacement crises, always keep emergency contacts on hand in case of flooding.","Wakati wa migogoro ya kuhamishwa, weka nambari za dharura karibu endapo kutakuwa na mafuriko.","E kinde mag masira mag weyo udigi, kinde duto bed gi jogo ma inyalo tudruokgo mapiyo ka pi opong’o piny."
5553,Security & Safety,General,"In light of recent vandalism of public property cases, residents are reminded to follow fire safety precautions.","Kutokana na visa vya hivi karibuni vya uharibifu wa mali ya umma, wakazi wanakumbushwa kufuata tahadhari za usalama wa moto.","Kaluwore gi weche ma osetimore machiegni mag ketho mwandu mag piny, iparo ne jodak mondo oluw yore mag geng’o mach."
5554,Security & Safety,General,Follow public transport safety rules to keep your community safe during the festive season.,Fuata kanuni za usalama wa usafiri wa umma kuweka jamii yako salama wakati wa msimu wa sherehe.,Luri gi chike mag arita mag gari mar ji duto mondo orit jodak mari e kinde mag nyasi.
5555,Security & Safety,General,The National Disaster Operations Centre has issued an update on landslide risk.,Kituo cha Kitaifa cha Uendeshaji wa Maafa kimetoa taarifa kuhusu hatari ya maporomoko ya ardhi.,Ofis mar piny mangima ma rito masira osegolo wach manyien kuom luoro mar ng’anjo mar piny.
5556,Security & Safety,General,Stay informed on disease outbreak alerts and follow curfew regulations to keep your family safe.,Endelea kufahamishwa kuhusu tahadhari za milipuko ya magonjwa na ufuate kanuni za amri ya kutotoka nje kuweka familia yako salama.,Bed gi ng'eyo ewi lendo mag tuoche kendo luwo chike mag kafiu mondo orit joodu maber.
5557,Security & Safety,General,"During road accident emergencies, always keep emergency contacts on hand in case of flooding.","Wakati wa dharura za ajali za barabarani, weka nambari za dharura karibu endapo kutakuwa na mafuriko.","E kinde mag masira mag ndara, kinde duto bed gi jogo ma inyalo tudruokgo mapiyo ka pi opong’o piny."
5558,Security & Safety,General,Communities facing fire outbreaks should follow curfew regulations issued by county disaster teams.,Jamii zinazokabiliwa na milipuko ya moto zinapaswa kufuata kanuni za amri ya kutotoka nje zilizotolewa na timu za maafa za kaunti.,Oganda maromo gi midhiero mag mach onego oluw chike mag kafiu moketi gi riwruoge mag masira mag kaunti.
5559,Security & Safety,General,Anyone who witnesses cybercrime during search and rescue operations should alert authorities immediately.,Yeyote anayeshuhudia uhalifu wa mtandaoni wakati wa operesheni za utafutaji na uokoaji anapaswa kuarifu mamlaka mara moja.,Ng’at ang’ata ma neno tim marach mag mbui e kinde ma ji manyo kendo reso ji onego onyis jotelo mapiyo.
5560,Security & Safety,General,Stay informed on civil unrest warnings and follow boat and lake safety rules to keep your family safe.,Endelea kufahamishwa kuhusu tahadhari za machafuko ya kiraia na ufuate kanuni za usalama wa mashua na ziwa kuweka familia yako salama.,Bed gi ng’eyo kuom siem mag ng’anjo mag oganda kendo luwo chike mag arita mar yie kod nam mondo orit joodu maber.
5561,Security & Safety,General,Communities in flood-prone areas should prepare for fire outbreaks this rainy season.,Jamii katika maeneo yanayokumbwa na mafuriko zijiandae kwa milipuko ya moto msimu huu wa mvua.,Jodak ma nitie kuonde ma pi mang’eny nyalo pong’o piny onego oikre ne mach mabiro e kinde kothni.
5562,Security & Safety,General,Anyone who witnesses suspicious activity during displacement crises should alert authorities immediately.,Yeyote anayeshuhudia shughuli za kutiliwa shaka wakati wa migogoro ya kuhamishwa anapaswa kuarifu mamlaka mara moja.,Ng'ato ang'ata maneno gik ma ji nyalo bedo gi kiawa e kinde mag masira mag jodak onego onyis jotelo mapiyo.
5563,Security & Safety,General,"In light of recent domestic violence cases, residents are reminded to follow boat and lake safety rules.","Kutokana na visa vya hivi karibuni vya unyanyasaji wa nyumbani, wakazi wanakumbushwa kufuata kanuni za usalama wa mashua na ziwa.","Kaluwore gi kes mag tulo mag ot ma osetimore machiegni, iparo ne jodak mondo oluw chike mag rito yie kod nam."
5564,Security & Safety,General,"During search and rescue operations, always keep emergency contacts on hand in case of landslides.","Wakati wa operesheni za utafutaji na uokoaji, weka nambari za dharura karibu endapo kutakuwa na maporomoko ya ardhi.","E kinde ma itimo tije mag manyo kendo reso ji, kinde duto bed gi jogo ma inyalo tudruokgo mapiyo ka piny otur."
5565,Security & Safety,General,Communities facing landslides should follow curfew regulations issued by county disaster teams.,Jamii zinazokabiliwa na maporomoko ya ardhi zinapaswa kufuata kanuni za amri ya kutotoka nje zilizotolewa na timu za maafa za kaunti.,Oganda maromo gi mosruok mar piny onego oluw chike mag kafiu ma ogol gi jotelo mag masira mag kaunti.
5566,Security & Safety,General,Communities in flood-prone areas should prepare for building collapse risk this rainy season.,Jamii katika maeneo yanayokumbwa na mafuriko zijiandae kwa hatari ya kuporomoka kwa jengo msimu huu wa mvua.,Jodak ma ni e kuonde ma pi mang’eny nyalo pong’o piny onego oikre ne luoro mar ketruok mar udi e kinde kothni.
5567,Security & Safety,General,The National Disaster Operations Centre has issued an update on disease outbreak alerts.,Kituo cha Kitaifa cha Uendeshaji wa Maafa kimetoa taarifa kuhusu tahadhari za milipuko ya magonjwa.,Ofis mar piny mangima mar rito masira osegolo wach manyien kuom gik ma nyalo kelo tuoche.
5568,Security & Safety,General,"In light of recent a road accident cases, residents are reminded to follow curfew regulations.","Kutokana na visa vya hivi karibuni vya ajali ya barabarani, wakazi wanakumbushwa kufuata kanuni za amri ya kutotoka nje.","Kaluwore gi kes mag masira mag ndara machiegni, iparo ne jodak mondo oluw chike mag kafiu."
5569,Security & Safety,General,"During severe weather events, always keep emergency contacts on hand in case of disease outbreaks.","Wakati wa matukio makali ya hali ya hewa, weka nambari za dharura karibu endapo kutakuwa na milipuko ya magonjwa.","E kinde ma piny bedo mager ahinya, kinde duto bed gi jogo ma inyalo tudruokgo mapiyo ka tuoche ochako."
5570,Security & Safety,General,Prepare an emergency kit in case of water contamination in your area.,Andaa vifaa vya dharura endapo kutakuwa na uchafuzi wa maji eneo lako.,Inyalo loso gik ma inyalo tiyogo mapiyo ka pi opong’ gi gik ma okbeyo e alworau.
5571,Security & Safety,General,"During mass gatherings, always keep emergency contacts on hand in case of building collapse risk.","Wakati wa mikusanyiko mikubwa, weka nambari za dharura karibu endapo kutakuwa na hatari ya kuporomoka kwa jengo.","E kinde mag chokruok mag ji mang’eny, kinde duto bed gi jogo ma inyalo tudruokgo mapiyo ka ot nyalo kethore."
5572,Security & Safety,General,"During disease outbreaks, always keep emergency contacts on hand in case of lightning strikes.","Wakati wa milipuko ya magonjwa, weka nambari za dharura karibu endapo kutakuwa na mapigo ya radi.","E kinde ma tuoche pong’o piny, kinde duto bed gi jogo ma inyalo tudruokgo mapiyo kapo ni mil polo omako."
5573,Security & Safety,General,Stay alert for updates on security threats from official government channels.,Kaa macho kwa taarifa kuhusu vitisho vya usalama kutoka njia rasmi za serikali.,Bed gi ritruok kuom weche manyien manyalo kelo luoro mag arita mowuok e chanel mag sirkal.
5574,Security & Safety,General,"During mass gatherings, always keep emergency contacts on hand in case of disease outbreaks.","Wakati wa mikusanyiko mikubwa, weka nambari za dharura karibu endapo kutakuwa na milipuko ya magonjwa.","E kinde mag chokruok mag ji mang’eny, kinde duto bed gi jogo ma inyalo tudorego mapiyo kapo ni tuoche moko owuok."
5575,Security & Safety,General,"During mass gatherings, always keep emergency contacts on hand in case of water contamination.","Wakati wa mikusanyiko mikubwa, weka nambari za dharura karibu endapo kutakuwa na uchafuzi wa maji.","E kinde mag chokruok mag ji mang’eny, kinde duto bed gi jogo ma inyalo tudruokgo mapiyo ka pi okethore."
5576,Security & Safety,General,The National Disaster Operations Centre has issued an update on wildfire risk.,Kituo cha Kitaifa cha Uendeshaji wa Maafa kimetoa taarifa kuhusu hatari ya moto wa mwituni.,Ofis mar piny mangima mar rito masira osegolo wach manyien kuom gik ma nyalo kelo mach e bungu.
5577,Security & Safety,General,Anyone who witnesses a road accident during disease outbreaks should alert authorities immediately.,Yeyote anayeshuhudia ajali ya barabarani wakati wa milipuko ya magonjwa anapaswa kuarifu mamlaka mara moja.,"Ng’at ang’ata ma neno masira mar yo e kinde ma tuoche opong’o piny, onego onyis jotelo mapiyo."
5578,Security & Safety,General,"During flooding emergencies, always keep emergency contacts on hand in case of water contamination.","Wakati wa dharura za mafuriko, weka nambari za dharura karibu endapo kutakuwa na uchafuzi wa maji.","E kinde ma pi pong’o piny, kinde duto bed gi jogo ma nyalo konyi e lweti mondo kik pi okethore."
5579,Security & Safety,General,Residents are urged to report arson through the county emergency hotline.,Wakazi wanahimizwa kuripoti uchomaji moto wa makusudi kupitia laini ya dharura ya kaunti.,Jodak okwayo mondo onyis wach mar wang’o mach kokalo kuom namba mar ng’ado bura mapiyo mar kaunti.
5580,Security & Safety,General,Anyone who witnesses arson during severe weather events should alert authorities immediately.,Yeyote anayeshuhudia uchomaji moto wa makusudi wakati wa matukio makali ya hali ya hewa anapaswa kuarifu mamlaka mara moja.,"Ng’at ang’ata ma neno ka ng’ato owang’o ot e kinde ma piny bedo marach ahinya, onego onyis jotelo mapiyo."
5581,Security & Safety,General,Stay informed on landslide risk and follow fire safety precautions to keep your family safe.,Endelea kufahamishwa kuhusu hatari ya maporomoko ya ardhi na ufuate tahadhari za usalama wa moto kuweka familia yako salama.,Bed gi ng’eyo kuom gik ma nyalo kelo hinyruok e wi lowo kendo luwo yore mag geng’o mach mondo orit joodu maber.
5582,Security & Safety,General,Stay informed on landslide risk and follow crowd safety measures to keep your family safe.,Endelea kufahamishwa kuhusu hatari ya maporomoko ya ardhi na ufuate hatua za usalama wa umati kuweka familia yako salama.,Bed gi ng'eyo matut kuom luoro mar ng'anjo mar piny kendo luwo okenge mag arita mag oganda mondo orit joodu maber.
5583,Security & Safety,General,Stay informed on disease outbreak alerts and follow road safety guidelines to keep your family safe.,Endelea kufahamishwa kuhusu tahadhari za milipuko ya magonjwa na ufuate miongozo ya usalama barabarani kuweka familia yako salama.,Bed gi ng'eyo kuom weche mag tuoche mabiro kendo luwo chike mag arita mag yore mondo orit joodu maber.
5584,Security & Safety,General,"In light of recent cybercrime cases, residents are reminded to follow public transport safety rules.","Kutokana na visa vya hivi karibuni vya uhalifu wa mtandaoni, wakazi wanakumbushwa kufuata kanuni za usalama wa usafiri wa umma.","Kaluwore gi kes ma osetimore machiegni mag ketho mbui e yor mbui, iparo ne jodak mondo oluw chike mag rito ng’ato e wuoth ma ji duto tiyogo."
5585,Security & Safety,General,Communities facing building collapse risk should follow public transport safety rules issued by county disaster teams.,Jamii zinazokabiliwa na hatari ya kuporomoka kwa jengo zinapaswa kufuata kanuni za usalama wa usafiri wa umma zilizotolewa na timu za maafa za kaunti.,Oganda ma yudo pek mar ketruok mar udi onego oluw chike mag arita mag wuoth ma ji duto ogolo gi riwruoge mag masira mag kaunti.
5586,Security & Safety,General,Stay informed on security threats and follow crowd safety measures to keep your family safe.,Endelea kufahamishwa kuhusu vitisho vya usalama na ufuate hatua za usalama wa umati kuweka familia yako salama.,Bed gi ng'eyo matut kuom luoro mag arita kendo luwo okenge mag arita mag oganda mondo orit joodu maber.
5587,Security & Safety,General,"In light of recent theft cases, residents are reminded to follow boat and lake safety rules.","Kutokana na visa vya hivi karibuni vya wizi, wakazi wanakumbushwa kufuata kanuni za usalama wa mashua na ziwa.","Kaluwore gi kes mag kuo ma osetimore machiegni, iparo ne jodak mondo oluw chike mag rito yie kod nam."
5588,Security & Safety,General,Communities facing disease outbreaks should follow boat and lake safety rules issued by county disaster teams.,Jamii zinazokabiliwa na milipuko ya magonjwa zinapaswa kufuata kanuni za usalama wa mashua na ziwa zilizotolewa na timu za maafa za kaunti.,Oganda ma yudo masira mag tuoche onego oluw chike mag arita mag yie kod nam ma ogol gi jokanyo mag kaunti mag masira.
5589,Security & Safety,General,"In light of recent theft cases, residents are reminded to follow fire safety precautions.","Kutokana na visa vya hivi karibuni vya wizi, wakazi wanakumbushwa kufuata tahadhari za usalama wa moto.","Kaluwore gi kes mag kuo ma osetimore machiegni, iparo ne jodak mondo oluw yore mag geng’o mach."
5590,Security & Safety,General,"During flooding emergencies, always keep emergency contacts on hand in case of disease outbreaks.","Wakati wa dharura za mafuriko, weka nambari za dharura karibu endapo kutakuwa na milipuko ya magonjwa.","E kinde mag masira mag pi ma pong’o piny, kinde duto bed gi jogo ma nyalo konyi e lweti mondo kik tuoche ochop."
5591,Security & Safety,General,Anyone who witnesses vandalism of public property during displacement crises should alert authorities immediately.,Yeyote anayeshuhudia uharibifu wa mali ya umma wakati wa migogoro ya kuhamishwa anapaswa kuarifu mamlaka mara moja.,"Ng’at ang’ata ma neno ka ji ketho mwandu mag piny e kinde ma ji odak e udigi, onego onyis jotelo mapiyo."
5592,Security & Safety,General,"During disease outbreaks, always keep emergency contacts on hand in case of fire outbreaks.","Wakati wa milipuko ya magonjwa, weka nambari za dharura karibu endapo kutakuwa na milipuko ya moto.","E kinde ma tuoche pong’o piny, kinde duto bed gi jogo ma inyalo tudruokgo mapiyo ka mach ochako pong’o piny."
5593,Security & Safety,General,Stay informed on security threats and follow fire safety precautions to keep your family safe.,Endelea kufahamishwa kuhusu vitisho vya usalama na ufuate tahadhari za usalama wa moto kuweka familia yako salama.,Bed gi ng’eyo matut kuom gik ma nyalo kelo luoro kendo luwo okenge mag arita mar mach mondo orit joodu maber.
5594,Security & Safety,General,Stay informed on flooding risk and follow school safety protocols to keep your family safe.,Endelea kufahamishwa kuhusu hatari ya mafuriko na ufuate kanuni za usalama shuleni kuweka familia yako salama.,Bed gi ng’eyo kuom gik ma nyalo kelo hinyruok e wi pi ma pong’o piny kendo luwo chike mag skul mondo orit joodu obed gi arita.
5595,Security & Safety,General,Stay informed on cybersecurity threats and follow curfew regulations to keep your family safe.,Endelea kufahamishwa kuhusu vitisho vya usalama wa mtandao na ufuate kanuni za amri ya kutotoka nje kuweka familia yako salama.,Bed gi ng'eyo kuom luoro mag mbui kendo luwo chike mag kafiu mondo orit joodu maber.
5596,Security & Safety,General,"In light of recent armed robbery cases, residents are reminded to follow crowd safety measures.","Kutokana na visa vya hivi karibuni vya unyang'anyi wa kutumia silaha, wakazi wanakumbushwa kufuata hatua za usalama wa umati.","Kaluwore gi kes mag kuo ma osetimore machiegni, iparo ne jodak mondo oluw okenge mag rito oganda."
5597,Security & Safety,General,Residents are urged to report suspicious activity through the county emergency hotline.,Wakazi wanahimizwa kuripoti shughuli za kutiliwa shaka kupitia laini ya dharura ya kaunti.,Okwayo jodak mondo ogol ripot mar gik ma gigeno ni nitie kokalo kuom namba mar simu mar kaunti mar kony mapiyo.
5598,Security & Safety,General,Anyone who witnesses theft during fire disasters should alert authorities immediately.,Yeyote anayeshuhudia wizi wakati wa majanga ya moto anapaswa kuarifu mamlaka mara moja.,"Ng’at ang’ata ma neno kuo e kinde ma masira mag mach timore, onego onyis jotelo mapiyo."
5599,Security & Safety,General,Motorists and pedestrians alike must observe public transport safety rules at all times.,Madereva na waenda kwa miguu wanapaswa kuzingatia kanuni za usalama wa usafiri wa umma wakati wote.,Joma riembo gari kod joma wuotho ​​gi tiendgi nyaka luwo chike mag arita mag gari ma ji duto tiyogo kinde duto.
5600,Security & Safety,General,"During flooding emergencies, always keep emergency contacts on hand in case of landslides.","Wakati wa dharura za mafuriko, weka nambari za dharura karibu endapo kutakuwa na maporomoko ya ardhi.","E kinde ma pi pong’o piny, kinde duto bed gi jogo ma inyalo tudruokgo mapiyo ka piny opong’o piny."
5601,Security & Safety,General,Stay informed on security threats and follow school safety protocols to keep your family safe.,Endelea kufahamishwa kuhusu vitisho vya usalama na ufuate kanuni za usalama shuleni kuweka familia yako salama.,Bed gi ng’eyo kuom gik ma nyalo ketho arita kendo luwo chike mag arita mag skul mondo orit joodu obed gi arita.
5602,Security & Safety,General,Residents are urged to report child abuse through the county emergency hotline.,Wakazi wanahimizwa kuripoti unyanyasaji wa watoto kupitia laini ya dharura ya kaunti.,Okwayo jodak mondo ogol ripot mar tim mar ketho nyithindo kokalo kuom namba mar simu mar kaunti mar ng’ado bura mapiyo.
5603,Security & Safety,General,"During mass gatherings, always keep emergency contacts on hand in case of landslides.","Wakati wa mikusanyiko mikubwa, weka nambari za dharura karibu endapo kutakuwa na maporomoko ya ardhi.","E kinde mag chokruok mag ji mang’eny, kinde duto bed gi jogo ma inyalo tudruokgo mapiyo ka piny otur."
5604,Security & Safety,General,Anyone who witnesses child abuse during fire disasters should alert authorities immediately.,Yeyote anayeshuhudia unyanyasaji wa watoto wakati wa majanga ya moto anapaswa kuarifu mamlaka mara moja.,"Ng’at ang’ata ma neno ka itimo ne nyathi timbe marach e kinde ma masira mag mach timore, onego onyis jotelo mapiyo."
5605,Security & Safety,General,The National Disaster Operations Centre has issued an update on civil unrest warnings.,Kituo cha Kitaifa cha Uendeshaji wa Maafa kimetoa taarifa kuhusu tahadhari za machafuko ya kiraia.,Ofis mar piny mangima mar rito masira osegolo wach manyien kuom siem mag ng’anjo mag oganda.
5606,Security & Safety,General,"In light of recent human trafficking cases, residents are reminded to follow workplace safety standards.","Kutokana na visa vya hivi karibuni vya usafirishaji haramu wa binadamu, wakazi wanakumbushwa kufuata viwango vya usalama mahali pa kazi.","Kaluwore gi kes mag ng’iewo dhano ma osetimore machiegni, iparo ne jodak mondo oluw chike mag arita e kar tich."
5607,Security & Safety,General,Communities facing flooding should follow workplace safety standards issued by county disaster teams.,Jamii zinazokabiliwa na mafuriko zinapaswa kufuata viwango vya usalama mahali pa kazi zilizotolewa na timu za maafa za kaunti.,Oganda maromo gi pi ma pong'o piny onego oluw chike mag arita mag kar tich moketi gi riwruoge mag masira mag kaunti.
5608,Security & Safety,General,"During road accident emergencies, always keep emergency contacts on hand in case of water contamination.","Wakati wa dharura za ajali za barabarani, weka nambari za dharura karibu endapo kutakuwa na uchafuzi wa maji.","E kinde ma masira mag ndara timore mapiyo, kinde duto bed gi jogo ma nyalo konyi e lweti mondo kik pi okethore."
5609,Security & Safety,General,"During flooding emergencies, always keep emergency contacts on hand in case of drought.","Wakati wa dharura za mafuriko, weka nambari za dharura karibu endapo kutakuwa na ukame.","E kinde ma pi pong’o piny, kinde duto bed gi jogo ma nyalo konyi e lweti kapo ni oro opong’o piny."
5610,Security & Safety,General,Motorists and pedestrians alike must observe curfew regulations at all times.,Madereva na waenda kwa miguu wanapaswa kuzingatia kanuni za amri ya kutotoka nje wakati wote.,Jogo ma riembo nyamburko kod jowuotho ​​nyaka luwo chike mag kafiu kinde duto.
5611,Security & Safety,General,Anyone who witnesses armed robbery during displacement crises should alert authorities immediately.,Yeyote anayeshuhudia unyang'anyi wa kutumia silaha wakati wa migogoro ya kuhamishwa anapaswa kuarifu mamlaka mara moja.,"Ng’at ang’ata ma neno ka ji ng’anjo gi gik lweny e kinde ma ji odak e udigi, onego onyis jotelo mapiyo."
5612,Security & Safety,General,Stay alert for updates on wildfire risk from official government channels.,Kaa macho kwa taarifa kuhusu hatari ya moto wa mwituni kutoka njia rasmi za serikali.,Bed morit mondo iyud weche manyien ewi luoro mar mach mawang'o bungu kowuok e chanel ma sirkal mowinjore.
5613,Security & Safety,General,"During mass gatherings, always keep emergency contacts on hand in case of fire outbreaks.","Wakati wa mikusanyiko mikubwa, weka nambari za dharura karibu endapo kutakuwa na milipuko ya moto.","E kinde mag chokruok mag ji mang’eny, kinde duto bed gi jogo ma inyalo tudruokgo mapiyo kapo ni mach owang’."
5614,Security & Safety,General,Communities in flood-prone areas should prepare for disease outbreaks this rainy season.,Jamii katika maeneo yanayokumbwa na mafuriko zijiandae kwa milipuko ya magonjwa msimu huu wa mvua.,Jodak ma nitie kuonde ma pi mang’eny nyalo pong’o piny onego oikre ne tuoche mabiro e kinde kothni.
5615,Security & Safety,General,Report any arson to the nearest police station immediately.,Ripoti uchomaji moto wa makusudi yoyote kwa kituo cha polisi cha karibu mara moja.,Chiw ripot mar mach ma ng’ato owang’o e ofis mar polisi man machiegni mapiyo.
5616,Security & Safety,General,Anyone who witnesses a road accident during severe weather events should alert authorities immediately.,Yeyote anayeshuhudia ajali ya barabarani wakati wa matukio makali ya hali ya hewa anapaswa kuarifu mamlaka mara moja.,"Ng’at ang’ata ma neno masira mar ndara e kinde ma piny bedo matek, onego onyis jotelo mapiyo."
5617,Security & Safety,General,Motorists and pedestrians alike must observe school safety protocols at all times.,Madereva na waenda kwa miguu wanapaswa kuzingatia kanuni za usalama shuleni wakati wote.,Joma riembo gari kod joma wuotho ​​gi tiendgi nyaka luwo chike mag skul kinde duto.
5618,Security & Safety,General,Anyone who witnesses armed robbery during severe weather events should alert authorities immediately.,Yeyote anayeshuhudia unyang'anyi wa kutumia silaha wakati wa matukio makali ya hali ya hewa anapaswa kuarifu mamlaka mara moja.,"Ng’at ang’ata ma neno ka ji ng’iewo gik lweny e kinde ma yamo bedo marach ahinya, onego onyis jotelo mapiyo."
5619,Security & Safety,General,Residents are urged to report theft through the county emergency hotline.,Wakazi wanahimizwa kuripoti wizi kupitia laini ya dharura ya kaunti.,Jodak ikwayo mondo ogol ripot mar kuo kokalo kuom namba mar ng’ado bura mapiyo mar kaunti.
5620,Security & Safety,General,Anyone who witnesses armed robbery during mass gatherings should alert authorities immediately.,Yeyote anayeshuhudia unyang'anyi wa kutumia silaha wakati wa mikusanyiko mikubwa anapaswa kuarifu mamlaka mara moja.,"Ng’at ang’ata ma neno ka ji ng’iewo gik lweny e kinde ma ji mang’eny chokore, onego onyis jotelo mapiyo."
5621,Security & Safety,General,Stay alert for updates on flooding risk from official government channels.,Kaa macho kwa taarifa kuhusu hatari ya mafuriko kutoka njia rasmi za serikali.,Bed gi ritruok kuom weche manyien mag luoro mar pi ma pong'o piny kowuok e chanel mag sirkal.
5622,Security & Safety,General,Contact the Kenya Red Cross for assistance during road accident emergencies.,Wasiliana na Msalaba Mwekundu wa Kenya kwa msaada wakati wa dharura za ajali za barabarani.,Tudri kod Red Cross mar Kenya mondo iyud kony e seche ma masira mag ndara timore mapiyo.
5623,Security & Safety,General,Communities facing strong winds should follow fire safety precautions issued by county disaster teams.,Jamii zinazokabiliwa na upepo mkali zinapaswa kufuata tahadhari za usalama wa moto zilizotolewa na timu za maafa za kaunti.,Oganda maromo gi yamo matek onego oluw okenge mag arita mar mach moketi gi riwruoge mag kaunti mag masira.
5624,Security & Safety,General,Report any suspicious activity to the nearest police station immediately.,Ripoti shughuli za kutiliwa shaka yoyote kwa kituo cha polisi cha karibu mara moja.,Chiw ripot mar tim moro amora ma igeno ni itimo ne obila man machiegni mapiyo.
5625,Security & Safety,General,Stay informed on wildfire risk and follow workplace safety standards to keep your family safe.,Endelea kufahamishwa kuhusu hatari ya moto wa mwituni na ufuate viwango vya usalama mahali pa kazi kuweka familia yako salama.,Bed gi ng’eyo matut kuom gik ma nyalo kelo mach e bungu kendo luwo chike mag arita e kar tich mondo orit joodu obed gi arita.
5626,Security & Safety,General,Residents are urged to report a road accident through the county emergency hotline.,Wakazi wanahimizwa kuripoti ajali ya barabarani kupitia laini ya dharura ya kaunti.,Okwayo jodak mondo ogol ripot mar masira mar ndara kokalo kuom namba mar simu mar kaunti mar masira.
5627,Security & Safety,General,"In light of recent theft cases, residents are reminded to follow school safety protocols.","Kutokana na visa vya hivi karibuni vya wizi, wakazi wanakumbushwa kufuata kanuni za usalama shuleni.","Kaluwore gi kes mag kuo ma osetimore machiegni, iparo ne jodak mondo oluw chike mag arita mag skul."
5628,Security & Safety,General,"In light of recent arson cases, residents are reminded to follow boat and lake safety rules.","Kutokana na visa vya hivi karibuni vya uchomaji moto wa makusudi, wakazi wanakumbushwa kufuata kanuni za usalama wa mashua na ziwa.","Kaluwore gi kes mag wang’o mach ma osetimore machiegni, iparo ne jodak mondo oluw chike mag rito yie kod nam."
5629,Security & Safety,General,Motorists and pedestrians alike must observe fire safety precautions at all times.,Madereva na waenda kwa miguu wanapaswa kuzingatia tahadhari za usalama wa moto wakati wote.,Jogo ma riembo gari kod joma wuotho ​​gi tiendgi nyaka luwo yore mag geng’o mach kinde duto.
5630,Security & Safety,General,Communities facing building collapse risk should follow fire safety precautions issued by county disaster teams.,Jamii zinazokabiliwa na hatari ya kuporomoka kwa jengo zinapaswa kufuata tahadhari za usalama wa moto zilizotolewa na timu za maafa za kaunti.,Oganda maromo gi luoro mar ketruok mar udi onego oluw okenge mag arita mag mach moketi gi riwruoge mag masira mag kaunti.
5631,Security & Safety,General,"In light of recent cybercrime cases, residents are reminded to follow curfew regulations.","Kutokana na visa vya hivi karibuni vya uhalifu wa mtandaoni, wakazi wanakumbushwa kufuata kanuni za amri ya kutotoka nje.","Kaluwore gi kes mag ketho mbui ma osetimore machiegni, iparo ne jodak mondo oluw chike mag kafiu."
5632,Security & Safety,General,"In light of recent armed robbery cases, residents are reminded to follow school safety protocols.","Kutokana na visa vya hivi karibuni vya unyang'anyi wa kutumia silaha, wakazi wanakumbushwa kufuata kanuni za usalama shuleni.","Kaluwore gi kes mag kuo ma osetimore machiegni, iparo ne jodak mondo oluw chike mag arita mag skul."
5633,Security & Safety,General,Residents are urged to report domestic violence through the county emergency hotline.,Wakazi wanahimizwa kuripoti unyanyasaji wa nyumbani kupitia laini ya dharura ya kaunti.,Okwayo jodak mondo ogol ripot mar tim gero mag ot kokalo kuom namba mar simu mar kaunti mar ng’ado bura mapiyo.
5634,Security & Safety,General,Stay informed on wildfire risk and follow road safety guidelines to keep your family safe.,Endelea kufahamishwa kuhusu hatari ya moto wa mwituni na ufuate miongozo ya usalama barabarani kuweka familia yako salama.,Bed gi ng’eyo kuom gik ma nyalo kelo mach e bungu kendo luwo chike mag arita mag yore mondo orit joodu maber.
5635,Security & Safety,General,"During fire disasters, always keep emergency contacts on hand in case of disease outbreaks.","Wakati wa majanga ya moto, weka nambari za dharura karibu endapo kutakuwa na milipuko ya magonjwa.","E kinde mag masiche mag mach, kinde duto bed gi jogo ma inyalo tudorego mapiyo kapo ni tuoche owuok."
5636,Security & Safety,General,"In light of recent arson cases, residents are reminded to follow public transport safety rules.","Kutokana na visa vya hivi karibuni vya uchomaji moto wa makusudi, wakazi wanakumbushwa kufuata kanuni za usalama wa usafiri wa umma.","Kaluwore gi kes mag wang’o mach ma osetimore machiegni, iparo ne jodak mondo oluw chike mag rito ng’ato e wuoth ma ji duto tiyogo."
5637,Security & Safety,General,Follow school safety protocols to keep your community safe during the festive season.,Fuata kanuni za usalama shuleni kuweka jamii yako salama wakati wa msimu wa sherehe.,Luri gi chike mag arita mag skul mondo orit jodak mari e kinde mag nyasi.
5638,Security & Safety,General,Anyone who witnesses theft during mass gatherings should alert authorities immediately.,Yeyote anayeshuhudia wizi wakati wa mikusanyiko mikubwa anapaswa kuarifu mamlaka mara moja.,Ng’at ang’ata ma neno kuo e kinde ma ji mang’eny romoe onego onyis jotelo mapiyo.
5639,Security & Safety,General,Residents are urged to report human trafficking through the county emergency hotline.,Wakazi wanahimizwa kuripoti usafirishaji haramu wa binadamu kupitia laini ya dharura ya kaunti.,Okwayo jodak mondo ogol ripot mar uso dhano kokalo kuom namba mar ng’ado bura mapiyo.
5640,Security & Safety,General,Communities facing landslides should follow fire safety precautions issued by county disaster teams.,Jamii zinazokabiliwa na maporomoko ya ardhi zinapaswa kufuata tahadhari za usalama wa moto zilizotolewa na timu za maafa za kaunti.,Oganda ma yudo masira mag lowo onego oluw okenge mag arita mar mach ma ogolo gi riwruoge mag masira mag kaunti.
5641,Security & Safety,General,Communities facing drought should follow road safety guidelines issued by county disaster teams.,Jamii zinazokabiliwa na ukame zinapaswa kufuata miongozo ya usalama barabarani zilizotolewa na timu za maafa za kaunti.,Jodak maromo gi oro onego oluw chike mag arita mag yore ma ochiw gi riwruoge mag kaunti mag masira.
5642,Security & Safety,General,Communities facing fire outbreaks should follow crowd safety measures issued by county disaster teams.,Jamii zinazokabiliwa na milipuko ya moto zinapaswa kufuata hatua za usalama wa umati zilizotolewa na timu za maafa za kaunti.,Oganda maromo gi midhiero mag mach onego oluw okenge mag arita mar oganda ma ogol gi jokanyo mag masira mag kaunti.
5643,Security & Safety,General,Stay informed on civil unrest warnings and follow public transport safety rules to keep your family safe.,Endelea kufahamishwa kuhusu tahadhari za machafuko ya kiraia na ufuate kanuni za usalama wa usafiri wa umma kuweka familia yako salama.,Bed gi ng’eyo kuom siem mag ng’anjo mag oganda kendo luwo chike mag arita mag gari ma ji duto luwo mondo orit joodu.
5644,Security & Safety,General,"In light of recent domestic violence cases, residents are reminded to follow workplace safety standards.","Kutokana na visa vya hivi karibuni vya unyanyasaji wa nyumbani, wakazi wanakumbushwa kufuata viwango vya usalama mahali pa kazi.","Kaluwore gi kes ma osetimore machiegni mag ng’anjo e ot, iparo ne jodak mondo giluw chike mag arita e kar tich."
5645,Security & Safety,General,"During flooding emergencies, always keep emergency contacts on hand in case of flooding.","Wakati wa dharura za mafuriko, weka nambari za dharura karibu endapo kutakuwa na mafuriko.","E kinde ma pi opong’o piny, kinde duto bed gi jogo ma inyalo tudruokgo mapiyo ka pi opong’o piny."
5646,Security & Safety,General,Stay informed on severe weather warnings and follow road safety guidelines to keep your family safe.,Endelea kufahamishwa kuhusu tahadhari za hali mbaya ya hewa na ufuate miongozo ya usalama barabarani kuweka familia yako salama.,Bed gi ng’eyo kuom siem mag yamo mager kendo luwo chike mag arita mag yore mondo orit joodu obed gi arita maber.
5647,Security & Safety,General,Communities facing building collapse risk should follow road safety guidelines issued by county disaster teams.,Jamii zinazokabiliwa na hatari ya kuporomoka kwa jengo zinapaswa kufuata miongozo ya usalama barabarani zilizotolewa na timu za maafa za kaunti.,Jodak ma yudo pek mar ketruok mar udi onego oluw chike mag arita mag yore ma ogol gi jotelo mag masira mag kaunti.
5648,Security & Safety,General,Stay alert for updates on cybersecurity threats from official government channels.,Kaa macho kwa taarifa kuhusu vitisho vya usalama wa mtandao kutoka njia rasmi za serikali.,Bed gi ritruok kuom weche ma nyasani ewi luoro mag mbui mawuok e chanel mag sirkal.
5649,Security & Safety,General,Anyone who witnesses a road accident during fire disasters should alert authorities immediately.,Yeyote anayeshuhudia ajali ya barabarani wakati wa majanga ya moto anapaswa kuarifu mamlaka mara moja.,"Ng’at ang’ata ma neno masira mar yo e kinde ma masira mar mach timore, onego onyis jotelo mapiyo."
5650,Security & Safety,General,Stay informed on cybersecurity threats and follow fire safety precautions to keep your family safe.,Endelea kufahamishwa kuhusu vitisho vya usalama wa mtandao na ufuate tahadhari za usalama wa moto kuweka familia yako salama.,Bed gi ng’eyo matut kuom gik ma nyalo kelo luoro e mbui kendo luwo yore mag rito mach mondo orit joodu obed gi arita.
5651,Security & Safety,General,Prepare an emergency kit in case of strong winds in your area.,Andaa vifaa vya dharura endapo kutakuwa na upepo mkali eneo lako.,Inyalo loso gik ma itiyogo e kinde mag masira ka yamo matek owuok e alworau.
5652,Security & Safety,General,Stay informed on disease outbreak alerts and follow crowd safety measures to keep your family safe.,Endelea kufahamishwa kuhusu tahadhari za milipuko ya magonjwa na ufuate hatua za usalama wa umati kuweka familia yako salama.,Bed gi ng'eyo matut kuom lendo mag tuoche kendo luwo okenge mag arita mag oganda mondo orit joodu maber.
5653,Security & Safety,General,Stay informed on wildfire risk and follow crowd safety measures to keep your family safe.,Endelea kufahamishwa kuhusu hatari ya moto wa mwituni na ufuate hatua za usalama wa umati kuweka familia yako salama.,Bed gi ng'eyo kuom luoro mar mach mawang'o bungu kendo luwo okenge mag arita mag oganda mondo orit joodu maber.
5654,Security & Safety,General,Report any vandalism of public property to the nearest police station immediately.,Ripoti uharibifu wa mali ya umma yoyote kwa kituo cha polisi cha karibu mara moja.,Ripot ng’ato ang’ata ma ketho mwandu mag oganda e ofis mar polisi man machiegni mapiyo.
5655,Security & Safety,General,"In light of recent suspicious activity cases, residents are reminded to follow crowd safety measures.","Kutokana na visa vya hivi karibuni vya shughuli za kutiliwa shaka, wakazi wanakumbushwa kufuata hatua za usalama wa umati.","Kaluwore kod weche ma osetimore machiegni mag gik ma ji nyalo bedo gi kiawa, iparo ne jodak mondo oluw okenge mag arita e kind oganda."
5656,Security & Safety,General,Stay alert for updates on landslide risk from official government channels.,Kaa macho kwa taarifa kuhusu hatari ya maporomoko ya ardhi kutoka njia rasmi za serikali.,Bed gi ritruok mondo iyud weche manyien ewi luoro mar osruok mar lowo kowuok e chanel ma sirkal mapile.
5657,Governance,General,"To reduce misuse of public funds, the county is expanding access to voter registration updates this year.","Ili kupunguza matumizi mabaya ya fedha za umma, kaunti inapanua upatikanaji wa masasisho ya usajili wa wapiga kura mwaka huu.","Mondo ogeng’ tiyo marach gi pesa mag piny, kaunti medo ng’eyo kaka inyalo yudo weche manyien mag ndiko nying’ jogo ma dhi goyo ombulu e higa ni."
5658,Governance,General,Understanding public participation in law-making makes it easier to report corruption when you see it.,Kuelewa ushiriki wa umma katika utungaji sheria hurahisisha kuripoti ufisadi unapoiona.,Ng’eyo kaka oganda donjo e keto chike miyo bedo mayot mondo ior ripot mar ketho chik ka inene.
5659,Governance,General,Join community development meetings this month to learn how to access disability registration services and report misuse of public funds.,Jiunge na mikutano ya maendeleo ya jamii mwezi huu kujifunza jinsi ya kupata huduma za usajili wa ulemavu na kuripoti matumizi mabaya ya fedha za umma.,Inyalo donjo e chokruoge mag dongruok mag oganda e dwe ni mondo ing’e kaka inyalo yudo kony mar ndiko nying’ jogo ma nigi nyawo mag del kendo ripot kuom tiyo marach gi pesa mag piny.
5660,Governance,General,"To fight misuse of public funds, the county is promoting citizen feedback sessions alongside easier access to disability registration services.","Ili kupambana na matumizi mabaya ya fedha za umma, kaunti inahamasisha vikao vya maoni ya wananchi pamoja na upatikanaji rahisi wa huduma za usajili wa ulemavu.","Mondo oked gi tiyo marach gi pesa mag piny, kauntino loso chenro mag dwoko paro ne jodak kaachiel gi yudo thuolo mayot mar ndiko nying’ jogo ma nigi nyawo mag del."
5661,Governance,General,"To reduce unfair resource allocation, the county is expanding access to passport application services this year.","Ili kupunguza ugawaji usio wa haki wa rasilimali, kaunti inapanua upatikanaji wa huduma za maombi ya pasipoti mwaka huu.","Mondo ogeng’ ng’iewo mwandu ma ok owinjore, kauntino medo ng’iewo gik moko e higa ni."
5662,Governance,General,Citizens who understand public participation in law-making are better placed to report electoral malpractice when it occurs.,Wananchi wanaoelewa ushiriki wa umma katika utungaji sheria wako katika nafasi nzuri zaidi ya kuripoti udanganyifu wa uchaguzi inapotokea.,Jodak ma winjo tiend bedo gi ng’eyo mar oganda e loso chike gin joma nigi thuolo maber mar lando tim marach mag yiero ka otimore.
5663,Governance,General,Join county budget consultations this month to learn how to access tax compliance certificates and report corruption.,Jiunge na mashauriano ya bajeti ya kaunti mwezi huu kujifunza jinsi ya kupata vyeti vya ufuasi wa kodi na kuripoti ufisadi.,Ibed gi paro mag bajet mar kaunti e dwe ni mondo ing'e kaka inyalo yud oboke mag luwo osuru kendo igoyo ripot mar ketho chik.
5664,Governance,General,The county government invites residents to anti-corruption awareness campaigns scheduled for this month.,Serikali ya kaunti inawaalika wakazi kwenye kampeni za uhamasishaji dhidi ya ufisadi iliyopangwa mwezi huu.,Sirkal mar kaunti rwako jodak mondo odhi e kampen mag puonjo ji e wi tim mag ketho chik ma ibiro timo e dwe mar apar.
5665,Governance,General,You can now apply for national ID replacement online through the eCitizen portal.,Sasa unaweza kuomba ubadilishaji wa kitambulisho cha taifa mtandaoni kupitia mfumo wa eCitizen.,Koro inyalo ndiko kwayo mar oloki namba mar piny e mbui kokalo e mbui mar eCitizen.
5666,Governance,General,"To reduce land grabbing, the county is expanding access to passport application services this year.","Ili kupunguza unyakuzi wa ardhi, kaunti inapanua upatikanaji wa huduma za maombi ya pasipoti mwaka huu.","Mondo ogeng’ ng’anjo mar piny, kauntino medo ng’anjo mar yudo pesa mag ng’ado pasport e higa ni."
5667,Governance,General,"To reduce unfair resource allocation, the county is expanding access to birth certificate registration this year.","Ili kupunguza ugawaji usio wa haki wa rasilimali, kaunti inapanua upatikanaji wa usajili wa cheti cha kuzaliwa mwaka huu.","Mondo ogeng’ chiwo mwandu ma ok owinjore, kaunti medo ng’eyo kaka inyalo ndiko nying’ oboke mag nyuol e higa ni."
5668,Governance,General,Citizens who understand the Huduma Namba registration system are better placed to report misuse of public funds when it occurs.,Wananchi wanaoelewa mfumo wa usajili wa Huduma Namba wako katika nafasi nzuri zaidi ya kuripoti matumizi mabaya ya fedha za umma inapotokea.,Jopiny ma winjo tie yor ndiko nying' Huduma Namba ber e thuolo maber mar nyiso tiyo marach gi pesa mag sirkal ka mano otimore.
5669,Governance,General,Understanding public participation in law-making makes it easier to report electoral malpractice when you see it.,Kuelewa ushiriki wa umma katika utungaji sheria hurahisisha kuripoti udanganyifu wa uchaguzi unapoiona.,Ng’eyo kaka oganda donjo e keto chike miyo bedo mayot mondo ior ripot mar tim marach ma itimo e yiero ka inene.
5670,Governance,General,Join community development meetings this month to learn how to access land title services and report unfair resource allocation.,Jiunge na mikutano ya maendeleo ya jamii mwezi huu kujifunza jinsi ya kupata huduma za hati za ardhi na kuripoti ugawaji usio wa haki wa rasilimali.,Inyalo donjo e chokruoge mag dongruok mag oganda e dwe ni mondo ing’e kaka inyalo yudo kony mar yudo oboke mar piny kendo igol ripot mar keto mwandu e yo ma ok owinjore.
5671,Governance,General,The county government invites residents to youth empowerment forums scheduled for this month.,Serikali ya kaunti inawaalika wakazi kwenye mabaraza ya uwezeshaji wa vijana iliyopangwa mwezi huu.,Sirkal mar kaunti rwako jodak mondo obi e chokruoge mag chiwo teko ne joma tindo ma oseket e dwe mar apar.
5672,Governance,General,Access land title services through your county government's official channels.,Pata huduma za hati za ardhi kupitia njia rasmi za serikali ya kaunti yako.,Yudo huduma mag oboke mar piny kokalo kuom chanel ma sirkal mar kaunti mari.
5673,Governance,General,"To fight nepotism in hiring, the county is promoting town hall meetings alongside easier access to disability registration services.","Ili kupambana na upendeleo katika uajiri, kaunti inahamasisha mikutano ya hadhara pamoja na upatikanaji rahisi wa huduma za usajili wa ulemavu.","Mondo oked gi ng’anjo mar jowetegi e ng’ado tich, kauntino loso romo mag od bura mag taon kaachiel gi yudo thuolo mayot mar ndiko nying’ jogo ma nigi nyawo mag del."
5674,Governance,General,Residents attending anti-corruption awareness campaigns can also learn how to access land title services on the spot.,Wakazi wanaohudhuria kampeni za uhamasishaji dhidi ya ufisadi wanaweza pia kujifunza jinsi ya kupata huduma za hati za ardhi papo hapo.,Jodak ma dhi e kampen mag puonjo ji e wi ketho chik bende nyalo ng’eyo kaka ginyalo yudo kony mar ng’ado bura e kanyo.
5675,Governance,General,"To fight land grabbing, the county is promoting county budget consultations alongside easier access to business permit applications.","Ili kupambana na unyakuzi wa ardhi, kaunti inahamasisha mashauriano ya bajeti ya kaunti pamoja na upatikanaji rahisi wa maombi ya leseni za biashara.","Mondo oked gi ng’anjo mar piny, kauntino kelo paro mag bajet mar kaunti kaachiel gi yudo mayot mar kwayo mag oboke mar timo ohala."
5676,Governance,General,Join public participation forums this month to learn how to access disability registration services and report delayed government services.,Jiunge na mabaraza ya ushiriki wa umma mwezi huu kujifunza jinsi ya kupata huduma za usajili wa ulemavu na kuripoti huduma za serikali kuchelewa.,Ibed gi thuolo mar donjo e forum mag ji duto e dwe ni mondo ing’e kaka inyalo yudo kony mag ndiko nying’ jogo ma nigi nyawo mag del kendo chiwo ripot mar kony mag sirkal ma osebedo ka okawo thuolo malach.
5677,Governance,General,"To reduce land grabbing, the county is expanding access to birth certificate registration this year.","Ili kupunguza unyakuzi wa ardhi, kaunti inapanua upatikanaji wa usajili wa cheti cha kuzaliwa mwaka huu.","Mondo ogeng’ ng’anjo mar piny, kauntino medo yudo thuolo mar ndiko nying’ oboke mag nyuol e higa ni."
5678,Governance,General,The county government invites residents to town hall meetings scheduled for this month.,Serikali ya kaunti inawaalika wakazi kwenye mikutano ya hadhara iliyopangwa mwezi huu.,Sirkal mar kaunti rwako jodak mondo obi e chokruoge mag od bura ma oket mondo otimre e dwe mar apar.
5679,Governance,General,Residents attending youth empowerment forums can also learn how to access tax compliance certificates on the spot.,Wakazi wanaohudhuria mabaraza ya uwezeshaji wa vijana wanaweza pia kujifunza jinsi ya kupata vyeti vya ufuasi wa kodi papo hapo.,Jodak ma dhi e chokruoge mag miyo joma tindo teko bende nyalo ng’eyo kaka ginyalo yudo oboke mag luwo chike mag osuru e kanyo.
5680,Governance,General,Officials encourage citizens to combine anti-corruption awareness campaigns participation with awareness of public participation in law-making.,Maafisa wanahimiza wananchi kuchanganya ushiriki katika kampeni za uhamasishaji dhidi ya ufisadi na uelewa wa ushiriki wa umma katika utungaji sheria.,Jotelo jiwo jopiny mondo oket kanyakla bedo e kampen mag puonjo ji e wi ketho chik kod bedo gi ng’eyo mar bedo gi oganda e loso chike.
5681,Governance,General,Residents attending county budget consultations can also learn how to access disability registration services on the spot.,Wakazi wanaohudhuria mashauriano ya bajeti ya kaunti wanaweza pia kujifunza jinsi ya kupata huduma za usajili wa ulemavu papo hapo.,Jodak ma dhi e chokruoge mag bajet mar kaunti bende nyalo ng’eyo kaka ginyalo yudo kony mar ndiko nying’ jogo ma nigi nyawo mag del e kanyo.
5682,Governance,General,Residents attending anti-corruption awareness campaigns can also learn how to access national ID replacement on the spot.,Wakazi wanaohudhuria kampeni za uhamasishaji dhidi ya ufisadi wanaweza pia kujifunza jinsi ya kupata ubadilishaji wa kitambulisho cha taifa papo hapo.,Jodak ma dhi e kampen mag puonjo ji e wi tim mar ketho chik bende nyalo ng’eyo kaka ginyalo yudo ID mar pinyno e kanyo.
5683,Governance,General,Understanding the devolution process makes it easier to report abuse of office when you see it.,Kuelewa mchakato wa ugatuzi hurahisisha kuripoti matumizi mabaya ya ofisi unapoiona.,"Ka ing’eyo kaka itiyo gi loch mar ng’ato, mano miyo bedo mayot mondo ior ripot mar tiyo marach gi loch ka inene."
5684,Governance,General,Any suspected nepotism in hiring can be reported anonymously through the ethics hotline.,upendeleo katika uajiri yoyote inayoshukiwa inaweza kuripotiwa bila kujulikana kupitia laini ya maadili.,Gimoro amora ma igeno ni nitie tim mar ng’anjo e ng’ado ng’ato e tich inyalo lando ma ok ong’ere kokalo kuom namba mar ng’ado bura e wi tim makare.
5685,Governance,General,Report cases of nepotism in hiring to the relevant government office.,Ripoti kesi za upendeleo katika uajiri kwa ofisi husika ya serikali.,Ripot kes mag ng’anjo ne apis mar sirkal ma owinjore.
5686,Governance,General,Residents attending anti-corruption awareness campaigns can also learn how to access tax compliance certificates on the spot.,Wakazi wanaohudhuria kampeni za uhamasishaji dhidi ya ufisadi wanaweza pia kujifunza jinsi ya kupata vyeti vya ufuasi wa kodi papo hapo.,Jodak ma dhi e kampen mag puonjo ji e wi tim mar ketho chik bende nyalo ng’eyo kaka ginyalo yudo oboke mag luwo chike mag osuru e kanyo.
5687,Governance,General,Officials encourage citizens to combine local development planning sessions participation with awareness of the role of the ombudsman.,Maafisa wanahimiza wananchi kuchanganya ushiriki katika vikao vya upangaji wa maendeleo ya eneo na uelewa wa nafasi ya mdhibiti malalamiko.,Jotelo jiwo jodak mondo oket kanyakla bedo e chokruoge mag loso chenro mag dongruok mag alwora kod ng’eyo tich mar jatend piny.
5688,Governance,General,Attend a civic education forum to learn about the devolution process.,Hudhuria jukwaa la elimu ya uraia kujifunza kuhusu mchakato wa ugatuzi.,Dhi e chokruok mar somo mar oganda mondo ing’e kaka inyalo keto loch e piny.
5689,Governance,General,Understanding accessing government services online helps citizens engage more effectively with local government.,Kuelewa kupata huduma za serikali mtandaoni husaidia wananchi kushirikiana vyema na serikali ya eneo lao.,Ng’eyo kaka inyalo yudo kony mag sirkal e yor mbui konyo jodak mondo otim tudruok maber gi sirkal ma kamago.
5690,Governance,General,Residents attending anti-corruption awareness campaigns can also learn how to access voter registration updates on the spot.,Wakazi wanaohudhuria kampeni za uhamasishaji dhidi ya ufisadi wanaweza pia kujifunza jinsi ya kupata masasisho ya usajili wa wapiga kura papo hapo.,Jodak ma dhi e kampen mag puonjo ji e wi tim mar ketho chik bende nyalo ng’eyo kaka ginyalo yudo weche ma manyien mag ndiko nying’ jogo ma dhi goyo ombulu e kanyo.
5691,Governance,General,"To fight electoral malpractice, the county is promoting local development planning sessions alongside easier access to voter registration updates.","Ili kupambana na udanganyifu wa uchaguzi, kaunti inahamasisha vikao vya upangaji wa maendeleo ya eneo pamoja na upatikanaji rahisi wa masasisho ya usajili wa wapiga kura.","Mondo oked gi tim marach mag yiero, kauntino loso chenro mag dongruok mag alwora kaachiel gi yudo mayot mar ndiko nying’ jogo ma dhi goyo ombulu."
5692,Governance,General,Residents attending local development planning sessions can also learn how to access disability registration services on the spot.,Wakazi wanaohudhuria vikao vya upangaji wa maendeleo ya eneo wanaweza pia kujifunza jinsi ya kupata huduma za usajili wa ulemavu papo hapo.,Jodak ma dhi e chokruoge mag keto chenro mag dongruok e alwora bende nyalo ng’eyo kaka ginyalo yudo kony mar ndiko nying’ jogo ma nigi nyawo mag del e kanyo.
5693,Governance,General,Attend a civic education forum to learn about your constitutional rights.,Hudhuria jukwaa la elimu ya uraia kujifunza kuhusu haki zako za kikatiba.,Dhi e chokruok mar somo mar oganda mondo ing'e weche mag ratiro mari ma chik piny ogolo.
5694,Governance,General,Citizens who understand the Huduma Namba registration system are better placed to report land grabbing when it occurs.,Wananchi wanaoelewa mfumo wa usajili wa Huduma Namba wako katika nafasi nzuri zaidi ya kuripoti unyakuzi wa ardhi inapotokea.,Jopiny ma winjo tie chenro mar ndiko nying' Huduma Namba ber e thuolo mar lando wach mar mauo piny ka otimore.
5695,Governance,General,Citizens who understand voter rights and responsibilities are better placed to report corruption when it occurs.,Wananchi wanaoelewa haki na wajibu wa mpiga kura wako katika nafasi nzuri zaidi ya kuripoti ufisadi inapotokea.,Jodak ma winjo tiend ratiro kod ting’ mag jogo ma goyo ombulu gin joma nigi thuolo maber mar lando wach mar ketho chik ka otimore.
5696,Governance,General,Understanding the role of the ombudsman makes it easier to report delayed government services when you see it.,Kuelewa nafasi ya mdhibiti malalamiko hurahisisha kuripoti huduma za serikali kuchelewa unapoiona.,"Ka ing’eyo tich ma jatend bura timo, mano miyo bedo mayot mondo igol ripot mar tije mag sirkal ma osebedo ka okadho kinde ka inene."
5697,Governance,General,Attend a civic education forum to learn about how county budgets work.,Hudhuria jukwaa la elimu ya uraia kujifunza kuhusu jinsi bajeti za kaunti zinavyofanya kazi.,Dhi e chokruok mar somo mar oganda mondo ing'e kaka bajet mag kaunti tiyo.
5698,Governance,General,Officials encourage citizens to combine civic education drives participation with awareness of public participation in law-making.,Maafisa wanahimiza wananchi kuchanganya ushiriki katika kampeni za elimu ya uraia na uelewa wa ushiriki wa umma katika utungaji sheria.,Jotelo jiwo jopiny mondo oket kanyakla somo mar oganda ma kelo ng’iyo gi ng’eyo mar ng’iyo mar oganda e loso chike.
5699,Governance,General,Citizens who understand the devolution process are better placed to report land grabbing when it occurs.,Wananchi wanaoelewa mchakato wa ugatuzi wako katika nafasi nzuri zaidi ya kuripoti unyakuzi wa ardhi inapotokea.,"Jodak ma winjo tiend yo mar keto loch e lwetgi, gin joma nigi thuolo maber mar chiwo ripot mar ketho piny ka otimore."
5700,Governance,General,Report cases of land grabbing to the relevant government office.,Ripoti kesi za unyakuzi wa ardhi kwa ofisi husika ya serikali.,Ripot kes mag ketho piny e ofis mar sirkal ma owinjore.
5701,Governance,General,Report cases of abuse of office to the relevant government office.,Ripoti kesi za matumizi mabaya ya ofisi kwa ofisi husika ya serikali.,Chiw ripot mar kes mag tiyo marach gi ofis ne ofis mar sirkal ma owinjore.
5702,Governance,General,"To fight land grabbing, the county is promoting youth empowerment forums alongside easier access to tax compliance certificates.","Ili kupambana na unyakuzi wa ardhi, kaunti inahamasisha mabaraza ya uwezeshaji wa vijana pamoja na upatikanaji rahisi wa vyeti vya ufuasi wa kodi.","Mondo oked gi ng’anjo mar piny, kauntino loso chenro mag miyo joma tindo teko kaachiel gi yudo mayot mar oboke mag luwo chike mag osuru."
5703,Governance,General,Understanding voter rights and responsibilities makes it easier to report land grabbing when you see it.,Kuelewa haki na wajibu wa mpiga kura hurahisisha kuripoti unyakuzi wa ardhi unapoiona.,Ng’eyo ratiro kod ting’ mag jogo ma goyo ombulu miyo bedo mayot mondo ior ripot mar ng’ado piny ka inene.
5704,Governance,General,Understanding accessing government services online makes it easier to report abuse of office when you see it.,Kuelewa kupata huduma za serikali mtandaoni hurahisisha kuripoti matumizi mabaya ya ofisi unapoiona.,Ng’eyo kaka inyalo yudo kony mag sirkal e mbui miyo bedo mayot mondo ior ripot mar tiyo gi ofis marach ka inene.
5705,Governance,General,Understanding accessing government services online makes it easier to report land grabbing when you see it.,Kuelewa kupata huduma za serikali mtandaoni hurahisisha kuripoti unyakuzi wa ardhi unapoiona.,Ng’eyo kaka inyalo yudo kony mag sirkal e mbui miyo bedo mayot mondo ior ripot mar ng’ado piny ka inene.
5706,Governance,General,Join youth empowerment forums this month to learn how to access voter registration updates and report misuse of public funds.,Jiunge na mabaraza ya uwezeshaji wa vijana mwezi huu kujifunza jinsi ya kupata masasisho ya usajili wa wapiga kura na kuripoti matumizi mabaya ya fedha za umma.,Idonji e forum mag chiwo teko ne rowere dwe ni mondo ing'e kaka inyalo yud weche manyien mag ndiko nying' jogo mabiro goyo ombulu kendo ripot kaka itiyo marach gi omwom mag sirkal.
5707,Governance,General,Citizens who understand the devolution process are better placed to report abuse of office when it occurs.,Wananchi wanaoelewa mchakato wa ugatuzi wako katika nafasi nzuri zaidi ya kuripoti matumizi mabaya ya ofisi inapotokea.,"Jodak ma winjo tiend yo mar keto loch e lwetgi, gin joma nigi thuolo maber mar lando wach mar tiyo marach gi loch ka otimore."
5708,Governance,General,Residents attending local development planning sessions can also learn how to access voter registration updates on the spot.,Wakazi wanaohudhuria vikao vya upangaji wa maendeleo ya eneo wanaweza pia kujifunza jinsi ya kupata masasisho ya usajili wa wapiga kura papo hapo.,Jodak ma dhi e chokruoge mag keto chenro mag dongruok e alwora bende nyalo ng’eyo kaka ginyalo yudo weche ma manyien mag ndiko nying’ jogo ma dhi goyo ombulu e kanyo.
5709,Governance,General,Access marriage certificate registration through your county government's official channels.,Pata usajili wa cheti cha ndoa kupitia njia rasmi za serikali ya kaunti yako.,Yudo ndiko mar oboke mar keny kokalo kuom chanel mapile mag sirkal mar kaunti mari.
5710,Governance,General,Residents attending civic education drives can also learn how to access marriage certificate registration on the spot.,Wakazi wanaohudhuria kampeni za elimu ya uraia wanaweza pia kujifunza jinsi ya kupata usajili wa cheti cha ndoa papo hapo.,Jodak ma dhi e nyasi mag somo mar oganda bende nyalo ng’eyo kaka ginyalo yudo oboke mar keny e kanyo.
5711,Governance,General,"To fight delayed government services, the county is promoting anti-corruption awareness campaigns alongside easier access to birth certificate registration.","Ili kupambana na huduma za serikali kuchelewa, kaunti inahamasisha kampeni za uhamasishaji dhidi ya ufisadi pamoja na upatikanaji rahisi wa usajili wa cheti cha kuzaliwa.","Mondo oked gi tich ma sirkal timo ma okadho, kauntino loso kampen mag puonjo ji e wi tim mar ketho chik kaachiel gi yudo yot mar ndiko nying’ oboke mar nyuol."
5712,Governance,General,Report cases of misuse of public funds to the relevant government office.,Ripoti kesi za matumizi mabaya ya fedha za umma kwa ofisi husika ya serikali.,Ripot weche mag tiyo marach gi pesa mag piny e ofis mar sirkal ma owinjore.
5713,Governance,General,Residents attending local development planning sessions can also learn how to access business permit applications on the spot.,Wakazi wanaohudhuria vikao vya upangaji wa maendeleo ya eneo wanaweza pia kujifunza jinsi ya kupata maombi ya leseni za biashara papo hapo.,Jodak ma dhi e chokruoge mag keto chenro mag dongruok e alwora bende nyalo ng’eyo kaka ginyalo yudo kwayo mag oboke mar timo ohala e kanyo.
5714,Governance,General,Join anti-corruption awareness campaigns this month to learn how to access business permit applications and report unfair resource allocation.,Jiunge na kampeni za uhamasishaji dhidi ya ufisadi mwezi huu kujifunza jinsi ya kupata maombi ya leseni za biashara na kuripoti ugawaji usio wa haki wa rasilimali.,Ibed gi kampen mag lendo e lweny mar ketho chik e dwe ni mondo ing'e kaka inyalo yud kwayo mag oboke mar timo ohala kod chiwo ripot mar chiwo mwandu e yo ma ok owinjore.
5715,Governance,General,Officials encourage citizens to combine citizen feedback sessions participation with awareness of the devolution process.,Maafisa wanahimiza wananchi kuchanganya ushiriki katika vikao vya maoni ya wananchi na uelewa wa mchakato wa ugatuzi.,Jotelo jiwo jodak mondo oriw kanyakla mar bedo e chokruoge mag dwoko paro mag jodak kod ng’eyo kaka inyalo keto loch e piny.
5716,Governance,General,"To reduce electoral malpractice, the county is expanding access to land title services this year.","Ili kupunguza udanganyifu wa uchaguzi, kaunti inapanua upatikanaji wa huduma za hati za ardhi mwaka huu.","Mondo ogeng’ tim marach mag yiero, kauntino medo ng’ado bura kuom ng’ado bura mar yudo oboke mag piny e higa ni."
5717,Governance,General,Join public participation forums this month to learn how to access national ID replacement and report corruption.,Jiunge na mabaraza ya ushiriki wa umma mwezi huu kujifunza jinsi ya kupata ubadilishaji wa kitambulisho cha taifa na kuripoti ufisadi.,Idonji e forum mag ji duto e dwe ni mondo ing'e kaka inyalo yud kar ID mar piny kendo ripot mar ketho chik.
5718,Governance,General,Access national ID replacement through your county government's official channels.,Pata ubadilishaji wa kitambulisho cha taifa kupitia njia rasmi za serikali ya kaunti yako.,Yudo loch mar ID mar piny kokalo kuom chanel ma sirkal mar kaunti mari.
5719,Governance,General,Officials encourage citizens to combine anti-corruption awareness campaigns participation with awareness of the role of the ombudsman.,Maafisa wanahimiza wananchi kuchanganya ushiriki katika kampeni za uhamasishaji dhidi ya ufisadi na uelewa wa nafasi ya mdhibiti malalamiko.,Jotelo jiwo jodak mondo oket kanyakla bedo e kampen mag puonjo ji e wi ketho chik kod ng’eyo tich ma jatend piny onego otim.
5720,Governance,General,Report cases of unfair resource allocation to the relevant government office.,Ripoti kesi za ugawaji usio wa haki wa rasilimali kwa ofisi husika ya serikali.,Chiwo ripot mar kes mag keto mwandu e yo ma ok owinjore ne ofis mar sirkal ma owinjore.
5721,Governance,General,The county government invites residents to public participation forums scheduled for this month.,Serikali ya kaunti inawaalika wakazi kwenye mabaraza ya ushiriki wa umma iliyopangwa mwezi huu.,Sirkal mar kaunti rwako jodak mondo obi e chokruoge ma ji duto biro timo e dwe mar apar.
5722,Governance,General,Join youth empowerment forums this month to learn how to access national ID replacement and report delayed government services.,Jiunge na mabaraza ya uwezeshaji wa vijana mwezi huu kujifunza jinsi ya kupata ubadilishaji wa kitambulisho cha taifa na kuripoti huduma za serikali kuchelewa.,Inyalo donjo e forum mag chiwo teko ne joma tindo e dwe ni mondo ing’e kaka inyalo yudo oboke mar ID mar piny kendo igoyo ripot mar tije mag sirkal ma osebedo ka okadho.
5723,Governance,General,"To fight nepotism in hiring, the county is promoting youth empowerment forums alongside easier access to disability registration services.","Ili kupambana na upendeleo katika uajiri, kaunti inahamasisha mabaraza ya uwezeshaji wa vijana pamoja na upatikanaji rahisi wa huduma za usajili wa ulemavu.","Mondo oked gi ng’anjo mar jowetegi e ng’ado tich, kauntino loso chenro mag miyo joma tindo teko kaachiel gi yudo thuolo mayot mar ndiko nying’ jogo ma nigi nyawo mag del."
5724,Governance,General,"To fight land grabbing, the county is promoting civic education drives alongside easier access to passport application services.","Ili kupambana na unyakuzi wa ardhi, kaunti inahamasisha kampeni za elimu ya uraia pamoja na upatikanaji rahisi wa huduma za maombi ya pasipoti.","Mondo oked gi ng’anjo mar piny, kauntino kelo chenro mar puonjo ji kaachiel gi yudo thuolo mayot mar oro kwayo mar pasport."
5725,Governance,General,Residents attending citizen feedback sessions can also learn how to access marriage certificate registration on the spot.,Wakazi wanaohudhuria vikao vya maoni ya wananchi wanaweza pia kujifunza jinsi ya kupata usajili wa cheti cha ndoa papo hapo.,Jodak ma dhi e chokruoge mag dwoko paro mag jodak bende nyalo ng’eyo kaka ginyalo yudo oboke mar ndiko nying’ e kanyo.
5726,Governance,General,Join local development planning sessions this month to learn how to access land title services and report misuse of public funds.,Jiunge na vikao vya upangaji wa maendeleo ya eneo mwezi huu kujifunza jinsi ya kupata huduma za hati za ardhi na kuripoti matumizi mabaya ya fedha za umma.,Inyalo donjo e chokruoge mag keto chenro mag dongruok mag gwenge e dwe ni mondo ing’e kaka inyalo yudo kony mar yudo oboke mar piny kendo ripot mar tiyo marach gi pesa mag sirkal.
5727,Governance,General,Join civic education drives this month to learn how to access land title services and report delayed government services.,Jiunge na kampeni za elimu ya uraia mwezi huu kujifunza jinsi ya kupata huduma za hati za ardhi na kuripoti huduma za serikali kuchelewa.,Ibed gi chenro mag somo mar oganda e dwe ni mondo ing'e kaka inyalo yud huduma mag oboke mar piny kendo igoyo ripot mar huduma mag sirkal ma odagi.
5728,Governance,General,Participate in town hall meetings to have your voice heard in local decisions.,Shiriki katika mikutano ya hadhara ili sauti yako isikike katika maamuzi ya eneo lako.,Inyalo bedo e chokruoge mag od lamo mondo dwondi owinjre e yiero ma itimo e alwora.
5729,Governance,General,"To reduce abuse of office, the county is expanding access to marriage certificate registration this year.","Ili kupunguza matumizi mabaya ya ofisi, kaunti inapanua upatikanaji wa usajili wa cheti cha ndoa mwaka huu.","Mondo ogeng’ tiyo marach gi ofis, kaunti medo yudo thuolo mar ndiko nying’ oboke mag keny e higa ni."
5730,Governance,General,"To fight unfair resource allocation, the county is promoting town hall meetings alongside easier access to marriage certificate registration.","Ili kupambana na ugawaji usio wa haki wa rasilimali, kaunti inahamasisha mikutano ya hadhara pamoja na upatikanaji rahisi wa usajili wa cheti cha ndoa.","Mondo oked kod keto mwandu e yo ma ok owinjore, kauntino siro timo romo mag od bura mag taon kaachiel gi yudo yot mar ndiko nying’ oboke mag keny."
5731,Governance,General,Residents attending county budget consultations can also learn how to access national ID replacement on the spot.,Wakazi wanaohudhuria mashauriano ya bajeti ya kaunti wanaweza pia kujifunza jinsi ya kupata ubadilishaji wa kitambulisho cha taifa papo hapo.,Jodak ma dhi e chokruoge mag bajet mar kaunti bende nyalo ng’eyo kaka ginyalo yudo ID mar pinyno e kanyo.
5732,Governance,General,Residents attending local development planning sessions can also learn how to access tax compliance certificates on the spot.,Wakazi wanaohudhuria vikao vya upangaji wa maendeleo ya eneo wanaweza pia kujifunza jinsi ya kupata vyeti vya ufuasi wa kodi papo hapo.,Jodak ma dhi e chokruoge mag keto chenro mag dongruok e alwora bende nyalo ng’eyo kaka ginyalo yudo oboke mag luwo chike mag osuru e kanyo.
5733,Governance,General,Access tax compliance certificates through your county government's official channels.,Pata vyeti vya ufuasi wa kodi kupitia njia rasmi za serikali ya kaunti yako.,Yudo oboke mag luwo chike mag osuru kokalo e chanel mapile mag sirkal mar kaunti mari.
5734,Governance,General,Citizens who understand how county budgets work are better placed to report corruption when it occurs.,Wananchi wanaoelewa jinsi bajeti za kaunti zinavyofanya kazi wako katika nafasi nzuri zaidi ya kuripoti ufisadi inapotokea.,"Jodak ma winjo tiend kaka bajet mag kaunti tiyo, gin joma nigi thuolo maber mar lando wach mar ketho chik ka otimore."
5735,Governance,General,"To reduce electoral malpractice, the county is expanding access to tax compliance certificates this year.","Ili kupunguza udanganyifu wa uchaguzi, kaunti inapanua upatikanaji wa vyeti vya ufuasi wa kodi mwaka huu.","Mondo ogeng’ tim marach mag yiero, kaunti medo yudo oboke mag luwo chike mag osuru e higa ni."
5736,Governance,General,Join citizen feedback sessions this month to learn how to access disability registration services and report electoral malpractice.,Jiunge na vikao vya maoni ya wananchi mwezi huu kujifunza jinsi ya kupata huduma za usajili wa ulemavu na kuripoti udanganyifu wa uchaguzi.,Ibed gi paro mar jodak e dwe ni mondo ing'e kaka inyalo yud huduma mag ndiko nying' jogo ma nigi nyawo mag del kendo igoyo ripot mar tim marach mag yiero.
5737,Governance,General,Officials encourage citizens to combine local development planning sessions participation with awareness of your constitutional rights.,Maafisa wanahimiza wananchi kuchanganya ushiriki katika vikao vya upangaji wa maendeleo ya eneo na uelewa wa haki zako za kikatiba.,Jotelo jiwo jodak mondo oket kanyakla bedo e chokruoge mag loso chenro mag dongruok mag alwora kod ng’eyo ratiro ma un-go e chik piny.
5738,Governance,General,"To fight nepotism in hiring, the county is promoting anti-corruption awareness campaigns alongside easier access to disability registration services.","Ili kupambana na upendeleo katika uajiri, kaunti inahamasisha kampeni za uhamasishaji dhidi ya ufisadi pamoja na upatikanaji rahisi wa huduma za usajili wa ulemavu.","Mondo oked kod ng’anjo mar jowetegi e ng’ado tich, kauntino loso kampen mag puonjo ji e wi tim mar ketho chik kaachiel gi yudo thuolo mayot mar ndiko nying’ jogo ma nigi nyawo mag del."
5739,Governance,General,Understanding how county budgets work makes it easier to report land grabbing when you see it.,Kuelewa jinsi bajeti za kaunti zinavyofanya kazi hurahisisha kuripoti unyakuzi wa ardhi unapoiona.,"Ka ing’eyo kaka bajet mag kaunti tiyo, mano miyo bedo mayot mondo ior ripot mar ng’ado piny ka inene."
5740,Governance,General,Join community development meetings this month to learn how to access land title services and report nepotism in hiring.,Jiunge na mikutano ya maendeleo ya jamii mwezi huu kujifunza jinsi ya kupata huduma za hati za ardhi na kuripoti upendeleo katika uajiri.,Inyalo donjo e chokruoge mag dongruok mag oganda e dwe ni mondo ing’e kaka inyalo yudo kony mar ng’ado bura mar piny kendo ripot mar ng’anjo mar joweteni e ng’ado tich.
5741,Governance,General,Understanding the role of the ombudsman makes it easier to report misuse of public funds when you see it.,Kuelewa nafasi ya mdhibiti malalamiko hurahisisha kuripoti matumizi mabaya ya fedha za umma unapoiona.,"Ka ing’eyo tich ma jatend bura timo, mano miyo bedo mayot mondo igol ripot mar tiyo marach gi pesa mag piny ka inene."
5742,Governance,General,"To reduce misuse of public funds, the county is expanding access to disability registration services this year.","Ili kupunguza matumizi mabaya ya fedha za umma, kaunti inapanua upatikanaji wa huduma za usajili wa ulemavu mwaka huu.","Mondo ogeng’ tiyo marach gi pesa mag piny, kauntino medo ng’eyo kaka inyalo yudo kony mar ndiko nying’ jogo ma nigi nyawo mag del e higa ni."
5743,Governance,General,Officials encourage citizens to combine county budget consultations participation with awareness of how county budgets work.,Maafisa wanahimiza wananchi kuchanganya ushiriki katika mashauriano ya bajeti ya kaunti na uelewa wa jinsi bajeti za kaunti zinavyofanya kazi.,Jotelo jiwo jodak mondo oket kanyakla bedo gi ng’iyo e wi bajet mar kaunti kod ng’eyo kaka bajet mar kaunti tiyo.
5744,Governance,General,Join county budget consultations this month to learn how to access tax compliance certificates and report nepotism in hiring.,Jiunge na mashauriano ya bajeti ya kaunti mwezi huu kujifunza jinsi ya kupata vyeti vya ufuasi wa kodi na kuripoti upendeleo katika uajiri.,Ibed gi paro mag bajet mar kaunti e dwe ni mondo ing'e kaka inyalo yud oboke mag luwo osuru kendo igolo ripot mar ng'anjo e kepo.
5745,Governance,General,Residents attending town hall meetings can also learn how to access marriage certificate registration on the spot.,Wakazi wanaohudhuria mikutano ya hadhara wanaweza pia kujifunza jinsi ya kupata usajili wa cheti cha ndoa papo hapo.,Jodak ma dhi e chokruoge mag od bura mar taon bende nyalo ng’eyo kaka ginyalo yudo oboke mar keny e kanyo.
5746,Governance,General,"To fight misuse of public funds, the county is promoting county budget consultations alongside easier access to land title services.","Ili kupambana na matumizi mabaya ya fedha za umma, kaunti inahamasisha mashauriano ya bajeti ya kaunti pamoja na upatikanaji rahisi wa huduma za hati za ardhi.","Mondo oked gi tiyo marach gi pesa mag sirkal, kaunti ochung’ ne loso gi ji e wi budget mar kaunti kaachiel gi yudo thuolo mayot mar yudo oboke mar piny."
5747,Governance,General,"To reduce nepotism in hiring, the county is expanding access to marriage certificate registration this year.","Ili kupunguza upendeleo katika uajiri, kaunti inapanua upatikanaji wa usajili wa cheti cha ndoa mwaka huu.","Mondo ogeng’ ng’anjo mar jowetegi e ng’ado tich, kaunti medo ng’ado bura mar ndiko nying’ oboke mag keny e higa ni."
5748,Governance,General,Residents attending local development planning sessions can also learn how to access marriage certificate registration on the spot.,Wakazi wanaohudhuria vikao vya upangaji wa maendeleo ya eneo wanaweza pia kujifunza jinsi ya kupata usajili wa cheti cha ndoa papo hapo.,Jodak ma dhi e chokruoge mag keto chenro mag dongruok e alwora bende nyalo ng’eyo kaka ginyalo yudo oboke mar keny e kanyo.
5749,Governance,General,Participate in local development planning sessions to have your voice heard in local decisions.,Shiriki katika vikao vya upangaji wa maendeleo ya eneo ili sauti yako isikike katika maamuzi ya eneo lako.,Inyalo bedo e chokruoge mag keto chenro mag dongruok e alwora mondo dwondi owinjre e yiero ma itimo e alwora.
5750,Governance,General,Citizens who understand voter rights and responsibilities are better placed to report land grabbing when it occurs.,Wananchi wanaoelewa haki na wajibu wa mpiga kura wako katika nafasi nzuri zaidi ya kuripoti unyakuzi wa ardhi inapotokea.,Jodak ma winjo tiend ratiro kod ting’ mag jogo ma goyo ombulu gin joma nigi thuolo maber mar lando wach mar ketho piny ka otimore.
5751,Governance,General,Citizens who understand the Huduma Namba registration system are better placed to report nepotism in hiring when it occurs.,Wananchi wanaoelewa mfumo wa usajili wa Huduma Namba wako katika nafasi nzuri zaidi ya kuripoti upendeleo katika uajiri inapotokea.,Jopiny ma winjo tiend chenro mar ndiko nying' Huduma Namba ber e thuolo maber mar nyiso anyuonde mar anyuola e kepo e tij ka otimore.
5752,Governance,General,Attend a civic education forum to learn about voter rights and responsibilities.,Hudhuria jukwaa la elimu ya uraia kujifunza kuhusu haki na wajibu wa mpiga kura.,Dhi e chokruok mar somo mar oganda mondo ing'e kuom ratiro kod ting' mag jogo ma goyo ombulu.
5753,Governance,General,"To fight nepotism in hiring, the county is promoting citizen feedback sessions alongside easier access to disability registration services.","Ili kupambana na upendeleo katika uajiri, kaunti inahamasisha vikao vya maoni ya wananchi pamoja na upatikanaji rahisi wa huduma za usajili wa ulemavu.","Mondo oked gi ng’anjo mar jowetegi e ng’ado tich, kauntino loso chenro mag chiwo paro ne jodak kaachiel gi yudo thuolo mayot mar ndiko nying’ jogo ma nigi nyawo mag del."
5754,Governance,General,"To reduce unfair resource allocation, the county is expanding access to disability registration services this year.","Ili kupunguza ugawaji usio wa haki wa rasilimali, kaunti inapanua upatikanaji wa huduma za usajili wa ulemavu mwaka huu.","Mondo ogeng’ ng’iewo mwandu ma ok owinjore, kauntino medo ng’iewo gik moko e higa ni."
5755,Governance,General,Citizens who understand public participation in law-making are better placed to report land grabbing when it occurs.,Wananchi wanaoelewa ushiriki wa umma katika utungaji sheria wako katika nafasi nzuri zaidi ya kuripoti unyakuzi wa ardhi inapotokea.,Jodak ma winjo tiend ng’ado bura mar oganda e loso chike gin joma nigi thuolo maber mar chiwo ripot mar ketho piny ka otimore.
5756,Governance,General,Join town hall meetings this month to learn how to access marriage certificate registration and report delayed government services.,Jiunge na mikutano ya hadhara mwezi huu kujifunza jinsi ya kupata usajili wa cheti cha ndoa na kuripoti huduma za serikali kuchelewa.,Ibi donjo e chokruoge mag od dhok mar taon dwe ni mondo ing'e kaka inyalo yudo ndiko mar oboke mar keny kod ripot mar dero mar sirkal.
5757,Governance,General,Citizens who understand the role of the ombudsman are better placed to report delayed government services when it occurs.,Wananchi wanaoelewa nafasi ya mdhibiti malalamiko wako katika nafasi nzuri zaidi ya kuripoti huduma za serikali kuchelewa inapotokea.,"Jodak ma winjo tiend tich mar jatend bura, gin joma nigi thuolo maber mar chiwo ripot mar tich ma sirkal osetimo ka otimore."
5758,Governance,General,"To fight abuse of office, the county is promoting citizen feedback sessions alongside easier access to disability registration services.","Ili kupambana na matumizi mabaya ya ofisi, kaunti inahamasisha vikao vya maoni ya wananchi pamoja na upatikanaji rahisi wa huduma za usajili wa ulemavu.","Mondo oked gi tiyo marach gi ofis, kauntino loso chenro mag dwoko paro ne jodak kaachiel gi yudo thuolo mayot mar ndiko nying’ jogo ma nigi nyawo mag del."
5759,Governance,General,Residents attending county budget consultations can also learn how to access birth certificate registration on the spot.,Wakazi wanaohudhuria mashauriano ya bajeti ya kaunti wanaweza pia kujifunza jinsi ya kupata usajili wa cheti cha kuzaliwa papo hapo.,Jodak ma dhi e chokruoge mag bajet mar kaunti bende nyalo ng’eyo kaka ginyalo yudo oboke mar nyuol e kanyo.
5760,Governance,General,Citizens who understand how county budgets work are better placed to report nepotism in hiring when it occurs.,Wananchi wanaoelewa jinsi bajeti za kaunti zinavyofanya kazi wako katika nafasi nzuri zaidi ya kuripoti upendeleo katika uajiri inapotokea.,"Jodak ma winjo tiend kaka bajet mag kaunti tiyo, gin joma nigi thuolo maber mar chiwo ripot mar ng’anjo mar jowetegi e ng’ado tich ka otimore."
5761,Governance,General,Citizens who understand the role of the ombudsman are better placed to report electoral malpractice when it occurs.,Wananchi wanaoelewa nafasi ya mdhibiti malalamiko wako katika nafasi nzuri zaidi ya kuripoti udanganyifu wa uchaguzi inapotokea.,Jodak ma winjo tiend tich mar jatend bura gin joma nigi thuolo maber mar lando tim marach mag yiero ka otimore.
5762,Governance,General,Join county budget consultations this month to learn how to access birth certificate registration and report delayed government services.,Jiunge na mashauriano ya bajeti ya kaunti mwezi huu kujifunza jinsi ya kupata usajili wa cheti cha kuzaliwa na kuripoti huduma za serikali kuchelewa.,Ibed gi paro mag bajet mar kaunti e dwe ni mondo ing'e kaka inyalo yud ndiko mar oboke mar nyuol kod chiwo ripot mar tije mag sirkal ma odagi.
5763,Governance,General,"To fight nepotism in hiring, the county is promoting citizen feedback sessions alongside easier access to tax compliance certificates.","Ili kupambana na upendeleo katika uajiri, kaunti inahamasisha vikao vya maoni ya wananchi pamoja na upatikanaji rahisi wa vyeti vya ufuasi wa kodi.","Mondo oked kod ng’anjo mar jowetegi e ng’ado tich, kauntino loso romo mag dwoko paro mag jodak kaachiel gi yudo mayot mar oboke mag luwo chike mag osuru."
5764,Governance,General,Residents attending civic education drives can also learn how to access land title services on the spot.,Wakazi wanaohudhuria kampeni za elimu ya uraia wanaweza pia kujifunza jinsi ya kupata huduma za hati za ardhi papo hapo.,Jodak ma dhi e chenro mag somo mar oganda bende nyalo ng’eyo kaka ginyalo yudo kony mar yudo oboke mar piny e kanyo.
5765,Governance,General,Understanding the role of the ombudsman helps citizens engage more effectively with local government.,Kuelewa nafasi ya mdhibiti malalamiko husaidia wananchi kushirikiana vyema na serikali ya eneo lao.,Ng’eyo tich mar jatend piny konyo jodak mondo otim tudruok maber gi sirkal ma kamago.
5766,Governance,General,Residents attending public participation forums can also learn how to access business permit applications on the spot.,Wakazi wanaohudhuria mabaraza ya ushiriki wa umma wanaweza pia kujifunza jinsi ya kupata maombi ya leseni za biashara papo hapo.,Jodak ma dhi e chokruoge mag ji duto bende nyalo ng’eyo kaka ginyalo yudo kwayo mag oboke mar timo ohala e kanyo.
5767,Governance,General,Officials encourage citizens to combine citizen feedback sessions participation with awareness of voter rights and responsibilities.,Maafisa wanahimiza wananchi kuchanganya ushiriki katika vikao vya maoni ya wananchi na uelewa wa haki na wajibu wa mpiga kura.,Jotelo jiwo jodak mondo oket kanyakla bedo e chokruoge mag dwoko paro mag jodak kod ng’eyo ratiro kod ting’ mag jogo ma goyo ombulu.
5768,Governance,General,Attend a civic education forum to learn about the role of the ombudsman.,Hudhuria jukwaa la elimu ya uraia kujifunza kuhusu nafasi ya mdhibiti malalamiko.,Dhi e chokruok mar somo mar oganda mondo ing’e tich mar jatend bura.
5769,Governance,General,"To reduce corruption, the county is expanding access to passport application services this year.","Ili kupunguza ufisadi, kaunti inapanua upatikanaji wa huduma za maombi ya pasipoti mwaka huu.","Mondo ogeng’ tim mag ketho chik, kauntino medo ng’eyo kaka inyalo yudo pesa mag ng’iepo e higa ni."
5770,Governance,General,"To reduce misuse of public funds, the county is expanding access to land title services this year.","Ili kupunguza matumizi mabaya ya fedha za umma, kaunti inapanua upatikanaji wa huduma za hati za ardhi mwaka huu.","Mondo ogeng’ tiyo marach gi pesa mag sirkal, kauntino medo ng’iewo gik moko e higa ni."
5771,Governance,General,Residents attending community development meetings can also learn how to access national ID replacement on the spot.,Wakazi wanaohudhuria mikutano ya maendeleo ya jamii wanaweza pia kujifunza jinsi ya kupata ubadilishaji wa kitambulisho cha taifa papo hapo.,Jodak ma dhi e chokruoge mag dongruok mar oganda bende nyalo ng’eyo kaka ginyalo yudo ID mar pinyno e kambi.
5772,Governance,General,Officials encourage citizens to combine county budget consultations participation with awareness of accessing government services online.,Maafisa wanahimiza wananchi kuchanganya ushiriki katika mashauriano ya bajeti ya kaunti na uelewa wa kupata huduma za serikali mtandaoni.,Jotelo jiwo jodak mondo oket kanyakla bedo gi ng’eyo mar yudo kony mag sirkal e yor mbui.
5773,Governance,General,Understanding voter rights and responsibilities makes it easier to report abuse of office when you see it.,Kuelewa haki na wajibu wa mpiga kura hurahisisha kuripoti matumizi mabaya ya ofisi unapoiona.,"Ka ing’eyo ratiro kod ting’ mag jogo ma dhi goyo ombulu, mano miyo bedo mayot mondo ior ripot mar tiyo marach gi ofis ka inene."
5774,Governance,General,Report cases of delayed government services to the relevant government office.,Ripoti kesi za huduma za serikali kuchelewa kwa ofisi husika ya serikali.,Chiwo ripot mar weche mag dero mag sirkal e ofis mar sirkal ma owinjore.
5775,Governance,General,Access business permit applications through your county government's official channels.,Pata maombi ya leseni za biashara kupitia njia rasmi za serikali ya kaunti yako.,Yudo kwayo mag oboke mag ohala kokalo kuom chanel mapile mag sirkal mar kaunti mari.
5776,Governance,General,"To reduce electoral malpractice, the county is expanding access to disability registration services this year.","Ili kupunguza udanganyifu wa uchaguzi, kaunti inapanua upatikanaji wa huduma za usajili wa ulemavu mwaka huu.","Mondo ogeng’ tim marach mag yiero, kauntino medo yudo thuolo mar ndiko nying’ jogo ma nigi nyawo mag del e higa ni."
5777,Governance,General,"To fight delayed government services, the county is promoting county budget consultations alongside easier access to business permit applications.","Ili kupambana na huduma za serikali kuchelewa, kaunti inahamasisha mashauriano ya bajeti ya kaunti pamoja na upatikanaji rahisi wa maombi ya leseni za biashara.","Mondo oked gi tich ma sirkal timo ma dero, kauntino kelo paro mag bajet mar kaunti kaachiel gi yudo mayot mar kwayo oboke mar timo ohala."
5778,Governance,General,Officials encourage citizens to combine youth empowerment forums participation with awareness of public participation in law-making.,Maafisa wanahimiza wananchi kuchanganya ushiriki katika mabaraza ya uwezeshaji wa vijana na uelewa wa ushiriki wa umma katika utungaji sheria.,Jotelo jiwo jopiny mondo oket kanyakla ng’iyo e forum mag miyo joma tindo teko kod ng’eyo ng’iyo mar oganda e loso chike.
5779,Governance,General,Citizens are encouraged to join anti-corruption awareness campaigns organised by the county government.,Wananchi wanahimizwa kujiunga na kampeni za uhamasishaji dhidi ya ufisadi zinazoandaliwa na serikali ya kaunti.,Jodak jiwo mondo odonjre e kampen mag puonjo ji e wi tim mar ketho chik ma sirkal mar kaunti oloso.
5780,Governance,General,Citizens who understand voter rights and responsibilities are better placed to report abuse of office when it occurs.,Wananchi wanaoelewa haki na wajibu wa mpiga kura wako katika nafasi nzuri zaidi ya kuripoti matumizi mabaya ya ofisi inapotokea.,Jodak ma winjo tiend ratiro kod ting’ mag jogo ma dhi goyo ombulu gin joma nigi thuolo maber mar lando wach mar tiyo marach gi ofis ka otimore.
5781,Governance,General,"To reduce electoral malpractice, the county is expanding access to national ID replacement this year.","Ili kupunguza udanganyifu wa uchaguzi, kaunti inapanua upatikanaji wa ubadilishaji wa kitambulisho cha taifa mwaka huu.","Mondo ogeng’ tim marach mag yiero, kauntino medo nyalo mar yudo ID mar piny e higa ni."
5782,Governance,General,"To reduce delayed government services, the county is expanding access to business permit applications this year.","Ili kupunguza huduma za serikali kuchelewa, kaunti inapanua upatikanaji wa maombi ya leseni za biashara mwaka huu.","Mondo ogeng’ dero ma sirkal timo, kauntino medo kwan mar jogo ma dwaro yudo oboke mar timo ohala e higa ni."
5783,Governance,General,Join citizen feedback sessions this month to learn how to access business permit applications and report land grabbing.,Jiunge na vikao vya maoni ya wananchi mwezi huu kujifunza jinsi ya kupata maombi ya leseni za biashara na kuripoti unyakuzi wa ardhi.,Ibed gi paro mar jodak dwe ni mondo ing'e kaka inyalo yud kwayo mag oboke mag ohala kod ripot mar mako piny.
5784,Governance,General,Understanding the devolution process makes it easier to report electoral malpractice when you see it.,Kuelewa mchakato wa ugatuzi hurahisisha kuripoti udanganyifu wa uchaguzi unapoiona.,"Ka ing’eyo kaka igolo teko, mano miyo bedo mayot mondo ior ripot mar tim marach ma itimo e yiero ka inene."
5785,Governance,General,"To reduce nepotism in hiring, the county is expanding access to birth certificate registration this year.","Ili kupunguza upendeleo katika uajiri, kaunti inapanua upatikanaji wa usajili wa cheti cha kuzaliwa mwaka huu.","Mondo ogeng’ ng’anjo mar jowetegi e ng’ado tich, kauntino medo nyalo mar ndiko nying’ oboke mag nyuol e higa ni."
5786,Governance,General,Officials encourage citizens to combine public participation forums participation with awareness of accessing government services online.,Maafisa wanahimiza wananchi kuchanganya ushiriki katika mabaraza ya ushiriki wa umma na uelewa wa kupata huduma za serikali mtandaoni.,Jotelo jiwo jodak mondo oket kanyakla ng’iyo e forum mag ng’iyo gi ji duto kod ng’eyo kaka inyalo yudo kony mag sirkal e yor mbui.
5787,Governance,General,The county government invites residents to community development meetings scheduled for this month.,Serikali ya kaunti inawaalika wakazi kwenye mikutano ya maendeleo ya jamii iliyopangwa mwezi huu.,Sirkal mar kaunti rwako jodak mondo obi e chokruoge mag dongruok mar oganda ma oket mondo otimre e dwe mar apar.
5788,Governance,General,Officials encourage citizens to combine local development planning sessions participation with awareness of how county budgets work.,Maafisa wanahimiza wananchi kuchanganya ushiriki katika vikao vya upangaji wa maendeleo ya eneo na uelewa wa jinsi bajeti za kaunti zinavyofanya kazi.,Jotelo jiwo jodak mondo oket kanyakla bedo e chokruoge mag loso chenro mag dongruok mag alwora kod ng’eyo kaka bajet mag kaunti tiyo.
5789,Governance,General,Join public participation forums this month to learn how to access national ID replacement and report nepotism in hiring.,Jiunge na mabaraza ya ushiriki wa umma mwezi huu kujifunza jinsi ya kupata ubadilishaji wa kitambulisho cha taifa na kuripoti upendeleo katika uajiri.,Ibed gi thuolo mar donjo e forum mag ji duto dwe ni mondo ing’e kaka inyalo yudo ID mar piny kendo ripot mar ng’anjo e ng’ado tich.
5790,Governance,General,Citizens who understand voter rights and responsibilities are better placed to report electoral malpractice when it occurs.,Wananchi wanaoelewa haki na wajibu wa mpiga kura wako katika nafasi nzuri zaidi ya kuripoti udanganyifu wa uchaguzi inapotokea.,Jodak ma winjo tiend ratiro kod ting’ mag jogo ma goyo ombulu gin joma nigi thuolo maber mar lando tim marach mag yiero ka otimore.
5791,Governance,General,Officials encourage citizens to combine public participation forums participation with awareness of the Huduma Namba registration system.,Maafisa wanahimiza wananchi kuchanganya ushiriki katika mabaraza ya ushiriki wa umma na uelewa wa mfumo wa usajili wa Huduma Namba.,Jotelo jiwo jodak mondo oket kanyakla ng’iyo e chokruoge mag ng’iyo gi ji duto kod ng’eyo kaka inyalo ndiko nying’ Huduma Namba.
5792,Governance,General,Citizens who understand the devolution process are better placed to report nepotism in hiring when it occurs.,Wananchi wanaoelewa mchakato wa ugatuzi wako katika nafasi nzuri zaidi ya kuripoti upendeleo katika uajiri inapotokea.,"Jodak ma winjo tiend yo mar keto teko e piny, gin joma nigi thuolo maber mar lando wach mar ng’anjo mar jowetegi e ng’ado tich ka otimore."
5793,Governance,General,"To fight unfair resource allocation, the county is promoting public participation forums alongside easier access to disability registration services.","Ili kupambana na ugawaji usio wa haki wa rasilimali, kaunti inahamasisha mabaraza ya ushiriki wa umma pamoja na upatikanaji rahisi wa huduma za usajili wa ulemavu.","Mondo oked gi keto mwandu e yo ma ok owinjore, kauntino loso forum mag ji mondo odonjre e tich kaachiel gi yudo mayot mar ndiko nying’ jogo ma nigi nyawo mag del."
5794,Governance,General,Any suspected abuse of office can be reported anonymously through the ethics hotline.,matumizi mabaya ya ofisi yoyote inayoshukiwa inaweza kuripotiwa bila kujulikana kupitia laini ya maadili.,Gimoro amora ma igeno ni ng’ato otimo marach e ofis inyalo goyo ripot ma ok ong’ere kokalo kuom namba mar ng’ado bura.
5795,Governance,General,Officials encourage citizens to combine community development meetings participation with awareness of how county budgets work.,Maafisa wanahimiza wananchi kuchanganya ushiriki katika mikutano ya maendeleo ya jamii na uelewa wa jinsi bajeti za kaunti zinavyofanya kazi.,Jotelo jiwo jodak mondo oket kanyakla bedo e chokruoge mag dongruok mar oganda kod ng’eyo kaka bajet mag kaunti tiyo.
5796,Governance,General,Citizens who understand public participation in law-making are better placed to report nepotism in hiring when it occurs.,Wananchi wanaoelewa ushiriki wa umma katika utungaji sheria wako katika nafasi nzuri zaidi ya kuripoti upendeleo katika uajiri inapotokea.,Jodak ma winjo tiend bedo gi ng’iyo mar oganda e loso chike gin joma nigi thuolo maber mar lando wach mar ng’anjo mar jowetegi e ng’ado tich ka otimore.
5797,Governance,General,Officials encourage citizens to combine civic education drives participation with awareness of voter rights and responsibilities.,Maafisa wanahimiza wananchi kuchanganya ushiriki katika kampeni za elimu ya uraia na uelewa wa haki na wajibu wa mpiga kura.,Jotelo jiwo jodak mondo oket kanyakla somo mar oganda ma kelo ng’iyo kod ng’eyo ratiro kod ting’ mag jogo ma dhi goyo ombulu.
5798,Governance,General,Join local development planning sessions this month to learn how to access voter registration updates and report misuse of public funds.,Jiunge na vikao vya upangaji wa maendeleo ya eneo mwezi huu kujifunza jinsi ya kupata masasisho ya usajili wa wapiga kura na kuripoti matumizi mabaya ya fedha za umma.,Ibed gi chenro mag dongruok mag gwenge dwe ni mondo ing'e kaka inyalo yudo weche manyien mag ndiko nying' jogo mabiro goyo ombulu kendo igoyo ripot mar tiyo marach gi omwom mag sirkal.
5799,Governance,General,Understanding your constitutional rights makes it easier to report land grabbing when you see it.,Kuelewa haki zako za kikatiba hurahisisha kuripoti unyakuzi wa ardhi unapoiona.,"Ka ing’eyo ratiro ma in-go e chik piny, mano miyo bedo mayot mondo ior ripot mar ng’ado piny ka inene."
5800,Governance,General,"To fight abuse of office, the county is promoting local development planning sessions alongside easier access to business permit applications.","Ili kupambana na matumizi mabaya ya ofisi, kaunti inahamasisha vikao vya upangaji wa maendeleo ya eneo pamoja na upatikanaji rahisi wa maombi ya leseni za biashara.","Mondo oked gi tiyo marach gi ofis, kauntino loso chenro mag dongruok mag alwora kaachiel gi yudo mayot mar kwayo oboke mag timo ohala."
5801,Governance,General,Citizens who understand accessing government services online are better placed to report misuse of public funds when it occurs.,Wananchi wanaoelewa kupata huduma za serikali mtandaoni wako katika nafasi nzuri zaidi ya kuripoti matumizi mabaya ya fedha za umma inapotokea.,"Jodak ma winjo tiend yudo kony mag sirkal e yor mbui, gin joma nigi thuolo maber mar chiwo ripot mar tiyo marach gi pesa mag sirkal ka mano otimore."
5802,Governance,General,Residents attending youth empowerment forums can also learn how to access voter registration updates on the spot.,Wakazi wanaohudhuria mabaraza ya uwezeshaji wa vijana wanaweza pia kujifunza jinsi ya kupata masasisho ya usajili wa wapiga kura papo hapo.,Jodak ma dhi e chokruoge mag miyo joma tindo teko bende nyalo ng’eyo kaka ginyalo yudo weche ma manyien mag ndiko nying’ jogo ma dhi goyo ombulu e kanyo.
5803,Governance,General,The county government invites residents to county budget consultations scheduled for this month.,Serikali ya kaunti inawaalika wakazi kwenye mashauriano ya bajeti ya kaunti iliyopangwa mwezi huu.,Sirkal mar kaunti rwako jodak mondo obi e chokruoge mag bajet mar kaunti ma oket mondo otimre e dwe ni.
5804,Governance,General,Officials encourage citizens to combine youth empowerment forums participation with awareness of accessing government services online.,Maafisa wanahimiza wananchi kuchanganya ushiriki katika mabaraza ya uwezeshaji wa vijana na uelewa wa kupata huduma za serikali mtandaoni.,Jotelo jiwo jodak mondo oket kanyakla bedo e chokruoge mag miyo joma tindo teko kod ng’eyo kaka ginyalo yudo kony mag sirkal e yor mbui.
5805,Governance,General,Join local development planning sessions this month to learn how to access marriage certificate registration and report misuse of public funds.,Jiunge na vikao vya upangaji wa maendeleo ya eneo mwezi huu kujifunza jinsi ya kupata usajili wa cheti cha ndoa na kuripoti matumizi mabaya ya fedha za umma.,Ibi donjo e chokruoge mag chano dongruok mar gwenge dwe ni mondo ing'e kaka inyalo yud ndiko mar oboke mar keny kendo igoyo ripot mar tiyo marach gi omwom mag piny owacho.
5806,Governance,General,Citizens who understand the Huduma Namba registration system are better placed to report unfair resource allocation when it occurs.,Wananchi wanaoelewa mfumo wa usajili wa Huduma Namba wako katika nafasi nzuri zaidi ya kuripoti ugawaji usio wa haki wa rasilimali inapotokea.,Jopiny ma winjo tiend chenro mar ndiko nying’ Huduma Namba ber e thuolo maber mar chiwo ripot mar keto mwandu eyo marach e kinde ma otimore.
5807,Governance,General,Residents attending town hall meetings can also learn how to access business permit applications on the spot.,Wakazi wanaohudhuria mikutano ya hadhara wanaweza pia kujifunza jinsi ya kupata maombi ya leseni za biashara papo hapo.,Jodak ma dhi e chokruoge mag od bura mar taon bende nyalo ng’eyo kaka ginyalo yudo kwayo mag oboke mar timo ohala e kanyo.
5808,Governance,General,Understanding public participation in law-making helps citizens engage more effectively with local government.,Kuelewa ushiriki wa umma katika utungaji sheria husaidia wananchi kushirikiana vyema na serikali ya eneo lao.,Ng’eyo kaka oganda nyalo bedo gi ng’iyo e loso chike konyo jodak mondo otim tudruok maber gi sirkal ma kamago.
5809,Governance,General,Officials encourage citizens to combine county budget consultations participation with awareness of the Huduma Namba registration system.,Maafisa wanahimiza wananchi kuchanganya ushiriki katika mashauriano ya bajeti ya kaunti na uelewa wa mfumo wa usajili wa Huduma Namba.,Jotelo jiwo jodak mondo oket kanyakla ng’iyo mag pesa mag kaunti kod ng’eyo kaka inyalo ndiko nying’ Huduma Namba.
5810,Governance,General,Any suspected land grabbing can be reported anonymously through the ethics hotline.,unyakuzi wa ardhi yoyote inayoshukiwa inaweza kuripotiwa bila kujulikana kupitia laini ya maadili.,Gimoro amora ma igeno ni ng’ato okawo piny inyalo lando ma ok ong’ere kokalo kuom namba mar ng’ado bura.
5811,Governance,General,Any suspected unfair resource allocation can be reported anonymously through the ethics hotline.,ugawaji usio wa haki wa rasilimali yoyote inayoshukiwa inaweza kuripotiwa bila kujulikana kupitia laini ya maadili.,"Gimoro amora ma igeno ni ok otimre kaka owinjore, inyalo keto ripot ma ok ong’ere kokalo kuom namba mar ng’ado bura."
5812,Governance,General,Join anti-corruption awareness campaigns this month to learn how to access voter registration updates and report unfair resource allocation.,Jiunge na kampeni za uhamasishaji dhidi ya ufisadi mwezi huu kujifunza jinsi ya kupata masasisho ya usajili wa wapiga kura na kuripoti ugawaji usio wa haki wa rasilimali.,Ibed gi kampen mag lendo e lweny mar ketho chik e dwe ni mondo ing'e kaka inyalo yudo weche manyien mag ndiko nying' jogo mabiro goyo ombulu kendo ripot mar chiwo mwandu ma ok owinjore.
5813,Governance,General,Understanding the devolution process makes it easier to report unfair resource allocation when you see it.,Kuelewa mchakato wa ugatuzi hurahisisha kuripoti ugawaji usio wa haki wa rasilimali unapoiona.,Ng’eyo kaka itiyo gi yore mag keto mwandu e piny miyo bedo mayot mondo ior ripot mar keto mwandu e yo ma ok owinjore ka ineno.
5814,Governance,General,"To fight land grabbing, the county is promoting local development planning sessions alongside easier access to voter registration updates.","Ili kupambana na unyakuzi wa ardhi, kaunti inahamasisha vikao vya upangaji wa maendeleo ya eneo pamoja na upatikanaji rahisi wa masasisho ya usajili wa wapiga kura.","Mondo oked gi ng’anjo mar piny, kauntino loso chenro mag dongruok mag alwora kaachiel gi yudo mayot mar ndiko nying’ jogo ma dhi goyo ombulu."
5815,Governance,General,Understanding how county budgets work helps citizens engage more effectively with local government.,Kuelewa jinsi bajeti za kaunti zinavyofanya kazi husaidia wananchi kushirikiana vyema na serikali ya eneo lao.,Ng’eyo kaka bajet mag kaunti tiyo konyo jodak mondo otim tudruok maber gi sirkal ma gwenge.
5816,Governance,General,Citizens are encouraged to join civic education drives organised by the county government.,Wananchi wanahimizwa kujiunga na kampeni za elimu ya uraia zinazoandaliwa na serikali ya kaunti.,Jodak jiwo mondo odonjre e chenro mar somo jodak ma sirkal mar kaunti oloso.
5817,Governance,General,"To reduce land grabbing, the county is expanding access to disability registration services this year.","Ili kupunguza unyakuzi wa ardhi, kaunti inapanua upatikanaji wa huduma za usajili wa ulemavu mwaka huu.","Mondo ogeng’ ng’anjo mar piny, kauntino medo yudo thuolo mar ndiko nying’ jogo ma nigi nyawo mag del e higa ni."
5818,Governance,General,Join anti-corruption awareness campaigns this month to learn how to access marriage certificate registration and report misuse of public funds.,Jiunge na kampeni za uhamasishaji dhidi ya ufisadi mwezi huu kujifunza jinsi ya kupata usajili wa cheti cha ndoa na kuripoti matumizi mabaya ya fedha za umma.,Ibed gi kampen mag lendo e lweny mar ketho chik e dwe ni mondo ing'e kaka inyalo yudo ndiko mar oboke mar keny kod ripot mar tiyo marach gi omuom mag piny owacho.
5819,Governance,General,"To reduce nepotism in hiring, the county is expanding access to land title services this year.","Ili kupunguza upendeleo katika uajiri, kaunti inapanua upatikanaji wa huduma za hati za ardhi mwaka huu.","Mondo ogeng’ ng’anjo mar jowetegi e ng’ado tich, kauntino medo yudo tich mar yudo oboke mar piny e higa ni."
5820,Governance,General,Join public participation forums this month to learn how to access passport application services and report misuse of public funds.,Jiunge na mabaraza ya ushiriki wa umma mwezi huu kujifunza jinsi ya kupata huduma za maombi ya pasipoti na kuripoti matumizi mabaya ya fedha za umma.,Idonji e forum mag ji duto e dwe ni mondo ing'e kaka inyalo yud huduma mar oro kwayo mar pasport kendo ripot kaka itiyo marach gi omwom mag sirkal.
5821,Governance,General,Join citizen feedback sessions this month to learn how to access passport application services and report electoral malpractice.,Jiunge na vikao vya maoni ya wananchi mwezi huu kujifunza jinsi ya kupata huduma za maombi ya pasipoti na kuripoti udanganyifu wa uchaguzi.,Ibed gi paro mar jodak e dwe ni mondo ing'e kaka inyalo yud huduma mag oro kwayo mar pasport kendo igoyo ripot mar tim marach mag yiero.
5822,Governance,General,Citizens who understand how county budgets work are better placed to report misuse of public funds when it occurs.,Wananchi wanaoelewa jinsi bajeti za kaunti zinavyofanya kazi wako katika nafasi nzuri zaidi ya kuripoti matumizi mabaya ya fedha za umma inapotokea.,"Jodak ma ong’eyo kaka bajet mag kaunti tiyo, gin joma nigi thuolo maber mar lando wach mar tiyo marach gi pesa mag piny ka mano otimore."
5823,Governance,General,Join civic education drives this month to learn how to access national ID replacement and report delayed government services.,Jiunge na kampeni za elimu ya uraia mwezi huu kujifunza jinsi ya kupata ubadilishaji wa kitambulisho cha taifa na kuripoti huduma za serikali kuchelewa.,Ibed gi chenro mag somo mar oganda e dwe ni mondo ing'e kaka inyalo yud oboke mar ID mar piny mangima kendo igoyo ripot mar tije mag sirkal ma odagi.
5824,Governance,General,Officials encourage citizens to combine youth empowerment forums participation with awareness of your constitutional rights.,Maafisa wanahimiza wananchi kuchanganya ushiriki katika mabaraza ya uwezeshaji wa vijana na uelewa wa haki zako za kikatiba.,Jotelo jiwo jodak mondo oket kanyakla bedo e chokruoge mag miyo joma tindo teko kod ng’eyo ratiro ma un-go e chik piny.
5825,Governance,General,"To fight electoral malpractice, the county is promoting local development planning sessions alongside easier access to birth certificate registration.","Ili kupambana na udanganyifu wa uchaguzi, kaunti inahamasisha vikao vya upangaji wa maendeleo ya eneo pamoja na upatikanaji rahisi wa usajili wa cheti cha kuzaliwa.","Mondo oked gi tim marach mag yiero, kauntino loso chenro mag dongruok mag alwora kaachiel gi yudo mayot mar ndiko nying’ oboke mar nyuol."
5826,Governance,General,Citizens who understand accessing government services online are better placed to report delayed government services when it occurs.,Wananchi wanaoelewa kupata huduma za serikali mtandaoni wako katika nafasi nzuri zaidi ya kuripoti huduma za serikali kuchelewa inapotokea.,"Jodak ma winjo tiend yudo kony mag sirkal e yor mbui, gin joma nigi thuolo maber mar chiwo ripot mar kony mag sirkal ma osebedo ka okadho ka otimore."
5827,Governance,General,Residents attending county budget consultations can also learn how to access voter registration updates on the spot.,Wakazi wanaohudhuria mashauriano ya bajeti ya kaunti wanaweza pia kujifunza jinsi ya kupata masasisho ya usajili wa wapiga kura papo hapo.,Jodak ma dhi e chokruoge mag bajet mar kaunti bende nyalo ng’eyo kaka ginyalo yudo weche manyien mag ndiko nying’ jogo ma dhi goyo ombulu e kanyo.
5828,Governance,General,Officials encourage citizens to combine anti-corruption awareness campaigns participation with awareness of how county budgets work.,Maafisa wanahimiza wananchi kuchanganya ushiriki katika kampeni za uhamasishaji dhidi ya ufisadi na uelewa wa jinsi bajeti za kaunti zinavyofanya kazi.,Jotelo jiwo jodak mondo oket kanyakla ng’iyo kampen mag kedo kod ketho chik kod ng’eyo kaka bajet mag kaunti tiyo.
5829,Governance,General,Citizens who understand public participation in law-making are better placed to report unfair resource allocation when it occurs.,Wananchi wanaoelewa ushiriki wa umma katika utungaji sheria wako katika nafasi nzuri zaidi ya kuripoti ugawaji usio wa haki wa rasilimali inapotokea.,Jodak ma winjo tiend ng’ado bura mar oganda e loso chike gin joma nigi thuolo maber mar chiwo ripot mar keto mwandu e yo ma ok owinjore ka otimore.
5830,Governance,General,Understanding voter rights and responsibilities makes it easier to report misuse of public funds when you see it.,Kuelewa haki na wajibu wa mpiga kura hurahisisha kuripoti matumizi mabaya ya fedha za umma unapoiona.,Ng’eyo ratiro kod ting’ mag jogo ma dhi goyo ombulu miyo bedo mayot mondo ior ripot mar tiyo marach gi pesa mag piny ka inene.
5831,Governance,General,Officials encourage citizens to combine town hall meetings participation with awareness of the Huduma Namba registration system.,Maafisa wanahimiza wananchi kuchanganya ushiriki katika mikutano ya hadhara na uelewa wa mfumo wa usajili wa Huduma Namba.,Jotelo jiwo jodak mondo oket kanyakla bedo e chokruoge mag taon kod ng’eyo kaka inyalo ndiko nying’ Huduma Namba.
5832,Governance,General,"To fight corruption, the county is promoting county budget consultations alongside easier access to voter registration updates.","Ili kupambana na ufisadi, kaunti inahamasisha mashauriano ya bajeti ya kaunti pamoja na upatikanaji rahisi wa masasisho ya usajili wa wapiga kura.","Mondo oked kod ketho mar pesa, kauntino siro paro mag bajet mar kaunti kaachiel gi yudo mayot mar ndiko nying’ jogo ma dhi goyo ombulu."
5833,Governance,General,Join community development meetings this month to learn how to access passport application services and report unfair resource allocation.,Jiunge na mikutano ya maendeleo ya jamii mwezi huu kujifunza jinsi ya kupata huduma za maombi ya pasipoti na kuripoti ugawaji usio wa haki wa rasilimali.,Ibi donjo e chokruoge mag dongruok mag oganda e dwe ni mondo ing'e kaka inyalo yud huduma mag oro kwayo mar pasport kendo igolo ripot mar chiwo mwandu ma ok owinjore.
5834,Governance,General,"To reduce abuse of office, the county is expanding access to passport application services this year.","Ili kupunguza matumizi mabaya ya ofisi, kaunti inapanua upatikanaji wa huduma za maombi ya pasipoti mwaka huu.","Mondo ogeng’ tiyo marach gi ofis, kaunti medo ng’eny ji ma nyalo yudo pesa mag ng’ado bura e higa ni."
5835,Governance,General,Understanding the devolution process makes it easier to report corruption when you see it.,Kuelewa mchakato wa ugatuzi hurahisisha kuripoti ufisadi unapoiona.,"Ka ing’eyo kaka itiyo gi teko mar ng’ato, mano miyo bedo mayot mondo ior ripot mar ketho chik ka inene."
5836,Governance,General,Residents attending citizen feedback sessions can also learn how to access tax compliance certificates on the spot.,Wakazi wanaohudhuria vikao vya maoni ya wananchi wanaweza pia kujifunza jinsi ya kupata vyeti vya ufuasi wa kodi papo hapo.,Jodak ma dhi e chokruoge mag dwoko paro mag jodak bende nyalo ng’eyo kaka ginyalo yudo oboke mag luwo chike mag osuru e kanyo.
5837,Governance,General,"To fight nepotism in hiring, the county is promoting public participation forums alongside easier access to disability registration services.","Ili kupambana na upendeleo katika uajiri, kaunti inahamasisha mabaraza ya ushiriki wa umma pamoja na upatikanaji rahisi wa huduma za usajili wa ulemavu.","Mondo oked kod ng’anjo mar jowetegi e ng’ado tich, kauntino loso forum mag ji mondo odonjre e tich kaachiel gi yudo thuolo mayot mar ndiko nying’ jogo ma nigi nyawo mag del."
5838,Governance,General,Residents attending town hall meetings can also learn how to access national ID replacement on the spot.,Wakazi wanaohudhuria mikutano ya hadhara wanaweza pia kujifunza jinsi ya kupata ubadilishaji wa kitambulisho cha taifa papo hapo.,Jodak ma dhi e chokruoge mag od bura mar taon bende nyalo ng’eyo kaka ginyalo yudo ID mar pinyno e kanyo.
5839,Governance,General,You can now apply for business permit applications online through the eCitizen portal.,Sasa unaweza kuomba maombi ya leseni za biashara mtandaoni kupitia mfumo wa eCitizen.,Koro inyalo kwayo kwayo mar oboke mar ohala e mbui kokalo e mbui mar eCitizen.
5840,Governance,General,Join local development planning sessions this month to learn how to access disability registration services and report delayed government services.,Jiunge na vikao vya upangaji wa maendeleo ya eneo mwezi huu kujifunza jinsi ya kupata huduma za usajili wa ulemavu na kuripoti huduma za serikali kuchelewa.,Ibed gi chenro mag dongruok mag gwenge dwe ni mondo ing'e kaka inyalo yud huduma mag ndiko nying' jogo ma nigi nyawo mag del kendo chiwo ripot mar huduma mag sirkal ma odagi.
5841,Governance,General,Any suspected electoral malpractice can be reported anonymously through the ethics hotline.,udanganyifu wa uchaguzi yoyote inayoshukiwa inaweza kuripotiwa bila kujulikana kupitia laini ya maadili.,Gimoro amora ma igeno ni otimre marach e yiero inyalo lando ma ok ong’ere kokalo kuom namba mar ng’ado bura.
5842,Governance,General,Understanding the Huduma Namba registration system makes it easier to report land grabbing when you see it.,Kuelewa mfumo wa usajili wa Huduma Namba hurahisisha kuripoti unyakuzi wa ardhi unapoiona.,Ng'eyo chenro mar ndiko nying Huduma Namba miyo bedo mayot ne ripot mar kamoro piny e seche ma ineno.
5843,Governance,General,"To reduce corruption, the county is expanding access to disability registration services this year.","Ili kupunguza ufisadi, kaunti inapanua upatikanaji wa huduma za usajili wa ulemavu mwaka huu.","Mondo ogeng’ tim mag ketho chik, kauntino medo yudo thuolo mar ndiko nying’ jogo ma nigi nyawo mag del e higa ni."
5844,Governance,General,Residents attending town hall meetings can also learn how to access land title services on the spot.,Wakazi wanaohudhuria mikutano ya hadhara wanaweza pia kujifunza jinsi ya kupata huduma za hati za ardhi papo hapo.,Jodak ma dhi e chokruoge mag od bura mar taon bende nyalo ng’eyo kaka ginyalo yudo kony mar ng’ado bura e kanyo.
5845,Governance,General,"To fight land grabbing, the county is promoting county budget consultations alongside easier access to land title services.","Ili kupambana na unyakuzi wa ardhi, kaunti inahamasisha mashauriano ya bajeti ya kaunti pamoja na upatikanaji rahisi wa huduma za hati za ardhi.","Mondo oked gi ng’anjo mar piny, kauntino ochung’ ne loso gi ji e wi bajet mar kaunti kaachiel gi yudo thuolo mayot mar yudo oboke mar piny."
5846,Governance,General,Officials encourage citizens to combine civic education drives participation with awareness of how county budgets work.,Maafisa wanahimiza wananchi kuchanganya ushiriki katika kampeni za elimu ya uraia na uelewa wa jinsi bajeti za kaunti zinavyofanya kazi.,Jotelo jiwo jodak mondo oket kanyakla somo mar oganda ma kelo ng’iyo gi ng’eyo kaka bajet mag kaunti tiyo.
5847,Governance,General,"To fight corruption, the county is promoting local development planning sessions alongside easier access to disability registration services.","Ili kupambana na ufisadi, kaunti inahamasisha vikao vya upangaji wa maendeleo ya eneo pamoja na upatikanaji rahisi wa huduma za usajili wa ulemavu.","Mondo oked gi tim mag ketho chik, kauntino loso chenro mag dongruok mag alwora kaachiel gi yudo mayot mar ndiko nying’ jogo ma nigi nyawo mag del."
5848,Governance,General,"To reduce delayed government services, the county is expanding access to land title services this year.","Ili kupunguza huduma za serikali kuchelewa, kaunti inapanua upatikanaji wa huduma za hati za ardhi mwaka huu.","Mondo ogeng’ dero ma sirkal timo, kauntino medo yudo thuolo mar yudo oboke mar piny e higa ni."
5849,Governance,General,Understanding how county budgets work makes it easier to report nepotism in hiring when you see it.,Kuelewa jinsi bajeti za kaunti zinavyofanya kazi hurahisisha kuripoti upendeleo katika uajiri unapoiona.,Ng’eyo kaka bajet mag kaunti tiyo miyo bedo mayot mondo ior ripot mar ng’anjo e ng’ado tich ka inene.
5850,Governance,General,Citizens are encouraged to join public participation forums organised by the county government.,Wananchi wanahimizwa kujiunga na mabaraza ya ushiriki wa umma zinazoandaliwa na serikali ya kaunti.,Jodak jiwo mondo odonj e chokruoge mag ng’ado bura ma ji duto loso ma sirkal mar kaunti oloso.
5851,Governance,General,Understanding your constitutional rights makes it easier to report nepotism in hiring when you see it.,Kuelewa haki zako za kikatiba hurahisisha kuripoti upendeleo katika uajiri unapoiona.,Ng’eyo ratiro ma chik piny ogolo miyo bedo mayot mondo ior ripot mar ng’anjo e ng’ado tich ka inene.
5852,Governance,General,Citizens who understand your constitutional rights are better placed to report delayed government services when it occurs.,Wananchi wanaoelewa haki zako za kikatiba wako katika nafasi nzuri zaidi ya kuripoti huduma za serikali kuchelewa inapotokea.,"Jodak ma winjo tiend ratiro mari ma chik piny ogolo, gin e thuolo maber mar chiwo ripot mar tich ma sirkal osetimo ka otimore."
5853,Governance,General,Officials encourage citizens to combine civic education drives participation with awareness of the Huduma Namba registration system.,Maafisa wanahimiza wananchi kuchanganya ushiriki katika kampeni za elimu ya uraia na uelewa wa mfumo wa usajili wa Huduma Namba.,Jotelo jiwo jopiny mondo oket kanyakla somo mar oganda mondo gibed gi ng’eyo kuom chenro mar ndiko nying’ Huduma Namba.
5854,Governance,General,Any suspected corruption can be reported anonymously through the ethics hotline.,ufisadi yoyote inayoshukiwa inaweza kuripotiwa bila kujulikana kupitia laini ya maadili.,Gimoro amora ma ipare ni otimo ketho chik inyalo lando ma ok ing’ere kokalo kuom namba mar mbui mar tim makare.
5855,Governance,General,Understanding the devolution process helps citizens engage more effectively with local government.,Kuelewa mchakato wa ugatuzi husaidia wananchi kushirikiana vyema na serikali ya eneo lao.,Ng’eyo kaka inyalo keto teko ne ji okonyo jodak mondo otim tudruok maber gi sirkal ma kamago.
5856,Governance,General,Join public participation forums this month to learn how to access disability registration services and report nepotism in hiring.,Jiunge na mabaraza ya ushiriki wa umma mwezi huu kujifunza jinsi ya kupata huduma za usajili wa ulemavu na kuripoti upendeleo katika uajiri.,Inyalo donjo e forum mag ji duto e dwe ni mondo ing’e kaka inyalo yudo kony mar ndiko nying’ jogo ma nigi nyawo mag del kendo ripot mar ng’anjo e weche mag ng’ado tich.
5857,Governance,General,Understanding voter rights and responsibilities makes it easier to report nepotism in hiring when you see it.,Kuelewa haki na wajibu wa mpiga kura hurahisisha kuripoti upendeleo katika uajiri unapoiona.,Ng’eyo ratiro kod ting’ mag jogo ma dhi goyo ombulu miyo bedo mayot mondo igol ripot mar ng’anjo e ng’ado tich ka inene.
5858,Governance,General,You can now apply for voter registration updates online through the eCitizen portal.,Sasa unaweza kuomba masasisho ya usajili wa wapiga kura mtandaoni kupitia mfumo wa eCitizen.,Koro inyalo golo kwayo mar mbui e mbui e mbui kokalo kuom mbui mar eCitizen.
5859,Governance,General,"To reduce nepotism in hiring, the county is expanding access to business permit applications this year.","Ili kupunguza upendeleo katika uajiri, kaunti inapanua upatikanaji wa maombi ya leseni za biashara mwaka huu.","Mondo ogeng’ ng’anjo mar jowetegi e ng’ado tich, kaunti medo ng’ado bura kuom kwayo mag oboke mar timo ohala e higa ni."
5860,Governance,General,"To fight corruption, the county is promoting public participation forums alongside easier access to tax compliance certificates.","Ili kupambana na ufisadi, kaunti inahamasisha mabaraza ya ushiriki wa umma pamoja na upatikanaji rahisi wa vyeti vya ufuasi wa kodi.","Mondo oked gi ketho mar ketho chik, kauntino loso forum mag ji mondo odonjre e weche mag osuru kaachiel gi yudo mayot mar oboke mag luwo chike mag osuru."
5861,Governance,General,Participate in civic education drives to have your voice heard in local decisions.,Shiriki katika kampeni za elimu ya uraia ili sauti yako isikike katika maamuzi ya eneo lako.,Inyalo bedo e chenro mag somo mar oganda mondo dwondi owinjre e yiero ma itimo e alwora.
5862,Governance,General,Citizens who understand your constitutional rights are better placed to report corruption when it occurs.,Wananchi wanaoelewa haki zako za kikatiba wako katika nafasi nzuri zaidi ya kuripoti ufisadi inapotokea.,"Jodak ma winjo tiend ratiro ma chik piny ogolo, gin joma nigi thuolo maber mar lando wach mar ketho chik ka otimore."
5863,Governance,General,Register as a voter at your nearest IEBC office before the deadline.,Jiandikishe kama mpiga kura katika ofisi ya IEBC ya karibu kabla ya tarehe ya mwisho.,Inyalo ndiko nying’ kaka ng’at ma dhi goyo ombulu e ofis mar IEBC man machiegni kodi kapok odiechieng’ mogik ochopo.
5864,Governance,General,Attend a civic education forum to learn about accessing government services online.,Hudhuria jukwaa la elimu ya uraia kujifunza kuhusu kupata huduma za serikali mtandaoni.,Dhi e chokruok mar somo mar oganda mondo ing'e kaka inyalo yudo huduma mag sirkal e mbui.
5865,Governance,General,Citizens who understand the Huduma Namba registration system are better placed to report electoral malpractice when it occurs.,Wananchi wanaoelewa mfumo wa usajili wa Huduma Namba wako katika nafasi nzuri zaidi ya kuripoti udanganyifu wa uchaguzi inapotokea.,Jopiny ma winjo tie chenro mar ndiko nying' Huduma Namba ber e thuolo maber mar lando tim marach e yiero ka otimore.
5866,Governance,General,"To fight corruption, the county is promoting youth empowerment forums alongside easier access to marriage certificate registration.","Ili kupambana na ufisadi, kaunti inahamasisha mabaraza ya uwezeshaji wa vijana pamoja na upatikanaji rahisi wa usajili wa cheti cha ndoa.","Mondo oked gi ketho mar ketho chik, kauntino loso chenro mag miyo joma tindo teko kaachiel gi yudo yot mar ndiko nying’ oboke mag keny."
5867,Governance,General,"To reduce nepotism in hiring, the county is expanding access to national ID replacement this year.","Ili kupunguza upendeleo katika uajiri, kaunti inapanua upatikanaji wa ubadilishaji wa kitambulisho cha taifa mwaka huu.","Mondo ogeng’ ng’anjo mar jowetegi e ng’ado tich, kauntino medo yudo thuolo mar yudo ID mar piny e higa ni."
5868,Governance,General,Understanding accessing government services online makes it easier to report corruption when you see it.,Kuelewa kupata huduma za serikali mtandaoni hurahisisha kuripoti ufisadi unapoiona.,Ng’eyo kaka inyalo yudo kony mag sirkal e intanet miyo bedo mayot mondo ior ripot mar ketho chik ka inene.
5869,Governance,General,"To fight misuse of public funds, the county is promoting youth empowerment forums alongside easier access to land title services.","Ili kupambana na matumizi mabaya ya fedha za umma, kaunti inahamasisha mabaraza ya uwezeshaji wa vijana pamoja na upatikanaji rahisi wa huduma za hati za ardhi.","Mondo oked gi tiyo marach gi pesa mag piny, kauntino loso chenro mag miyo joma tindo teko kaachiel gi yudo thuolo mayot mar yudo oboke mar piny."
5870,Governance,General,"To reduce nepotism in hiring, the county is expanding access to disability registration services this year.","Ili kupunguza upendeleo katika uajiri, kaunti inapanua upatikanaji wa huduma za usajili wa ulemavu mwaka huu.","Mondo ogeng’ ng’anjo mar jowetegi e ng’ado tich, kauntino medo yudo thuolo mar ndiko nying’ jogo ma nigi nyawo mag del e higa ni."
5871,Governance,General,Join anti-corruption awareness campaigns this month to learn how to access birth certificate registration and report land grabbing.,Jiunge na kampeni za uhamasishaji dhidi ya ufisadi mwezi huu kujifunza jinsi ya kupata usajili wa cheti cha kuzaliwa na kuripoti unyakuzi wa ardhi.,Ibed gi kampen mag lendo e lweny mar ketho chik e dwe ni mondo ing'e kaka inyalo yudo ndiko mar oboke mar nyuol kod ripot mar mako piny.
5872,Governance,General,Officials encourage citizens to combine town hall meetings participation with awareness of public participation in law-making.,Maafisa wanahimiza wananchi kuchanganya ushiriki katika mikutano ya hadhara na uelewa wa ushiriki wa umma katika utungaji sheria.,Jotelo jiwo jodak mondo oket kanyakla bedo gi ng’iyo e chokruoge mag taon kod ng’eyo bedo gi ng’iyo mar oganda e loso chike.
5873,Governance,General,"To reduce electoral malpractice, the county is expanding access to business permit applications this year.","Ili kupunguza udanganyifu wa uchaguzi, kaunti inapanua upatikanaji wa maombi ya leseni za biashara mwaka huu.","Mondo ogeng’ tim marach mag yiero, kauntino medo yudo thuolo mar yudo oboke mar timo ohala e higa ni."
5874,Governance,General,Join youth empowerment forums this month to learn how to access birth certificate registration and report nepotism in hiring.,Jiunge na mabaraza ya uwezeshaji wa vijana mwezi huu kujifunza jinsi ya kupata usajili wa cheti cha kuzaliwa na kuripoti upendeleo katika uajiri.,Idonji e forum mag chiwo teko ne rowere dwe ni mondo ing'e kaka inyalo yud ndiko mar oboke mar nyuol kendo igoyo ripot mar akwede e kepo.
5875,Governance,General,Officials encourage citizens to combine local development planning sessions participation with awareness of accessing government services online.,Maafisa wanahimiza wananchi kuchanganya ushiriki katika vikao vya upangaji wa maendeleo ya eneo na uelewa wa kupata huduma za serikali mtandaoni.,Jotelo jiwo jodak mondo oket kanyakla bedo e chokruoge mag loso chenro mag dongruok mag alwora kod ng’eyo kaka ginyalo yudo kony mag sirkal e yor mbui.
5876,Governance,General,"To fight corruption, the county is promoting local development planning sessions alongside easier access to voter registration updates.","Ili kupambana na ufisadi, kaunti inahamasisha vikao vya upangaji wa maendeleo ya eneo pamoja na upatikanaji rahisi wa masasisho ya usajili wa wapiga kura.","Mondo oked kod ketho mar pesa, kauntino loso chenro mag dongruok mag alwora kaachiel gi yudo mayot mar ndiko nying’ jogo ma dhi goyo ombulu."
5877,Governance,General,Understanding the Huduma Namba registration system makes it easier to report electoral malpractice when you see it.,Kuelewa mfumo wa usajili wa Huduma Namba hurahisisha kuripoti udanganyifu wa uchaguzi unapoiona.,Ng'eyo chenro mar ndiko nying' Huduma Namba miyo bedo mayot mar ir ripot mar tim marach mag yiero ka ineno.
5878,Governance,General,"To reduce abuse of office, the county is expanding access to tax compliance certificates this year.","Ili kupunguza matumizi mabaya ya ofisi, kaunti inapanua upatikanaji wa vyeti vya ufuasi wa kodi mwaka huu.","Mondo ogeng’ tiyo marach gi ofis, kaunti medo yudo oboke mag luwo chike mag osuru e higa ni."
5879,Governance,General,Citizens who understand public participation in law-making are better placed to report corruption when it occurs.,Wananchi wanaoelewa ushiriki wa umma katika utungaji sheria wako katika nafasi nzuri zaidi ya kuripoti ufisadi inapotokea.,"Jodak ma winjo tiend bedo gi ng’eyo mar oganda e keto chike, gin joma nigi thuolo maber mar lando wach mar ketho chik ka otimore."
5880,Governance,General,Officials encourage citizens to combine youth empowerment forums participation with awareness of the role of the ombudsman.,Maafisa wanahimiza wananchi kuchanganya ushiriki katika mabaraza ya uwezeshaji wa vijana na uelewa wa nafasi ya mdhibiti malalamiko.,Jotelo jiwo jodak mondo oket kanyakla bedo e forum mag miyo joma tindo teko kod ng’eyo tich ma jatend piny onego otim.
5881,Governance,General,Understanding the role of the ombudsman makes it easier to report unfair resource allocation when you see it.,Kuelewa nafasi ya mdhibiti malalamiko hurahisisha kuripoti ugawaji usio wa haki wa rasilimali unapoiona.,"Ka ing’eyo tich ma jatend bura timo, mano miyo bedo mayot mondo igol ripot mar keto mwandu e yo ma ok owinjore ka ineno."
5882,Governance,General,Understanding the Huduma Namba registration system helps citizens engage more effectively with local government.,Kuelewa mfumo wa usajili wa Huduma Namba husaidia wananchi kushirikiana vyema na serikali ya eneo lao.,Ng'eyo chenro mar ndiko nying' jo Huduma Namba konyo jodak e loso maber ahinya gi sirikal ma gwenge.
5883,Governance,General,Understanding your constitutional rights makes it easier to report unfair resource allocation when you see it.,Kuelewa haki zako za kikatiba hurahisisha kuripoti ugawaji usio wa haki wa rasilimali unapoiona.,Ng’eyo ratiro ma chik piny ogolo miyo bedo mayot mondo ior ripot mar keto mwandu e yo ma ok owinjore ka ineno.
5884,Governance,General,"To fight delayed government services, the county is promoting public participation forums alongside easier access to marriage certificate registration.","Ili kupambana na huduma za serikali kuchelewa, kaunti inahamasisha mabaraza ya ushiriki wa umma pamoja na upatikanaji rahisi wa usajili wa cheti cha ndoa.","Mondo oked gi tich ma sirkal timo ma dero, kauntino loso forum mag ji mondo odonjre kanyachiel gi yudo yot mar ndiko nying’ oboke mar keny."
5885,Governance,General,Citizens who understand the Huduma Namba registration system are better placed to report delayed government services when it occurs.,Wananchi wanaoelewa mfumo wa usajili wa Huduma Namba wako katika nafasi nzuri zaidi ya kuripoti huduma za serikali kuchelewa inapotokea.,Jopiny ma winjo tie chenro mar ndiko nying' Huduma Namba ber e thuolo maber mar nyiso tije mag sirikal ma odeko ka otimore.
5886,Governance,General,Citizens who understand your constitutional rights are better placed to report nepotism in hiring when it occurs.,Wananchi wanaoelewa haki zako za kikatiba wako katika nafasi nzuri zaidi ya kuripoti upendeleo katika uajiri inapotokea.,"Jodak ma winjo tiend ratiro ma in-go e chik piny, gin joma nigi thuolo maber mar lando wach mar ng’anjo mar jowetegi e ng’ado tich ka otimore."
5887,Governance,General,"To reduce misuse of public funds, the county is expanding access to marriage certificate registration this year.","Ili kupunguza matumizi mabaya ya fedha za umma, kaunti inapanua upatikanaji wa usajili wa cheti cha ndoa mwaka huu.","Mondo ogeng’ tiyo marach gi pesa mag piny, kauntino medo ng’eyo kaka inyalo ndiko nying’ oboke mag keny e higa ni."
5888,Governance,General,Understanding how county budgets work makes it easier to report corruption when you see it.,Kuelewa jinsi bajeti za kaunti zinavyofanya kazi hurahisisha kuripoti ufisadi unapoiona.,"Ka ing’eyo kaka bajet mag kaunti tiyo, mano miyo bedo mayot mondo ior ripot mar ketho chik ka inene."
5889,Governance,General,Citizens are encouraged to join town hall meetings organised by the county government.,Wananchi wanahimizwa kujiunga na mikutano ya hadhara zinazoandaliwa na serikali ya kaunti.,Jodak jiwo mondo odonj e chokruoge mag od bura ma sirkal mar kaunti oloso.
5890,Governance,General,Citizens who understand accessing government services online are better placed to report unfair resource allocation when it occurs.,Wananchi wanaoelewa kupata huduma za serikali mtandaoni wako katika nafasi nzuri zaidi ya kuripoti ugawaji usio wa haki wa rasilimali inapotokea.,"Jodak ma winjo tiend yudo kony mag sirkal e yor mbui, gin joma nigi thuolo maber mar chiwo ripot mar keto mwandu e yo ma ok owinjore ka otimore."
5891,Governance,General,Citizens who understand how county budgets work are better placed to report electoral malpractice when it occurs.,Wananchi wanaoelewa jinsi bajeti za kaunti zinavyofanya kazi wako katika nafasi nzuri zaidi ya kuripoti udanganyifu wa uchaguzi inapotokea.,"Jodak ma winjo tiend kaka bajet mag kaunti tiyo, gin joma nigi thuolo maber mar lando tim marach mag yiero ka otimore."
5892,Governance,General,Understanding your constitutional rights makes it easier to report misuse of public funds when you see it.,Kuelewa haki zako za kikatiba hurahisisha kuripoti matumizi mabaya ya fedha za umma unapoiona.,"Ka ing’eyo ratiro ma chik piny ogolo, mano miyo bedo mayot mondo ior ripot mar tiyo marach gi pesa mag piny ka inene."
5893,Governance,General,Officials encourage citizens to combine local development planning sessions participation with awareness of the Huduma Namba registration system.,Maafisa wanahimiza wananchi kuchanganya ushiriki katika vikao vya upangaji wa maendeleo ya eneo na uelewa wa mfumo wa usajili wa Huduma Namba.,Jotelo jiwo jodak mondo oket kanyakla bedo e chokruoge mag loso chenro mag dongruok mag gwenge kod ng’eyo kaka inyalo ndiko nying’ Huduma Namba.
5894,Governance,General,Citizens who understand the role of the ombudsman are better placed to report land grabbing when it occurs.,Wananchi wanaoelewa nafasi ya mdhibiti malalamiko wako katika nafasi nzuri zaidi ya kuripoti unyakuzi wa ardhi inapotokea.,"Jodak ma winjo tiend tich mar jatend piny, gin joma nigi thuolo maber mar chiwo ripot mar ketho piny ka otimore."
5895,Governance,General,The county government invites residents to citizen feedback sessions scheduled for this month.,Serikali ya kaunti inawaalika wakazi kwenye vikao vya maoni ya wananchi iliyopangwa mwezi huu.,Sirkal mar kaunti rwako jodak mondo obi e chokruoge mag chiwo paro mag jodak ma oket e dwe ni.
5896,Governance,General,Join anti-corruption awareness campaigns this month to learn how to access business permit applications and report electoral malpractice.,Jiunge na kampeni za uhamasishaji dhidi ya ufisadi mwezi huu kujifunza jinsi ya kupata maombi ya leseni za biashara na kuripoti udanganyifu wa uchaguzi.,Ibed gi kampen mag lendo e lweny mar ketho chik e dwe ni mondo ing'e kaka inyalo yud kwayo mag oboke mag ohala kod ripot mar tim marach mag yiero.
5897,Governance,General,Citizens who understand how county budgets work are better placed to report land grabbing when it occurs.,Wananchi wanaoelewa jinsi bajeti za kaunti zinavyofanya kazi wako katika nafasi nzuri zaidi ya kuripoti unyakuzi wa ardhi inapotokea.,"Jodak ma winjo tiend kaka bajet mag kaunti tiyo, gin joma nigi thuolo maber mar chiwo ripot mar ketho piny ka otimore."
5898,Governance,General,Citizens who understand voter rights and responsibilities are better placed to report nepotism in hiring when it occurs.,Wananchi wanaoelewa haki na wajibu wa mpiga kura wako katika nafasi nzuri zaidi ya kuripoti upendeleo katika uajiri inapotokea.,Jodak ma winjo tiend ratiro kod ting’ mag jogo ma dhi goyo ombulu gin joma nigi thuolo maber mar lando wach mar ng’anjo mar jowetegi e ng’ado tich ka otimore.
5899,Governance,General,Citizens who understand accessing government services online are better placed to report abuse of office when it occurs.,Wananchi wanaoelewa kupata huduma za serikali mtandaoni wako katika nafasi nzuri zaidi ya kuripoti matumizi mabaya ya ofisi inapotokea.,"Jodak ma winjo tiend yudo kony mag sirkal e yor mbui, gin joma nigi thuolo maber mar lando wach mar tiyo marach gi ofis ka otimore."
5900,Governance,General,Join county budget consultations this month to learn how to access tax compliance certificates and report unfair resource allocation.,Jiunge na mashauriano ya bajeti ya kaunti mwezi huu kujifunza jinsi ya kupata vyeti vya ufuasi wa kodi na kuripoti ugawaji usio wa haki wa rasilimali.,Ibed gi paro mag bajet mar kaunti dwe ni mondo ing'e kaka inyalo yud oboke mag luwo osuru kendo ripot mar pogo mwandu ma ok owinjore.
5901,Governance,General,Officials encourage citizens to combine anti-corruption awareness campaigns participation with awareness of the Huduma Namba registration system.,Maafisa wanahimiza wananchi kuchanganya ushiriki katika kampeni za uhamasishaji dhidi ya ufisadi na uelewa wa mfumo wa usajili wa Huduma Namba.,Jotelo jiwo jopiny mondo oket kanyakla bedo e kampen mag ng’eyo weche mag ketho chik kod ng’eyo kaka inyalo ndiko nying’ Huduma Namba.
5902,Governance,General,"To fight unfair resource allocation, the county is promoting youth empowerment forums alongside easier access to birth certificate registration.","Ili kupambana na ugawaji usio wa haki wa rasilimali, kaunti inahamasisha mabaraza ya uwezeshaji wa vijana pamoja na upatikanaji rahisi wa usajili wa cheti cha kuzaliwa.","Mondo oked gi keto mwandu e yo ma ok owinjore, kauntino loso forum mag miyo joma tindo teko kaachiel gi yudo yot mar ndiko nying’ oboke mar nyuol."
5903,Governance,General,Join local development planning sessions this month to learn how to access marriage certificate registration and report land grabbing.,Jiunge na vikao vya upangaji wa maendeleo ya eneo mwezi huu kujifunza jinsi ya kupata usajili wa cheti cha ndoa na kuripoti unyakuzi wa ardhi.,Ibi iriwri e chokruoge mag chano dongruok mar gwenge dwe ni mondo ing'e kaka inyalo yudo ndiko mar oboke mar keny kod ripot mar mako piny.
5904,Governance,General,Residents attending civic education drives can also learn how to access disability registration services on the spot.,Wakazi wanaohudhuria kampeni za elimu ya uraia wanaweza pia kujifunza jinsi ya kupata huduma za usajili wa ulemavu papo hapo.,Jodak ma dhi e chenro mag somo mar oganda bende nyalo ng’eyo kaka ginyalo yudo kony mar ndiko nying’ jogo ma nigi nyawo mag del e kanyo.
5905,Governance,General,"To reduce abuse of office, the county is expanding access to birth certificate registration this year.","Ili kupunguza matumizi mabaya ya ofisi, kaunti inapanua upatikanaji wa usajili wa cheti cha kuzaliwa mwaka huu.","Mondo ogeng’ tiyo marach gi ofis, kaunti medo yudo thuolo mar ndiko nying’ oboke mag nyuol e higa ni."
5906,Governance,General,Officials encourage citizens to combine youth empowerment forums participation with awareness of the devolution process.,Maafisa wanahimiza wananchi kuchanganya ushiriki katika mabaraza ya uwezeshaji wa vijana na uelewa wa mchakato wa ugatuzi.,Jotelo jiwo jodak mondo oket kanyachiel bedo e forum mag miyo joma tindo teko kod ng’eyo kaka inyalo keto teko e piny.
5907,Governance,General,Officials encourage citizens to combine county budget consultations participation with awareness of the role of the ombudsman.,Maafisa wanahimiza wananchi kuchanganya ushiriki katika mashauriano ya bajeti ya kaunti na uelewa wa nafasi ya mdhibiti malalamiko.,Jotelo jiwo jodak mondo oket kanyakla bedo e chokruoge mag loso pesa mag kaunti kod ng’eyo tich mar jatend bura.
5908,Governance,General,Officials encourage citizens to combine citizen feedback sessions participation with awareness of accessing government services online.,Maafisa wanahimiza wananchi kuchanganya ushiriki katika vikao vya maoni ya wananchi na uelewa wa kupata huduma za serikali mtandaoni.,Jotelo jiwo jodak mondo oket kanyakla bedo e chokruoge mag dwoko paro mag jodak kod ng’eyo kaka ginyalo yudo kony mag sirkal e yor mbui.
5909,Governance,General,Citizens who understand accessing government services online are better placed to report electoral malpractice when it occurs.,Wananchi wanaoelewa kupata huduma za serikali mtandaoni wako katika nafasi nzuri zaidi ya kuripoti udanganyifu wa uchaguzi inapotokea.,"Jodak ma winjo tiend yudo kony mag sirkal e yor mbui, gin joma nigi thuolo maber mar lando tim marach mag yiero ka otimore."
5910,Governance,General,"To reduce unfair resource allocation, the county is expanding access to tax compliance certificates this year.","Ili kupunguza ugawaji usio wa haki wa rasilimali, kaunti inapanua upatikanaji wa vyeti vya ufuasi wa kodi mwaka huu.","Mondo ogol piny ng’iewo mwandu ma ok owinjore, kauntino medo yudo oboke mag luwo osuru e higa ni."
5911,Governance,General,Officials encourage citizens to combine citizen feedback sessions participation with awareness of public participation in law-making.,Maafisa wanahimiza wananchi kuchanganya ushiriki katika vikao vya maoni ya wananchi na uelewa wa ushiriki wa umma katika utungaji sheria.,Jotelo jiwo jodak mondo oket kanyakla bedo gi paro mag jodak e chokruoge mag dwokogi gi ng’eyo mar bedo gi jodak e loso chike.
5912,Governance,General,Residents attending public participation forums can also learn how to access national ID replacement on the spot.,Wakazi wanaohudhuria mabaraza ya ushiriki wa umma wanaweza pia kujifunza jinsi ya kupata ubadilishaji wa kitambulisho cha taifa papo hapo.,Jodak ma dhi e chokruoge mag ng’ado bura mar oganda bende nyalo ng’eyo kaka ginyalo yudo ID mar pinyno e kanyo.
5913,Governance,General,Understanding the Huduma Namba registration system makes it easier to report abuse of office when you see it.,Kuelewa mfumo wa usajili wa Huduma Namba hurahisisha kuripoti matumizi mabaya ya ofisi unapoiona.,Ng'eyo chenro mar ndiko nying' Huduma Namba miyo bedo mayot ne wach mar ripot mar tiyo marach gi ofis ka ineno.
5914,Governance,General,"To reduce abuse of office, the county is expanding access to disability registration services this year.","Ili kupunguza matumizi mabaya ya ofisi, kaunti inapanua upatikanaji wa huduma za usajili wa ulemavu mwaka huu.","Mondo ogeng’ tiyo marach gi ofis, kaunti medo yudo thuolo mar ndiko nying’ jogo ma nigi nyawo mag del e higa ni."
5915,Governance,General,Understanding how county budgets work makes it easier to report delayed government services when you see it.,Kuelewa jinsi bajeti za kaunti zinavyofanya kazi hurahisisha kuripoti huduma za serikali kuchelewa unapoiona.,"Ka ing’eyo kaka bajet mag kaunti tiyo, mano miyo bedo mayot mondo ior ripot mar tije mag sirkal ma osebedo ka okadho kinde ka inene."
5916,Governance,General,"To fight misuse of public funds, the county is promoting town hall meetings alongside easier access to birth certificate registration.","Ili kupambana na matumizi mabaya ya fedha za umma, kaunti inahamasisha mikutano ya hadhara pamoja na upatikanaji rahisi wa usajili wa cheti cha kuzaliwa.","Mondo oked kod tiyo marach gi pesa mag sirkal, kauntino loso romo mag od bura mag taon kaachiel gi yudo yot mar ndiko nying’ oboke mar nyuol."
5917,Governance,General,Residents attending town hall meetings can also learn how to access passport application services on the spot.,Wakazi wanaohudhuria mikutano ya hadhara wanaweza pia kujifunza jinsi ya kupata huduma za maombi ya pasipoti papo hapo.,Jodak ma dhi e chokruoge mag od bura mar taon bende nyalo ng’eyo kaka ginyalo yudo kony mar oro kwayo mar pasport e kanyo.
5918,Governance,General,Citizens are encouraged to join county budget consultations organised by the county government.,Wananchi wanahimizwa kujiunga na mashauriano ya bajeti ya kaunti zinazoandaliwa na serikali ya kaunti.,Jodak jiwo mondo odonjre e chokruoge mag loso bajet mar kaunti ma sirkal mar kaunti oloso.
5919,Governance,General,Understanding voter rights and responsibilities makes it easier to report delayed government services when you see it.,Kuelewa haki na wajibu wa mpiga kura hurahisisha kuripoti huduma za serikali kuchelewa unapoiona.,"Ka ing’eyo ratiro kod ting’ mag jogo ma dhi goyo ombulu, mano miyo bedo mayot mondo ior ripot mar tich ma sirkal osetimo bang’ kinde ka inene."
5920,Governance,General,Officials encourage citizens to combine community development meetings participation with awareness of your constitutional rights.,Maafisa wanahimiza wananchi kuchanganya ushiriki katika mikutano ya maendeleo ya jamii na uelewa wa haki zako za kikatiba.,Jotelo jiwo jodak mondo oket kanyakla bedo e chokruoge mag dongruok mar oganda kod ng’eyo ratiro ma un-go e chik piny.
5921,Governance,General,"To fight misuse of public funds, the county is promoting county budget consultations alongside easier access to voter registration updates.","Ili kupambana na matumizi mabaya ya fedha za umma, kaunti inahamasisha mashauriano ya bajeti ya kaunti pamoja na upatikanaji rahisi wa masasisho ya usajili wa wapiga kura.","Mondo oked kod tiyo marach gi pesa mag sirkal, kaunti ochung’ ne loso paro mag bajet mar kaunti kaachiel gi yudo mayot mar ndiko nying’ jogo ma dhi goyo ombulu."
5922,Governance,General,Participate in citizen feedback sessions to have your voice heard in local decisions.,Shiriki katika vikao vya maoni ya wananchi ili sauti yako isikike katika maamuzi ya eneo lako.,Ibed gi paro e chokruoge mag chiwo paro mag jodak mondo dwondi owinjre e yiero ma itimo e alwora.
5923,Governance,General,Citizens are encouraged to join local development planning sessions organised by the county government.,Wananchi wanahimizwa kujiunga na vikao vya upangaji wa maendeleo ya eneo zinazoandaliwa na serikali ya kaunti.,Jodak jiwo mondo odonj e chokruoge mag keto chenro mag dongruok mag gwenge ma sirkal mar kaunti oloso.
5924,Governance,General,Citizens who understand how county budgets work are better placed to report abuse of office when it occurs.,Wananchi wanaoelewa jinsi bajeti za kaunti zinavyofanya kazi wako katika nafasi nzuri zaidi ya kuripoti matumizi mabaya ya ofisi inapotokea.,"Jodak ma winjo tiend kaka bajet mag kaunti tiyo, gin joma nigi thuolo maber mar lando wach mar tiyo marach gi ofis ka otimore."
5925,Governance,General,Citizens who understand the Huduma Namba registration system are better placed to report corruption when it occurs.,Wananchi wanaoelewa mfumo wa usajili wa Huduma Namba wako katika nafasi nzuri zaidi ya kuripoti ufisadi inapotokea.,Jopiny winjo tie chenro mar ndiko nying' Huduma Namba ber e thuolo maber mar nyiso mibadhi ka otimore.
5926,Governance,General,Residents attending citizen feedback sessions can also learn how to access business permit applications on the spot.,Wakazi wanaohudhuria vikao vya maoni ya wananchi wanaweza pia kujifunza jinsi ya kupata maombi ya leseni za biashara papo hapo.,Jodak ma dhi e chokruoge mag dwoko paro mag jodak bende nyalo ng’eyo kaka ginyalo yudo kwayo mag oboke mar timo ohala e kanyo.
5927,Governance,General,Officials encourage citizens to combine public participation forums participation with awareness of your constitutional rights.,Maafisa wanahimiza wananchi kuchanganya ushiriki katika mabaraza ya ushiriki wa umma na uelewa wa haki zako za kikatiba.,Jotelo jiwo jodak mondo oket kanyakla ng’iyo e forum mag ng’iyo gi ji duto kod ng’eyo ratiro ma un-go e chik piny.
5928,Governance,General,Officials encourage citizens to combine public participation forums participation with awareness of voter rights and responsibilities.,Maafisa wanahimiza wananchi kuchanganya ushiriki katika mabaraza ya ushiriki wa umma na uelewa wa haki na wajibu wa mpiga kura.,Jotelo jiwo jodak mondo oket kanyakla ng’iyo e forum mag ng’iyo gi ji duto kod ng’eyo ratiro kod ting’ mag jogo ma dhi goyo ombulu.
5929,Governance,General,Understanding public participation in law-making makes it easier to report nepotism in hiring when you see it.,Kuelewa ushiriki wa umma katika utungaji sheria hurahisisha kuripoti upendeleo katika uajiri unapoiona.,Ng’eyo kaka oganda ng’ado bura e loso chike miyo bedo mayot mondo ior ripot mar ng’anjo e ng’ado tich ka inene.
5930,Governance,General,Understanding the Huduma Namba registration system makes it easier to report delayed government services when you see it.,Kuelewa mfumo wa usajili wa Huduma Namba hurahisisha kuripoti huduma za serikali kuchelewa unapoiona.,Ng'eyo chenro mar ndiko nying Huduma Namba miyo bedo mayot ne ripot mar dero tije mag sirkal ka ineno.
5931,Governance,General,Residents attending civic education drives can also learn how to access national ID replacement on the spot.,Wakazi wanaohudhuria kampeni za elimu ya uraia wanaweza pia kujifunza jinsi ya kupata ubadilishaji wa kitambulisho cha taifa papo hapo.,Jodak ma dhi e chenro mag somo mar oganda bende nyalo ng’eyo kaka ginyalo yudo ID mar pinyno e kanyo.
5932,Governance,General,Citizens who understand the devolution process are better placed to report electoral malpractice when it occurs.,Wananchi wanaoelewa mchakato wa ugatuzi wako katika nafasi nzuri zaidi ya kuripoti udanganyifu wa uchaguzi inapotokea.,"Jodak ma winjo tiend yo mar keto loch e lwetgi, gin joma nigi thuolo maber mar lando tim marach mag yiero ka otimore."
5933,Governance,General,Report cases of corruption to the relevant government office.,Ripoti kesi za ufisadi kwa ofisi husika ya serikali.,Chiwo ripot mar kes mag ketho chik e ofis mar sirkal ma owinjore.
5934,Governance,General,Participate in youth empowerment forums to have your voice heard in local decisions.,Shiriki katika mabaraza ya uwezeshaji wa vijana ili sauti yako isikike katika maamuzi ya eneo lako.,Inyalo bedo e forum mag miyo joma tindo teko mondo dwondi owinjre e yiero ma itimo e alwora.
5935,Governance,General,"To reduce nepotism in hiring, the county is expanding access to voter registration updates this year.","Ili kupunguza upendeleo katika uajiri, kaunti inapanua upatikanaji wa masasisho ya usajili wa wapiga kura mwaka huu.","Mondo ogeng’ ng’anjo mar jowetegi e ng’ado tich, kauntino medo yudo weche manyien mag ndiko nying’ jogo ma dhi goyo ombulu e higa ni."
5936,Governance,General,Understanding your constitutional rights makes it easier to report delayed government services when you see it.,Kuelewa haki zako za kikatiba hurahisisha kuripoti huduma za serikali kuchelewa unapoiona.,"Ka ing’eyo ratiro ma iketo e chik piny, mano miyo bedo mayot mondo ior ripot mar tich ma sirkal osetimo bang’ kinde ka inene."
5937,Governance,General,Understanding the role of the ombudsman makes it easier to report land grabbing when you see it.,Kuelewa nafasi ya mdhibiti malalamiko hurahisisha kuripoti unyakuzi wa ardhi unapoiona.,"Ka ing’eyo tich ma jatend bura timo, mano miyo bedo mayot mondo ior ripot mar ng’ado piny ka inene."
5938,Governance,General,Residents attending public participation forums can also learn how to access passport application services on the spot.,Wakazi wanaohudhuria mabaraza ya ushiriki wa umma wanaweza pia kujifunza jinsi ya kupata huduma za maombi ya pasipoti papo hapo.,Jodak ma dhi e chokruoge mag ji duto bende nyalo ng’eyo kaka ginyalo yudo kony mar kwayo pasport e kanyo.
5939,Governance,General,"To reduce electoral malpractice, the county is expanding access to passport application services this year.","Ili kupunguza udanganyifu wa uchaguzi, kaunti inapanua upatikanaji wa huduma za maombi ya pasipoti mwaka huu.","Mondo ogeng’ tim marach mag yiero, kauntino medo ng’eny ji ma nyalo yudo pesa mag ng’ado bura e higa ni."
5940,Governance,General,Participate in community development meetings to have your voice heard in local decisions.,Shiriki katika mikutano ya maendeleo ya jamii ili sauti yako isikike katika maamuzi ya eneo lako.,Inyalo bedo e chokruoge mag dongruok mar oganda mondo dwondi owinjre e yiero ma itimo e alwora.
5941,Governance,General,Citizens are encouraged to join citizen feedback sessions organised by the county government.,Wananchi wanahimizwa kujiunga na vikao vya maoni ya wananchi zinazoandaliwa na serikali ya kaunti.,Jodak jiwo mondo gidonj e chokruoge mag chiwo paro mag jodak ma sirkal mar kaunti oloso.
5942,Governance,General,Residents attending county budget consultations can also learn how to access marriage certificate registration on the spot.,Wakazi wanaohudhuria mashauriano ya bajeti ya kaunti wanaweza pia kujifunza jinsi ya kupata usajili wa cheti cha ndoa papo hapo.,Jodak ma dhi e chokruoge mag bajet mar kaunti bende nyalo ng’eyo kaka ginyalo yudo oboke mar keny e kanyo.
5943,Governance,General,"To fight delayed government services, the county is promoting local development planning sessions alongside easier access to passport application services.","Ili kupambana na huduma za serikali kuchelewa, kaunti inahamasisha vikao vya upangaji wa maendeleo ya eneo pamoja na upatikanaji rahisi wa huduma za maombi ya pasipoti.","Mondo oked gi tich ma sirkal oweyo, kauntino kelo chenro mar timo chenro mag dongruok mag alwora kaachiel gi yudo thuolo mayot mar kwayo pasport."
5944,Governance,General,Participate in anti-corruption awareness campaigns to have your voice heard in local decisions.,Shiriki katika kampeni za uhamasishaji dhidi ya ufisadi ili sauti yako isikike katika maamuzi ya eneo lako.,Inyalo donjo e kampen mag puonjo ji e wi ketho chik mondo dwondi owinjre e yiero ma itimo e alwora.
5945,Governance,General,"To reduce corruption, the county is expanding access to land title services this year.","Ili kupunguza ufisadi, kaunti inapanua upatikanaji wa huduma za hati za ardhi mwaka huu.","Mondo ogeng’ tim mag ketho chik, kauntino medo yudo thuolo mar yudo oboke mag piny e higa ni."
5946,Governance,General,"To fight misuse of public funds, the county is promoting public participation forums alongside easier access to voter registration updates.","Ili kupambana na matumizi mabaya ya fedha za umma, kaunti inahamasisha mabaraza ya ushiriki wa umma pamoja na upatikanaji rahisi wa masasisho ya usajili wa wapiga kura.","Mondo oked gi tiyo marach gi pesa mag sirkal, kauntino loso forum mag ji duto mondo odonjre e yiero kaachiel gi yudo mayot mar ndiko nying’ jogo ma dhi goyo ombulu."
5947,Governance,General,"To fight nepotism in hiring, the county is promoting local development planning sessions alongside easier access to marriage certificate registration.","Ili kupambana na upendeleo katika uajiri, kaunti inahamasisha vikao vya upangaji wa maendeleo ya eneo pamoja na upatikanaji rahisi wa usajili wa cheti cha ndoa.","Mondo oked kod ng’anjo mar jowetegi e ng’ado tich, kauntino loso chenro mag dongruok mag alwora kaachiel gi yudo yot mar ndiko nying’ oboke mar keny."
5948,Governance,General,Citizens are encouraged to join community development meetings organised by the county government.,Wananchi wanahimizwa kujiunga na mikutano ya maendeleo ya jamii zinazoandaliwa na serikali ya kaunti.,Jodak jiwo mondo odonj e chokruoge mag dongruok mar oganda ma sirkal mar kaunti oloso.
5949,Governance,General,Join local development planning sessions this month to learn how to access marriage certificate registration and report nepotism in hiring.,Jiunge na vikao vya upangaji wa maendeleo ya eneo mwezi huu kujifunza jinsi ya kupata usajili wa cheti cha ndoa na kuripoti upendeleo katika uajiri.,Idonjiri e chenro mag dongruok mag gwenge dwe ni mondo ing'e kaka inyalo yud ndiko mar oboke mar keny kendo igoyo ripot mar akwede e kepo.
5950,Governance,General,Join citizen feedback sessions this month to learn how to access national ID replacement and report electoral malpractice.,Jiunge na vikao vya maoni ya wananchi mwezi huu kujifunza jinsi ya kupata ubadilishaji wa kitambulisho cha taifa na kuripoti udanganyifu wa uchaguzi.,Ibed gi paro mag jodak e dwe ni mondo ing'e kaka inyalo yudo oboke mar ID mar piny kendo igoyo ripot mar tim marach mag yiero.
5951,Governance,General,Attend a civic education forum to learn about public participation in law-making.,Hudhuria jukwaa la elimu ya uraia kujifunza kuhusu ushiriki wa umma katika utungaji sheria.,Dhi e chokruok mar somo mar oganda mondo ing’e kaka oganda nyalo bedo gi ng’iyo e loso chike.
5952,Governance,General,"To reduce electoral malpractice, the county is expanding access to voter registration updates this year.","Ili kupunguza udanganyifu wa uchaguzi, kaunti inapanua upatikanaji wa masasisho ya usajili wa wapiga kura mwaka huu.","Mondo ogeng’ tim marach mag yiero, kaunti medo yudo weche ma manyien mag ndiko nying’ jogo ma dhi goyo ombulu e higa ni."
5953,Governance,General,Residents attending youth empowerment forums can also learn how to access disability registration services on the spot.,Wakazi wanaohudhuria mabaraza ya uwezeshaji wa vijana wanaweza pia kujifunza jinsi ya kupata huduma za usajili wa ulemavu papo hapo.,Jodak ma dhi e chokruoge mag miyo joma tindo teko bende nyalo ng’eyo kaka ginyalo yudo kony mar ndiko nying’ joma nigi nyawo mag del e kanyo.
5954,Governance,General,Participate in public participation forums to have your voice heard in local decisions.,Shiriki katika mabaraza ya ushiriki wa umma ili sauti yako isikike katika maamuzi ya eneo lako.,Inyalo bedo e forum mag ji duto mondo owinj dwondi e yiero ma itimo e alwora.
5955,Governance,General,You can now apply for disability registration services online through the eCitizen portal.,Sasa unaweza kuomba huduma za usajili wa ulemavu mtandaoni kupitia mfumo wa eCitizen.,Koro inyalo ndiko kwayo mar kony mar ndiko nying jogo mowong'o e mbui kokalo e mbui mar eCitizen.
5956,Governance,General,"To fight nepotism in hiring, the county is promoting youth empowerment forums alongside easier access to voter registration updates.","Ili kupambana na upendeleo katika uajiri, kaunti inahamasisha mabaraza ya uwezeshaji wa vijana pamoja na upatikanaji rahisi wa masasisho ya usajili wa wapiga kura.","Mondo oked kod ng’anjo mar jowetegi e ng’ado tich, kauntino loso chenro mag miyo joma tindo teko kaachiel gi yudo mayot mar ndiko nying’ jogo ma dhi goyo ombulu."
5957,Governance,General,Residents attending community development meetings can also learn how to access business permit applications on the spot.,Wakazi wanaohudhuria mikutano ya maendeleo ya jamii wanaweza pia kujifunza jinsi ya kupata maombi ya leseni za biashara papo hapo.,Jodak ma dhi e chokruoge mag dongruok mar oganda bende nyalo ng’eyo kaka ginyalo yudo kwayo mag oboke mar timo ohala e kanyo.
5958,Governance,General,You can now apply for birth certificate registration online through the eCitizen portal.,Sasa unaweza kuomba usajili wa cheti cha kuzaliwa mtandaoni kupitia mfumo wa eCitizen.,Koro inyalo ndiko kwayo mar oboke mar nyuol e mbui kokalo e mbui mar eCitizen.
5959,Governance,General,Understanding public participation in law-making makes it easier to report abuse of office when you see it.,Kuelewa ushiriki wa umma katika utungaji sheria hurahisisha kuripoti matumizi mabaya ya ofisi unapoiona.,Ng’eyo kaka oganda donjo e loso chike miyo bedo mayot mondo ior ripot mar tiyo gi ofis marach ka inene.
5960,Governance,General,Officials encourage citizens to combine community development meetings participation with awareness of the devolution process.,Maafisa wanahimiza wananchi kuchanganya ushiriki katika mikutano ya maendeleo ya jamii na uelewa wa mchakato wa ugatuzi.,Jotelo jiwo jodak mondo oket kanyakla bedo e chokruoge mag dongruok mag oganda kod ng’eyo kaka inyalo keto loch e lwetgi.
5961,Governance,General,Officials encourage citizens to combine public participation forums participation with awareness of the devolution process.,Maafisa wanahimiza wananchi kuchanganya ushiriki katika mabaraza ya ushiriki wa umma na uelewa wa mchakato wa ugatuzi.,Jotelo jiwo jodak mondo oket kanyakla ng’iyo e forum mag ng’iyo gi ji duto kod ng’eyo kaka inyalo keto teko e lwet ji.
5962,Governance,General,Residents attending community development meetings can also learn how to access disability registration services on the spot.,Wakazi wanaohudhuria mikutano ya maendeleo ya jamii wanaweza pia kujifunza jinsi ya kupata huduma za usajili wa ulemavu papo hapo.,Jodak ma dhi e chokruoge mag dongruok mar oganda bende nyalo ng’eyo kaka ginyalo yudo kony mar ndiko nying’ jogo ma nigi nyawo mag del e kanyo.
5963,Governance,General,Understanding your constitutional rights helps citizens engage more effectively with local government.,Kuelewa haki zako za kikatiba husaidia wananchi kushirikiana vyema na serikali ya eneo lao.,Ng’eyo ratiro mari ma chik piny ogolo konyo jodak mondo otim tudruok maber gi sirkal ma kamago.
5964,Governance,General,Citizens who understand accessing government services online are better placed to report corruption when it occurs.,Wananchi wanaoelewa kupata huduma za serikali mtandaoni wako katika nafasi nzuri zaidi ya kuripoti ufisadi inapotokea.,"Jodak ma winjo tiend yudo kony mag sirkal e yor mbui, gin joma nigi thuolo maber mar lando wach mar ketho chik ka otimore."
5965,Governance,General,The county government invites residents to local development planning sessions scheduled for this month.,Serikali ya kaunti inawaalika wakazi kwenye vikao vya upangaji wa maendeleo ya eneo iliyopangwa mwezi huu.,Sirkal mar kaunti rwako jodak mondo obi e chokruoge mag keto chenro mag dongruok mag alwora ma ibiro timo e dwe mar apar.
5966,Governance,General,Residents attending youth empowerment forums can also learn how to access marriage certificate registration on the spot.,Wakazi wanaohudhuria mabaraza ya uwezeshaji wa vijana wanaweza pia kujifunza jinsi ya kupata usajili wa cheti cha ndoa papo hapo.,Jodak ma dhi e chokruoge mag miyo joma tindo teko bende nyalo ng’eyo kaka ginyalo yudo oboke mar ndiko nying’ e kanyo.
5967,Governance,General,Officials encourage citizens to combine citizen feedback sessions participation with awareness of your constitutional rights.,Maafisa wanahimiza wananchi kuchanganya ushiriki katika vikao vya maoni ya wananchi na uelewa wa haki zako za kikatiba.,Jotelo jiwo jodak mondo oket kanyakla mar bedo e chokruoge mag dwoko paro mag jodak kod ng’eyo ratiro ma un-go e chik piny.
5968,Governance,General,Officials encourage citizens to combine citizen feedback sessions participation with awareness of the Huduma Namba registration system.,Maafisa wanahimiza wananchi kuchanganya ushiriki katika vikao vya maoni ya wananchi na uelewa wa mfumo wa usajili wa Huduma Namba.,Jotelo jiwo jodak mondo oket kanyakla bedo e chokruoge mag dwoko paro mag jodak kod ng’eyo kaka inyalo ndiko nying’ Huduma Namba.
5969,Governance,General,You can now apply for tax compliance certificates online through the eCitizen portal.,Sasa unaweza kuomba vyeti vya ufuasi wa kodi mtandaoni kupitia mfumo wa eCitizen.,Koro inyalo ndiko kwayo mar oboke mag luwo chike mag osuru mbui kokalo e mbui mar eCitizen.
5970,Governance,General,"To reduce delayed government services, the county is expanding access to national ID replacement this year.","Ili kupunguza huduma za serikali kuchelewa, kaunti inapanua upatikanaji wa ubadilishaji wa kitambulisho cha taifa mwaka huu.","Mondo ogeng’ tich ma sirkal timo ma okawo thuolo malach, kauntino medo yudo thuolo mar yudo ID mar piny e higa ni."
5971,Governance,General,Any suspected delayed government services can be reported anonymously through the ethics hotline.,huduma za serikali kuchelewa yoyote inayoshukiwa inaweza kuripotiwa bila kujulikana kupitia laini ya maadili.,Gimoro amora ma igeno ni tije mag sirkal osechopo e kinde ma inyalo ng’adne bura ma ok ong’ere kokalo kuom namba mar ng’ado bura.
5972,Governance,General,Join county budget consultations this month to learn how to access tax compliance certificates and report electoral malpractice.,Jiunge na mashauriano ya bajeti ya kaunti mwezi huu kujifunza jinsi ya kupata vyeti vya ufuasi wa kodi na kuripoti udanganyifu wa uchaguzi.,Ibed gi paro mag bajet mar kaunti e dwe ni mondo ing'e kaka inyalo yud oboke mag luwo osuru kendo ripot tim marach mag yiero.
5973,Governance,General,Residents attending citizen feedback sessions can also learn how to access voter registration updates on the spot.,Wakazi wanaohudhuria vikao vya maoni ya wananchi wanaweza pia kujifunza jinsi ya kupata masasisho ya usajili wa wapiga kura papo hapo.,Jodak ma dhi e chokruoge mag dwoko paro mag jodak bende nyalo ng’eyo kaka ginyalo yudo weche manyien mag ndiko nying’ jogo ma dhi goyo ombulu e kanyo.
5974,Governance,General,Residents attending community development meetings can also learn how to access birth certificate registration on the spot.,Wakazi wanaohudhuria mikutano ya maendeleo ya jamii wanaweza pia kujifunza jinsi ya kupata usajili wa cheti cha kuzaliwa papo hapo.,Jodak ma dhi e chokruoge mag dongruok mar oganda bende nyalo ng’eyo kaka ginyalo yudo oboke mar nyuol e kanyo.
5975,Governance,General,Officials encourage citizens to combine anti-corruption awareness campaigns participation with awareness of accessing government services online.,Maafisa wanahimiza wananchi kuchanganya ushiriki katika kampeni za uhamasishaji dhidi ya ufisadi na uelewa wa kupata huduma za serikali mtandaoni.,Jotelo jiwo jodak mondo oket kanyakla bedo e kampen mag puonjo ji e wi tim mar ketho chik kod ng’eyo kaka inyalo yudo kony mag sirkal e yor mbui.
5976,Governance,General,Citizens who understand your constitutional rights are better placed to report abuse of office when it occurs.,Wananchi wanaoelewa haki zako za kikatiba wako katika nafasi nzuri zaidi ya kuripoti matumizi mabaya ya ofisi inapotokea.,"Jodak ma winjo tiend ratiro ma in-go e chik piny, gin joma nigi thuolo maber mar lando wach mar tiyo marach gi ofis ka otimore."
5977,Governance,General,"To reduce unfair resource allocation, the county is expanding access to marriage certificate registration this year.","Ili kupunguza ugawaji usio wa haki wa rasilimali, kaunti inapanua upatikanaji wa usajili wa cheti cha ndoa mwaka huu.","Mondo ogeng’ chiwo mwandu ma ok owinjore, kaunti medo ng’eyo kaka inyalo ndiko nying’ oboke mag keny e higa ni."
5978,Governance,General,Residents attending local development planning sessions can also learn how to access passport application services on the spot.,Wakazi wanaohudhuria vikao vya upangaji wa maendeleo ya eneo wanaweza pia kujifunza jinsi ya kupata huduma za maombi ya pasipoti papo hapo.,Jodak ma dhi e chokruoge mag keto chenro mag dongruok e alwora bende nyalo ng’eyo kaka ginyalo yudo kony mar kwayo pasport e kanyo.
5979,Governance,General,Access birth certificate registration through your county government's official channels.,Pata usajili wa cheti cha kuzaliwa kupitia njia rasmi za serikali ya kaunti yako.,Yud ndiko mar oboke mar nyuol kokalo e chanel mapile mag sirkal mar kaunti mari.
5980,Governance,General,Join county budget consultations this month to learn how to access national ID replacement and report abuse of office.,Jiunge na mashauriano ya bajeti ya kaunti mwezi huu kujifunza jinsi ya kupata ubadilishaji wa kitambulisho cha taifa na kuripoti matumizi mabaya ya ofisi.,Ibed gi paro mag bajet mar kaunti e dwe ni mondo ing'e kaka inyalo yud oboke mar ID mar piny kendo ripot mar tiyo marach gi ofis.
5981,Governance,General,Citizens who understand public participation in law-making are better placed to report abuse of office when it occurs.,Wananchi wanaoelewa ushiriki wa umma katika utungaji sheria wako katika nafasi nzuri zaidi ya kuripoti matumizi mabaya ya ofisi inapotokea.,"Jodak ma winjo tiend ng’ado bura mar oganda e keto chike, gin joma nigi thuolo maber mar lando wach mar tiyo marach gi ofis ka otimore."
5982,Governance,General,Join civic education drives this month to learn how to access disability registration services and report misuse of public funds.,Jiunge na kampeni za elimu ya uraia mwezi huu kujifunza jinsi ya kupata huduma za usajili wa ulemavu na kuripoti matumizi mabaya ya fedha za umma.,Inyalo donjo e chenro mag somo mag oganda e dwe ni mondo ing’e kaka inyalo yudo kony mag ndiko nying’ jogo ma nigi nyawo mag del kendo ripot kaka itiyo marach gi omwom mag sirkal.
5983,Governance,General,"To fight delayed government services, the county is promoting citizen feedback sessions alongside easier access to land title services.","Ili kupambana na huduma za serikali kuchelewa, kaunti inahamasisha vikao vya maoni ya wananchi pamoja na upatikanaji rahisi wa huduma za hati za ardhi.","Mondo oked gi tich ma sirkal oweyo, kauntino loso chenro mag dwoko paro ne jodak kaachiel gi yudo thuolo mayot mar yudo oboke mar piny."
5984,Governance,General,Understanding public participation in law-making makes it easier to report unfair resource allocation when you see it.,Kuelewa ushiriki wa umma katika utungaji sheria hurahisisha kuripoti ugawaji usio wa haki wa rasilimali unapoiona.,Ng’eyo kaka oganda donjo e loso chike miyo bedo mayot mondo ior ripot mar keto mwandu e yo ma ok owinjore ka ineno.
5985,Governance,General,Join citizen feedback sessions this month to learn how to access national ID replacement and report misuse of public funds.,Jiunge na vikao vya maoni ya wananchi mwezi huu kujifunza jinsi ya kupata ubadilishaji wa kitambulisho cha taifa na kuripoti matumizi mabaya ya fedha za umma.,Ibed gi paro mag jodak e dwe ni mondo ing'e kaka inyalo yud ID mar piny kendo ripot kaka itiyo marach gi omwom mag sirkal.
5986,Governance,General,Officials encourage citizens to combine civic education drives participation with awareness of your constitutional rights.,Maafisa wanahimiza wananchi kuchanganya ushiriki katika kampeni za elimu ya uraia na uelewa wa haki zako za kikatiba.,Jotelo jiwo jodak mondo oket somo mar oganda kanyachiel mondo gibed gi ng’eyo kuom ratiro ma un-go e chik piny.
5987,Governance,General,Understanding accessing government services online makes it easier to report electoral malpractice when you see it.,Kuelewa kupata huduma za serikali mtandaoni hurahisisha kuripoti udanganyifu wa uchaguzi unapoiona.,Ng’eyo kaka inyalo yudo kony mag sirkal e mbui miyo bedo mayot mondo ior ripot mar tim marach ma itimo e yiero ka inene.
5988,Governance,General,Access voter registration updates through your county government's official channels.,Pata masasisho ya usajili wa wapiga kura kupitia njia rasmi za serikali ya kaunti yako.,Yud weche manyien mag ndiko nying' jogo mabiro goyo ombulu kokalo e chanel mapile mag sirkal mar kaunti mari.
5989,Governance,General,Citizens are encouraged to join youth empowerment forums organised by the county government.,Wananchi wanahimizwa kujiunga na mabaraza ya uwezeshaji wa vijana zinazoandaliwa na serikali ya kaunti.,Jodak jiwo mondo odonj e chokruoge mag chiwo teko ne joma tindo ma sirkal mar kaunti oloso.
5990,Governance,General,"To reduce misuse of public funds, the county is expanding access to birth certificate registration this year.","Ili kupunguza matumizi mabaya ya fedha za umma, kaunti inapanua upatikanaji wa usajili wa cheti cha kuzaliwa mwaka huu.","Mondo ogeng’ tiyo marach gi pesa mag piny, kaunti medo ng’eyo kaka inyalo ndiko nying’ oboke mag nyuol e higa ni."
5991,Governance,General,"To reduce nepotism in hiring, the county is expanding access to tax compliance certificates this year.","Ili kupunguza upendeleo katika uajiri, kaunti inapanua upatikanaji wa vyeti vya ufuasi wa kodi mwaka huu.","Mondo ogeng’ ng’anjo mar jowetegi e ng’ado tich, kauntino medo yudo oboke mag luwo chike mag osuru e higa ni."
5992,Governance,General,"To fight abuse of office, the county is promoting county budget consultations alongside easier access to disability registration services.","Ili kupambana na matumizi mabaya ya ofisi, kaunti inahamasisha mashauriano ya bajeti ya kaunti pamoja na upatikanaji rahisi wa huduma za usajili wa ulemavu.","Mondo oked gi tiyo marach gi ofis, kaunti ochung’ ne puonjruok mag bajet mar kaunti kaachiel gi yudo mayot mar ndiko nying’ jogo ma nigi nyawo mag del."
5993,Governance,General,"To fight delayed government services, the county is promoting town hall meetings alongside easier access to business permit applications.","Ili kupambana na huduma za serikali kuchelewa, kaunti inahamasisha mikutano ya hadhara pamoja na upatikanaji rahisi wa maombi ya leseni za biashara.","Mondo oked gi tije mag sirkal ma dero, kauntino siro romo mag od bura mag taon kaachiel gi yudo mayot mar kwayo oboke mag ohala."
5994,Governance,General,Residents attending civic education drives can also learn how to access passport application services on the spot.,Wakazi wanaohudhuria kampeni za elimu ya uraia wanaweza pia kujifunza jinsi ya kupata huduma za maombi ya pasipoti papo hapo.,Jodak ma dhi e chokruoge mag somo mar oganda bende nyalo ng’eyo kaka ginyalo yudo kony mar oro kwayo mar pasport e kanyo.
5995,Governance,General,Residents attending anti-corruption awareness campaigns can also learn how to access marriage certificate registration on the spot.,Wakazi wanaohudhuria kampeni za uhamasishaji dhidi ya ufisadi wanaweza pia kujifunza jinsi ya kupata usajili wa cheti cha ndoa papo hapo.,Jodak ma dhi e kampen mag puonjo ji e wi tim mar ketho chik bende nyalo ng’eyo kaka ginyalo yudo oboke mar ndiko nying’ e kanyo.
5996,Governance,General,"To fight misuse of public funds, the county is promoting anti-corruption awareness campaigns alongside easier access to passport application services.","Ili kupambana na matumizi mabaya ya fedha za umma, kaunti inahamasisha kampeni za uhamasishaji dhidi ya ufisadi pamoja na upatikanaji rahisi wa huduma za maombi ya pasipoti.","Mondo oked gi tiyo marach gi pesa mag piny, kauntino loso kampen mag puonjo ji e wi tim mag ketho chik kaachiel gi yudo thuolo mayot mar ng’ado pasport."
5997,Governance,General,"To reduce misuse of public funds, the county is expanding access to tax compliance certificates this year.","Ili kupunguza matumizi mabaya ya fedha za umma, kaunti inapanua upatikanaji wa vyeti vya ufuasi wa kodi mwaka huu.","Mondo ogeng’ tiyo marach gi pesa mag piny, kauntino medo yudo oboke mag luwo chike mag osuru e higa ni."
5998,Governance,General,"To fight misuse of public funds, the county is promoting local development planning sessions alongside easier access to voter registration updates.","Ili kupambana na matumizi mabaya ya fedha za umma, kaunti inahamasisha vikao vya upangaji wa maendeleo ya eneo pamoja na upatikanaji rahisi wa masasisho ya usajili wa wapiga kura.","Mondo oked gi tiyo marach gi pesa mag piny, kauntino loso chenro mag dongruok mag alwora kaachiel gi yudo mayot mar ndiko nying’ jogo ma dhi goyo ombulu."
5999,Governance,General,Understanding public participation in law-making makes it easier to report land grabbing when you see it.,Kuelewa ushiriki wa umma katika utungaji sheria hurahisisha kuripoti unyakuzi wa ardhi unapoiona.,Ng’eyo kaka oganda ng’ado bura e loso chike miyo bedo mayot mondo ior ripot mar ketho piny ka ineno.
6000,Governance,General,Residents attending anti-corruption awareness campaigns can also learn how to access disability registration services on the spot.,Wakazi wanaohudhuria kampeni za uhamasishaji dhidi ya ufisadi wanaweza pia kujifunza jinsi ya kupata huduma za usajili wa ulemavu papo hapo.,Jodak ma dhi e kampen mag puonjo ji e wi tim mar ketho chik bende nyalo ng’eyo kaka ginyalo yudo kony mar ndiko nying’ jogo ma nigi nyawo mag del e kanyo.
6001,Governance,General,Officials encourage citizens to combine anti-corruption awareness campaigns participation with awareness of voter rights and responsibilities.,Maafisa wanahimiza wananchi kuchanganya ushiriki katika kampeni za uhamasishaji dhidi ya ufisadi na uelewa wa haki na wajibu wa mpiga kura.,Jotelo jiwo jopiny mondo oket kanyakla bedo e kampen mag puonjo ji e wi tim mar ketho chik kod ng’eyo ratiro kod ting’ mag jogo ma dhi goyo ombulu.
6002,Governance,General,Residents attending public participation forums can also learn how to access voter registration updates on the spot.,Wakazi wanaohudhuria mabaraza ya ushiriki wa umma wanaweza pia kujifunza jinsi ya kupata masasisho ya usajili wa wapiga kura papo hapo.,Jodak ma dhi e chokruoge mag ji duto bende nyalo ng’eyo kaka ginyalo yudo weche ma manyien mag ndiko nying’ jogo ma dhi goyo ombulu e kanyo.
6003,Governance,General,Access passport application services through your county government's official channels.,Pata huduma za maombi ya pasipoti kupitia njia rasmi za serikali ya kaunti yako.,Yudo huduma mag oro kwayo mar paspot kokalo e chanel mapile mag sirkal mar kaunti mari.
6004,Governance,General,"To reduce delayed government services, the county is expanding access to voter registration updates this year.","Ili kupunguza huduma za serikali kuchelewa, kaunti inapanua upatikanaji wa masasisho ya usajili wa wapiga kura mwaka huu.","Mondo ogol dero mar tich ma sirkal timo, kaunti no medo yudo weche manyien mag ndiko nying’ jogo ma dhi goyo ombulu e higa ni."
6005,Governance,General,Officials encourage citizens to combine youth empowerment forums participation with awareness of the Huduma Namba registration system.,Maafisa wanahimiza wananchi kuchanganya ushiriki katika mabaraza ya uwezeshaji wa vijana na uelewa wa mfumo wa usajili wa Huduma Namba.,Jotelo jiwo jopiny mondo oket kanyakla bedo e chokruoge mag miyo joma tindo teko kod ng’eyo kaka inyalo ndiko nying’ Huduma Namba.
6006,Governance,General,You can now apply for marriage certificate registration online through the eCitizen portal.,Sasa unaweza kuomba usajili wa cheti cha ndoa mtandaoni kupitia mfumo wa eCitizen.,Koro inyalo ndiko kwayo mar oboke mar nyombo e intanet kokalo e mbui mar eCitizen.
6007,Governance,General,Officials encourage citizens to combine anti-corruption awareness campaigns participation with awareness of your constitutional rights.,Maafisa wanahimiza wananchi kuchanganya ushiriki katika kampeni za uhamasishaji dhidi ya ufisadi na uelewa wa haki zako za kikatiba.,Jotelo jiwo jopiny mondo oket kanyakla mar bedo e kampen mag puonjo ji e wi tim mar ketho chik kod ng’eyo ratiro ma un-go e chik piny.
6008,Governance,General,The county government invites residents to civic education drives scheduled for this month.,Serikali ya kaunti inawaalika wakazi kwenye kampeni za elimu ya uraia iliyopangwa mwezi huu.,Sirkal mar kaunti rwako jodak mondo odhi e chokruoge mag somo mar oganda ma oket e dwe mar apar.
6009,Governance,General,You can now apply for land title services online through the eCitizen portal.,Sasa unaweza kuomba huduma za hati za ardhi mtandaoni kupitia mfumo wa eCitizen.,Koro inyalo ndiko kwayo mar yudo oboke mar piny e intanet kokalo e mbui mar eCitizen.
6010,Governance,General,Understanding the devolution process makes it easier to report delayed government services when you see it.,Kuelewa mchakato wa ugatuzi hurahisisha kuripoti huduma za serikali kuchelewa unapoiona.,"Ka ing’eyo kaka itiyo gi teko mar sirkal, mano miyo bedo mayot mondo ior ripot mar tije mag sirkal ma osebedo ka okadho kinde ka inene."
6011,Governance,General,"To reduce unfair resource allocation, the county is expanding access to land title services this year.","Ili kupunguza ugawaji usio wa haki wa rasilimali, kaunti inapanua upatikanaji wa huduma za hati za ardhi mwaka huu.","Mondo ogeng’ ng’iewo mwandu ma ok owinjore, kauntino medo ng’iewo mwandu mag piny e higa ni."
6012,Governance,General,Join community development meetings this month to learn how to access marriage certificate registration and report corruption.,Jiunge na mikutano ya maendeleo ya jamii mwezi huu kujifunza jinsi ya kupata usajili wa cheti cha ndoa na kuripoti ufisadi.,Ibi donjo e chokruoge mag dongruok mar oganda dwe ni mondo ing'e kaka inyalo yudo ndiko mar oboke mar keny kod ripot mar mibadhi.
6013,Governance,General,Join citizen feedback sessions this month to learn how to access marriage certificate registration and report corruption.,Jiunge na vikao vya maoni ya wananchi mwezi huu kujifunza jinsi ya kupata usajili wa cheti cha ndoa na kuripoti ufisadi.,Ibi iriwri e chokruoge mag chiwo duoko mar jodak dwe ni mondo ing'e kaka inyalo yud ndiko mar oboke mar keny kod ripot mar mibadhi.
6014,Governance,General,Join local development planning sessions this month to learn how to access land title services and report abuse of office.,Jiunge na vikao vya upangaji wa maendeleo ya eneo mwezi huu kujifunza jinsi ya kupata huduma za hati za ardhi na kuripoti matumizi mabaya ya ofisi.,Ibed gi chenro mar dongruok mar gwenge dwe ni mondo ing'e kaka inyalo yudo huduma mag oboke mar piny kendo ripot mar tiyo marach gi ofis.
6015,Governance,General,Attend a civic education forum to learn about the Huduma Namba registration system.,Hudhuria jukwaa la elimu ya uraia kujifunza kuhusu mfumo wa usajili wa Huduma Namba.,Chopo e forum mar somo mar oganda mondo ing'e chenro mar ndiko nying' Huduma Namba.
6016,Governance,General,Understanding accessing government services online makes it easier to report unfair resource allocation when you see it.,Kuelewa kupata huduma za serikali mtandaoni hurahisisha kuripoti ugawaji usio wa haki wa rasilimali unapoiona.,Ng’eyo kaka inyalo yudo kony mag sirkal e mbui miyo bedo mayot mondo ior ripot mar keto mwandu e yo ma ok owinjore ka ineno.
6017,Governance,General,Officials encourage citizens to combine community development meetings participation with awareness of accessing government services online.,Maafisa wanahimiza wananchi kuchanganya ushiriki katika mikutano ya maendeleo ya jamii na uelewa wa kupata huduma za serikali mtandaoni.,Jotelo jiwo jodak mondo oket kanyakla bedo e chokruoge mag dongruok mar oganda kod ng’eyo kaka ginyalo yudo kony mag sirkal e yor mbui.
6018,Governance,General,Understanding how county budgets work makes it easier to report abuse of office when you see it.,Kuelewa jinsi bajeti za kaunti zinavyofanya kazi hurahisisha kuripoti matumizi mabaya ya ofisi unapoiona.,"Ka ing’eyo kaka bajet mag kaunti tiyo, mano miyo bedo mayot mondo ior ripot mar tiyo gi ofis marach ka inene."
6019,Governance,General,Understanding the role of the ombudsman makes it easier to report nepotism in hiring when you see it.,Kuelewa nafasi ya mdhibiti malalamiko hurahisisha kuripoti upendeleo katika uajiri unapoiona.,"Ka ing’eyo tich ma jatend bura timo, mano miyo bedo mayot mondo igol ripot mar ng’anjo e ng’ado tich ka inene."
6020,Governance,General,Understanding voter rights and responsibilities helps citizens engage more effectively with local government.,Kuelewa haki na wajibu wa mpiga kura husaidia wananchi kushirikiana vyema na serikali ya eneo lao.,Ng’eyo ratiro kod ting’ mag jogo ma goyo ombulu konyo jodak mondo otim tudruok maber gi sirkal ma kamago.
6021,Governance,General,Citizens who understand public participation in law-making are better placed to report misuse of public funds when it occurs.,Wananchi wanaoelewa ushiriki wa umma katika utungaji sheria wako katika nafasi nzuri zaidi ya kuripoti matumizi mabaya ya fedha za umma inapotokea.,"Jodak ma winjo tiend bedo gi ng’eyo mar oganda e keto chike, gin joma nigi thuolo maber mar nyiso kaka ji tiyo marach gi pesa mag piny ka mano otimore."
6022,Governance,General,"To fight abuse of office, the county is promoting citizen feedback sessions alongside easier access to passport application services.","Ili kupambana na matumizi mabaya ya ofisi, kaunti inahamasisha vikao vya maoni ya wananchi pamoja na upatikanaji rahisi wa huduma za maombi ya pasipoti.","Mondo oked gi tiyo marach gi ofis, kauntino loso chenro mag dwoko paro ne jodak kaachiel gi yudo thuolo mayot mar oro kwayo mar pasport."
6023,Governance,General,"To reduce land grabbing, the county is expanding access to voter registration updates this year.","Ili kupunguza unyakuzi wa ardhi, kaunti inapanua upatikanaji wa masasisho ya usajili wa wapiga kura mwaka huu.","Mondo ogeng’ ng’anjo mar piny, kauntino medo ng’eyo kaka inyalo yudo weche manyien mag ndiko nying’ jogo ma dhi goyo ombulu e higa ni."
6024,Governance,General,Join citizen feedback sessions this month to learn how to access tax compliance certificates and report unfair resource allocation.,Jiunge na vikao vya maoni ya wananchi mwezi huu kujifunza jinsi ya kupata vyeti vya ufuasi wa kodi na kuripoti ugawaji usio wa haki wa rasilimali.,Ibed gi paro mar jodak dwe ni mondo ing'e kaka inyalo yud oboke mag luwo osuru kendo ripot mar poko mwandu ma ok owinjore.
6025,Governance,General,Any suspected misuse of public funds can be reported anonymously through the ethics hotline.,matumizi mabaya ya fedha za umma yoyote inayoshukiwa inaweza kuripotiwa bila kujulikana kupitia laini ya maadili.,Gimoro amora ma iparo ni otiyo marach gi pesa mag piny inyalo lando ma ok ong’ere kokalo kuom namba mar ng’ado bura.
6026,Governance,General,Understanding public participation in law-making makes it easier to report delayed government services when you see it.,Kuelewa ushiriki wa umma katika utungaji sheria hurahisisha kuripoti huduma za serikali kuchelewa unapoiona.,Ng’eyo kaka oganda donjo e loso chike miyo bedo mayot mondo ior ripot mar tije mag sirkal ma osebedo ka okadho ka inene.
6027,Governance,General,Understanding how county budgets work makes it easier to report misuse of public funds when you see it.,Kuelewa jinsi bajeti za kaunti zinavyofanya kazi hurahisisha kuripoti matumizi mabaya ya fedha za umma unapoiona.,"Ka ing’eyo kaka bajet mag kaunti tiyo, mano miyo bedo mayot mondo ior ripot mar tiyo marach gi pesa mag piny ka inene."
6028,Governance,General,"To fight nepotism in hiring, the county is promoting public participation forums alongside easier access to birth certificate registration.","Ili kupambana na upendeleo katika uajiri, kaunti inahamasisha mabaraza ya ushiriki wa umma pamoja na upatikanaji rahisi wa usajili wa cheti cha kuzaliwa.","Mondo oked gi ng’anjo mar jowetegi e ng’ado tich, kauntino loso forum mag ji duto mondo odonjre e tich kaachiel gi yudo mayot mar ndiko nying’ oboke mar nyuol."
6029,Governance,General,Citizens who understand how county budgets work are better placed to report delayed government services when it occurs.,Wananchi wanaoelewa jinsi bajeti za kaunti zinavyofanya kazi wako katika nafasi nzuri zaidi ya kuripoti huduma za serikali kuchelewa inapotokea.,"Jodak ma winjo tiend kaka bajet mag kaunti tiyo, gin joma nigi thuolo maber mar chiwo ripot mar tich ma sirkal osetimo ka otimore."
6030,Governance,General,Report cases of electoral malpractice to the relevant government office.,Ripoti kesi za udanganyifu wa uchaguzi kwa ofisi husika ya serikali.,Chiw ripot mar kes mag tim marach mag yiero ne ofis mar sirkal ma owinjore.
6031,Governance,General,"To reduce land grabbing, the county is expanding access to marriage certificate registration this year.","Ili kupunguza unyakuzi wa ardhi, kaunti inapanua upatikanaji wa usajili wa cheti cha ndoa mwaka huu.","Mondo ogeng’ ng’anjo mar piny, kauntino medo nyalo mar ndiko nying’ oboke mag keny e higa ni."
6032,Governance,General,Participate in county budget consultations to have your voice heard in local decisions.,Shiriki katika mashauriano ya bajeti ya kaunti ili sauti yako isikike katika maamuzi ya eneo lako.,Ibed gi paro e wi bajet mar kaunti mondo dwondi owinji e yiero mag alwora.
6033,Governance,General,"To fight misuse of public funds, the county is promoting county budget consultations alongside easier access to passport application services.","Ili kupambana na matumizi mabaya ya fedha za umma, kaunti inahamasisha mashauriano ya bajeti ya kaunti pamoja na upatikanaji rahisi wa huduma za maombi ya pasipoti.","Mondo oked gi tiyo marach gi pesa mag sirkal, kauntino loso mondo otim nonro kuom bajet mar kaunti kaachiel gi yudo thuolo mayot mar oro kwayo mar pasport."
6034,Governance,General,Access disability registration services through your county government's official channels.,Pata huduma za usajili wa ulemavu kupitia njia rasmi za serikali ya kaunti yako.,Yudo huduma mag ndiko nying' jogo ma nigi nyalruok kokalo kuom chanel mapile mag sirkal mar kaunti mari.
6035,Governance,General,Citizens who understand your constitutional rights are better placed to report misuse of public funds when it occurs.,Wananchi wanaoelewa haki zako za kikatiba wako katika nafasi nzuri zaidi ya kuripoti matumizi mabaya ya fedha za umma inapotokea.,"Jodak ma winjo tiend ratiro mari ma chik piny owacho ogolo, gin e thuolo maber mar lando wach mar tiyo marach gi pesa mag piny ka otimore."
6036,Governance,General,Join public participation forums this month to learn how to access tax compliance certificates and report nepotism in hiring.,Jiunge na mabaraza ya ushiriki wa umma mwezi huu kujifunza jinsi ya kupata vyeti vya ufuasi wa kodi na kuripoti upendeleo katika uajiri.,Idonji e chokruoge mag ji duto dwe ni mondo ing'e kaka inyalo yud oboke mag luwo osuru kendo igolo ripot mar ng'anjo e kepo.
6037,Governance,General,"To fight land grabbing, the county is promoting town hall meetings alongside easier access to land title services.","Ili kupambana na unyakuzi wa ardhi, kaunti inahamasisha mikutano ya hadhara pamoja na upatikanaji rahisi wa huduma za hati za ardhi.","Mondo oked gi ng’anjo mar piny, kauntino loso romo mag od bura mag taon kaachiel gi yudo thuolo mayot mar yudo oboke mar piny."
6038,Governance,General,"To reduce corruption, the county is expanding access to marriage certificate registration this year.","Ili kupunguza ufisadi, kaunti inapanua upatikanaji wa usajili wa cheti cha ndoa mwaka huu.","Mondo ogeng’ tim mag ketho chik, kauntino medo ng’eyo kaka inyalo ndiko nying’ oboke mag keny e higa ni."
6039,Governance,General,Residents attending public participation forums can also learn how to access tax compliance certificates on the spot.,Wakazi wanaohudhuria mabaraza ya ushiriki wa umma wanaweza pia kujifunza jinsi ya kupata vyeti vya ufuasi wa kodi papo hapo.,Jodak ma dhi e chokruoge mag ji duto bende nyalo ng’eyo kaka ginyalo yudo oboke mag luwo chike mag osuru e kanyo.
6040,Governance,General,You can now apply for passport application services online through the eCitizen portal.,Sasa unaweza kuomba huduma za maombi ya pasipoti mtandaoni kupitia mfumo wa eCitizen.,Koro inyalo ndiko kwayo mar ote paspot e mbui kokalo e mbui mar eCitizen.
6041,Governance,General,Join citizen feedback sessions this month to learn how to access passport application services and report land grabbing.,Jiunge na vikao vya maoni ya wananchi mwezi huu kujifunza jinsi ya kupata huduma za maombi ya pasipoti na kuripoti unyakuzi wa ardhi.,Ibed gi paro mar jodak e dwe ni mondo ing'e kaka inyalo yud huduma mag oro kwayo mar paspot kod ripot mar mako piny.
6042,Governance,General,Citizens who understand public participation in law-making are better placed to report delayed government services when it occurs.,Wananchi wanaoelewa ushiriki wa umma katika utungaji sheria wako katika nafasi nzuri zaidi ya kuripoti huduma za serikali kuchelewa inapotokea.,"Jodak ma winjo tiend bedo gi ng’eyo mar oganda e loso chike, gin joma nigi thuolo maber mar chiwo ripot mar tich ma sirkal osetimo ka otimore."
6043,Governance,General,Residents attending local development planning sessions can also learn how to access land title services on the spot.,Wakazi wanaohudhuria vikao vya upangaji wa maendeleo ya eneo wanaweza pia kujifunza jinsi ya kupata huduma za hati za ardhi papo hapo.,Jodak ma dhi e chokruoge mag keto chenro mag dongruok e alwora bende nyalo ng’eyo kaka ginyalo yudo kony mar yudo oboke mar piny e kanyo.
6044,Governance,General,Understanding your constitutional rights makes it easier to report abuse of office when you see it.,Kuelewa haki zako za kikatiba hurahisisha kuripoti matumizi mabaya ya ofisi unapoiona.,"Ka ing’eyo ratiro ma chik piny ogolo, mano miyo bedo mayot mondo ior ripot mar tiyo marach gi tich mari ka ineno ka otimo kamano."
6045,Governance,General,Join citizen feedback sessions this month to learn how to access marriage certificate registration and report land grabbing.,Jiunge na vikao vya maoni ya wananchi mwezi huu kujifunza jinsi ya kupata usajili wa cheti cha ndoa na kuripoti unyakuzi wa ardhi.,Ibi iriwri e chokruoge mag duoko paro mag jodak dwe ni mondo ing'e kaka inyalo yud ndiko mar oboke mar keny kod ripot mar mako piny.
6046,Governance,General,"To fight misuse of public funds, the county is promoting town hall meetings alongside easier access to marriage certificate registration.","Ili kupambana na matumizi mabaya ya fedha za umma, kaunti inahamasisha mikutano ya hadhara pamoja na upatikanaji rahisi wa usajili wa cheti cha ndoa.","Mondo oked gi tiyo marach gi pesa mag piny, kauntino loso romo mag od bura mag taon kaachiel gi yudo yot mar ndiko nying’ oboke mar keny."
6047,Governance,General,Understanding the role of the ombudsman makes it easier to report abuse of office when you see it.,Kuelewa nafasi ya mdhibiti malalamiko hurahisisha kuripoti matumizi mabaya ya ofisi unapoiona.,"Ka ing’eyo tich ma jatend bura timo, mano miyo bedo mayot mondo ior ripot mar tiyo marach gi ofis ka inene."
6048,Governance,General,Understanding your constitutional rights makes it easier to report corruption when you see it.,Kuelewa haki zako za kikatiba hurahisisha kuripoti ufisadi unapoiona.,"Ka ing’eyo ratiro ma iketo e chik piny, mano miyo bedo mayot mondo ior ripot mar ketho chik ka inene."
6049,Governance,General,Officials encourage citizens to combine community development meetings participation with awareness of the Huduma Namba registration system.,Maafisa wanahimiza wananchi kuchanganya ushiriki katika mikutano ya maendeleo ya jamii na uelewa wa mfumo wa usajili wa Huduma Namba.,Jotelo jiwo jodak mondo oket kanyakla bedo e chokruoge mag dongruok mag oganda kod ng’eyo kaka inyalo ndiko nying’ Huduma Namba.
