source_name,domain_tag,url,date_collected,status,raw_text
ramogi_fm,Mixed,https://royalmedia.co.ke/brands/ramogi-fm/,2026-07-10,OK,"Ramogi FM - Royal Media Services
Kar Chuny Jaluo.
Ramogi FM, Kenya’s premier Dholuo FM radio station. With its slogan “Kar Chuny Jaluo,” meaning “The desires of the Luo,” Ramogi FM caters to the deep desires of the Luo community. It enjoys the highest reach, affinity, and share of listenership in the Lake Region, transcending urban and rural settings while appealing to individuals of all genders. The station’s programs are specifically tailored to align with Luo identity, addressing their preferences and expectations.
Ramogi FM has successfully blended Luo culture and values with charismatic personalities, offering a diverse mix that captivates its audience. Upholding its mandate for the past 19 years, the station continues to provide exciting programs that transform lives,
educate, inform, and entertain. While its primary target audience is the Luo community, Ramogi FM also appeals to anyone who appreciates and understands Dholuo music, culture, information, and entertainment. The station is a received on the following frequencies Nairobi 107.1FM, Kisumu 107.6 FM, Siaya 98.4 FM, Homabay 97.0FM, Migori 95.4FM and 98.6FM, Mombasa 99.2FM, Nakuru 95.4 FM.
Kogwen
The Current Affairs flagship program. It seeks to inform, entertain and educate at the start of every new week day.
Mon - Fri
5am - 10am
Wang Onyango
A Ramogi Fm Mid-Morning Program that provides the platform for the general public especially the female...
Mon - Fri
10am - 1.15pm
Kogalo Time
Kogalo time is a weekly sports magazine show on soccer giants Gor Mahia.
Sat
1.30- 2.30pm
Mos Gi Tich
The drive show that is packed with news, reviews, music, sports updates and business news...
Mon - Fri
4pm - 7pm
Donse Donse
The title loosely translated from the Lingala language means Dance Dance a Youth centric show.
Mon - Fri
1.15 - 4pm
Ang’ich Welo
This is an easy evening show that welcomes you home after a hard day’s work. It starts immediately...
Mon - Fri
7pm - 10pm
Galamoro Mar Chike
A captivating Luo cultural program that delves into the intricacies of Luo...
Mon
9.30pm - 12am
Apak Mag Dak
A marriage counselling program that tackles challenges bedevilling marriages in the world today.
Sun
10pm - 12am
Hundhwe
This is the Station’s omnibus show that runs late night to dawn largely taking a slice of time...
Mon - Fri
12am - 5am
Kogwen Sabato
A prominent Sabbath show that serves as a source of spiritual nourishment every Saturday morning.
Sat
5am - 9am
Kwe E Ber Budho
""Kwe E Ber Budho"" is a Luo phrase that embodies the concept of peaceful coexistence within families, society...
Sun
10am - 1.30pm
Ohigla Manyien
An evening talk show that addresses a wide range of issues, delving deep into the heart of each topic.
Mon - Fri
10pm - 12am
Ramogi Top Ten
An exhilarating music chart show that takes listeners on a captivating journey through the vibrant world of...
Sat
10pm - 12am
Ramogi Disco
The Friday Night Hype Show, Pure Musical Hits across the genres. Here you get a cocktail of Hits...
Fri
10pm - 1am
Ramogi Kesha
A purely weekly gospel inspirational program revolving around praise and worship songs...
Fri
1am - 5am
ThoTinda
This is a Kids Show packed with fun, educative and informative pieces. This is the show that showcases...
Sat
9.20am - 10am
DuondMine
This is a weekly talk show that runs from 10:00am to 11am every Saturday. Its content is very rich with...
Sat
10am - 11am
Benga Ramogi
A rich nostalgic show Featuring benga music of yesteryears giving a detailed history of bands, songs...
Sat
11am - 1.30pm
DonseDonse Saturday Edition
This is Ramogi FM’s Saturday Sports and Music Youth Show and the...
Sat
2.30pm - 6pm
Injili Maloko Ngima
This is an hour’s show that winds up the Sabbath for our seventh day...
Sat
6pm - 7pm
Ramogi Oimore
This is an easy and slow musical show that unwinds your Saturday evening interlaced with a few shout outs...
Sat
7pm - 10pm
Nguono Mar Nyasaye
This program is also known as the morning glory.
Sun
5am - 10am
Rhumba Radius
A relaxed Sunday afternoon Musical Show that Purely gives a dose of nostalgic and therapeutic Rhumba...
Sun
1.30pm - 4pm
Miya Ngima
This is a health discussion show where a health expert gives information regarding some common ailments...
Sun
4.15 - 5pm
Wapuonjre Dholuo
Wapuonjre Dholuo loosely translated as “Let’s learn dholuo language” is...
Sun
5pm - 6pm
Wende Jokopere
This is a pre recorded catholic mix songs to wind down your Sunday after church.
Sun
6pm - 7pm
Ngolo Nam Oyiech
This is a very entertaining Sunday evening non-stop music show that starts immediately after 7 o’clock...
Sun
7.15 - 10pm
Keto Mwandu Elwet Jothurwa
A well-researched moderated program seeks to empower our...
Sun
8.15- 8.55pm"
ramogi_fm,Mixed,https://royalmedia.co.ke/about-us/,2026-07-10,OK,"About Us - Royal Media Services
Slide 1
Slide 2
Slide 2
7m+
tv viewers per day
10m+
radio listeners per day
52m+
social media reach per month
30m+
digital platforms monthly pageviews
Who we are
Royal Media Services (RMS) is a prominent Kenyan media company that has made a significant impact on the country's media landscape. Founded in 1996 by Dr. S. K. Macharia, RMS has emerged as a leading player in the industry, providing diverse broadcasting platforms and publications to a wide audience.
RMS operates multiple television and stations, allowing it to reach audiences across different regions and linguistic communities in Kenya. Its television stations include Citizen TV, Inooro TV, and others. Citizen TV, in particular, has gained immense popularity and has become one of the most-watched free-to-air TV channels in Kenya.
Ramogi FM serves the Luo-speaking community, Musyi FM broadcasts in the Kamba language, and there are other stations targeting various communities as well. These radio stations play a vital role in disseminating news, information, and entertainment to diverse audiences, contributing to the preservation and promotion of local languages and cultures."
ramogi_fm,Mixed,https://royalmedia.co.ke/our-programming/,2026-07-10,OK,"Our Programming - Royal Media Services
Slide 1
Slide 2
Our Programming
3 TV Stations
RMS is home to 3 TV stations: Citizen TV, Inooro TV, and Ramogi TV. Citizen TV caters to audiences speaking English and Swahili, while Inooro TV targets the Mt. Kenya region with programming in Kikuyu, and Ramogi TV serves the Nyanza region with content in Dholuo
Show more
Show less
13 Radio Stations
RMS' radio network boasts 13 stations, with Radio Citizen broadcasting in Swahili, Hot 96 in English, and the remaining 11 stations in vernacular languages.
Show more
Show less
Citizen Digital
Citizen Digital is the online home to all Royal Media Services Brands. It is the fastest growing digital news outlet in Kenya today. It is home to the Citizen news app, Citizen.Digital website and home the vibrant social media pages of the RMS outlets
Show more
Show less
viusasa
learn more
Skiza
learn more
Royal Media Services offers a diverse range of programming, encompassing entertaining and informative content tailored for the entire family. Our lineup features a wholesome bouquet of shows available in both national and local languages, ensuring that viewers across Kenya can enjoy content in their mother tongue. This commitment to diversity provides an invaluable opportunity for many Kenyans to engage with media that resonates deeply with their cultural identity and community."
ramogi_fm,Mixed,https://royalmedia.co.ke/sustainability/,2026-07-10,OK,"Sustainability - Royal Media Services
Slide 1
Slide 2
Slide 2
Educating the Nation:
RMS has launched crucial sustainability projects across its media outlets to inform and educate the nation about the great need to protect and conserve the environment. Citizen Planet is one of the RMS Group editorial initiative committed to advancing sustainability, with a primary emphasis on tackling climate change, pollution, and biodiversity. Through this program, RMS aims to heighten awareness and provide public education about the current state of the planet. Our goal is to equip the society with the necessary knowledge and resources to safeguard and conserve the planet for the benefit of future generations.
Show more
Show less
Communication Partner:
Royal Media Services looks forward to partnering and collaborating with the business community on sustainability initiatives. As a media house, we are deeply committed to effectively communicating with the public over the long term, aiming to influence behavioural change and create a meaningful impact on society. During our partnership, RMS will strategically allocate substantial resources to editorial efforts, with the goal of raising awareness, inspiring action, and catalyzing positive change in sustainability practices within communities.
Show more
Show less
Talent Development:
Talent development stands as a cornerstone of Royal Media Services, a commitment we’ve upheld for over two decades through our internship program. This initiative has not only cultivated brilliant journalists but also nurtured leaders and role models. RMS is excited to expand this program, offering apprenticeship opportunities to graduates and youth across the country, guiding them towards making informed career choices and empowering them to excel in their chosen paths.
Show more
Show less
Social Impact:
Communities are at the forefront of innovation, crafting solutions to address emerging societal challenges. From developing strategies to mitigate the impacts of climate change to disseminating valuable information aimed at nurturing a generation of young innovators and creators, these initiatives are driving positive change. Additionally, some communities are focused on building resilience and empowering champions of change, ensuring the continuity of impactful sustainability efforts for future generations. Royal Media Services continues to engages with all the champions in the community to amplify their voices and share it with the nation to accelerate change
Show more
Show less"
ramogi_fm,Mixed,https://royalmedia.co.ke/engagements/,2026-07-10,OK,"Engagements - Royal Media Services
Slide 1
Slide 2
Slide 2
Engagements
Interactive Programming:
Royal Media Services offers engaging and interactive programming that invites audience participation. From talk shows and live events to social media campaigns, we encourage our viewers to actively engage and share their thoughts, creating a dynamic and inclusive media experience.
Community Involvement:
We value the voices and perspectives of our audience and actively seek their input. Through surveys, polls, and feedback mechanisms, we foster a sense of community involvement, ensuring that their opinions shape our content and initiatives.
Audience Interaction:
At Royal Media Services, we prioritize audience interaction through various platforms. Whether through social media platforms, live call-ins, or online forums, we encourage our viewers to connect with us, share their stories, and engage in meaningful conversations.
Events and Partnerships:
We organize events and collaborate with partners to create memorable experiences for our audience. Through exclusive premieres, live shows, and partnerships with renowned personalities and brands, we offer unique engagement opportunities that resonate with our viewers"
ramogi_fm,Mixed,https://royalmedia.co.ke/advertising/,2026-07-10,OK,"Advertising - Royal Media Services
Amplify your brand with us
Advertising on Royal Media Services (RMS) brands offers several advantages for businesses and advertisers. Here are some reasons why you might consider advertising on RMS:
Wide reach:
RMS has a large and diverse audience, allowing advertisers to reach a broad base of potential customers.
Market leader:
Associating with RMS enhances brand image and credibility among consumers.
Targeted advertising:
RMS offers channels and platforms that cater to specific demographics and communities, allowing advertisers.
Diverse programming:
RMS offers a variety of programming genres, providing opportunities to align brand messaging with...
Multi-platform presence:
Advertising on RMS digital platforms taps into the growing online audience in addition to...
Flexibility and customization:
RMS provides options to suit different budgets and marketing objectives, allowing advertisers
In a world where brand visibility and engagement are crucial, advertising with Royal Media Services offers a powerful way to connect with your target audience, enhance your brand's reputation, and drive growth. Your brand's success story starts here."
ramogi_fm,Mixed,https://royalmedia.co.ke/careers/,2026-07-10,OK,"Careers - Royal Media Services
Join our multicultural organization and become part of an inspiring environment that fosters growth and expands possibilities.
Job Vacancies"
kbc,Mixed,https://www.kbc.co.ke/,2026-07-10,OK,"KBC DIGITAL - Breaking News, Local News, World News, Sport, Business and more
Friday, 10 Jul 2026
Welcome to the official Kenya Broadcasting Corporation (KBC) News YouTube channel.
Explore Now
NEWS
Local News
County News
Sports
Business
International News
Local Business
Entertainment
Football
Africa
NEWS
Tenders
Careers
Radio Services
Sports
Entertainment
About
Search
Have an existing account?
Sign In
Follow US
© 2022 Foxiz News Network. Ruby Design Company. All Rights Reserved.
Local News
NEWS
Second phase of Nyota Start-Up Capital kicks off Friday
Thousands of young Kenyans are set to benefit from the second phase Nyota Start-Up Capital Programme following its launch today (Friday) by President William Ruto. Nyota Programme is set to…
July 10, 2026
Three firearms, 43 rounds of ammunition voluntarily surrendered in Tana River
County News
July 10, 2026
Tana River: Water harvesting projects transforming lives
County News
July 10, 2026
NYOTA Project: 1,680 Marsabit youth receive business support grants
County News
July 10, 2026
Global housing crisis threatens SDG 11 as 2030 deadline looms, UN report
Environment
International News
July 10, 2026
Local News
NEWS
Second phase of Nyota Start-Up Capital kicks off Friday
July 10, 2026
Local News
NEWS
MPs probe Ksh844M JOOUST hostel project as audit queries contract variations, payments
July 10, 2026
Local News
NEWS
Parties registrar ratifies ODM decision to kick out Sifuna
July 10, 2026
Local News
NEWS
DCI: Homicide not ruled out in KFS manager Esther Keige’s death
July 10, 2026
County
County News
Three firearms, 43 rounds of ammunition voluntarily surrendered in Tana River
July 10, 2026
County News
Tana River: Water harvesting projects transforming lives
July 10, 2026
County News
Culture
National Read Aloud campaign kicks off across Kenya
July 10, 2026
County News
NYOTA Project: 1,680 Marsabit youth receive business support grants
July 10, 2026
International
Environment
International News
Global housing crisis threatens SDG 11 as 2030 deadline looms, UN report
July 10, 2026
Africa
International News
African communities demand land rights amid mining expansion
July 10, 2026
International News
NEWS
Burnham set to be next PM as 322 Labour MPs back him in first nomination tally
July 10, 2026
International News
NEWS
US and Iran trade attacks as Khamenei is buried
July 10, 2026
- Advertisement -
Business News
Mombasa youth eye global cruise ship careers
Bandari
Bandari Maritime Academy
July 10, 2026
Bandari Maritime Academy continues to position Kenyan youth for opportunities in the global maritime industry, with growing numbers enrolling for the mandatory Standards of Training, Certification, and Watchkeeping for seafarers (STCW) basic course as they prepare for careers at sea.…
Sergey Lavrov: Russia stands ready to help strengthen food security across African continent
July 8, 2026
Business
Local Business
Ruto urges funds, partnerships for Africa’s clean cooking goal
July 10, 2026
Business
Local Business
MPs probe Ksh.844M JOOUST hostel project as audit queries contract variations, payments
July 9, 2026
Local Business
Local News
Mbadi says Ruto’s economic policies will secure Kenya’s future
July 9, 2026
Business
Local Business
Rift Valley: The rising coffee power in Kenya
July 9, 2026
Business
Local Business
Ksh8.3B Port of Mombasa infrastructure project hits 50pc completion
July 8, 2026
Technology
UFAA
Technology
Technology
China’s tech giants deepen AI footprint in Africa
Chinese technology companies are steadily expanding their influence in Africa’s artificial intelligence sector, with experts citing their growing support for open-source AI models as a major factor in widening access…
July 6, 2026
Technology
Technology
China’s tech giants deepen AI footprint in Africa
July 6, 2026
Technology
China’s technological progress a global opportunity, not a threat – Li Qiang
July 4, 2026
Technology
China tests latest research and development achievements on its space station
July 3, 2026
More
NEWS
Factorial secures Ksh. 19.4B to scale AI workforce solutions globally
July 2, 2026
- Advertisement -
Entertainment
County News
Culture
National Read Aloud campaign kicks off across Kenya
July 10, 2026
Music
Lizzo addresses poor album sales calls it “soul-crushing”
July 10, 2026
Public Figures
Kate Kamau discusses her vision of Kenya’s future, addresses US backlash
July 9, 2026
Music
“In Love” is about feelings you can’t control,” says Keemlyf of new visuals
July 9, 2026
#
NEWS
Local News
County News
Sports
Business
International News
Local Business
Entertainment
Football
Africa
International Business
Markets
Technology
More
Athletics
OPINIONS
Health
Technology
Features
Celebrity
Opinions
OPINIONS
Why African scholars must tell their own stories
July 9, 2026
OPINIONS
Kenya must move beyond toxic pesticides dependency to protect public health and food security
July 5, 2026
OPINIONS
Retiring in the village
July 3, 2026
OPINIONS
How Africa can learn from planning, development of China’s industrial parks
July 1, 2026
Show More
Sports
Football
Sports
Tusker FC announces end-of-season award winners: Simiyu, Adikiny, Kapaito Among Honourees
July 10, 2026
Football
Sports
Tusker step in as Al Merreikh bow out of Kagame Cup
July 10, 2026
2026 FIFA World Cup
Football
Déjà Vu for the Atlas Lions: France strike twice to end Morocco’s run
July 10, 2026
2026 FIFA World Cup
Football
Rematch of 2022: France face Morocco for World Cup semi-final spot
July 9, 2026
Show More
Welcome to Foxiz"
kbc,Mixed,https://www.kbc.co.ke/category/news/,2026-07-10,OK,"NEWS Archives | KBC Digital
Friday, 10 Jul 2026
Welcome to the official Kenya Broadcasting Corporation (KBC) News YouTube channel.
Explore Now
NEWS
Local News
County News
Sports
Business
International News
Local Business
Entertainment
Football
Africa
NEWS
Tenders
Careers
Radio Services
Sports
Entertainment
About
Search
Have an existing account?
Sign In
Follow US
© 2022 Foxiz News Network. Ruby Design Company. All Rights Reserved.
NEWS
NEWS
Local News
County News
Sports
Business
International News
Local Business
Entertainment
Football
Africa
International Business
Markets
Technology
More
Athletics
OPINIONS
Health
Technology
Features
Celebrity
Three firearms, 43 rounds of ammunition voluntarily surrendered in Tana River
Three illegally owned firearms and 43 rounds of ammunition have been voluntarily surrendered by members of the public in Tana River County. According to the National Police Service (NPS), two…
July 10, 2026
Tana River: Water harvesting projects transforming lives
July 10, 2026
NYOTA Project: 1,680 Marsabit youth receive business support grants
July 10, 2026
Discover the future today, right here !
Information You Can Trust: Stay instantly connected with breaking stories and live updates. From politics and technology to entertainment and beyond, we provide real-time coverage you can rely on, making us your dependable source for 24/7 news.
Explore Now
SDG 11
UN-Habitat Executive Director Anacláudia Rossbach
Global housing crisis threatens SDG 11 as 2030 deadline looms, UN report
July 10, 2026
2032 succession politics
PCS Musalia Mudavadi
Mudavadi: Western Kenya is looking at the ultimate prize come 2032
July 10, 2026
African Ecofeminism Convening
Dr Melania Chiponda
African communities demand land rights amid mining expansion
July 10, 2026
Nakuru County
Nyota Project
Second phase of Nyota Start-Up Capital kicks off Friday
July 10, 2026
Show More
Welcome to Foxiz"
kbc,Mixed,https://www.kbc.co.ke/category/news/local-news/,2026-07-10,OK,"Local News Archives | KBC Digital
Friday, 10 Jul 2026
Welcome to the official Kenya Broadcasting Corporation (KBC) News YouTube channel.
Explore Now
NEWS
Local News
County News
Sports
Business
International News
Local Business
Entertainment
Football
Africa
NEWS
Tenders
Careers
Radio Services
Sports
Entertainment
About
Search
Have an existing account?
Sign In
Follow US
© 2022 Foxiz News Network. Ruby Design Company. All Rights Reserved.
Local News
NEWS
Local News
County News
Sports
Business
International News
Local Business
Entertainment
Football
Africa
International Business
Markets
Technology
More
Athletics
OPINIONS
Health
Technology
Features
Celebrity
Nakuru County
Nyota Project
Second phase of Nyota Start-Up Capital kicks off Friday
Thousands of young Kenyans are set to benefit from the second phase Nyota Start-Up Capital Programme following its launch today (Friday) by President William Ruto. Nyota Programme is set to…
July 10, 2026
MPs probe Ksh844M JOOUST hostel project as audit queries contract variations, payments
July 10, 2026
Parties registrar ratifies ODM decision to kick out Sifuna
July 10, 2026
Discover the future today, right here !
Information You Can Trust: Stay instantly connected with breaking stories and live updates. From politics and technology to entertainment and beyond, we provide real-time coverage you can rely on, making us your dependable source for 24/7 news.
Explore Now
Esther Wairimu Keige
Kenya Forest Service (KFS) Legal Services Manager
DCI: Homicide not ruled out in KFS manager Esther Keige’s death
July 10, 2026
Banditry
Interior and National Administration Cabinet Secretary Kipchumba Murkomen
Government targets bandit financiers in new security operation
July 9, 2026
Kenya - EU EPA
Kenya – EU Economic Partnership Agreement Implementation Strategy launched
July 9, 2026
Ruto will win again, opposition mistaken, says Mudavadi
July 9, 2026
Show More
Welcome to Foxiz"
kbc,Mixed,https://www.kbc.co.ke/category/news/county-news/,2026-07-10,OK,"County News Archives | KBC Digital
Friday, 10 Jul 2026
Welcome to the official Kenya Broadcasting Corporation (KBC) News YouTube channel.
Explore Now
NEWS
Local News
County News
Sports
Business
International News
Local Business
Entertainment
Football
Africa
NEWS
Tenders
Careers
Radio Services
Sports
Entertainment
About
Search
Have an existing account?
Sign In
Follow US
© 2022 Foxiz News Network. Ruby Design Company. All Rights Reserved.
County News
NEWS
Local News
County News
Sports
Business
International News
Local Business
Entertainment
Football
Africa
International Business
Markets
Technology
More
Athletics
OPINIONS
Health
Technology
Features
Celebrity
Three firearms, 43 rounds of ammunition voluntarily surrendered in Tana River
Three illegally owned firearms and 43 rounds of ammunition have been voluntarily surrendered by members of the public in Tana River County. According to the National Police Service (NPS), two…
July 10, 2026
Tana River: Water harvesting projects transforming lives
July 10, 2026
NYOTA Project: 1,680 Marsabit youth receive business support grants
July 10, 2026
Discover the future today, right here !
Information You Can Trust: Stay instantly connected with breaking stories and live updates. From politics and technology to entertainment and beyond, we provide real-time coverage you can rely on, making us your dependable source for 24/7 news.
Explore Now
2032 succession politics
PCS Musalia Mudavadi
Mudavadi: Western Kenya is looking at the ultimate prize come 2032
July 10, 2026
Books
culture
National Read Aloud campaign kicks off across Kenya
July 10, 2026
#LocalisingWPS
#WomenPeaceSecurity
Kenya launches the Women, Peace and Security programme
July 9, 2026
Kenya Institute of Primate Research (KIPRE)
Kirinyaga County
Kirinyaga maps snakebite hotspots to boost local antivenom development
July 9, 2026
Show More
Welcome to Foxiz"
kbc,Mixed,https://www.kbc.co.ke/category/news/international-news/,2026-07-10,OK,"International News Archives | KBC Digital
Friday, 10 Jul 2026
Welcome to the official Kenya Broadcasting Corporation (KBC) News YouTube channel.
Explore Now
NEWS
Local News
County News
Sports
Business
International News
Local Business
Entertainment
Football
Africa
NEWS
Tenders
Careers
Radio Services
Sports
Entertainment
About
Search
Have an existing account?
Sign In
Follow US
© 2022 Foxiz News Network. Ruby Design Company. All Rights Reserved.
International News
NEWS
Local News
County News
Sports
Business
International News
Local Business
Entertainment
Football
Africa
International Business
Markets
Technology
More
Athletics
OPINIONS
Health
Technology
Features
Celebrity
SDG 11
UN-Habitat Executive Director Anacláudia Rossbach
Global housing crisis threatens SDG 11 as 2030 deadline looms, UN report
The world is running out of time to deliver on its promise of sustainable cities and communities, a new United Nations report has warned, painting a stark picture of a…
July 10, 2026
African communities demand land rights amid mining expansion
July 10, 2026
Burnham set to be next PM as 322 Labour MPs back him in first nomination tally
July 10, 2026
Discover the future today, right here !
Information You Can Trust: Stay instantly connected with breaking stories and live updates. From politics and technology to entertainment and beyond, we provide real-time coverage you can rely on, making us your dependable source for 24/7 news.
Explore Now
Ayatollah Ali Khamenei
iran
US and Iran trade attacks as Khamenei is buried
July 10, 2026
Annette Ssemuwemba
Digital Economy
EAC edges closer to Single Digital Market with harmonised data transfer framework
July 9, 2026
Industry news
music
‘Total Eclipse of the Heart’ singer Bonnie Tyler dies aged 75
July 9, 2026
First Light 2026
INTERPOL
Over 5,800 arrests, USD 293 million intercepted in global fraud bust
July 9, 2026
Show More
Welcome to Foxiz"
kbc,Mixed,https://www.kbc.co.ke/category/news/international-news/africa/,2026-07-10,OK,"Africa Archives | KBC Digital
Friday, 10 Jul 2026
Welcome to the official Kenya Broadcasting Corporation (KBC) News YouTube channel.
Explore Now
NEWS
Local News
County News
Sports
Business
International News
Local Business
Entertainment
Football
Africa
NEWS
Tenders
Careers
Radio Services
Sports
Entertainment
About
Search
Have an existing account?
Sign In
Follow US
© 2022 Foxiz News Network. Ruby Design Company. All Rights Reserved.
Africa
NEWS
Local News
County News
Sports
Business
International News
Local Business
Entertainment
Football
Africa
International Business
Markets
Technology
More
Athletics
OPINIONS
Health
Technology
Features
Celebrity
African Ecofeminism Convening
Dr Melania Chiponda
African communities demand land rights amid mining expansion
...demand that land compensation must in kind and not cash; land for land
July 10, 2026
African Ecofeminists demand justice in clean energy rush
July 8, 2026
Dr. Muli champions African unity at Tanzania’s 7.7 cultural festival
July 8, 2026
Discover the future today, right here !
Information You Can Trust: Stay instantly connected with breaking stories and live updates. From politics and technology to entertainment and beyond, we provide real-time coverage you can rely on, making us your dependable source for 24/7 news.
Explore Now
Nigeria says two nationals killed in South Africa amid rise of anti-migrant attacks
July 6, 2026
US withdraws troops from Nigeria after Islamic State mission
July 3, 2026
Top South African police officer survives assassination attempt
June 29, 2026
Africa must be at the centre of finding solutions to its own challenges
June 23, 2026
Show More
Welcome to Foxiz"
moh,Health,https://www.health.go.ke/,2026-07-10,OK (SSL verification skipped (site has cert issues)),"MoH | Ministry of Health
Skip to main content
MoH
Ensuring food safety through rigorous analysis at the
National Public Health Laboratories (NPHL)
Ensuring food safety through rigorous analysis at the
National Public Health Laboratories (NPHL)
Renal unit Histocompatibility and Immunogenetics laboratory.
Malaria vaccination targeting children within Kenya's lake-endemic region
Renal unit Histocompatibility and Immunogenetics laboratory.
News
Updates
Healthcare IT Digitization Programme Steering Committee Reviews Progress on UHC Digital Transformation
MoH News
/
10 Jul, 2026
Kenya Strengthens Partnership with GE Healthcare to Advance UHC and Digital Health
MoH News
/
09 Jul, 2026
PS Mary Muthoni Rallies Health Regulators to Strengthen Coordination and Public Health Oversight
MoH News
/
09 Jul, 2026
Kenya and India Deepen Health Partnership to Advance Universal Health Coverage
MoH News
/
08 Jul, 2026
Events
Calendar
24
February
EAC Traditional, Complimentary & Integrative Medicine Forum
-
What we do
Visit our Portals below for various services.
Kenya Health Information System (KHIS)
Visit the KHIS here
Integrated Human Resource Information System (IHRIS)
Visit the IHRIS Portal
Blood Banking Management System (DamuKE)
Visit the DAMUKE here
Blood Banking Management System (DamuKE)
Visit the DAMUKE here
Mental Health Portal
Visit the Mental health portal here
Standards, Guidelines And Policies Portal
Visit the Guidelines Portal
Kanya Master Health Facility List (KMHFL)
Visit the KMHFL Portal here
Kenya Quality Model For Health
Visit the KQMH here
Ministry of Health Virtual Academy
Access our Health Academy
Social Health Authority - SHA
Visit the Social Health Authority (SHA)portal Here
Community Led Total Sanitation (CLTS)
Visit the CLTS Portal
Kenya Health And Research Observatory (KHRO)
Visit the KHRO Portal
Electronic Community Health Information System (eCHIS)
Visit the eCHIS Dashboard
Visit the eCHIS Portal
eCHIS Privacy Policy
Port Health services
Visit the Port Health Portal
RUSH Kenya Rural and Urban Sanitation & Hygiene Monitoring System
Visit the Kenya Rural and Urban Sanitation & Hygiene Monitoring System Portal
MoH
Overview of the Ministry
Medical Services
The State Department plays a crucial role in shaping healthcare in our country. From setting medical services policy to providing curative health services and managing health policy and administration, they are committed to ensuring the well-being of our citizens.
Read more
Public Health and Professional Standards
The State Department is responsible for critical functions related to public health and professional standards. They develop policies on public health and sanitation, ensuring the well-being of our communities.
Read more
Training and Capacity Building
The Kenya Medical Training College (KMTC) is a State Corporation established through an Act of Parliament under the Ministry of Health, entrusted with the role of training various disciplines in the health sector to serve the Kenyan interests, East Africa and beyond.
Read more
News
Updates
MoH News
-
10 Jul, 2026
Healthcare IT Digitization Programme Steering Committee Reviews Progress on UHC Digital Transformation
MoH News
-
09 Jul, 2026
Kenya Strengthens Partnership with GE Healthcare to Advance UHC and Digital Health
MoH News
-
09 Jul, 2026
PS Mary Muthoni Rallies Health Regulators to Strengthen Coordination and Public Health Oversight
MoH News
-
08 Jul, 2026
Kenya and India Deepen Health Partnership to Advance Universal Health Coverage
MoH News
-
08 Jul, 2026
Ministry of Health and HF Group Discuss Strategic Collaboration"
moh,Health,https://www.health.go.ke/glossary,2026-07-10,OK (SSL verification skipped (site has cert issues)),"Ministry of Health | MoH
Skip to main content
‪
(1)
|
(34)
|
1
(4)
|
2
(5)
|
3
(1)
|
4
(3)
|
5
(1)
|
6
(1)
|
7
(2)
|
A
(63)
|
B
(41)
|
C
(237)
|
D
(59)
|
E
(75)
|
F
(32)
|
G
(84)
|
H
(151)
|
I
(21)
|
J
(6)
|
K
(383)
|
L
(19)
|
M
(234)
|
N
(42)
|
O
(16)
|
P
(411)
|
Q
(15)
|
R
(50)
|
S
(135)
|
T
(83)
|
U
(17)
|
V
(5)
|
W
(27)
|
Y
(1)
Title
Sort descending
Author
Last update
A National Handbook Guide For Integration Of Mental Health Services Into Maternal And Child Health Services For Pregnant Adolescents
Simon
Wednesday, February 25, 2026 - 09:02
A Two of Meeting with Parliamentary Committee on Health Addressing Human Resources, Programs and Legal Issues
ouko
Tuesday, September 5, 2023 - 14:41
AAR Hospital Achieves SafeCare Level 5 Certification as Health CS Duale Reinforces Push for Quality and Patient Safety
Simon
Tuesday, November 25, 2025 - 10:50
AAR Hospital Launch Marks Progress Towards Accessible Healthcare In Kenya
health-admin
Thursday, May 4, 2023 - 10:57
ABSORPTION OF UNIVERSAL HEALTH COVERAGE (UHC) STAFF
Simon
Tuesday, August 26, 2025 - 09:46
Accelerating Progress Towards Universal Health Coverage_Clinical guidelines
Simon
Friday, April 25, 2025 - 10:09
Accountant I
mithamo
Tuesday, March 18, 2025 - 09:48
Activating Strategies for Health and Humanity Amid Heavy Rains
ouko
Wednesday, November 29, 2023 - 08:03
Activation of Community Health Program to enhance hygiene in public places.
ouko
Tuesday, August 20, 2024 - 12:26
Addendum
Simon
Sunday, December 21, 2025 - 15:08
ADDENDUM
mithamo
Monday, March 3, 2025 - 19:00
ADDENDUM 1. BoQ for Microwave Sheds
mithamo
Tuesday, July 4, 2023 - 11:09
ADDENDUM 2 NQCL LIMS
Simon
Wednesday, July 8, 2026 - 10:07
Addendum for EACE Tender
mithamo
Friday, December 22, 2023 - 16:12
Addendum No. 01 - Kisii Teaching and Referral Hospital
mithamo
Tuesday, April 2, 2024 - 14:13
ADDENDUM NO. 1 Proposed Construction of Level 3A Hospital In Khwisero, Kakamega County, For Ministry Of Health
mithamo
Friday, June 30, 2023 - 10:28
ADDENDUM NO. 1 Provision of Medical Equipment Service, Repair and  Maintenance of Medical Equipment Deployed to Selected Hospitals by the Ministry of Health (MOH)
mithamo
Thursday, July 20, 2023 - 22:32
Addendum No.1 24th June 2024
ouko
Monday, June 24, 2024 - 15:00
ADDENDUM NO.1 FOR KBTTS TTI REAGENTS AND CONSUMABLES
mithamo
Monday, February 10, 2025 - 09:00
ADDENDUM NQCL LIMS.
Simon
Tuesday, June 30, 2026 - 09:32
ADDENDUM NUMBER 1: TENDER NO.  MOH/SDPH&PS/REG/001/2023-2024
ouko
Tuesday, September 19, 2023 - 14:19
ADDENDUM TO EXTEND CLOSING AND OPENING OF EXPRESSION OF INTEREST
mithamo
Monday, April 15, 2024 - 20:45
Addendum: Supply and Delivery of Branchytherapy Applications as per Specifications
ouko
Monday, June 15, 2026 - 22:45
Addendum: Supply and Delivery of Longlasting Insecticidal Nets (LLINS)as per Specifications
ouko
Monday, June 15, 2026 - 22:44
Addressing Child Wasting and Malnutrition Crisis in the Horn of Africa: Kenya's Commitment to Action
mithamo
Tuesday, March 19, 2024 - 12:32
ADMINISTRATIVE FRAMEWORK FOR IMPLEMENTATION OF THE MANDATORY INBOUND TRAVEL HEALTH INSURANCE PROGRAM
Simon
Sunday, December 21, 2025 - 16:14
Advancing Action on Africa's Nutrition Challenges Beyond 2025
mithamo
Thursday, April 4, 2024 - 20:59
Advancing Healthcare Through Laboratories: Kenya's Path to Universal Health Coverage
ouko
Wednesday, November 8, 2023 - 09:58
Advancing Implementation of the Electronic Community Health Information System (E-CHIS)
ouko
Sunday, September 15, 2024 - 19:00
Advancing innovation for Universal Health Coverage
ouko
Thursday, October 17, 2024 - 14:53
Advancing Kenya's Battle Against Meningitis: A Beacon of Hope
mithamo
Tuesday, March 19, 2024 - 12:23
Advancing Universal Health Coverage: Multi-Sectoral Retreat on Health Financing
ouko
Tuesday, March 19, 2024 - 10:14
Advertisement for The Position of Project Finance Officer
health-admin
Friday, May 5, 2023 - 15:34
ADVERTISEMENT-FOR-THE-POSITION-OF-CLINICAL-PSYCHOLOGIST
health-admin
Friday, May 5, 2023 - 15:07
ADVISORY ON HEALTH RISKS AMID ONGOING HEAVY RAINS
ouko
Thursday, January 4, 2024 - 20:45
Advocating for Increased Resources to Enhance Preventive and Promotive Health Programs
ouko
Wednesday, May 22, 2024 - 13:56"
moh,Health,https://www.health.go.ke/index.php/,2026-07-10,OK (SSL verification skipped (site has cert issues)),"MoH | Ministry of Health
Skip to main content
MoH
Ensuring food safety through rigorous analysis at the
National Public Health Laboratories (NPHL)
Ensuring food safety through rigorous analysis at the
National Public Health Laboratories (NPHL)
Renal unit Histocompatibility and Immunogenetics laboratory.
Malaria vaccination targeting children within Kenya's lake-endemic region
Renal unit Histocompatibility and Immunogenetics laboratory.
News
Updates
Healthcare IT Digitization Programme Steering Committee Reviews Progress on UHC Digital Transformation
MoH News
/
10 Jul, 2026
Kenya Strengthens Partnership with GE Healthcare to Advance UHC and Digital Health
MoH News
/
09 Jul, 2026
PS Mary Muthoni Rallies Health Regulators to Strengthen Coordination and Public Health Oversight
MoH News
/
09 Jul, 2026
Kenya and India Deepen Health Partnership to Advance Universal Health Coverage
MoH News
/
08 Jul, 2026
Events
Calendar
24
February
EAC Traditional, Complimentary & Integrative Medicine Forum
-
What we do
Visit our Portals below for various services.
Kenya Health Information System (KHIS)
Visit the KHIS here
Integrated Human Resource Information System (IHRIS)
Visit the IHRIS Portal
Blood Banking Management System (DamuKE)
Visit the DAMUKE here
Blood Banking Management System (DamuKE)
Visit the DAMUKE here
Mental Health Portal
Visit the Mental health portal here
Standards, Guidelines And Policies Portal
Visit the Guidelines Portal
Kanya Master Health Facility List (KMHFL)
Visit the KMHFL Portal here
Kenya Quality Model For Health
Visit the KQMH here
Ministry of Health Virtual Academy
Access our Health Academy
Social Health Authority - SHA
Visit the Social Health Authority (SHA)portal Here
Community Led Total Sanitation (CLTS)
Visit the CLTS Portal
Kenya Health And Research Observatory (KHRO)
Visit the KHRO Portal
Electronic Community Health Information System (eCHIS)
Visit the eCHIS Dashboard
Visit the eCHIS Portal
eCHIS Privacy Policy
Port Health services
Visit the Port Health Portal
RUSH Kenya Rural and Urban Sanitation & Hygiene Monitoring System
Visit the Kenya Rural and Urban Sanitation & Hygiene Monitoring System Portal
MoH
Overview of the Ministry
Medical Services
The State Department plays a crucial role in shaping healthcare in our country. From setting medical services policy to providing curative health services and managing health policy and administration, they are committed to ensuring the well-being of our citizens.
Read more
Public Health and Professional Standards
The State Department is responsible for critical functions related to public health and professional standards. They develop policies on public health and sanitation, ensuring the well-being of our communities.
Read more
Training and Capacity Building
The Kenya Medical Training College (KMTC) is a State Corporation established through an Act of Parliament under the Ministry of Health, entrusted with the role of training various disciplines in the health sector to serve the Kenyan interests, East Africa and beyond.
Read more
News
Updates
MoH News
-
10 Jul, 2026
Healthcare IT Digitization Programme Steering Committee Reviews Progress on UHC Digital Transformation
MoH News
-
09 Jul, 2026
Kenya Strengthens Partnership with GE Healthcare to Advance UHC and Digital Health
MoH News
-
09 Jul, 2026
PS Mary Muthoni Rallies Health Regulators to Strengthen Coordination and Public Health Oversight
MoH News
-
08 Jul, 2026
Kenya and India Deepen Health Partnership to Advance Universal Health Coverage
MoH News
-
08 Jul, 2026
Ministry of Health and HF Group Discuss Strategic Collaboration"
moh,Health,https://www.health.go.ke/cholera,2026-07-10,OK (SSL verification skipped (site has cert issues)),"Cholera | Ministry of Health
Skip to main content
Cholera"
moh,Health,https://www.health.go.ke/covid-19,2026-07-10,OK (SSL verification skipped (site has cert issues)),"Covid-19 | Ministry of Health
Skip to main content
Covid-19
Covid-19 Updates
Covid-19 Updates
Covid-19 Press Statement
Statement Link
Press statement on COVID-19: 15th October, 2022
View
Press statement on COVID-19: 5th October, 2022
View
Press statement on COVID-19: 22nd September, 2022
View
Press statement on COVID-19: 16th October, 2022
View
Press statement on COVID-19: 1st November, 2022
View
Press statement on COVID-19: 31st October, 2022
View
Press statement on COVID-19: 23rd November, 2022
View
Press statement on COVID-19: 24th November, 2022
View
Press statement on COVID-19: 25th November, 2022
View
Press statement on COVID-19: 20th September, 2022
View
Press statement on COVID-19: 11th October, 2022
View
Press statement on COVID-19: 1st October, 2022
View
Press statement on COVID-19: 12th October, 2022
View
Press statement on COVID-19: 13th October, 2022
View
Press statement on COVID-19: 21st September, 2022
View
Press statement on COVID-19: 2nd October, 2022
View
Press statement on COVID-19: 14th October, 2022
View
Press statement on COVID-19: 3rd October, 2022
View
Press statement on COVID-19: 04th October, 2022
View
Press statement on COVID-19: 23rd September, 2022
View
Press statement on COVID-19: 07th october, 2022
View
Press statement on COVID-19: 16th October, 2022
View
Press statement on COVID-19: 27th October, 2022
View
Press statement on COVID-19: 19th October, 2022
View
Press statement on COVID-19: 29th October, 2022
View
Press statement on COVID-19: 09th October, 2022
View
Press statement on COVID-19: 12th September, 2022
View
Press statement on COVID-19: 30th October, 2022
View
Press statement on COVID-19: 22nd October, 2022
View
Press statement on COVID-19:20th October, 2022
View
Press statement on COVID-19: 18th October, 2022
View
Press statement on COVID-19: 16th October, 2022
View
Press statement on COVID-19: 07th October, 2022
View
Press statement on COVID-19: 07th October, 2022
View
Press statement on COVID-19: 27th September, 2022
View
Press statement on COVID-19: 26th September, 2022
View
Press statement on COVID-19: 25th September, 2022
View
Press statement on COVID-19: 24th September, 2022
View
Press statement on COVID-19: 23rd September, 2022
View
Press statement on COVID-19: 19th September, 2022
View
Press statement on COVID-19: 12th September, 2022
View
Press Statement on Covid-19 on 26th August, 2022
View
Press statement on COVID-19: 26th August, 2022
View
Press Statement on Covid-19 on 25th August, 2022
View
Press statement on COVID-19: 24th August, 2022
View
Press statement on COVID-19: 23rd August, 2022
View
Press statement on COVID-19: 18th August, 2022
View
Press statement on COVID-19: 17th August, 2022
View
Press statement on COVID-19: 16th August, 2022
View
Press statement on COVID-19: 15th August, 2022
View
Press statement on COVID-19: 14th August, 2022
View
COVID-19 PROTOCOLS & GUIDELINES
COVID-19 SITUATION REPORTS (SITREP)
COVID-19 VACCINATION UPDATES
CHERP REPOSITORY
UPDATED HEALTH MEASURES TO ENTER VARIOUS COUNTRIES (6th May 2022)
APPROVED PRIVATE ISOLATION FACILITIES-29-04-2021
ADDENDUM – Covid-19 Antigen Rapid Diagnostic Testing Interim Guide – Kenya January 2021
A Comprehensive Guide on Mental Health & Psychosocial Support during Covid-19 Pandemic
Covid-19 vaccination outreach sites for the ongoing accelerated campaign
COVID-19 Kenya Travel Related Frequently Asked Questions; September 2021
COVID-19 PCR LABS TRAINED ON TRUSTED TRAVEL AS AT 21.09.2021
COVID-19 Outbreak in Kenya Daily Report SITREP- 22-April-2021
COVID-19 Outbreak in Kenya Daily report SITREP-132 27-Jul-2020
COVID-19 Outbreak in Kenya Daily report SITREP-131 26-Jul-2020
COVID-19 Outbreak in Kenya Daily report SITREP-130 25-Jul-2020
COVID-19 Outbreak on Covid19 SITREP-127 22-Jul-2020
MINISTRY OF HEALTH KENYA COVID-19 IMMUNIZATION STATUS REPORT 16TH MAY 2022
MINISTRY OF HEALTH KENYA COVID-19 IMMUNIZATION STATUS REPORT 15TH MAY 2022
MINISTRY OF HEALTH KENYA COVID-19 IMMUNIZATION STATUS REPORT 14TH MAY 2022
MINISTRY OF HEALTH KENYA COVID-19 IMMUNIZATION STATUS REPORT 13TH MAY 2022
MINISTRY OF HEALTH KENYA COVID-19 IMMUNIZATION STATUS REPORT 12TH MAY 2022
MINISTRY OF HEALTH KENYA COVID-19 IMMUNIZATION STATUS REPORT 11TH MAY 2022
CHERP newletter Mar 2021 Edition
Knowledge Attitude and Practice Survey 6-20-2021"
moh,Health,https://www.health.go.ke/ebola,2026-07-10,OK (SSL verification skipped (site has cert issues)),"Ebola | Ministry of Health
Skip to main content
Ebola
What is Ebola Disease
Ebola Preventive Measures
Treatment for Ebola
What to do after Ebola
Who is most at risk?
Community Action on Ebola
Spread of Ebola Virus
Guidelines for Burial"
iebc,Governance,https://www.iebc.or.ke/,2026-07-10,OK (SSL verification skipped (site has cert issues)),"Independent Electoral and Boundaries Commission
Launch of Pre-Election Disputes Resolution Report for 2022 General Election and Case Digest for 2022 General Election
Launch of Pre-Election Disputes Resolution Report for 2022 General Election & Case Digest for 2022 General Election
Date:
Thursday 9th July 2026
Live on:
Facebook: Facebook.com/IEBCKenya
YouTube: Youtube.com/IEBCPage
Theme:
Path to the Polls : Electoral Integrity Through Justice and Dispute Resolution.
#CaseDigest2022GE     #Pre-ElectionDRR    #16thJulyByElection #KuraYakoSautiYako
CONNECT  WITH US
Get answers to all your
electoral related questions
Open Twitter Timelines
Twitter Feeds
Tweets by iebckenya
Launch of Pre-Election Disputes Resolution Report for 2022 General Election and Case Digest for 2022 General Election
...
Read more
IEBC Launches Strategic Plan 2024 2029 and Election Operations Plan 2025 2027
...
Read more
Launch of the Strategic Plan 2024 2029 and Election Operations Plan 2025 2027
...
Read more
Regional Electoral Management Bodies Capacity-Building Programme Concludes in Machakos
...
Read more
Verify details
Access forms
Access offices
×
Delete Parmanently
Cancel
Yes
×
Delete Parmanently
Cancel
×
Ask a question
Close
×
Job Description
Cancel"
iebc,Governance,https://www.iebc.or.ke/electionlaws/?Gazette_Notices,2026-07-10,OK (SSL verification skipped (site has cert issues)),"IEBC - electionlaws
Election Laws  links
Gazette Notices
Electoral Acts
Election Regulations
Gazette Notices
GAZETTE NOTICE NO. 9598 and 9599
GAZETTE NOTICE NO. 9598
APPOINTMENT OF REGISTRATION OFFICERS AND ASSISTANT REGISTRATION OFFICERS ( Addendum)
GAZETTE NOTICE NO. 9599
RESUMPTION OF CONTINUOUS VOTER REGISTRATION AND COMMENCEMENT OF ENHANCED CONTINUOUS VOTER REGISTRATION
Uploaded on: Thu 25th Jun, 2026
No of downloads: 0
View / Download
GAZETTE NOTICE NO. 8195
DIRECTIVES ON HANDLING ELECTION MATERIALS WRONGLY PUT IN
THE BALLOT BOX DURING ELECTIONS
Uploaded on: Mon 8th Jun, 2026
No of downloads: 0
View / Download
GAZETTE NOTICE NO. 8408, 8409, 8410 and 8411
GAZETTE NOTICE NO. 8408
POLLING STATIONS FOR THE 16TH JULY, 2026 BY-ELECTIONS
GAZETTE NOTICE NO. 8409
NOMINATED CANDIDATES FOR PURPOSES OF THE BY-ELECTIONS FOR MEMBER OF NATIONAL ASSEMBLY FOR OL KALOU CONSTITUENCY, NYANDARUA COUNTY SCHEDULED TO BE HELD ON THURSDAY, 16TH JULY, 2026
GAZETTE NOTICE NO. 8410
CERTIFYING THAT THE REVISION OF THE REGISTER OF VOTERS HAS BEEN COMPLETED FOR PURPOSES OF THE 14TH JULY, 2026 BY-ELECTIONS
GAZETTE NOTICE NO. 8411
TALLYING CENTRES FOR THE 16TH JULY, 2026 BY-ELECTIONS
Uploaded on: Sun 7th Jun, 2026
No of downloads: 1
View / Download
DECLARATION OF PERSONS ELECTED IN THE BY-ELECTIONS HELD ON 14TH MAY, 2026
Uploaded on: Wed 20th May, 2026
No of downloads: 0
View / Download
Gazette Notice No. 6560 and Gazette Notice No. 6561
Gazette Notice No. 6560
Aspirants Scheduled to Participate in the Party Primary for United Democratic Alliance for Member of National Assembly for Ol Kalou Constituency- Nyandarua County to be held on 8th May, 2026
Gazette Notice No. 6561
Aspirants Scheduled to Participate in the Party Primary for Democracy for the Citizens Party for Member of National
Assembly For Ol Kalou Constituency- Nyandarua County to be held on 9th May, 2026
Uploaded on: Wed 6th May, 2026
No of downloads: 2
View / Download
Gazette Notice No. 6005, 6006, 6007, 6008, 6009, 6010
Gazette Notice No. 6005
Appointment of Returning and Deputy Returning Officers for Purposes of the By-Elections for Member of National Assembly for Olkalou Constituency, Nyandarua County Scheduled to be held on Thursday, 16th July, 2026
Gazette Notice No. 6006
Tallying Centres for The By-Elections Scheduled to be held on 14th May, 2026
Gazette Notice No. 6007
Polling Stations for the 14th May, 2026 By-Elections
Gazette Notice No. 6008
Nominated Candidates for Purposes of the By-Elections for Member of National Assembly for Emurua Dikirr Constituency and Members of the County Assemblies for Porro Ward in Samburu West Constituency, Samburu County And Endo Ward in Marakwet East Constituency, Elgeyo Marakwet County Scheduled to be held on Thursday, 14th May, 2026
Gazette Notice No. 6009
Certifying that the Revision of the Register of Voters Has Been Completed for Purposes of the 14th May, 2026 By-Elections
Gazette Notice No. 6010
By-Election For Member of National Assembly for Ol Kalou Constituency, Nyandarua County Scheduled to be held on Thursday, 16th July, 2026.
Uploaded on: Sat 25th Apr, 2026
No of downloads: 0
View / Download
Appointment of a County Returning Officer for the Clearance of the Nominated Deputy County Governor, Homa Bay County
GAZETTE NOTICE NO. 4233
Appointment of a County Returning Officer for the Clearance of the Nominated Deputy County Governor, Homa Bay County
Uploaded on: Tue 14th Apr, 2026
No of downloads: 1
View / Download
Aspirants scheduled to participate in the Party Primary for United Democratic Alliance for Member of Emurua Dikirr Constituency and Members of County Assembly for Porro and Endo Wards in Samburu West and Marakwet East Constituencies respectively
GAZETTE NOTICE NO. 4987
Aspirants scheduled to participate in the Party Primary for United Democratic Alliance for Member of Emurua Dikirr Constituency and Members of County Assembly for Porro and Endo Wards in Samburu West and Marakwet East Constituencies respectively
Uploaded on: Tue 14th Apr, 2026
No of downloads: 0
View / Download
Commencement of Enhanced Continuous Voter Registration (ECVR)
Gazette Notice No. 4490
Uploaded on: Mon 30th Mar, 2026
No of downloads: 1
View / Download
Gazette Notice No. 3391
By-elections for Member of County Assembly for porro Ward in Samburu West Constituency, Samburu County and Endo ward in Marakwet East Constituency Elgeyo/Marakwet county and Member of National Assembly, Emurua Dikirr Constituency, Narok County scheduled to be held on Thursday, 14th May, 2026.
Uploaded on: Sun 15th Mar, 2026
No of downloads: 1
View / Download
Gazette Notice No. 3105 - Declaration of Persons Elected in the By-Elections Held on 26th February, 2026
Uploaded on: Wed 4th Mar, 2026
No of downloads: 0
View / Download
Gazette Notice No. 1720, 1721, 1722 and 1723
Gazette Notice No. 1720
Nominated Candidates for Purposes of the By-Elections for Member of National Assembly for Isiolo South Constituency and Members of the County Assemblies for Muminji Ward and Evurore Ward, in Mbeere North Constituency–Embu County and West Kabras Ward in Malava Constituency–Kakamega County Scheduled to be held on Thursday 26th February, 2026
Gazette Notice No. 1721
Tallying Centres for the 26th February, 2026 By-Elections
Gazette Notice No. 1722
Certifying that the Revision of the Isiolo South Constituency Register of Voters has been Completed for purposes of the 26th February, 2026 By-Election
Gazette Notice No. 1723
Polling Stations for the 26th February, 2026 By-Elections for Member of National Assembly for Isiolo South Constituency and Member of County Assembly for Muminji Ward and Evurore Ward, Mbeere North Constituency, Embu County and West Kabras Ward, Malava Constituency, Kakamega County
Uploaded on: Mon 16th Feb, 2026
No of downloads: 0
View / Download
Gazette Notice No. 825
Appointment of Returning and Deputy Returning Officers for Purposes of the By-Elections for Member of National Assembly for Isiolo South Constituency and Member of County Assembly for Muminji Ward and Evurore Ward, Mbeere North Constituency, Embu County and West Kabras Ward, Malava Constituency, Kakamega County, Scheduled to be held on Thursday, 26th February, 2026.
Uploaded on: Thu 22nd Jan, 2026
No of downloads: 0
View / Download
Gazette Notice No. 336, 337, 338 and 338
Gazette Notice No. 336
Resumption of Continuous Voter Registration
Gazette Notice No. 337
Appointment of Registration Officers and Assistant Registration Officers
Gazette Notice No. 338
Aspirants Scheduled to participate in the Party Primary for United Democratic Alliance for Member of County Assembly for Muminji and Evurore Wards, Mbeere North Constituency, Embu County and West Kabras Ward, Malava Constituency, Kakamega County scheduled to be held on 10th January, 2026
Gazette Notice No. 339
Names and Symbols of Independent Candidates for the By–Elections Scheduled to be held on 26th February, 2026
Uploaded on: Sat 10th Jan, 2026
No of downloads: 2
View / Download
Gazette Notice No. 18595 and 18596
By-Elections for Member of National Assembly for Isiolo South Constituency and Member of County Assembly for Muminji Ward and Evurore Ward, Mbeere North Constituency, Embu County and West Kabras Ward, Malava Constituency, Kakamega County Scheduled to be held on Thursday 26th February, 2026.
Uploaded on: Sat 20th Dec, 2025
No of downloads: 0
View / Download
Gazette Notice No. 17614
Declaration of persons elected in the by-elections held on the 27th November, 2025
Delete: Wiper Democratic Front
Insert: Wiper Patriotic Front
Dated the 2nd December, 2025
Uploaded on: Tue 2nd Dec, 2025
No of downloads: 1
View / Download
Gazette Notice No. 17612
Corrigendum
Declaration of persons elected in the by-elections held on the 27th November, 2025
Page 8657; Row 3; Columns 9 and 10;
Delete: United Democratic Alliance; UDA
Insert: Forum for Restoration of Democracy - Kenya; FORD-KENYA
Uploaded on: Mon 1st Dec, 2025
No of downloads: 1
View / Download
GAZETTE NOTICE NO. 17611
DECLARATION OF PERSONS ELECTED IN THE BY-ELECTIONS HELD ON THE 27TH NOVEMBER, 2025
Uploaded on: Mon 1st Dec, 2025
No of downloads: 1
View / Download
Gazette Notice No. 17350 and 17351
Gazette Notice No. 17350
Corrigenda
Gazette Notice No. 17351
Corrigenda - Polling Stations for the 27th November, 2025 By-Elections
Uploaded on: Wed 26th Nov, 2025
No of downloads: 0
View / Download
Gazette Notice No. 16966 16967 16968 and 16969
Gazette Notice No. 16966
Tallying Centres for the By-elections Scheduled to be held on 27th November, 2025
Gazette Notice No. 16967
Nominated Candidates for the 27th November, 2025 By-elections
Gazette Notice No. 16968
Polling Stations for the 27th November, 2025 By-elections
Gazette Notice No. 16969
Polling Stations for the 27th November, 2025 By-elections
Uploaded on: Mon 24th Nov, 2025
No of downloads: 0
View / Download
Gazette Notice Nos. 15731, 15732, 15733 and 15734
1.Gazette Notice No. 15731:
Nominated Candidates for the 27th November, 2025 By-Elections
2. Gazette Notice No. 15732:
Declaration of No Contest for members of Tembelio and Metkei Wards in the By –Elections scheduled to be held on 27th November, 2025
3. Gazette Notice No. 15733:
Polling Stations for the 27th  November, 2025 By-Elections
4.Gazette Notice No. 15734:
Tallying Centres for the By-Elections Scheduled to be held on 27th November, 2025
Uploaded on: Fri 31st Oct, 2025
No of downloads: 0
View / Download
Gazette Notice No. 14541
Directives on Handling Pre-Election Disputes Relating to the By-Elections Scheduled to be Held on 27th November, 2025
Uploaded on: Wed 15th Oct, 2025
No of downloads: 0
View / Download
Names and Symbols of Independent Candidates for the By–Elections Scheduled to be Held on 27th November, 2025
GAZETTE NOTICE NO. 13609
GAZETTE NOTICE NO. 13610
RE–ALLOCATION OF SPECIAL SEATS
Uploaded on: Fri 3rd Oct, 2025
No of downloads: 0
View / Download
Registration Centres
GAZETTE NOTICE NO. 13904
Uploaded on: Fri 3rd Oct, 2025
No of downloads: 0
View / Download
Gazette Notice for the Nominees for the Party Primary
Nominees for the Party Primary for Orange Democratic Movement for Member of the National Assembly for Ugunja Constituency, Siaya County Scheduled to be held on 26th September 2025
Uploaded on: Wed 24th Sep, 2025
No of downloads: 0
View / Download
Gazette Notice for the Party Primaries for Political Parties
Uploaded on: Tue 23rd Sep, 2025
No of downloads: 0
View / Download
Gazette Notice No. 12008 and Gazette Notice No. 12009
Commencement of Continuous Registration of Citizens as Voters and the Regular Revision of the Voters’ Roll
Uploaded on: Thu 28th Aug, 2025
No of downloads: 1
View / Download
Gazette Notice No. 12004 and Gazette Notice No. 12005
Nominated Members to the County Assemblies Re-Allocation of Special Seats
Uploaded on: Wed 27th Aug, 2025
No of downloads: 0
View / Download
Gazette Notice No. 11447
Nominated Members to the Senate
Uploaded on: Sat 16th Aug, 2025
No of downloads: 0
View / Download
Gazette Notice No. 11163
By-Elections For Member of Senate-Baringo County, Members of the National Assembly for Banissa, Kasipul, Magarini, Malava, Mbeere North and Ugunja Constituencies and Member of Kabuchai/Chwele County Assembly Ward in Bungoma County Scheduled to be held on 27th November, 2025
Uploaded on: Mon 11th Aug, 2025
No of downloads: 1
View / Download
Gazette Notice No. 11158, 11159 and 11160
By-Elections scheduled for 27th November 2025-
Members of County Assemblies: Angata Nanyokie Ward in Samburu County, Chemundu/Kapng’etuny Ward in Nandi County, Chewani Ward in Tana River County, Fafi Ward in Garissa County, Kariobangi North Ward in Nairobi City County, Kisa East Ward in Kakamega County, Metkei Ward in Elgeyo Marakwet County, Mumbuni North Ward in Machakos County, Narok Town Ward in Narok County, Purko Ward in Kajiado County, Tembelio Ward in Uasin Gishu County, Nyansiongo, Nyamaiya, Ekerenyo Wards in Nyamira County, Lake Zone and Nanaam Wards in Turkana County (16).
Uploaded on: Sat 9th Aug, 2025
No of downloads: 1
View / Download
Gazette Notice No. 10083
Nominated Members to the National Assembly and Senate
Re-Allocation of Special Seats
Uploaded on: Fri 25th Jul, 2025
No of downloads: 2
View / Download
Gazette Notice No. 17549
Nominated Members To The County Assemblies Re-Allocation Of Special Seats
Corrigendum
Uploaded on: Thu 24th Jul, 2025
No of downloads: 1
View / Download
GAZETTE NOTICE NO. 6466
Appointment of a County Returning Officer for the Clearance of the Nominated Deputy Governor, Meru County
Uploaded on: Thu 22nd May, 2025
No of downloads: 0
View / Download
Gazette Notice No. 8439
Nomination of the Deputy Governor, Kisii County
Uploaded on: Mon 15th Jul, 2024
No of downloads: 0
View / Download
Gazette Notice No. 8438
Appointment of County Returning Officer for clearance of
nominated Deputy Governor
Uploaded on: Wed 10th Jul, 2024
No of downloads: 0
View / Download
Gazette Notice No. 798 & Gazette Notice No. 799
Corrigenda - Nominated Members to The County Assemblies - Re-Allocation of Special Seats
Uploaded on: Sat 27th Jan, 2024
No of downloads: 0
View / Download
Gazette Notice No. 15926
Gazette Notice No. 15926
Nominated Members to the County Assembly of West Pokot Re-allocation of Special Seats
Uploaded on: Thu 2nd Feb, 2023
No of downloads: 0
View / Download
Gazette Notice No. 15569
Gazette Notice No. 15569
Declaration of Persons Elected as Member Of Senate, Bungoma County and Members Of County Assemblies for Kyoome/Thaana Ward, Kitui County, Oloimasani Ward, Narok County, Mumias North Ward, Kakamega County, South Gem Ward, Siaya County and Utawala Ward, Nairobi City County, Respectively, during the By-elections held on 8th December, 2022
Uploaded on: Thu 2nd Feb, 2023
No of downloads: 3
View / Download
Gazette Notice No. 143
Gazette Notice No. 143
Declaration of Persons Elected in the By-elections held on 5th January, 2023
Uploaded on: Fri 13th Jan, 2023
No of downloads: 0
View / Download
Gazette Notice No. 16101, 16102 & 16103
Gazette Notice No. 16101
Polling Stations for the By--elections Scheduled to be held on 5th January, 2023 for Member of the Senate Elgeyo Marakwet, Member of National Assembly for Garissa Township and Kandara Constituencies, and Member of County Assembly Shella Ward in Lamu County
Gazette Notice No. 16102
Tallying Centres for the By-­elections Scheduled to be held on 5th January, 2023
Gazette Notice No. 16103
Nominated Candidates for the 5th January, 2023 By-elections
Uploaded on: Sat 31st Dec, 2022
No of downloads: 1
View / Download
Gazette Notice No. 15194 & 15195
Gazette Notice No. 15194
Corrigenda - Tallying Centre for the By-election scheduled to be held on 8th December, 2022
Gazette Notice No. 15195
Persons Scheduled to Participate in the Party Primary for United Democratic Alliance
Uploaded on: Thu 8th Dec, 2022
No of downloads: 0
View / Download
Gazette Notice No. 13970
Gazette Notice No. 13970
Appointment of County and Constituency Returning Officers for Purposes of the By-elections Scheduled to be held on 5th January, 2023
Uploaded on: Thu 24th Nov, 2022
No of downloads: 0
View / Download
Gazette Notice No. 14509, 14510, 14511, 14512 and 14513
Gazette Notice No. 14509
Nominated Candidates for the 8th December, 2022 By-election
Gazette Notice No. 14510
Names and Symbols of Independent Candidates for Purposes of the Parliamentary By–Election of Member of the Senate – Elgeyo Marakwet County and Members of the National Assembly for Kandara and Garissa Township Constituencies Scheduled to be held on 5th January, 2023
Gazette Notice No. 14511
Tallying Centre for the By-Election Scheduled to be held on 8th December, 2022
Gazette Notice No. 14512
Certifying the Completion of Revision of the Register of Voters for By-Election Scheduled to be held on 8th December, 2022 In Bungoma County, Utawala, Ololmasani, Kyome/Thaana, South Gem and Mumias North Wards in Nairobi City, Narok, Kitui, Siaya and Kakamega Counties Respectively
Gazette Notice No. 14513
Polling Stations for the By-Election Scheduled to be held on 8th December, 2022 In Bungoma County, Utawala, Ololmasani, Kyome/Thaana, South Gem and Mumias North Wards in Nairobi City, Narok, Kitui, Siaya and Kakamega Counties Respectively
Uploaded on: Thu 24th Nov, 2022
No of downloads: 0
View / Download
Gazette Notice No. 13285
Gazette Notice No. 13285
Nominated Members to the Senate - Re-Allocation of Special Seats - Women Members Nominated to the Senate
Uploaded on: Mon 7th Nov, 2022
No of downloads: 0
View / Download
Gazette Notice No. 13276 & 13277
Gazette Notice No. 13276
By-Elections for Members of National Assembly, Kandara and Garissa Township Constituencies, Member of Senate, Elgeyo Marakwet County and Member for Shella Ward, Lamu County Assembly Scheduled to be held on Thursday, 5th January, 2023
Gazette Notice No. 13277
Appointment of County Returning Officer, Baringo County for the clearance of the Deputy County Governor
Uploaded on: Sat 29th Oct, 2022
No of downloads: 0
View / Download
Gazette Notice No. 13036
Gazette Notice No. 13036
Names and Symbols of Independent Candidates for Purposes of the By–Election of Member of the Senate, Bungoma County Scheduled to be held on 8th December, 2022
Uploaded on: Fri 28th Oct, 2022
No of downloads: 0
View / Download
Gazette Notice No. 12630
Gazette Notice No. 12630
Appointment of County and Constituency Returning Officers for Purposes of the By-elections Scheduled to be held on 8th December, 2022
Uploaded on: Fri 28th Oct, 2022
No of downloads: 0
View / Download
Gazette Notice No. 11942, 11943, 11944 and 11945
Gazette Notice No. 11942
Corrigenda - Nominated Members to the County Assemblies
Gazette Notice No. 11943
Corrigenda - Nominated Members to the National Assembly and the Senate
Gazette Notice No. 11944
By-Election for Ololmasani, Kyome/Thaana, Utawala, Mumias North and South Gem Wards in Narok, Kitui, Nairobi City, Kakamega and Siaya County Assemblies, Respectively, Scheduled to be held on 8th December, 2022
Gazette Notice No. 11945
Parliamentary By-election for Member of the Senate, Bungoma County Scheduled to be held on 8th December, 2022
Uploaded on: Thu 6th Oct, 2022
No of downloads: 4
View / Download
Gazette Notice No. 11934 &  11935
Gazette Notice No. 11934
Corrigenda - Nominated Members to the County Assemblies
Gazette Notice No. 11935
Addendum - Nominated Members to the County Assemblies
Uploaded on: Tue 4th Oct, 2022
No of downloads: 2
View / Download
Gazette Notice No. 11259
Gazette Notice No. 11259
Addendum - Nominated Members to the County Assemblies
Uploaded on: Thu 22nd Sep, 2022
No of downloads: 13
View / Download
Gazette Notice No. 10710 & 10711
Gazette Notice No. 10710
Corrigenda - Nominated Members to the National Assembly and the Senate
Gazette Notice No. 10711
Corrigenda - Declaration of Persons Elected as Members of the County Assemblies
Uploaded on: Mon 12th Sep, 2022
No of downloads: 30
View / Download
Gazette Notice No. 10712
Nominated Members to the County Assemblies
Uploaded on: Mon 12th Sep, 2022
No of downloads: 90
View / Download
Gazette Notice No. 10533, 10534 and 10535
Gazette Notice No. 10533
Corrigenda - Declaration of Persons Elected to Parliament as Members of the National Assembly
Gazette Notice No. 10534
Corrigenda - Declaration of Persons Elected as Members of the County Assemblies
Gazette Notice No. 10535
Declaration of Persons Elected in the Postponed Elections Held on 29th August, 2022
Uploaded on: Thu 8th Sep, 2022
No of downloads: 19
View / Download
Gazette Notice No. 10537
Gazette Notice No. 10537
Nominated Members to the National Assembly and the Senate
Uploaded on: Thu 8th Sep, 2022
No of downloads: 3
View / Download
Gazette Notice No. 9952, 9953, 9954, 9955 & 9956
Gazette Notice No. 9952
Voter Polling Stations for Purposes of the Postponed Elections Scheduled to be Held on 29th August, 2022
GAZETTE NOTICE NO. 9953
Appointment of Returning and Deputy Returning Officers for Purposes of the Postponed Election Scheduled to be held on 29th August, 2022
Gazette Notice No. 9954
Tallying Centres for the Postponed Elections Scheduled to be held on 29th August, 2022
Gazette Notice No. 9955
Declaration of Persons Elected to Parliament as Members of the Senate
Gazette Notice No. 9956
Declaration of Persons Elected as Members of the County Assemblies
Uploaded on: Thu 8th Sep, 2022
No of downloads: 3
View / Download
Gazette Notice No. 9948, 9949, 9950 & 9951
Gazette Notice No. 9948
Holding of Postponed Elections
Gazette Notice No. 9949
Declaration of Persons Elected as County Governors and Deputy County Governors
Gazette Notice No. 9950
Declaration of Persons Elected to Parliament as Members of the National Assembly
Gazette Notice No. 9951
Declaration of Persons Elected To Parliament as County Woman Member to the National Assembly
Uploaded on: Thu 25th Aug, 2022
No of downloads: 6
View / Download
Gazette Notice No. 9538, 9539, 9540, 9541, 9542 and 9543
Gazette Notice No. 9538
Tallying Centres for the 9th August, 2022 General Election
Gazette Notice No. 9539
Appointment of Second Deputy Constituency Returning Officers for the General Election
Scheduled to be held on 9th August, 2022
Gazette Notice No. 9540
Election Result Path, Complimentary Mechanism for Result Transmission and Voting Time for Kenyan Voters Residing Outside the Country for the General Election Scheduled to be held on 9th August, 2022.
Gazette Notice No. 9541
Suspension of Elections
Gazette Notice No. 9542
Nominated Candidates for the 9th August, 2022 General Election
Gazette Notice No. 9543
Names and Symbols of Persons of Independent Candidates Scheduled to Participate in the Commission Nominations for the General Election Scheduled to be held on 9th August, 2022
Uploaded on: Mon 22nd Aug, 2022
No of downloads: 10
View / Download
Gazette Notice No. 9865 - Postponement of Elections
Uploaded on: Mon 22nd Aug, 2022
No of downloads: 1
View / Download
Gazette Notice No. 9773 - Declaration of Persons Elected As President– Elect and Deputy President–Elect
Uploaded on: Tue 16th Aug, 2022
No of downloads: 3
View / Download
Gazette Notice No. 9617 - Holding Postponed Elections
Uploaded on: Sun 14th Aug, 2022
No of downloads: 2
View / Download
Gazette Notice No. 9280
Gazette Notice No. 9280
Directives of Handling the Election Result Forms at the Polling Stations for the General Election Scheduled to be held on 9th August, 2022
Uploaded on: Wed 3rd Aug, 2022
No of downloads: 2
View / Download
Gazette Notice No. 8784, 8785, 8786, 8787, 8788, 8789 & 8790
Gazette Notice No. 8784
Suspension of Elections
Gazette Notice No. 8785
Corrigenda - Tallying Centres
Gazette Notice No. 8786
Corrigenda - Polling Stations for the 9th August, 2022 General Election
Gazette Notice No. 8787
Corrigenda - Certifying that the Revision of the Register of Voters has been completed for Purposes of the 9th August, 2022 General Election
Gazette Notice No. 8788
Corrigenda - Appointment of County and Constituency Deputy Constituency Returning Officers for the General Election Scheduled to be held on 9th August 2022
Gazette Notice No. 8789
Corrigenda - Nominated Candidates for the 9th August, 2022 General Election –
Gazette Notice No. 8790
Appointment of Second Deputy Constituency Returning Officers for the General Election Scheduled to be held on 9th August 2022
Uploaded on: Thu 28th Jul, 2022
No of downloads: 13
View / Download
Gazette Notice No. 7996 Polling Stations for the 9th August, 2022 General Election
Polling Stations for the 9th August, 2022 General Election
Uploaded on: Tue 12th Jul, 2022
No of downloads: 7
View / Download
Gazette Notice No. 7995
Gazette Notice No. 7995
Nominated Candidates for the 9th August, 2022 General Election:
County Assembly Ward Elections
Uploaded on: Sun 10th Jul, 2022
No of downloads: 61
View / Download
Gazette Notice No. 7995
Gazette Notice No. 7995
Nominated Candidates for the 9th August, 2022 General Election:
Presidential Election,
National Assembly Election
Senate Election
County Woman Member to the National Assembly Election
County Governor Election
Uploaded on: Sun 10th Jul, 2022
No of downloads: 32
View / Download
Gazette Notice No. 7992, 7993 and 7994
1.Gazette Notice No. 7992
Appointment of County and Constituency Returning Officers for the General Election Scheduled to be held on 9th August, 2022 - Corrigenda
2. Gazette Notice No. 7993
Tallying Centres for the 9th August, 2022 General Election
3. Gazette Notice No. 7994
Declaration of no Contest
Uploaded on: Sun 10th Jul, 2022
No of downloads: 3
View / Download
Gazette Notice No. 7290
Gazette Notice No. 7290
Certifying that the Revision of the Register of Voters has been Completed for Purposes of the 9th August, 2022 General Election
Uploaded on: Thu 23rd Jun, 2022
No of downloads: 1
View / Download
Gazette Notice No. 6606
Appointment of Members of the Independent Electoral and Boundaries Dispute Resolution Committee
Uploaded on: Sun 12th Jun, 2022
No of downloads: 1
View / Download
Gazette Notice No. 6378 - Notice on Requirements for Submission of Party Lists
Gazette Notice No. 6378
Notice on Requirements for Submission of Party Lists
Uploaded on: Fri 3rd Jun, 2022
No of downloads: 3
View / Download
Gazette Notice No. 6243, 6244 & 6245
Gazette Notice No. 6243
Corrigenda
Appointment of County and Constituency Returning Officers for the General Election Scheduled to be held on 9th August, 2022
Gazette Notice No. 6244
Addendum
Appointment of County and Constituency Returning Officers for the General Election Scheduled to be held on 9th August, 2022
Gazette Notice No. 6245
Appointment of Nyeri County Returning Officer for Purposes of Nominating Candidates for the General Election Scheduled to be held on 9th August, 2022
Uploaded on: Thu 2nd Jun, 2022
No of downloads: 0
View / Download
Gazette Notice - Notice of List of persons who contested in the Political Party Primaries - 22nd April, 2022
Notice of List of persons who contested in the Political Party Primaries- 22nd April, 2022
Uploaded on: Mon 30th May, 2022
No of downloads: 2
View / Download
Gazette Notice No. 5377 &  5378
Gazette Notice No. 5377
Corrigenda:
Appointment of County and Constituency Returning Officers for the General Election Scheduled to be held on 9th August, 2022
Gazette Notice No. 5378
Addendum:
Appointment of County and Constituency Returning Officers for the General Election Scheduled to be held on 9th August, 2022
Uploaded on: Sat 28th May, 2022
No of downloads: 3
View / Download
Gazette Notice No. 6172 & 6173
Gazette Notice No. 6172
Corrigenda:
Names and Symbols of Persons of Independent Candidates Scheduled to Participate in the Commission Nominations for the General Election Scheduled to be held on 9th August, 2022
Gazette Notice No. 6173
Addendum:
Names and Symbols of Persons of Independent Candidates Scheduled to Participate in the Commission Nominations for the General Election Scheduled to be held on 9th August, 2022
Uploaded on: Sat 28th May, 2022
No of downloads: 4
View / Download
Gazette Notice No. 5542
Corrigenda:
Names and Symbols of Persons of Independent Candidates Scheduled to Participate in the Commission Nominations for the General Election Scheduled to be held on 9th August, 2022
Uploaded on: Fri 20th May, 2022
No of downloads: 0
View / Download
Gazette Notice No. 5519
Names and Symbols of Persons of Independent Candidates Scheduled to Participate in the Commission Nominations for the General Election Scheduled to be held on 9th August, 2022
Uploaded on: Wed 18th May, 2022
No of downloads: 8
View / Download
Gazette Notice No. 4956 & 4961
1.
Gazette Notice no. 4956
Appointment of the Presidential Returning Officer for the
General Election scheduled to be held on 9th August, 2022
2.
Gazette Notice no. 4961
Appointment of County and Constituency Returning
Officers for the General Election scheduled to be held on
9th August, 2022
Uploaded on: Wed 4th May, 2022
No of downloads: 4
View / Download
Gazette Notice No. 4954, 4955, 4956, 4957, 4958, 4959 and 4960
1.
Suspension of continuous voter registration availability of the register of voters for verification
2.
Availability of the register of voters for verification
3.
Appointment of the presidential returning officer for the
General election scheduled to be held on 9th august, 2022
4.
Presidential election - corrigenda
5.
Presidential election - addendum
6.
Elections for county governors - corrigenda
7.
Elections for county governors - addendum
Uploaded on: Mon 2nd May, 2022
No of downloads: 2
View / Download
Gazette Notice No. 430, 431, 432, 433, 434 and 435
1.	Gazette Notice No. 430
Presidential Election
2.	Gazette Notice No. 431
Election for Members of the National Assembly
3.	Gazette Notice No. 432
Election for Members of Senate
4.	Gazette Notice No. 433
Election for the County Woman Member to the National Assembly
5.	Gazette Notice No. 434
Elections for County Governors
6.	Gazette Notice No. 435
Notice of Election for Members of the County Assemblies
Uploaded on: Fri 21st Jan, 2022
No of downloads: 12
View / Download
Gazette Notice No. 191, 192, 193, 194, 195 & 196
1.	Gazette Notice No. 191
The Election (Registration of Voters) Regulations
2.	Gazette Notice No. 192
The Election (Registration of Voters) Regulations Appointment of Registration Officers and Assistant Officers
3.	Gazette Notice No. 193
Appointment of Registration Officers and Assistant Registration Officers for Purposes of Registration of Kenyan Citizens Residing Outside Kenya
4.	Gazette Notice No. 194
Registration Centres for The Registration of Kenyan Citizens Residing Outside Kenya
5.	Gazette Notice No. 195
The Election (Registration of Voters) Regulations
6.	Gazette Notice No. 196
Corrigenda - The Election (Registration of Voters) Regulations - Registration Centres
Uploaded on: Mon 17th Jan, 2022
No of downloads: 2
View / Download
Gazette Notice No. 10439, 10440  &  10441
1. Gazette Notice No. 10439
Corrigenda - Nominated Candidates for Members of County Assemblies for Kiagu Ward in Meru County Assembly and Nguu/Masumba Ward in Makueni County Assembly Scheduled to be held on 14th October, 2021
2. Gazette Notice No. 10440
Appointment of Returning and Deputy Returning Officers for Purposes of the By–election of Member of Mahoo Ward in Taita Taveta County Assembly Scheduled to be held on 16th December, 2021
3. Gazette Notice No. 10441
Appointment of Registration Officers and Assistant Registration Officers
Uploaded on: Fri 14th Jan, 2022
No of downloads: 6
View / Download
Gazette Notice No. 14131
Declaration of Persons Elected as Members of County Assemblies for Kiagu and Mahoo Wards in Meru and Taita Taveta County Assemblies, respectively, during the By-elections held on 16th December, 2021
Uploaded on: Tue 4th Jan, 2022
No of downloads: 0
View / Download
GAZETTE NOTICE NO. 13123 & 13124
GAZETTE NOTICE NO. 13123
Certifying the Completion of Revision of the Register of Voters for Member of Mahoo County Assembly Ward in
Taita Taveta County Assembly Scheduled to be Held on I6th December, 2021
GAZETTE NOTICE NO. 13124
Voter polling Stations for the Member of Mahoo County assembly Ward in Taita Taveta
County Assembly Scheduled to be Held on 16th December, 2021
Uploaded on: Thu 9th Dec, 2021
No of downloads: 3
View / Download
Gazette Notice No. 12824
Appointment of County Returning Officer for Clearance of the Deputy County Governor, Nairobi City County
Uploaded on: Wed 1st Dec, 2021
No of downloads: 0
View / Download
Gazette Notice No. 12536 & Gazette Notice No. 12537
Gazette Notice No. 12536
Nominated Candidates for the By-Election of Member of County Assembly for Mahoo Ward in Taita Taveta County Assembly Scheduled to be held on 16th December, 2021
Gazette Notice No. 12537
Tallying Centre for the By-Election of Member of County Assembly for Mahoo Ward in Taita Taveta County Assembly Scheduled to be held on 16th December, 2021
Uploaded on: Wed 1st Dec, 2021
No of downloads: 0
View / Download
Gazette Notice No. 11478
Date of by-election for Member of the County Assembly for Kiagu Ward- Meru County scheduled to be held on 16th December, 2021.
Uploaded on: Wed 27th Oct, 2021
No of downloads: 0
View / Download
Gazette Notice No. 11204 &  11205
Gazette Notice No.. 11204
Declaration of the Person Elected as Member of Nguu/Masumba Ward in Makueni County Assembly during the By- election Held on 14th October, 2021.
Gazette Notice No. 11205
Corrigenda - Registration Centres
Uploaded on: Sat 23rd Oct, 2021
No of downloads: 1
View / Download
Gazette Notice No. 11123
Persons Scheduled to Participate in the Party Primary for United Democratic Alliance Party Scheduled to be held on 16th October, 2021
Uploaded on: Mon 18th Oct, 2021
No of downloads: 0
View / Download
Gazette Notice No. 11123
Persons Scheduled to Participate in the Party Primary for United Democratic Alliance Party Scheduled to be held on 16th October, 2021
Uploaded on: Mon 18th Oct, 2021
No of downloads: 1
View / Download
Gazette Notice No. 10723
Revocation of the Notice of Contributions and Spending Limits for Political Parties and Candidates for Purposes of the General Election Scheduled to be held on 9th August, 2022
Uploaded on: Sat 9th Oct, 2021
No of downloads: 0
View / Download
Gazette Notice No. 10440, Gazette Notice No. 10441 & Gazette Notice No. 10442
1.Gazette Notice No. 10440:
Appointment of Returning and Deputy Returning Officers for Purposes Of The By–Election of Member of Mahoo Ward in Taita Taveta County Assembly Scheduled to be held on 16th December, 2021
2. Gazette Notice No. 10441
Appointment of Registration Officers and Assistant Registration Officers
3. Gazette Notice No. 10441
Registration Centres
Uploaded on: Thu 7th Oct, 2021
No of downloads: 1
View / Download
Gazette Notice No. 10023
By-election for Member of the County Assembly for Mahoo Ward in Taita Taveta County Assembly Scheduled to be held on 16th December, 2021.
Uploaded on: Sun 26th Sep, 2021
No of downloads: 1
View / Download
Gazette Notice No. 9991
Re-Allocation of Special Seats - Nominated Member to the Senate - Corrigenda
Uploaded on: Fri 24th Sep, 2021
No of downloads: 1
View / Download
Gazette Notice No. 9214, 9215, 9216, 9217, 9218
1.	Nominated Candidates for Members of County Assemblies for Kiagu Ward in Meru County Assembly and Nguu/Masumba Ward in Makueni County Assembly Scheduled to be held on 14th October, 2021
2.	Declaration of No Contest for Eldas Ward Wajir County Assembly By-election Scheduled to be held on 14th October, 2021
3.	Certifying that the Revision of the Register of Voters for the By-Elections Scheduled to be held on 14th October, 2021 has been completed
4.	Voter Polling Stations for the By-elections Scheduled to be held on 14th October, 2021
5.	Tallying Centres for the By-Elections Scheduled to the held on 14th October, 2021
Uploaded on: Fri 10th Sep, 2021
No of downloads: 1
View / Download
Gazette Notice No. 8166, 8167 & 8168
Gazette Notice No. 8166 -
Persons Scheduled to Participate in the Party Primary for Maendeleo Chap Chap Party Scheduled to be held on 16th August, 2021
Gazette Notice No.8167 -
Persons Scheduled to Participate in the Party Primary for United Democratic Alliance Party Scheduled to be held on 14th August, 2021
Gazette Notice No.8168 -
Persons Scheduled to Participate in the Party Primary for Wiper Democratic Movement—Kenya Party Scheduled to be held on 13th August, 2021
Uploaded on: Wed 18th Aug, 2021
No of downloads: 1
View / Download
Gazette Notice No. 8024
Spending Limits for Political parties and candidates for purposes of General Elections
Uploaded on: Mon 9th Aug, 2021
No of downloads: 3
View / Download
Gazette Notice No. 7618
Corrigenda - Appointment of Returning and Deputy Returning Officers for Purposes of the By–elections Of Members of Eldas, Kiagu and Nguu/Masumba Wards of Wajir, Meru and Makueni County Assemblies scheduled to be held on 14th October, 2021
Uploaded on: Fri 30th Jul, 2021
No of downloads: 1
View / Download
Gazette Notice No. 7517 & 7518
Declaration of Persons Elected as Member of the National Assembly for Kiambaa Constituency and Member for Muguga Ward, Kiambu County Assembly during the By-Elections held on 15th July, 2021
Uploaded on: Wed 28th Jul, 2021
No of downloads: 0
View / Download
Gazette Notice No. 7520 & 7521
By-elections for Members of the County Assemblies for Eldas, Kiagu and Nguu/Masumba Wards in Wajir, Meru and Makueni County Assemblies to be held on 14th October, 2021
Uploaded on: Wed 28th Jul, 2021
No of downloads: 0
View / Download
Gazette Notice No. 6201, 6202 and 6203
1. Certifying the Completion of Revision of the Register of Voters,
2. Voter Polling Stations and
3. Tallying Centres for the By-Election Scheduled to be held on 15th July, 2021
Uploaded on: Mon 28th Jun, 2021
No of downloads: 3
View / Download
Gazette Notice No. 5627 - Nominated Candidates for Member of the National Assembly for Kiambaa Constituency and Member of County Assembly for Muguga Ward in Kiambu County Scheduled to be held on 15th July, 2021
Uploaded on: Wed 9th Jun, 2021
No of downloads: 2
View / Download
Gazette Notice No. 4598 - The Judgment in the Political Parties Disputes Tribunal at Nairobi Complaint No. E002 of 2021 Nominated Member to the Senate
Gazette Notice No. 4600
Names and Symbols of Persons Intending to Contest as Independent Candidates for the By-election of Member of the National Assembly for Kiambaa Constituency, scheduled on 15th July, 2021
Uploaded on: Sun 16th May, 2021
No of downloads: 1
View / Download
Gazette Notice No. 4402 - Tallying Centres for the By-Elections Scheduled for Members of the National Assembly for Juja and Bonchari Constituencies and Member of Nyandarua County Assembly Rurii Ward Scheduled to be held on 18th May, 2021
GAZETTE Notice No.: 4403
Notice Certifying the Completion of Revision of the Register of Voters for Members of the National Assembly-Juja and Bonchari Constituencies and Rurii County Assembly Ward for the By-Elections Scheduled to be held on 18th May, 2021
Uploaded on: Mon 10th May, 2021
No of downloads: 1
View / Download
Gazette Notice No. 8543 - Declaration of Persons Elected as Member of the National Assembly, Baringo South Constituency and County Assembly Members for North Kadem and Bobasi Chache Wards in Migori and Kisii County Assemblies Respectively, during the by–election held on 17th August, 2018
Uploaded on: Thu 6th May, 2021
No of downloads: 0
View / Download
Gazette Notice No. 11970 - Declaration of Person Elected as Member to the National Assembly Kitui West Constituency
Uploaded on: Thu 6th May, 2021
No of downloads: 0
View / Download
Gazette Notice No. 11970 - Declaration of Person Elected as Member for Batalu Ward in Wajir County Assembly after the By-Election Held on 18th December, 2019
Uploaded on: Thu 6th May, 2021
No of downloads: 0
View / Download
Gazette Notice No. 10054 - Declaration of Persons Elected as Members for Ganda, Abakaile, Loiyangalani and Mutonguni Wards in Kilifi, Garissa, Marsabit and Kitui County Assemblies, Respectively, after the by-elections held on 17th October, 2019
Uploaded on: Thu 6th May, 2021
No of downloads: 0
View / Download
Gazette Notice No. 10913 - Declaration of Persons Elected as Member of the National Assembly, Msambweni Constituency and Members of County Assembly for Kahawa Wendani, Kisumu North, Dabaso, Wundanyi/ Mbale, Gaturi and Lake View Wards in Kiambu, Kisumu, Kilifi, Taita Taveta, Murang’a and Nakuru County Assemblies Respectively During the by– Elections Held on 15th December, 2020.
Uploaded on: Thu 6th May, 2021
No of downloads: 0
View / Download
Gazette Notice No. 11488 - Declaration of Person Elected as Member of the National Asssembly Kitutu Chache South Constituency and Persons Elected as Members of the County Assemblies; Masalani and Bogichora Wards in Garissa and Nyamira County Assemblies Respectively during the by–Election held on the 7th November, 2017
Uploaded on: Thu 6th May, 2021
No of downloads: 1
View / Download
Gazette Notice No. 4195 - Clearance of Nominee for Position of Deputy County Governor, Kericho County
Uploaded on: Wed 5th May, 2021
No of downloads: 0
View / Download
GAZETTE NOTICE NO. 4000 -Parliamentary and County Assembly By-Elections of Member of the National Assembly, Kiambaa Constituency and Member of County Assembly, Muguga Ward, Kiambu County, Respectively, Scheduled to be held on 15th July, 2021
Uploaded on: Mon 26th Apr, 2021
No of downloads: 1
View / Download
GAZETTE NOTICE NO. 3191 - Nominated Candidates for Members of the National Assembly for Juja and Bonchari Constituencies, Member of Rurii Ward in Nyandarua County Assembly Scheduled to Be Held On 18th May, 2021
Uploaded on: Thu 8th Apr, 2021
No of downloads: 2
View / Download
GAZETTE NOTICE NO. 3189 - Declaration of No Contest for Garissa Senate By–Election Scheduled To Be Held On 18th May, 2021
Uploaded on: Wed 7th Apr, 2021
No of downloads: 0
View / Download
Gazette Notice No. 2750 - Declaration of the Person Elected as Member of the Senate, Machakos County During the By-election held on 18th March, 2021
Uploaded on: Tue 23rd Mar, 2021
No of downloads: 0
View / Download
Gazette Notice No. 2748 - Addendum
Uploaded on: Sat 20th Mar, 2021
No of downloads: 0
View / Download
Gazette Notice No. 2606, 2607 and 2608
1.	Aspirants Scheduled to Participate in the Party Primary for Jubilee Party for Juja Constituency, Kiambu County, scheduled to be held on 20th March, 2021
2.	Names and Symbols of Independent Candidates to Participate in the By- Elections for Purposes of the By–elections of Member of the Senate –Garissa County, Members of National Assembly Bonchari and Juja Constituencies and Member of Nyandarua County Assembly for Rurii Ward Scheduled To Be Held On 18th May, 2021.
3.	Appointment of Returning and Deputy Returning Officers for Purposes of the By–elections of Member of the Senate, Garissa County and Members of National Assembly Bonchari and Juja Constituencies and Member of Nyandarua County Assembly for Rurii Ward Scheduled To Be Held On 18th May, 2021.
Uploaded on: Thu 18th Mar, 2021
No of downloads: 0
View / Download
Declaration of Persons Elected as MNA for Matungu and Kabuchai Constituencies and MCA for Huruma Ward, Hells Gate Ward, London Ward, Kiamokama Ward and Kitise/Kithuki Ward During the By-Elections held on 4th March, 2021
Uploaded on: Mon 8th Mar, 2021
No of downloads: 0
View / Download
Gazette Notice No. 2073, 2074, 2075, 2076 & 2077
Tallying Centres for the on 4th March, 2021 By-elections
Tallying Centres for The Member of Senate, Machakos County By-Election
By-Elections for Member of the Senate, Garissa County, Members of the National  Ssembly, Bonchari and Juja Constituencies and Member of Rurii Ward, Nyandarua County Assembly Scheduled to be held on 18th May, 2021
Uploaded on: Wed 3rd Mar, 2021
No of downloads: 3
View / Download
Gazette Notice No 1538 1539 1540 1541 1542
1. Nominated Candidates & Tallying Centres for the 4th March, 2021 By-elections
2. Nominated Candidates, Tallying Centres and Voter Polling Stations for the Member of Parliament for Machakos Senate By-Election
Uploaded on: Tue 16th Feb, 2021
No of downloads: 1
View / Download
Gazette Notice No. 93 - Appointment of County Returning Officer, Nyamira County for the Clearance of the Deputy County Governor
Uploaded on: Fri 15th Jan, 2021
No of downloads: 3
View / Download
Gazette Notice No:238 -Notice of By-Election for Member of the Senate ,Machakos County Scheduled to be Held on 23rd March,  2021
Uploaded on: Tue 29th Dec, 2020
No of downloads: 1
View / Download
Gazette Notice No.:10914 - Notice of By-Election for County Governor, Nairobi City County Scheduled to be Held on 18th February, 2021
Uploaded on: Wed 23rd Dec, 2020
No of downloads: 4
View / Download
Gazette Notice No. 10910, 10911, 10912 and 10913
1. Gazette Notice No. 10910:
Corrigenda
2. Gazette Notice No. 10911:
Parliamentary By-Election for Member of the National Assembly, Kabuchai Constituency Scheduled to be Held On 4th March, 2021
3. Gazette Notice No. 10912:
Appointment of Returning and Deputy Returning Officers for purposes of the by–elections
4. Gazette Notice No. 10913:
Declaration of Persons Elected
Uploaded on: Mon 21st Dec, 2020
No of downloads: 0
View / Download
Gazette Notice No. 10689 - Matungu Constituency and MCA By-elections Scheduled 4th March 2021
By-Elections for Member of the National Assembly for Matungu Constituency and Members Of County Assembly for Huruma Ward in Uasin Gishu County, Hell’s Gate Ward in Nakuru County, London Ward in Nakuru County, Kiamokama Ward in Kisii County and Kitise/Kithuku Ward in Makueni County Scheduled To Be Held on 4th March, 2021
Uploaded on: Wed 16th Dec, 2020
No of downloads: 7
View / Download
Gazette Notice - Voter Polling Stations for the By-Elections Scheduled to be held on 15th December, 2020
GAZETTE NOTICE NO. 10170
Uploaded on: Thu 3rd Dec, 2020
No of downloads: 0
View / Download
Gazette Notice - Names and Symbols for Independent Candidates - Corrigenda to the Schedule, Tallying Centres for the By-Elections and Nominated Candidates for the By-Elections Scheduled to be Held on 15th December, 2020
Uploaded on: Tue 3rd Nov, 2020
No of downloads: 0
View / Download
Gazette Notice Publishing Party Primary Aspirants and Independent Candidates for the 15 December, 2020 By-elections
Uploaded on: Mon 5th Oct, 2020
No of downloads: 0
View / Download
Gazette Notice- Returning Officers and Addendum to the 15th December, 2020 By-Elections
Uploaded on: Wed 23rd Sep, 2020
No of downloads: 0
View / Download
Gazette Notice Publishing Date for Upcoming By-Elections and Certification of the Register as at 31st December, 2019
Uploaded on: Thu 17th Sep, 2020
No of downloads: 3
View / Download
Gazette Notice Vol. CXXII No. 26 - 7th February, 2020
Gazette Notice No. 913- Appointment of CRO for clearing the Deputy County Governor Nairobi City County,
Gazette Notice No. 914- Corrigenda Nominated Members to the county Assembly of Taita Taveta, Gazette Notice No. 915- By- Election for Dabaso County Assembly Ward Member- Kilifi County - 29th April, 2020, Gazette Notice No. 916- Re-allocation of special seats Nominated members Nyandarua, Kilifi and Homabay, Gazette Notice No. 917- Appointment Returning Officers for the by-election in Dabaso – 29th April, 2020
Uploaded on: Fri 7th Feb, 2020
No of downloads: 11
View / Download
Appointment of the County Returning Officer for Bomet  County
Gazette Notice No. 11444
Uploaded on: Mon 16th Dec, 2019
No of downloads: 3
View / Download
Gazette Vol 155 Special IEBC Kibra
Gazette Notice No. 10742
Declaration of Person Elected as Member of the National Assembly in Kibra Constituency
Gazette Notice No. 10743
Nominated Candidates for the Batalu County Assembly Ward By-Election
Gazette Notice No. 10744
Tallying Centre for the Batalu County Assembly Ward By-Election
Uploaded on: Thu 14th Nov, 2019
No of downloads: 3
View / Download
Gazette Notice No. 10367 and Gazette Notice No. 10368
Gazette Notice No. 10367 -
Appointment of RO and DRO for the purpose of the by-election for Batalu CAW
&
Gazette Notice No. 10368 -
Voter Polling Stations for the Member of National Assembly Kibra Constituency, by-Election scheduled to be held on 7th November, 2019
Uploaded on: Tue 5th Nov, 2019
No of downloads: 6
View / Download
Gazette Notices: Certifying that the revision of the register of voters has been completed for purposes of the by-election for Kibra constituency scheduled to be held on 7th November, 2019
GAZETTE NOTICE NO. 10055,
GAZETTE NOTICE No. 10056 &
GAZETTE NOTICE NO. 10054
Uploaded on: Mon 28th Oct, 2019
No of downloads: 10
View / Download
Gazette Notice for Batalu CAW By-election, Nominated Candidates for the Kibra MNA By-election and Tallying Centre for Kibra MNA By-election
Uploaded on: Thu 3rd Oct, 2019
No of downloads: 7
View / Download
Gazette Vol CXXI-No-122 Corrigenda-Nominated Candidates for the By-Elections Scheduled to be held on 17th October, 2019
Uploaded on: Tue 17th Sep, 2019
No of downloads: 13
View / Download
Gazette Vol. 115 16-8-19 Special (IEBC Corrigenda)
Gazette Vol. 115 16-8-19 Special (IEBC Corrigenda)
Uploaded on: Tue 3rd Sep, 2019
No of downloads: 7
View / Download
Appointment of Returning and Deputy Returning Officers for purposes of the by-election for Member of the National Assembly for Kibra Constituency scheduled to be held on 7th November, 2019
Uploaded on: Thu 22nd Aug, 2019
No of downloads: 14
View / Download
Names and symbols of independent candidates to participate in the by-elections for county assembly members for Abakaile (Garissa County), Loiyangalani (Marsabit County), Ganda (Kilifi County) and Mutonguni (Kitui County)  county assemblies respectively scheduled to be held on 17th october, 2019
Uploaded on: Thu 22nd Aug, 2019
No of downloads: 19
View / Download
Notice of by-election for Member of the National Assembly for Kibra Constituency scheduled to be held on 7th November, 2019
Uploaded on: Mon 19th Aug, 2019
No of downloads: 7
View / Download
Gazette Notice for Abakaile (Garissa County), Loiyangalani (Marsabit County), Ganda (Kilifi County) and Mutonguni (Kitui County) By-election to be held on 17th October, 2019
Uploaded on: Fri 19th Jul, 2019
No of downloads: 25
View / Download
Gazette Notice No. 1039 and 1039
Gazette Notice No. 1039:
Notice of by-election for Member of National Assembly for Wajir West Constituency  scheduled to be held April 25th 2019.
Gazette Notice No. 1040:
Appointment of Returning Officer and Deputy Returning Officer for Wajir West Constituency  scheduled to be held April 25th 2019
Uploaded on: Wed 6th Feb, 2019
No of downloads: 22
View / Download
Gazette Notice No. 194 & 195
Notice of By-Elections for Members of the National Assembly for Embakasi South and Ugenya Constituencies and County Assembly Ward Member for Lelan Ward, Elegeyo Marak Wet County Assembly Scheduled To Be Held On 5th April, 2019
Uploaded on: Wed 23rd Jan, 2019
No of downloads: 15
View / Download
List of Nomination Candidates Baringo South, North Kadem and Bobasi By-elections
Uploaded on: Mon 2nd Jul, 2018
No of downloads: 32
View / Download
Gazette Notice - Notice of Parliamentary By-Election for Member of National Assembly - Kitui West Constituency scheduled to be held on 26th March 2018
Uploaded on: Fri 5th Jan, 2018
No of downloads: 16
View / Download
GAZETTE NOTICE-KITUTU CHACHE SOUTH,BOGICHORA AND MASALANI WARDS
GAZETTE NOTICE- KITUTU CHACHE SOUTH, BOGICHORA AND MASALANI WARDS
Uploaded on: Mon 4th Sep, 2017
No of downloads: 55
View / Download
Gazette Vol. 124–28–8–2017 Special IEBC Nominated MCAs Final List
Gazette Vol. 124–28–8–2017 Special IEBC Nominated MCAs Final List
Uploaded on: Tue 29th Aug, 2017
No of downloads: 1912
View / Download
Gazette Vol. 123–25–8–2017 Special (Speakers, Nominated MPs) Final List
Gazette Vol. 123–25–8–2017 Special (Speakers, Nominated MPs) Final List
Uploaded on: Mon 28th Aug, 2017
No of downloads: 474
View / Download
Gazette Vol. 121-22-8-2017 Special
Gazette Vol. 121-22-8-2017 Special
Uploaded on: Thu 24th Aug, 2017
No of downloads: 626
View / Download
Gazette Vol. 118–18–8–2017 - Gazettement of Elected Officials (4795 - 4800)
Gazette Vol. 118–18–8–2017 - Gazettement of Elected Officials (4795 - 4800)
Uploaded on: Mon 21st Aug, 2017
No of downloads: 692
View / Download
Gazette Vol. 95 14-7- 2017. Corrigenda. Nominated
Gazette Vol. 95 14-7- 2017. Corrigenda. Nominated
Uploaded on: Thu 20th Jul, 2017
No of downloads: 745
View / Download
Gazette Vol. 84 27- 6- 2017. Completion of Register
Gazette Vol. 84 27- 6- 2017. Completion of Register
Uploaded on: Thu 20th Jul, 2017
No of downloads: 119
View / Download
Appointment of National Returning Officers and Diaspora Voter Verification
Appointment of National Returning Officers and Diaspora Voter Verification
Uploaded on: Tue 27th Jun, 2017
No of downloads: 154
View / Download
Gazette Notice - Party List Formula and Submission Rules
Gazette Notice - Party List Formula and Submission Rules
Uploaded on: Sat 10th Jun, 2017
No of downloads: 141
View / Download
Gazette Vol. 60–10–5–2017 Special Issue
Uploaded on: Fri 12th May, 2017
No of downloads: 2303
View / Download
Gazette Notice - County & Constituency Returning Officers 2017
Gazette Notice - County & Constituency Returning Officers 2017
Uploaded on: Tue 9th May, 2017
No of downloads: 1210
View / Download
Gazette Vol. 49–13–4–2017 Special (IEBC) Party Primaries
List of candidates contesting in party primaries.
Uploaded on: Tue 18th Apr, 2017
No of downloads: 1897
View / Download
Notice of General Election for Presidential, Parliamentary, County Governor and County Assemblies
Notice of General Election for Presidential, Parliamentary, County Governor and County Assemblies
Uploaded on: Wed 29th Mar, 2017
No of downloads: 2010
View / Download
Gazette Vol. 26–27–2–2017 Special IEBC Suspension of Voter Registration, Centers for Prisons Diaspora, ROs, AROs for Prisons and Diaspora
Gazette Vol. 26–27–2–2017 Special IEBC Suspension of Voter Registration, Centers for Prisons Diaspora, ROs, AROs for Prisons and Diaspora
Uploaded on: Thu 2nd Mar, 2017
No of downloads: 421
View / Download
SUSPENDED: Gazette Notice- Limits on 2017 Elections Campaign Financing
SUSPENDED: Gazette Notice- Limits on 2017 Elections Campaign Financing
Uploaded on: Tue 28th Feb, 2017
No of downloads: 567
View / Download
×
Delete Parmanently
Cancel
Yes
×
Delete Parmanently
Cancel
×
Ask a question
Close
×
Job Description
Cancel"
iebc,Governance,https://www.iebc.or.ke/media/?press,2026-07-10,"ERROR: HTTPSConnectionPool(host='www.iebc.or.ke', port=443): Read timed out. (read timeout=20)",
iebc,Governance,https://www.iebc.or.ke/media/?speeches,2026-07-10,OK (SSL verification skipped (site has cert issues)),"IEBC - media
Media  links
Press Releases
Speeches
IEBC News
Speeches
Presentation by Mr. Erastus Edung Ethekon, HSC The Chairperson of the Independent Electoral and Boundaries Commission (IEBC) On Election Management and Preparedness for the 2027 General Election
Uploaded on: Fri 30th Jan, 2026
No of downloads: 48
View / Download
Commission Secretary-CEO Remarks during the Stakeholders Engagement Forum in Mombasa County at Mombasa Beach Hotel on 13th August 2025
Uploaded on: Wed 13th Aug, 2025
No of downloads: 21
View / Download
Chairperson’s Remarks during the Stakeholders’  Engagement Forum in Mombasa County at Mombasa Beach Hotel on 13th August 2025
Uploaded on: Wed 13th Aug, 2025
No of downloads: 11
View / Download
Commission Chairperson’s Remarks During the Consultative Round Table Meeting between IEBC and the Media on Wednesday, 6th August, 2025
Uploaded on: Wed 6th Aug, 2025
No of downloads: 22
View / Download
The Inaugural Speech of the IEBC Chairperson during the Swearing-In Ceremony of IEBC Chairperson and Members of the Commission held on 11th July 2025 at the Supreme Court of Kenya
Uploaded on: Fri 11th Jul, 2025
No of downloads: 21
View / Download
Chairman’s Remarks during the Launch of the 2022 Post Election Evaluation Report held at the Safari Park Hotel on Monday 16th January 2023
Uploaded on: Mon 16th Jan, 2023
No of downloads: 79
View / Download
Chairman's Message of Condolence on the Demise of Mr. Daniel Mbolu Musvoka, a Senior Election Officer and Constituency Returning Officer of the IEBC which occurred around 15th August 2022
Uploaded on: Fri 26th Aug, 2022
No of downloads: 50
View / Download
Remarks by the Chairman, Wafula Chebukati to the Nation on 8th August 2022
Uploaded on: Mon 8th Aug, 2022
No of downloads: 231
View / Download
Speech by the Chief Justice and President of the Supreme Court of Kenya During the National Elections Conference 2022, Kicc, 11th July 2022
Uploaded on: Mon 11th Jul, 2022
No of downloads: 121
View / Download
Chairman’s Keynote Address during the National Election Conference 2022, held on the 11th And 12th July 2022 at the Kenyatta National Conference Centre
Uploaded on: Mon 11th Jul, 2022
No of downloads: 108
View / Download
Opening remarks by Wafula Chebukati, the Chairman of IEBC during the launch of the Dispute Resolution Committee Hearings arising from Nomination of Candidates
Uploaded on: Sat 11th Jun, 2022
No of downloads: 63
View / Download
Chairman’s Remarks on Election Preparedness at Bomas of Kenya on May 30th 2022
Uploaded on: Tue 31st May, 2022
No of downloads: 83
View / Download
Keynote Address by the Presidential Returning Officer During Pre-nomination Meeting with Presidential Aspirants Held at the Bomas of Kenya on 23rd May 2022
Uploaded on: Mon 23rd May, 2022
No of downloads: 49
View / Download
Presentation during National Conference on the state of Electoral Preparedness for the 2022 General Elections (GE) in Kenya- Forum Organised By ELOG From 16th -17 Dec.,2021 - Bomas Of Kenya
Uploaded on: Fri 17th Dec, 2021
No of downloads: 80
View / Download
Chairman's Remarks During an Engagement Forum with the National Council of Churches of Kenya Held at Jumuia Conference and Country Home, Limuru and Virtual Platform on Wednesday 8th December 2021
Uploaded on: Thu 9th Dec, 2021
No of downloads: 45
View / Download
Keynote Address by the Chairman Mr. Wafula Chebukati during the Official National Launch of the Enhanced Continuous Voter Registration Exercise held at Nakuru Athletic Club on Monday October 4th 2021
Uploaded on: Mon 4th Oct, 2021
No of downloads: 89
View / Download
Keynote Address by the Chairman Mr. Wafula Chebukati During the Official Opening of the Political Parties Liaison Committee Engagement Forum Held at Hermosa Garden & Spa, Karen Nairobi On Friday October 1st, 2021
Uploaded on: Fri 1st Oct, 2021
No of downloads: 41
View / Download
Rev. Father Joseph Mutie Speech During the Faith Based Organizations (FBOs) Engagement forum held on Wednesday September 22nd, 2021
Uploaded on: Wed 22nd Sep, 2021
No of downloads: 10
View / Download
Chairman’s Remarks During the Faith Based Organizations (FBOs) Engagement forum held at Hermosa Garden Hotel and Spa, Karen on Wednesday September 22nd, 2021
Uploaded on: Wed 22nd Sep, 2021
No of downloads: 25
View / Download
IEBC-Chairman-Speech-During-Launch-of-AVEW
Chairman Speech During Launch of AVEW
Uploaded on: Tue 18th Jun, 2019
No of downloads: 87
View / Download
Remarks by IEBC Chairman
During the Launch of the Post-Election Evaluation Report on the 12th of February 2019 at the KICC
Uploaded on: Tue 12th Feb, 2019
No of downloads: 47
View / Download
Remarks by Dr. Willy Mutunga
During the Launch of the Post-Election Evaluation Report on Tuesday, 12th February 2019 at the KICC
Uploaded on: Tue 12th Feb, 2019
No of downloads: 35
View / Download
Chairman Closing Remarks - PPCF PEE WORKSHOP
Uploaded on: Tue 18th Sep, 2018
No of downloads: 28
View / Download
IEBC Chairman Remarks during the Development Partners Post Election Evaluation Forum
Uploaded on: Fri 14th Sep, 2018
No of downloads: 17
View / Download
Chairman's Remarks During CEM Briefing on CVR
Uploaded on: Mon 23rd Jul, 2018
No of downloads: 19
View / Download
Chairman's remarks at the launch of Post Election Evaluation
Uploaded on: Mon 25th Jun, 2018
No of downloads: 16
View / Download
CHAIRMAN'S TALKING POINTS IN RESPECT OF THE DECLARATION OF THE FRESH PRESIDENTIAL ELECTION RESULTS
CHAIRMAN'S TALKING POINTS IN RESPECT OF THE DECLARATION OF THE FRESH PRESIDENTIAL ELECTION RESULTS
Uploaded on: Wed 1st Nov, 2017
No of downloads: 71
View / Download
CHAIRMAN’S REMARKS DURING THE OFFICIAL OPENING OF THE ANNUAL PROSECUTION SERVICE CONVENTION, AT THE KENYA SCHOOL OF GOVERNMENT, NAIROBI
Uploaded on: Thu 22nd Jun, 2017
No of downloads: 75
View / Download
NEC - CHAIRMAN'S REMARKS - 13th June 2017
NEC - CHAIRMAN'S REMARKS - 13th June 2017
Uploaded on: Wed 14th Jun, 2017
No of downloads: 77
View / Download
Launch of The Election Security Arrangement Programme (ESAP)
Launch of The Election Security Arrangement Programme (ESAP)
Uploaded on: Tue 9th May, 2017
No of downloads: 97
View / Download
Remarks by the Chairman IEBC during the Launch of Election Reporting Guidelines for Journalists on Tuesday, 7th March 2017 at Intercontinental Hotel
Uploaded on: Tue 7th Mar, 2017
No of downloads: 116
View / Download
Acceptance Speech by IEBC Chairperson Wafula Chebukati at the Supreme Court of Kenya on 20th January, 2017
I am greatly humbled today as I accept the position of the Chairperson of the Independent Electoral and Boundaries Commission (IEBC). This acceptance is tempered with gratitude and humility because it is indeed an honour and privilege to be vetted, nominated and appointed to lead this great institution.
Uploaded on: Fri 20th Jan, 2017
No of downloads: 252
View / Download
×
Delete Parmanently
Cancel
Yes
×
Delete Parmanently
Cancel
×
Ask a question
Close
×
Job Description
Cancel"
iebc,Governance,https://www.iebc.or.ke/media/?news,2026-07-10,OK (SSL verification skipped (site has cert issues)),"IEBC - media
Media  links
Press Releases
Speeches
IEBC News
×
Delete Parmanently
Cancel
Yes
×
Delete Parmanently
Cancel
×
Ask a question
Close
×
Job Description
Cancel"
iebc,Governance,https://www.iebc.or.ke/resources/?Publications_/_Reports,2026-07-10,OK (SSL verification skipped (site has cert issues)),"IEBC - resources
Downloads Links
Publications / Reports
Party list
Forms
Court Rulings
Boundary Delimitation
By-elections
Accreditation
EMBForumKe2019
Complaint Forms
Draft Amendments to the Election Regulations
Party List, 2022
Publications / Reports
Pre-Election Dispute Report for 2022 General Election
Pre-Election Dispute Report for 2022 General Election
Uploaded on: Wed 8th Jul, 2026
No of downloads: 32
View / Download
Case Digest for 2022 General Election
Case Digest for 2022 General Election
Uploaded on: Wed 8th Jul, 2026
No of downloads: 24
View / Download
Strategic Plan 2024 2029
Uploaded on: Wed 24th Jun, 2026
No of downloads: 205
View / Download
Election Operation Plan (EOP) 2025 - 2027
Uploaded on: Wed 24th Jun, 2026
No of downloads: 273
View / Download
List of Successful Service Providers for Tender No. IEBC/Reg/002/2025-2026
Registration of all the Categories for Goods, Works, and Services for Two Years Ending 30th June 2027
Uploaded on: Mon 18th May, 2026
No of downloads: 126
View / Download
List of Unsuccessful Service Providers for Tender No. IEBC/Reg/002/2025-2026
Registration of all the Categories for Goods, Works, and Services for Two Years Ending 30th June 2027
Uploaded on: Mon 18th May, 2026
No of downloads: 38
View / Download
Data Privacy Notice
Uploaded on: Tue 5th May, 2026
No of downloads: 38
View / Download
GENERAL ADDENDUM TO ALL ADVERTISED TENDERS AS AT 24TH APRIL 2026
Uploaded on: Fri 24th Apr, 2026
No of downloads: 44
View / Download
Administrative Procedures on Recall of Member of County Assembly
Uploaded on: Thu 23rd Oct, 2025
No of downloads: 224
View / Download
IEBC Annual Report FY 2024-2025
Uploaded on: Mon 6th Oct, 2025
No of downloads: 429
View / Download
The Ballot - Issue No. 18
Uploaded on: Mon 4th Aug, 2025
No of downloads: 280
View / Download
The Ballot  - Issue No. 17
Uploaded on: Fri 25th Apr, 2025
No of downloads: 154
View / Download
The Ballot - Issue No. 16
Uploaded on: Mon 17th Feb, 2025
No of downloads: 115
View / Download
List of Successful Service Providers for the provision of goods, services and works for the period ending 30th June 2026
Uploaded on: Thu 23rd Jan, 2025
No of downloads: 329
View / Download
List of Unsuccessful Service Providers for the provision of goods, services and works for the period ending 30th June 2026
Uploaded on: Thu 23rd Jan, 2025
No of downloads: 97
View / Download
IEBC Annual Report FY 2023-2024
Uploaded on: Thu 16th Jan, 2025
No of downloads: 319
View / Download
Annual Report
Uploaded on: Wed 15th Jan, 2025
No of downloads: 178
View / Download
The Ballot - Issue No. 15
Uploaded on: Tue 15th Oct, 2024
No of downloads: 99
View / Download
The Ballot - Issue No. 14
Uploaded on: Fri 5th Jul, 2024
No of downloads: 131
View / Download
Successful law firms for Provision of Legal and Consultancy Services for the period ending 31st December, 2025
Uploaded on: Wed 6th Mar, 2024
No of downloads: 210
View / Download
IEBC Annual Report 2021-2022
Uploaded on: Thu 18th Jan, 2024
No of downloads: 763
View / Download
IEBC Annual Report FY 2020-2021
Uploaded on: Thu 18th Jan, 2024
No of downloads: 89
View / Download
IEBC Annual Report FY 2019-2020
Uploaded on: Thu 18th Jan, 2024
No of downloads: 32
View / Download
IEBC Annual Report FY 2018-2019
Uploaded on: Thu 18th Jan, 2024
No of downloads: 37
View / Download
IEBC Annual Report FY 2017-2018
Uploaded on: Thu 18th Jan, 2024
No of downloads: 52
View / Download
IEBC Annual Report FY 2016-2017
Uploaded on: Thu 18th Jan, 2024
No of downloads: 35
View / Download
IEBC Annual Report FY 2015-2016
Uploaded on: Thu 18th Jan, 2024
No of downloads: 26
View / Download
IEBC Annual Report FY 2012-2013
Uploaded on: Thu 18th Jan, 2024
No of downloads: 50
View / Download
IEBC Annual Report FY 2022-2023
Uploaded on: Thu 18th Jan, 2024
No of downloads: 267
View / Download
About IEBC
Uploaded on: Fri 15th Sep, 2023
No of downloads: 86
View / Download
#GE2022 in Perspective
Uploaded on: Fri 15th Sep, 2023
No of downloads: 293
View / Download
The Ballot - Issue No. 13
Uploaded on: Thu 10th Aug, 2023
No of downloads: 117
View / Download
Information Security Policy Statement
Uploaded on: Tue 20th Jun, 2023
No of downloads: 60
View / Download
List of unsuccessful bidders for Tender No.lEBC/REG/01/2021-2022 for Registration of Suppliers for Provision of Goods, Services and Works for the period ending June 30th 2024
List of unsuccessful bidders for Tender No.lEBC/REG/01/2021-2022 for Registration of Suppliers for Provision of Goods, Services and Works for the period ending June 30th 2024
Uploaded on: Fri 3rd Feb, 2023
No of downloads: 73
View / Download
List of Successful bidders for Tender No. IEBC/REG/01/2021-2022 for Registration of Suppliers for Provision of Goods, Services and Works for the period ending June 30th 2024
List of Successful bidders for Tender No. IEBC/REG/01/2021-2022 for Registration of Suppliers for Provision of Goods, Services and Works for the period ending June 30th 2024
Uploaded on: Fri 3rd Feb, 2023
No of downloads: 112
View / Download
Post Election Evaluation Report for the 9th August, 2022 General Election
#IEBCPEELaunch #IEBCPEE2022 #GE2022
Uploaded on: Mon 16th Jan, 2023
No of downloads: 1391
View / Download
Sample of Correctly Marked Ballot Paper, JPG
Uploaded on: Wed 3rd Aug, 2022
No of downloads: 1417
View / Download
Sample of Correctly marked Ballot Paper
Uploaded on: Wed 3rd Aug, 2022
No of downloads: 668
View / Download
Results Transmission System (RTS) Application Workflow #GE2022
Uploaded on: Fri 15th Jul, 2022
No of downloads: 1756
View / Download
Statutory Elections Results Forms #GE2022
Uploaded on: Fri 15th Jul, 2022
No of downloads: 1547
View / Download
Election Results Transmission Path #GE2022
Uploaded on: Fri 15th Jul, 2022
No of downloads: 1512
View / Download
Ujumbe Kwa Mpiga Kura Kwenye Uchaguzi Mkuu #GE2022
Uploaded on: Fri 15th Jul, 2022
No of downloads: 392
View / Download
Utaratibu wa Kupiga Kura #GE2022
Uploaded on: Fri 15th Jul, 2022
No of downloads: 245
View / Download
The Voting Process #GE2022
Uploaded on: Fri 15th Jul, 2022
No of downloads: 717
View / Download
Utaratibu wa Kupiga Kura
Uploaded on: Fri 15th Jul, 2022
No of downloads: 215
View / Download
Election Dispute Resolution Booklet FAQs 2022
Uploaded on: Mon 27th Jun, 2022
No of downloads: 626
View / Download
Guidelines on Addressing Violations of the Electoral Code of Conduct and Resolving Electoral Disputes and complaints
Uploaded on: Mon 27th Jun, 2022
No of downloads: 295
View / Download
Political Parties Certified as Compliant by the Commission for the 2022 General Elections Pursuant to Section 27 of the Elections Act
Uploaded on: Wed 2nd Mar, 2022
No of downloads: 1076
View / Download
ELECTORAL CODE OF CONDUCT ENFORCEMENT RULES
Uploaded on: Wed 26th Jan, 2022
No of downloads: 0
View / Download
Updated - Elections Operations Plan (EOP)
Uploaded on: Mon 17th Jan, 2022
No of downloads: 2394
View / Download
ELECTION CAMPAIGN FINANCING (AMENDMENT) BILL, 2020
Uploaded on: Thu 17th Jun, 2021
No of downloads: 1004
View / Download
THE INDEPENDENT ELECTORAL AND BOUNDARIES (AMENDMENT) BILL, 2020
Uploaded on: Thu 17th Jun, 2021
No of downloads: 615
View / Download
REFERENDUM BILL, 2020
Uploaded on: Thu 17th Jun, 2021
No of downloads: 254
View / Download
Elections Operations Plan (EOP)
Uploaded on: Tue 15th Jun, 2021
No of downloads: 2523
View / Download
IEBC Strategic Plan 2020 -2024
Uploaded on: Tue 15th Jun, 2021
No of downloads: 2415
View / Download
The Ballot - Issue No. 11
Uploaded on: Mon 15th Mar, 2021
No of downloads: 669
View / Download
Electoral Law Reform in Kenya: The IEBC Experience
Uploaded on: Wed 21st Oct, 2020
No of downloads: 632
View / Download
Protocols for Conducting Electoral Activities in the Covid-19 Context
Uploaded on: Mon 19th Oct, 2020
No of downloads: 480
View / Download
Data Report of 2017 Elections
Uploaded on: Fri 22nd May, 2020
No of downloads: 3505
View / Download
Analysis and Recommendation by IEBC on the Building Bridges to Unity Advisory Taskforce (BBI) Report
Uploaded on: Mon 17th Feb, 2020
No of downloads: 702
View / Download
The Ballot Issue No. 10
Uploaded on: Wed 21st Aug, 2019
No of downloads: 201
View / Download
IEBC Service Charter
Uploaded on: Thu 4th Jul, 2019
No of downloads: 246
View / Download
List of Successful and Unsuccessful Suppliers
For Tender No. 01/2018-2019 for Supply Of Goods, Works and Services for the Period Ending 30th June, 2020
Uploaded on: Tue 30th Apr, 2019
No of downloads: 448
View / Download
PEE Report
Post Election Evaluation Report for the 8th, August 2017 General Election and 26th, October, 2017 Fresh Presidential Elections
Uploaded on: Tue 12th Feb, 2019
No of downloads: 757
View / Download
Accreditation of  Observers for the  Migori County and Central Sakwa County Assembly Ward By-elections
The Independent Electoral and Boundaries Commission (IEBC), is in the process of accrediting short-term observers for the Migori County Senatorial and Central Sakwa Ward (Siaya County) By-elections to be held on 8th October, 2018.
Uploaded on: Thu 6th Sep, 2018
No of downloads: 70
View / Download
IIEC Exit Report
Uploaded on: Wed 18th Jul, 2018
No of downloads: 285
View / Download
IEBC Strategic Plan 2015 2020
Making the Vote Count for Our Common Prosperity
Uploaded on: Tue 13th Feb, 2018
No of downloads: 492
View / Download
KIEMS Report Logs by Polling Station for 26th October 2017 - FPE
KIEMS Report Logs by Polling Station for 26th October 2017 - FPE
Uploaded on: Wed 1st Nov, 2017
No of downloads: 2481
View / Download
SUMMARY FINAL FOR ANOUNCEMENT FOR FRESH PRESIDENTIAL ELECTION 2017
SUMMARY FINAL FOR ANOUNCEMENT FOR FRESH PRESIDENTIAL ELECTION 2017
Uploaded on: Wed 1st Nov, 2017
No of downloads: 716
View / Download
Handbook on Frequently Asked Question (FAQs) and Responses
General Elections HandBook for Observers
Uploaded on: Thu 27th Jul, 2017
No of downloads: 1064
View / Download
C.A.  NO. 224 OF 2017 - Ruling of the Courts on Ballot Papers
C.A.  NO. 224 OF 2017 - Ruling of the Courts on Ballot Papers_2
Uploaded on: Fri 21st Jul, 2017
No of downloads: 377
View / Download
Accreditation of Short Term Observers
Accreditation of Short Term Observers
Uploaded on: Tue 4th Jul, 2017
No of downloads: 541
View / Download
Status Updates on Election Preparednesss June 9th - IEBC Chairman Statement
Status Updates on Election Preparednesss June 9th - IEBC Chairman Statement
Uploaded on: Sun 2nd Jul, 2017
No of downloads: 311
View / Download
NEC Program 2017 - 9th June 2017
NEC Program 2017 - 9th June 2017
Uploaded on: Mon 12th Jun, 2017
No of downloads: 722
View / Download
Cause List Dispute Resolution Committee Tue 6th June 2017
Cause List Dispute Resolution Committee Tue 6th June 2017
Uploaded on: Mon 5th Jun, 2017
No of downloads: 561
View / Download
Nomination and Tallying Venues  2017 General Elections
Nomination and Tallying Venues  2017 General Elections
Uploaded on: Fri 19th May, 2017
No of downloads: 1812
View / Download
Handbook on Elective Positions 2017
Handbook on Elective Positions 2017
Uploaded on: Tue 16th May, 2017
No of downloads: 1422
View / Download
Voter Education Training Manual 2017
Voter Education Training Manual 2017
Uploaded on: Tue 16th May, 2017
No of downloads: 1436
View / Download
Voter Education Curriculum 2017
Voter Education Curriculum 2017
Uploaded on: Tue 16th May, 2017
No of downloads: 841
View / Download
Full List of County and Constituency Returning Officers 2017
Full List of County and Constituency Returning Officers 2017
Uploaded on: Mon 8th May, 2017
No of downloads: 3247
View / Download
ODM Rules 2017
ODM Rules 2017
Uploaded on: Wed 26th Apr, 2017
No of downloads: 522
View / Download
MCCP NOMINATION AND ELECTION RULES REVISED
MCCP NOMINATION AND ELECTION RULES REVISED
Uploaded on: Wed 26th Apr, 2017
No of downloads: 289
View / Download
AGENDA RULES 30032017
AGENDA RULES
Uploaded on: Wed 26th Apr, 2017
No of downloads: 186
View / Download
Independent Candidate Registration
Independent Candidate
Uploaded on: Tue 25th Apr, 2017
No of downloads: 950
View / Download
Political Parties Act 2011 (Revised Edition 2015 [2014])
Uploaded on: Wed 1st Mar, 2017
No of downloads: 531
View / Download
Elections Act 2011 (Revised Edition 2016 [2012])
Uploaded on: Wed 1st Mar, 2017
No of downloads: 730
View / Download
Election Results Management Framework - IEBC
Uploaded on: Mon 13th Feb, 2017
No of downloads: 876
View / Download
Election Operations Plan (EOP) 2015-2017
Uploaded on: Mon 13th Feb, 2017
No of downloads: 1013
View / Download
IEBC Annual Report  2014-2015
Uploaded on: Mon 13th Feb, 2017
No of downloads: 364
View / Download
IEBC Annual Report  2013-2014
Uploaded on: Mon 13th Feb, 2017
No of downloads: 378
View / Download
4TH MARCH 2013 GENERAL ELECTION DATA
In compliance with our Constitutional mandate, the IEBC conducted the first
General Election under the Constitution of Kenya, 2010 on 4th March 2013.
Uploaded on: Sat 28th Jan, 2017
No of downloads: 3250
View / Download
×
Delete Parmanently
Cancel
Yes
×
Delete Parmanently
Cancel
×
Ask a question
Close
×
Job Description
Cancel
×
Confirmation
Close"
iebc,Governance,https://www.iebc.or.ke/news/?Launch_of_Pre-Election_Disputes_Resolution_Report_for_2022_General_Election_and_Case_Digest_for_2022_General_Election,2026-07-10,OK (SSL verification skipped (site has cert issues)),"IEBC - news
Popular News
Launch of Pre-Election Disputes Resolution Report for 2022 General Election and Case Digest for 2022 General Election
8th Jul 2026
Launch of Pre-Election Disputes Resolution Report for 2022 General Election & Case Digest for 2022 General Election
Date:
Thursday 9th July 2026
Live on:
Facebook: Facebook.com/IEBCKenya
YouTube: Youtube.com/IEBCPage
Theme:
Path to the Polls : Electoral Integrity Through Justice and Dispute Resolution.
#CaseDigest2022GE     #Pre-ElectionDRR    #16thJulyByElection #KuraYakoSautiYako
×
Delete Parmanently
Cancel
Yes
×
Delete Parmanently
Cancel
×
Ask a question
Close
×
Job Description
Cancel"
nsdcc,Health,https://nsdcc.go.ke/,2026-07-10,OK,"National Syndemic Diseases Control Council – NSDCC
Skip to content
Classic Home
Paul Simat
2026-07-05T18:42:13+03:00
""The launch of the 47 County Syndemic Operational Plans gives us more than a roadmap, it gives us a shared commitment to act. While Kenya has made remarkable progress in reducing new HIV infections and AIDS-related deaths, we must remain focused on the populations we are leaving behind. Progress is not success until every child, every adolescent, every young person and every vulnerable Kenyan has access to the services they need.""
Douglas O. Bosire, CEO, NSDCC
""The resilience demonstrated by counties during the funding disruptions proved that Kenya's HIV response is not built on donor support alone, it is anchored in committed healthcare workers, empowered communities, and strong county leadership. Our next task is to make that resilience sustainable.""
Nelson Otuoma, CEO, NEPHAK
""The launch of the 47 County Syndemic Operational Plans marks a defining moment in Kenya's health journey. These plans move us from commitment to action and place counties firmly at the centre of ending AIDS and other syndemic diseases as public health threats by 2030.""
Hon. Aden Duale, Cabinet Secretary
for Health
Latest News
Access a collection of stories, videos, publications, infographics and more
Tabitha Lynn
2026-07-10T11:48:03+03:00
Health Committee Explores Sustainable Solutions for Kenya’s HIV and Syndemic Disease Response
Evance Ogondi
2026-07-02T11:44:15+03:00
𝐌𝐚𝐚𝐫𝐢𝐟𝐚 𝐇𝐞𝐚𝐥𝐭𝐡 𝐇𝐮𝐛 𝐒𝐞𝐭 𝐭𝐨 𝐄𝐧𝐡𝐚𝐧𝐜𝐞 𝐀𝐜𝐜𝐞𝐬𝐬 𝐭𝐨 𝐇𝐈𝐕 𝐏𝐫𝐞𝐯𝐞𝐧𝐭𝐢𝐨𝐧 𝐈𝐧𝐟𝐨𝐫𝐦𝐚𝐭𝐢𝐨𝐧
Evance Ogondi
2026-07-02T11:40:29+03:00
𝐍𝐒𝐃𝐂𝐂 𝐒𝐭𝐫𝐞𝐧𝐠𝐭𝐡𝐞𝐧𝐬 𝐓𝐫𝐢𝐩𝐥𝐞 𝐓𝐡𝐫𝐞𝐚𝐭 𝐑𝐞𝐬𝐩𝐨𝐧𝐬𝐞 𝐢𝐧 𝐊𝐚𝐤𝐚𝐦𝐞𝐠𝐚 𝐂𝐨𝐮𝐧𝐭𝐲
About NSDCC
The National Syndemic Diseases Control Council (NSDCC) is a State Corporation established under Section 3 of the State Corporations Act, Cap 446, through the National AIDS Control Council Order, 1999 as amended by legal notice number 143 of 2022. The Council is mandated to manage the following syndemic diseases; HIV, sexually transmitted infections, malaria, leprosy, tuberculosis and lung disease.
Areas of focus
RESOURCE MOBILIZATION AND GRANTS MANAGEMENT
Read More
MANAGEMENT OF STRATEGIC INFORMATION FOR HIV AND SEXUALLY TRANSMITTED INFECTIONS
Read More
TECHNICAL SUPPORT AND CAPACITY BUILDING
Read More
COORDINATION OF STAKEHOLDERS AND SUPERVISION OF IMPLEMENTATION OF THE HIV RESPONSE
Read More
PUBLIC EDUCATION, COMMUNICATION AND ADVOCACY
Read More
DEVELOPMENT AND IMPLEMENTATION OF POLICIES, STRATEGIES AND GUIDELINES
Read More
HIV Statistics as at 2024
0
Number of people living with HIV
0
Number of new infections
0
AIDS related deaths
0
%
MTC Rate
More Statistics
About NSDCC
The National Syndemic Diseases Control Council (NSDCC) is a State Corporation established under Section 3 of the State Corporations Act, Cap 446, through the National AIDS Control Council Order, 1999 as amended by legal notice number 143 of 2022. The Council is mandated to manage the following syndemic diseases; HIV, sexually transmitted infections, malaria, leprosy, tuberculosis and lung disease.
News and Updates
> Health Committee Explores Sustainable Solutions for Kenya’s HIV and Syndemic Disease Response
> 𝐌𝐚𝐚𝐫𝐢𝐟𝐚 𝐇𝐞𝐚𝐥𝐭𝐡 𝐇𝐮𝐛 𝐒𝐞𝐭 𝐭𝐨 𝐄𝐧𝐡𝐚𝐧𝐜𝐞 𝐀𝐜𝐜𝐞𝐬𝐬 𝐭𝐨 𝐇𝐈𝐕 𝐏𝐫𝐞𝐯𝐞𝐧𝐭𝐢𝐨𝐧 𝐈𝐧𝐟𝐨𝐫𝐦𝐚𝐭𝐢𝐨𝐧
> 𝐍𝐒𝐃𝐂𝐂 𝐒𝐭𝐫𝐞𝐧𝐠𝐭𝐡𝐞𝐧𝐬 𝐓𝐫𝐢𝐩𝐥𝐞 𝐓𝐡𝐫𝐞𝐚𝐭 𝐑𝐞𝐬𝐩𝐨𝐧𝐬𝐞 𝐢𝐧 𝐊𝐚𝐤𝐚𝐦𝐞𝐠𝐚 𝐂𝐨𝐮𝐧𝐭𝐲
> 𝐂𝐨𝐦𝐦𝐮𝐧𝐢𝐭𝐲 𝐩𝐚𝐫𝐭𝐧𝐞𝐫𝐬𝐡𝐢𝐩𝐬 𝐫𝐞𝐦𝐚𝐢𝐧 𝐜𝐞𝐧𝐭𝐫𝐚𝐥 𝐭𝐨 𝐞𝐧𝐝𝐢𝐧𝐠 𝐀𝐈𝐃𝐒 𝐚𝐬 𝐚 𝐩𝐮𝐛𝐥𝐢𝐜 𝐡𝐞𝐚𝐥𝐭𝐡 𝐭𝐡𝐫𝐞𝐚𝐭 𝐛𝐲 𝟐𝟎𝟑𝟎
> 𝐍𝐒𝐃𝐂𝐂 𝐁𝐨𝐚𝐫𝐝 𝐑𝐚𝐥𝐥𝐢𝐞𝐬 𝐒𝐚𝐦𝐛𝐮𝐫𝐮 𝐋𝐞𝐚𝐝𝐞𝐫𝐬 𝐚𝐧𝐝 𝐂𝐨𝐦𝐦𝐮𝐧𝐢𝐭𝐢𝐞𝐬 𝐭𝐨 𝐀𝐜𝐜𝐞𝐥𝐞𝐫𝐚𝐭𝐞 𝐀𝐜𝐭𝐢𝐨𝐧 𝐀𝐠𝐚𝐢𝐧𝐬𝐭 𝐭𝐡𝐞 𝐓𝐫𝐢𝐩𝐥𝐞 𝐓𝐡𝐫𝐞𝐚𝐭
Contact Us
Maktaba Kuu Building, 2nd Floor,
Ngong Road, Upperhill
P.O. Box 61307 – 00200
Nairobi, Kenya
Phone: +254727531250, +254727531251,+254733886388,+254733886288
Email:
communication@nsdcc.go.ke
Email Address for complaints –
complaints@nsdcc.go.ke
Hotlines: ✓ +254 0202715000
(Toll-free Number)✓ 0800 720007
Mon to Fri – 8:00 am to 5:00 pm
© Copyright 2026 |   National AIDS Control Council     |   All Rights Reserved
Page load link
Skip to content
Go to Top"
nsdcc,Health,https://nsdcc.go.ke/news,2026-07-10,OK,"News & Updates – National Syndemic Diseases Control Council
Skip to content
News & Updates
Health Committee Explores Sustainable Solutions for Kenya’s HIV and Syndemic Disease Response
Gallery
Health Committee Explores Sustainable Solutions for Kenya’s HIV and Syndemic Disease Response
News
Health Committee Explores Sustainable Solutions for Kenya’s HIV and Syndemic Disease Response
By
Tabitha Lynn
|
2026-07-10T11:48:03+03:00
10/07/2026
|
News
|
The National Assembly Departmental Committee on Health chaired by Hon.  [...]
Read More
0
𝐌𝐚𝐚𝐫𝐢𝐟𝐚 𝐇𝐞𝐚𝐥𝐭𝐡 𝐇𝐮𝐛 𝐒𝐞𝐭 𝐭𝐨 𝐄𝐧𝐡𝐚𝐧𝐜𝐞 𝐀𝐜𝐜𝐞𝐬𝐬 𝐭𝐨 𝐇𝐈𝐕 𝐏𝐫𝐞𝐯𝐞𝐧𝐭𝐢𝐨𝐧 𝐈𝐧𝐟𝐨𝐫𝐦𝐚𝐭𝐢𝐨𝐧
Gallery
𝐌𝐚𝐚𝐫𝐢𝐟𝐚 𝐇𝐞𝐚𝐥𝐭𝐡 𝐇𝐮𝐛 𝐒𝐞𝐭 𝐭𝐨 𝐄𝐧𝐡𝐚𝐧𝐜𝐞 𝐀𝐜𝐜𝐞𝐬𝐬 𝐭𝐨 𝐇𝐈𝐕 𝐏𝐫𝐞𝐯𝐞𝐧𝐭𝐢𝐨𝐧 𝐈𝐧𝐟𝐨𝐫𝐦𝐚𝐭𝐢𝐨𝐧
News
𝐌𝐚𝐚𝐫𝐢𝐟𝐚 𝐇𝐞𝐚𝐥𝐭𝐡 𝐇𝐮𝐛 𝐒𝐞𝐭 𝐭𝐨 𝐄𝐧𝐡𝐚𝐧𝐜𝐞 𝐀𝐜𝐜𝐞𝐬𝐬 𝐭𝐨 𝐇𝐈𝐕 𝐏𝐫𝐞𝐯𝐞𝐧𝐭𝐢𝐨𝐧 𝐈𝐧𝐟𝐨𝐫𝐦𝐚𝐭𝐢𝐨𝐧
By
Evance Ogondi
|
2026-07-02T11:44:15+03:00
02/07/2026
|
News
|
The National Syndemic Diseases Control Council (NSDCC), in collaboration with  [...]
Read More
0
𝐍𝐒𝐃𝐂𝐂 𝐒𝐭𝐫𝐞𝐧𝐠𝐭𝐡𝐞𝐧𝐬 𝐓𝐫𝐢𝐩𝐥𝐞 𝐓𝐡𝐫𝐞𝐚𝐭 𝐑𝐞𝐬𝐩𝐨𝐧𝐬𝐞 𝐢𝐧 𝐊𝐚𝐤𝐚𝐦𝐞𝐠𝐚 𝐂𝐨𝐮𝐧𝐭𝐲
Gallery
𝐍𝐒𝐃𝐂𝐂 𝐒𝐭𝐫𝐞𝐧𝐠𝐭𝐡𝐞𝐧𝐬 𝐓𝐫𝐢𝐩𝐥𝐞 𝐓𝐡𝐫𝐞𝐚𝐭 𝐑𝐞𝐬𝐩𝐨𝐧𝐬𝐞 𝐢𝐧 𝐊𝐚𝐤𝐚𝐦𝐞𝐠𝐚 𝐂𝐨𝐮𝐧𝐭𝐲
News
𝐍𝐒𝐃𝐂𝐂 𝐒𝐭𝐫𝐞𝐧𝐠𝐭𝐡𝐞𝐧𝐬 𝐓𝐫𝐢𝐩𝐥𝐞 𝐓𝐡𝐫𝐞𝐚𝐭 𝐑𝐞𝐬𝐩𝐨𝐧𝐬𝐞 𝐢𝐧 𝐊𝐚𝐤𝐚𝐦𝐞𝐠𝐚 𝐂𝐨𝐮𝐧𝐭𝐲
By
Evance Ogondi
|
2026-07-02T11:40:29+03:00
02/07/2026
|
News
|
As part of ongoing efforts to address new HIV infections,  [...]
Read More
0
𝐂𝐨𝐦𝐦𝐮𝐧𝐢𝐭𝐲 𝐩𝐚𝐫𝐭𝐧𝐞𝐫𝐬𝐡𝐢𝐩𝐬 𝐫𝐞𝐦𝐚𝐢𝐧 𝐜𝐞𝐧𝐭𝐫𝐚𝐥 𝐭𝐨 𝐞𝐧𝐝𝐢𝐧𝐠 𝐀𝐈𝐃𝐒 𝐚𝐬 𝐚 𝐩𝐮𝐛𝐥𝐢𝐜 𝐡𝐞𝐚𝐥𝐭𝐡 𝐭𝐡𝐫𝐞𝐚𝐭 𝐛𝐲 𝟐𝟎𝟑𝟎
Gallery
𝐂𝐨𝐦𝐦𝐮𝐧𝐢𝐭𝐲 𝐩𝐚𝐫𝐭𝐧𝐞𝐫𝐬𝐡𝐢𝐩𝐬 𝐫𝐞𝐦𝐚𝐢𝐧 𝐜𝐞𝐧𝐭𝐫𝐚𝐥 𝐭𝐨 𝐞𝐧𝐝𝐢𝐧𝐠 𝐀𝐈𝐃𝐒 𝐚𝐬 𝐚 𝐩𝐮𝐛𝐥𝐢𝐜 𝐡𝐞𝐚𝐥𝐭𝐡 𝐭𝐡𝐫𝐞𝐚𝐭 𝐛𝐲 𝟐𝟎𝟑𝟎
News
𝐂𝐨𝐦𝐦𝐮𝐧𝐢𝐭𝐲 𝐩𝐚𝐫𝐭𝐧𝐞𝐫𝐬𝐡𝐢𝐩𝐬 𝐫𝐞𝐦𝐚𝐢𝐧 𝐜𝐞𝐧𝐭𝐫𝐚𝐥 𝐭𝐨 𝐞𝐧𝐝𝐢𝐧𝐠 𝐀𝐈𝐃𝐒 𝐚𝐬 𝐚 𝐩𝐮𝐛𝐥𝐢𝐜 𝐡𝐞𝐚𝐥𝐭𝐡 𝐭𝐡𝐫𝐞𝐚𝐭 𝐛𝐲 𝟐𝟎𝟑𝟎
By
Evance Ogondi
|
2026-06-27T11:51:27+03:00
27/06/2026
|
News
|
NSDCC Chief Executive Officer Douglas O. Bosire hosted the National  [...]
Read More
0
𝐍𝐒𝐃𝐂𝐂 𝐁𝐨𝐚𝐫𝐝 𝐑𝐚𝐥𝐥𝐢𝐞𝐬 𝐒𝐚𝐦𝐛𝐮𝐫𝐮 𝐋𝐞𝐚𝐝𝐞𝐫𝐬 𝐚𝐧𝐝 𝐂𝐨𝐦𝐦𝐮𝐧𝐢𝐭𝐢𝐞𝐬 𝐭𝐨 𝐀𝐜𝐜𝐞𝐥𝐞𝐫𝐚𝐭𝐞 𝐀𝐜𝐭𝐢𝐨𝐧 𝐀𝐠𝐚𝐢𝐧𝐬𝐭 𝐭𝐡𝐞 𝐓𝐫𝐢𝐩𝐥𝐞 𝐓𝐡𝐫𝐞𝐚𝐭
Gallery
𝐍𝐒𝐃𝐂𝐂 𝐁𝐨𝐚𝐫𝐝 𝐑𝐚𝐥𝐥𝐢𝐞𝐬 𝐒𝐚𝐦𝐛𝐮𝐫𝐮 𝐋𝐞𝐚𝐝𝐞𝐫𝐬 𝐚𝐧𝐝 𝐂𝐨𝐦𝐦𝐮𝐧𝐢𝐭𝐢𝐞𝐬 𝐭𝐨 𝐀𝐜𝐜𝐞𝐥𝐞𝐫𝐚𝐭𝐞 𝐀𝐜𝐭𝐢𝐨𝐧 𝐀𝐠𝐚𝐢𝐧𝐬𝐭 𝐭𝐡𝐞 𝐓𝐫𝐢𝐩𝐥𝐞 𝐓𝐡𝐫𝐞𝐚𝐭
News
𝐍𝐒𝐃𝐂𝐂 𝐁𝐨𝐚𝐫𝐝 𝐑𝐚𝐥𝐥𝐢𝐞𝐬 𝐒𝐚𝐦𝐛𝐮𝐫𝐮 𝐋𝐞𝐚𝐝𝐞𝐫𝐬 𝐚𝐧𝐝 𝐂𝐨𝐦𝐦𝐮𝐧𝐢𝐭𝐢𝐞𝐬 𝐭𝐨 𝐀𝐜𝐜𝐞𝐥𝐞𝐫𝐚𝐭𝐞 𝐀𝐜𝐭𝐢𝐨𝐧 𝐀𝐠𝐚𝐢𝐧𝐬𝐭 𝐭𝐡𝐞 𝐓𝐫𝐢𝐩𝐥𝐞 𝐓𝐡𝐫𝐞𝐚𝐭
By
Evance Ogondi
|
2026-06-27T11:46:16+03:00
27/06/2026
|
News
|
The National Syndemic Diseases Control Council (NSDCC) Board, led by  [...]
Read More
0
𝐇𝐞𝐚𝐥𝐭𝐡 𝐂𝐒 𝐂𝐨𝐦𝐦𝐞𝐧𝐝𝐬 𝐍𝐒𝐃𝐂𝐂’𝐬 𝐋𝐞𝐚𝐝𝐞𝐫𝐬𝐡𝐢𝐩 𝐢𝐧 𝐊𝐞𝐧𝐲𝐚’𝐬 𝐇𝐈𝐕 𝐚𝐧𝐝 𝐒𝐲𝐧𝐝𝐞𝐦𝐢𝐜 𝐑𝐞𝐬𝐩𝐨𝐧𝐬𝐞
By
Evance Ogondi
|
2026-06-27T12:29:22+03:00
26/06/2026
|
News
|
Cabinet Secretary for Health, Hon. Aden Duale, EGH,  [...]
Read More
0
𝐍𝐒𝐃𝐂𝐂 𝐀𝐝𝐯𝐚𝐧𝐜𝐞𝐬 𝐇𝐈𝐕 𝐏𝐫𝐞𝐯𝐞𝐧𝐭𝐢𝐨𝐧 𝐚𝐧𝐝 𝐈𝐧𝐭𝐞𝐠𝐫𝐚𝐭𝐞𝐝 𝐇𝐞𝐚𝐥𝐭𝐡 𝐒𝐞𝐫𝐯𝐢𝐜𝐞𝐬 𝐃𝐮𝐫𝐢𝐧𝐠 𝐀𝐟𝐫𝐢𝐜𝐚 𝐏𝐮𝐛𝐥𝐢𝐜 𝐒𝐞𝐫𝐯𝐢𝐜𝐞 𝐃𝐚𝐲 𝟐𝟎𝟐𝟔
Gallery
𝐍𝐒𝐃𝐂𝐂 𝐀𝐝𝐯𝐚𝐧𝐜𝐞𝐬 𝐇𝐈𝐕 𝐏𝐫𝐞𝐯𝐞𝐧𝐭𝐢𝐨𝐧 𝐚𝐧𝐝 𝐈𝐧𝐭𝐞𝐠𝐫𝐚𝐭𝐞𝐝 𝐇𝐞𝐚𝐥𝐭𝐡 𝐒𝐞𝐫𝐯𝐢𝐜𝐞𝐬 𝐃𝐮𝐫𝐢𝐧𝐠 𝐀𝐟𝐫𝐢𝐜𝐚 𝐏𝐮𝐛𝐥𝐢𝐜 𝐒𝐞𝐫𝐯𝐢𝐜𝐞 𝐃𝐚𝐲 𝟐𝟎𝟐𝟔
News
𝐍𝐒𝐃𝐂𝐂 𝐀𝐝𝐯𝐚𝐧𝐜𝐞𝐬 𝐇𝐈𝐕 𝐏𝐫𝐞𝐯𝐞𝐧𝐭𝐢𝐨𝐧 𝐚𝐧𝐝 𝐈𝐧𝐭𝐞𝐠𝐫𝐚𝐭𝐞𝐝 𝐇𝐞𝐚𝐥𝐭𝐡 𝐒𝐞𝐫𝐯𝐢𝐜𝐞𝐬 𝐃𝐮𝐫𝐢𝐧𝐠 𝐀𝐟𝐫𝐢𝐜𝐚 𝐏𝐮𝐛𝐥𝐢𝐜 𝐒𝐞𝐫𝐯𝐢𝐜𝐞 𝐃𝐚𝐲 𝟐𝟎𝟐𝟔
By
Evance Ogondi
|
2026-06-26T09:14:07+03:00
26/06/2026
|
News
|
The National Syndemic Diseases Control Council (NSDCC) joined other public  [...]
Read More
0
𝐍𝐒𝐃𝐂𝐂 𝐁𝐨𝐚𝐫𝐝 𝐄𝐧𝐠𝐚𝐠𝐞𝐬 𝐊𝐢𝐭𝐮𝐢 𝐋𝐞𝐚𝐝𝐞𝐫𝐬𝐡𝐢𝐩 𝐭𝐨 𝐒𝐭𝐫𝐞𝐧𝐠𝐭𝐡𝐞𝐧 𝐌𝐮𝐥𝐭𝐢𝐬𝐞𝐜𝐭𝐨𝐫𝐚𝐥 𝐇𝐞𝐚𝐥𝐭𝐡 𝐑𝐞𝐬𝐩𝐨𝐧𝐬𝐞
Gallery
𝐍𝐒𝐃𝐂𝐂 𝐁𝐨𝐚𝐫𝐝 𝐄𝐧𝐠𝐚𝐠𝐞𝐬 𝐊𝐢𝐭𝐮𝐢 𝐋𝐞𝐚𝐝𝐞𝐫𝐬𝐡𝐢𝐩 𝐭𝐨 𝐒𝐭𝐫𝐞𝐧𝐠𝐭𝐡𝐞𝐧 𝐌𝐮𝐥𝐭𝐢𝐬𝐞𝐜𝐭𝐨𝐫𝐚𝐥 𝐇𝐞𝐚𝐥𝐭𝐡 𝐑𝐞𝐬𝐩𝐨𝐧𝐬𝐞
News
𝐍𝐒𝐃𝐂𝐂 𝐁𝐨𝐚𝐫𝐝 𝐄𝐧𝐠𝐚𝐠𝐞𝐬 𝐊𝐢𝐭𝐮𝐢 𝐋𝐞𝐚𝐝𝐞𝐫𝐬𝐡𝐢𝐩 𝐭𝐨 𝐒𝐭𝐫𝐞𝐧𝐠𝐭𝐡𝐞𝐧 𝐌𝐮𝐥𝐭𝐢𝐬𝐞𝐜𝐭𝐨𝐫𝐚𝐥 𝐇𝐞𝐚𝐥𝐭𝐡 𝐑𝐞𝐬𝐩𝐨𝐧𝐬𝐞
By
Evance Ogondi
|
2026-06-26T08:37:32+03:00
25/06/2026
|
News
|
The National Syndemic Diseases Control Council (NSDCC) Board of  [...]
Read More
0
𝐉𝐨𝐮𝐫𝐧𝐚𝐥𝐢𝐬𝐭𝐬 𝐑𝐞𝐜𝐨𝐠𝐧𝐢𝐬𝐞𝐝 𝐟𝐨𝐫 𝐒𝐭𝐫𝐞𝐧𝐠𝐭𝐡𝐞𝐧𝐢𝐧𝐠 𝐊𝐞𝐧𝐲𝐚’𝐬 𝐇𝐈𝐕 𝐑𝐞𝐬𝐩𝐨𝐧𝐬𝐞 𝐓𝐡𝐫𝐨𝐮𝐠𝐡 𝐐𝐮𝐚𝐥𝐢𝐭𝐲 𝐑𝐞𝐩𝐨𝐫𝐭𝐢𝐧𝐠
Gallery
𝐉𝐨𝐮𝐫𝐧𝐚𝐥𝐢𝐬𝐭𝐬 𝐑𝐞𝐜𝐨𝐠𝐧𝐢𝐬𝐞𝐝 𝐟𝐨𝐫 𝐒𝐭𝐫𝐞𝐧𝐠𝐭𝐡𝐞𝐧𝐢𝐧𝐠 𝐊𝐞𝐧𝐲𝐚’𝐬 𝐇𝐈𝐕 𝐑𝐞𝐬𝐩𝐨𝐧𝐬𝐞 𝐓𝐡𝐫𝐨𝐮𝐠𝐡 𝐐𝐮𝐚𝐥𝐢𝐭𝐲 𝐑𝐞𝐩𝐨𝐫𝐭𝐢𝐧𝐠
News
𝐉𝐨𝐮𝐫𝐧𝐚𝐥𝐢𝐬𝐭𝐬 𝐑𝐞𝐜𝐨𝐠𝐧𝐢𝐬𝐞𝐝 𝐟𝐨𝐫 𝐒𝐭𝐫𝐞𝐧𝐠𝐭𝐡𝐞𝐧𝐢𝐧𝐠 𝐊𝐞𝐧𝐲𝐚’𝐬 𝐇𝐈𝐕 𝐑𝐞𝐬𝐩𝐨𝐧𝐬𝐞 𝐓𝐡𝐫𝐨𝐮𝐠𝐡 𝐐𝐮𝐚𝐥𝐢𝐭𝐲 𝐑𝐞𝐩𝐨𝐫𝐭𝐢𝐧𝐠
By
Evance Ogondi
|
2026-06-25T19:10:18+03:00
25/06/2026
|
News
|
The role of journalism in advancing Kenya's response to  [...]
Read More
0
Nyeri Leaders Rally Community Support to End the Triple Threat
Gallery
Nyeri Leaders Rally Community Support to End the Triple Threat
News
Nyeri Leaders Rally Community Support to End the Triple Threat
By
Evance Ogondi
|
2026-06-25T15:49:06+03:00
25/06/2026
|
News
|
The National Syndemic Diseases Control Council (NSDCC) joined Nyeri Town  [...]
Read More
0
1
2
Next
About NSDCC
The National Syndemic Diseases Control Council (NSDCC) is a State Corporation established under Section 3 of the State Corporations Act, Cap 446, through the National AIDS Control Council Order, 1999 as amended by legal notice number 143 of 2022. The Council is mandated to manage the following syndemic diseases; HIV, sexually transmitted infections, malaria, leprosy, tuberculosis and lung disease.
News and Updates
> Health Committee Explores Sustainable Solutions for Kenya’s HIV and Syndemic Disease Response
> 𝐌𝐚𝐚𝐫𝐢𝐟𝐚 𝐇𝐞𝐚𝐥𝐭𝐡 𝐇𝐮𝐛 𝐒𝐞𝐭 𝐭𝐨 𝐄𝐧𝐡𝐚𝐧𝐜𝐞 𝐀𝐜𝐜𝐞𝐬𝐬 𝐭𝐨 𝐇𝐈𝐕 𝐏𝐫𝐞𝐯𝐞𝐧𝐭𝐢𝐨𝐧 𝐈𝐧𝐟𝐨𝐫𝐦𝐚𝐭𝐢𝐨𝐧
> 𝐍𝐒𝐃𝐂𝐂 𝐒𝐭𝐫𝐞𝐧𝐠𝐭𝐡𝐞𝐧𝐬 𝐓𝐫𝐢𝐩𝐥𝐞 𝐓𝐡𝐫𝐞𝐚𝐭 𝐑𝐞𝐬𝐩𝐨𝐧𝐬𝐞 𝐢𝐧 𝐊𝐚𝐤𝐚𝐦𝐞𝐠𝐚 𝐂𝐨𝐮𝐧𝐭𝐲
> 𝐂𝐨𝐦𝐦𝐮𝐧𝐢𝐭𝐲 𝐩𝐚𝐫𝐭𝐧𝐞𝐫𝐬𝐡𝐢𝐩𝐬 𝐫𝐞𝐦𝐚𝐢𝐧 𝐜𝐞𝐧𝐭𝐫𝐚𝐥 𝐭𝐨 𝐞𝐧𝐝𝐢𝐧𝐠 𝐀𝐈𝐃𝐒 𝐚𝐬 𝐚 𝐩𝐮𝐛𝐥𝐢𝐜 𝐡𝐞𝐚𝐥𝐭𝐡 𝐭𝐡𝐫𝐞𝐚𝐭 𝐛𝐲 𝟐𝟎𝟑𝟎
> 𝐍𝐒𝐃𝐂𝐂 𝐁𝐨𝐚𝐫𝐝 𝐑𝐚𝐥𝐥𝐢𝐞𝐬 𝐒𝐚𝐦𝐛𝐮𝐫𝐮 𝐋𝐞𝐚𝐝𝐞𝐫𝐬 𝐚𝐧𝐝 𝐂𝐨𝐦𝐦𝐮𝐧𝐢𝐭𝐢𝐞𝐬 𝐭𝐨 𝐀𝐜𝐜𝐞𝐥𝐞𝐫𝐚𝐭𝐞 𝐀𝐜𝐭𝐢𝐨𝐧 𝐀𝐠𝐚𝐢𝐧𝐬𝐭 𝐭𝐡𝐞 𝐓𝐫𝐢𝐩𝐥𝐞 𝐓𝐡𝐫𝐞𝐚𝐭
Contact Us
Maktaba Kuu Building, 2nd Floor,
Ngong Road, Upperhill
P.O. Box 61307 – 00200
Nairobi, Kenya
Phone: +254727531250, +254727531251,+254733886388,+254733886288
Email:
communication@nsdcc.go.ke
Email Address for complaints –
complaints@nsdcc.go.ke
Hotlines: ✓ +254 0202715000
(Toll-free Number)✓ 0800 720007
Mon to Fri – 8:00 am to 5:00 pm
© Copyright 2026 |   National AIDS Control Council     |   All Rights Reserved
Page load link
Skip to content
Go to Top"
nsdcc,Health,https://nsdcc.go.ke/news/tv-townhall-meetings/,2026-07-10,OK,"TV Townhall Meetings – National Syndemic Diseases Control Council
Skip to content
TV Townhall Meetings
TV Townhall Meetings
George Onyango
2026-07-03T15:51:05+03:00
Media plays a crucial role in shaping positive health outcomes, contributing significantly to Kenya’s success in combating HIV and AIDS. Strategic and continuous media engagement has driven structured conversations on these critical issues. Interactive forums, featuring diverse panels of experts, are moderated to address audience questions. This comprehensive approach aims to maximize outreach, fostering ongoing discussions on HIV prevention, and treatment, as well as addressing issues like sexual and gender-based violence,  teen pregnancies, and COVID-19.
Follow these conversations through below links.
About NSDCC
The National Syndemic Diseases Control Council (NSDCC) is a State Corporation established under Section 3 of the State Corporations Act, Cap 446, through the National AIDS Control Council Order, 1999 as amended by legal notice number 143 of 2022. The Council is mandated to manage the following syndemic diseases; HIV, sexually transmitted infections, malaria, leprosy, tuberculosis and lung disease.
News and Updates
> Health Committee Explores Sustainable Solutions for Kenya’s HIV and Syndemic Disease Response
> 𝐌𝐚𝐚𝐫𝐢𝐟𝐚 𝐇𝐞𝐚𝐥𝐭𝐡 𝐇𝐮𝐛 𝐒𝐞𝐭 𝐭𝐨 𝐄𝐧𝐡𝐚𝐧𝐜𝐞 𝐀𝐜𝐜𝐞𝐬𝐬 𝐭𝐨 𝐇𝐈𝐕 𝐏𝐫𝐞𝐯𝐞𝐧𝐭𝐢𝐨𝐧 𝐈𝐧𝐟𝐨𝐫𝐦𝐚𝐭𝐢𝐨𝐧
> 𝐍𝐒𝐃𝐂𝐂 𝐒𝐭𝐫𝐞𝐧𝐠𝐭𝐡𝐞𝐧𝐬 𝐓𝐫𝐢𝐩𝐥𝐞 𝐓𝐡𝐫𝐞𝐚𝐭 𝐑𝐞𝐬𝐩𝐨𝐧𝐬𝐞 𝐢𝐧 𝐊𝐚𝐤𝐚𝐦𝐞𝐠𝐚 𝐂𝐨𝐮𝐧𝐭𝐲
> 𝐂𝐨𝐦𝐦𝐮𝐧𝐢𝐭𝐲 𝐩𝐚𝐫𝐭𝐧𝐞𝐫𝐬𝐡𝐢𝐩𝐬 𝐫𝐞𝐦𝐚𝐢𝐧 𝐜𝐞𝐧𝐭𝐫𝐚𝐥 𝐭𝐨 𝐞𝐧𝐝𝐢𝐧𝐠 𝐀𝐈𝐃𝐒 𝐚𝐬 𝐚 𝐩𝐮𝐛𝐥𝐢𝐜 𝐡𝐞𝐚𝐥𝐭𝐡 𝐭𝐡𝐫𝐞𝐚𝐭 𝐛𝐲 𝟐𝟎𝟑𝟎
> 𝐍𝐒𝐃𝐂𝐂 𝐁𝐨𝐚𝐫𝐝 𝐑𝐚𝐥𝐥𝐢𝐞𝐬 𝐒𝐚𝐦𝐛𝐮𝐫𝐮 𝐋𝐞𝐚𝐝𝐞𝐫𝐬 𝐚𝐧𝐝 𝐂𝐨𝐦𝐦𝐮𝐧𝐢𝐭𝐢𝐞𝐬 𝐭𝐨 𝐀𝐜𝐜𝐞𝐥𝐞𝐫𝐚𝐭𝐞 𝐀𝐜𝐭𝐢𝐨𝐧 𝐀𝐠𝐚𝐢𝐧𝐬𝐭 𝐭𝐡𝐞 𝐓𝐫𝐢𝐩𝐥𝐞 𝐓𝐡𝐫𝐞𝐚𝐭
Contact Us
Maktaba Kuu Building, 2nd Floor,
Ngong Road, Upperhill
P.O. Box 61307 – 00200
Nairobi, Kenya
Phone: +254727531250, +254727531251,+254733886388,+254733886288
Email:
communication@nsdcc.go.ke
Email Address for complaints –
complaints@nsdcc.go.ke
Hotlines: ✓ +254 0202715000
(Toll-free Number)✓ 0800 720007
Mon to Fri – 8:00 am to 5:00 pm
© Copyright 2026 |   National AIDS Control Council     |   All Rights Reserved
Page load link
Skip to content
Go to Top"
nsdcc,Health,https://nsdcc.go.ke/campaigns/,2026-07-10,OK,"Campaigns – National Syndemic Diseases Control Council
Skip to content
Campaigns
Campaigns
Paul Simat
2025-06-11T12:38:04+03:00
Health and Wellness of Boys & Men
Engaging boys and men in the HIV response and promoting gender equality in Kenya is crucial for sustainable health outcomes and addressing gender disparities.
Read More
End the Triple Threat Campaign
End New HIV infections, Adolescents Pregnancies and Sexual and Gender-Based Violence
Read More
G-Jali Campaign
G-Jali is a comprehensive digital platform aimed at addressing the critical issues of HIV, Sexual and Reproductive Health (SRH), and other emerging health concerns among adolescents and young people in Kenya.
Read More
About NSDCC
The National Syndemic Diseases Control Council (NSDCC) is a State Corporation established under Section 3 of the State Corporations Act, Cap 446, through the National AIDS Control Council Order, 1999 as amended by legal notice number 143 of 2022. The Council is mandated to manage the following syndemic diseases; HIV, sexually transmitted infections, malaria, leprosy, tuberculosis and lung disease.
News and Updates
> Health Committee Explores Sustainable Solutions for Kenya’s HIV and Syndemic Disease Response
> 𝐌𝐚𝐚𝐫𝐢𝐟𝐚 𝐇𝐞𝐚𝐥𝐭𝐡 𝐇𝐮𝐛 𝐒𝐞𝐭 𝐭𝐨 𝐄𝐧𝐡𝐚𝐧𝐜𝐞 𝐀𝐜𝐜𝐞𝐬𝐬 𝐭𝐨 𝐇𝐈𝐕 𝐏𝐫𝐞𝐯𝐞𝐧𝐭𝐢𝐨𝐧 𝐈𝐧𝐟𝐨𝐫𝐦𝐚𝐭𝐢𝐨𝐧
> 𝐍𝐒𝐃𝐂𝐂 𝐒𝐭𝐫𝐞𝐧𝐠𝐭𝐡𝐞𝐧𝐬 𝐓𝐫𝐢𝐩𝐥𝐞 𝐓𝐡𝐫𝐞𝐚𝐭 𝐑𝐞𝐬𝐩𝐨𝐧𝐬𝐞 𝐢𝐧 𝐊𝐚𝐤𝐚𝐦𝐞𝐠𝐚 𝐂𝐨𝐮𝐧𝐭𝐲
> 𝐂𝐨𝐦𝐦𝐮𝐧𝐢𝐭𝐲 𝐩𝐚𝐫𝐭𝐧𝐞𝐫𝐬𝐡𝐢𝐩𝐬 𝐫𝐞𝐦𝐚𝐢𝐧 𝐜𝐞𝐧𝐭𝐫𝐚𝐥 𝐭𝐨 𝐞𝐧𝐝𝐢𝐧𝐠 𝐀𝐈𝐃𝐒 𝐚𝐬 𝐚 𝐩𝐮𝐛𝐥𝐢𝐜 𝐡𝐞𝐚𝐥𝐭𝐡 𝐭𝐡𝐫𝐞𝐚𝐭 𝐛𝐲 𝟐𝟎𝟑𝟎
> 𝐍𝐒𝐃𝐂𝐂 𝐁𝐨𝐚𝐫𝐝 𝐑𝐚𝐥𝐥𝐢𝐞𝐬 𝐒𝐚𝐦𝐛𝐮𝐫𝐮 𝐋𝐞𝐚𝐝𝐞𝐫𝐬 𝐚𝐧𝐝 𝐂𝐨𝐦𝐦𝐮𝐧𝐢𝐭𝐢𝐞𝐬 𝐭𝐨 𝐀𝐜𝐜𝐞𝐥𝐞𝐫𝐚𝐭𝐞 𝐀𝐜𝐭𝐢𝐨𝐧 𝐀𝐠𝐚𝐢𝐧𝐬𝐭 𝐭𝐡𝐞 𝐓𝐫𝐢𝐩𝐥𝐞 𝐓𝐡𝐫𝐞𝐚𝐭
Contact Us
Maktaba Kuu Building, 2nd Floor,
Ngong Road, Upperhill
P.O. Box 61307 – 00200
Nairobi, Kenya
Phone: +254727531250, +254727531251,+254733886388,+254733886288
Email:
communication@nsdcc.go.ke
Email Address for complaints –
complaints@nsdcc.go.ke
Hotlines: ✓ +254 0202715000
(Toll-free Number)✓ 0800 720007
Mon to Fri – 8:00 am to 5:00 pm
© Copyright 2026 |   National AIDS Control Council     |   All Rights Reserved
Page load link
Skip to content
Go to Top"
nsdcc,Health,https://nsdcc.go.ke/news/,2026-07-10,OK,"News & Updates – National Syndemic Diseases Control Council
Skip to content
News & Updates
Health Committee Explores Sustainable Solutions for Kenya’s HIV and Syndemic Disease Response
Gallery
Health Committee Explores Sustainable Solutions for Kenya’s HIV and Syndemic Disease Response
News
Health Committee Explores Sustainable Solutions for Kenya’s HIV and Syndemic Disease Response
By
Tabitha Lynn
|
2026-07-10T11:48:03+03:00
10/07/2026
|
News
|
The National Assembly Departmental Committee on Health chaired by Hon.  [...]
Read More
0
𝐌𝐚𝐚𝐫𝐢𝐟𝐚 𝐇𝐞𝐚𝐥𝐭𝐡 𝐇𝐮𝐛 𝐒𝐞𝐭 𝐭𝐨 𝐄𝐧𝐡𝐚𝐧𝐜𝐞 𝐀𝐜𝐜𝐞𝐬𝐬 𝐭𝐨 𝐇𝐈𝐕 𝐏𝐫𝐞𝐯𝐞𝐧𝐭𝐢𝐨𝐧 𝐈𝐧𝐟𝐨𝐫𝐦𝐚𝐭𝐢𝐨𝐧
Gallery
𝐌𝐚𝐚𝐫𝐢𝐟𝐚 𝐇𝐞𝐚𝐥𝐭𝐡 𝐇𝐮𝐛 𝐒𝐞𝐭 𝐭𝐨 𝐄𝐧𝐡𝐚𝐧𝐜𝐞 𝐀𝐜𝐜𝐞𝐬𝐬 𝐭𝐨 𝐇𝐈𝐕 𝐏𝐫𝐞𝐯𝐞𝐧𝐭𝐢𝐨𝐧 𝐈𝐧𝐟𝐨𝐫𝐦𝐚𝐭𝐢𝐨𝐧
News
𝐌𝐚𝐚𝐫𝐢𝐟𝐚 𝐇𝐞𝐚𝐥𝐭𝐡 𝐇𝐮𝐛 𝐒𝐞𝐭 𝐭𝐨 𝐄𝐧𝐡𝐚𝐧𝐜𝐞 𝐀𝐜𝐜𝐞𝐬𝐬 𝐭𝐨 𝐇𝐈𝐕 𝐏𝐫𝐞𝐯𝐞𝐧𝐭𝐢𝐨𝐧 𝐈𝐧𝐟𝐨𝐫𝐦𝐚𝐭𝐢𝐨𝐧
By
Evance Ogondi
|
2026-07-02T11:44:15+03:00
02/07/2026
|
News
|
The National Syndemic Diseases Control Council (NSDCC), in collaboration with  [...]
Read More
0
𝐍𝐒𝐃𝐂𝐂 𝐒𝐭𝐫𝐞𝐧𝐠𝐭𝐡𝐞𝐧𝐬 𝐓𝐫𝐢𝐩𝐥𝐞 𝐓𝐡𝐫𝐞𝐚𝐭 𝐑𝐞𝐬𝐩𝐨𝐧𝐬𝐞 𝐢𝐧 𝐊𝐚𝐤𝐚𝐦𝐞𝐠𝐚 𝐂𝐨𝐮𝐧𝐭𝐲
Gallery
𝐍𝐒𝐃𝐂𝐂 𝐒𝐭𝐫𝐞𝐧𝐠𝐭𝐡𝐞𝐧𝐬 𝐓𝐫𝐢𝐩𝐥𝐞 𝐓𝐡𝐫𝐞𝐚𝐭 𝐑𝐞𝐬𝐩𝐨𝐧𝐬𝐞 𝐢𝐧 𝐊𝐚𝐤𝐚𝐦𝐞𝐠𝐚 𝐂𝐨𝐮𝐧𝐭𝐲
News
𝐍𝐒𝐃𝐂𝐂 𝐒𝐭𝐫𝐞𝐧𝐠𝐭𝐡𝐞𝐧𝐬 𝐓𝐫𝐢𝐩𝐥𝐞 𝐓𝐡𝐫𝐞𝐚𝐭 𝐑𝐞𝐬𝐩𝐨𝐧𝐬𝐞 𝐢𝐧 𝐊𝐚𝐤𝐚𝐦𝐞𝐠𝐚 𝐂𝐨𝐮𝐧𝐭𝐲
By
Evance Ogondi
|
2026-07-02T11:40:29+03:00
02/07/2026
|
News
|
As part of ongoing efforts to address new HIV infections,  [...]
Read More
0
𝐂𝐨𝐦𝐦𝐮𝐧𝐢𝐭𝐲 𝐩𝐚𝐫𝐭𝐧𝐞𝐫𝐬𝐡𝐢𝐩𝐬 𝐫𝐞𝐦𝐚𝐢𝐧 𝐜𝐞𝐧𝐭𝐫𝐚𝐥 𝐭𝐨 𝐞𝐧𝐝𝐢𝐧𝐠 𝐀𝐈𝐃𝐒 𝐚𝐬 𝐚 𝐩𝐮𝐛𝐥𝐢𝐜 𝐡𝐞𝐚𝐥𝐭𝐡 𝐭𝐡𝐫𝐞𝐚𝐭 𝐛𝐲 𝟐𝟎𝟑𝟎
Gallery
𝐂𝐨𝐦𝐦𝐮𝐧𝐢𝐭𝐲 𝐩𝐚𝐫𝐭𝐧𝐞𝐫𝐬𝐡𝐢𝐩𝐬 𝐫𝐞𝐦𝐚𝐢𝐧 𝐜𝐞𝐧𝐭𝐫𝐚𝐥 𝐭𝐨 𝐞𝐧𝐝𝐢𝐧𝐠 𝐀𝐈𝐃𝐒 𝐚𝐬 𝐚 𝐩𝐮𝐛𝐥𝐢𝐜 𝐡𝐞𝐚𝐥𝐭𝐡 𝐭𝐡𝐫𝐞𝐚𝐭 𝐛𝐲 𝟐𝟎𝟑𝟎
News
𝐂𝐨𝐦𝐦𝐮𝐧𝐢𝐭𝐲 𝐩𝐚𝐫𝐭𝐧𝐞𝐫𝐬𝐡𝐢𝐩𝐬 𝐫𝐞𝐦𝐚𝐢𝐧 𝐜𝐞𝐧𝐭𝐫𝐚𝐥 𝐭𝐨 𝐞𝐧𝐝𝐢𝐧𝐠 𝐀𝐈𝐃𝐒 𝐚𝐬 𝐚 𝐩𝐮𝐛𝐥𝐢𝐜 𝐡𝐞𝐚𝐥𝐭𝐡 𝐭𝐡𝐫𝐞𝐚𝐭 𝐛𝐲 𝟐𝟎𝟑𝟎
By
Evance Ogondi
|
2026-06-27T11:51:27+03:00
27/06/2026
|
News
|
NSDCC Chief Executive Officer Douglas O. Bosire hosted the National  [...]
Read More
0
𝐍𝐒𝐃𝐂𝐂 𝐁𝐨𝐚𝐫𝐝 𝐑𝐚𝐥𝐥𝐢𝐞𝐬 𝐒𝐚𝐦𝐛𝐮𝐫𝐮 𝐋𝐞𝐚𝐝𝐞𝐫𝐬 𝐚𝐧𝐝 𝐂𝐨𝐦𝐦𝐮𝐧𝐢𝐭𝐢𝐞𝐬 𝐭𝐨 𝐀𝐜𝐜𝐞𝐥𝐞𝐫𝐚𝐭𝐞 𝐀𝐜𝐭𝐢𝐨𝐧 𝐀𝐠𝐚𝐢𝐧𝐬𝐭 𝐭𝐡𝐞 𝐓𝐫𝐢𝐩𝐥𝐞 𝐓𝐡𝐫𝐞𝐚𝐭
Gallery
𝐍𝐒𝐃𝐂𝐂 𝐁𝐨𝐚𝐫𝐝 𝐑𝐚𝐥𝐥𝐢𝐞𝐬 𝐒𝐚𝐦𝐛𝐮𝐫𝐮 𝐋𝐞𝐚𝐝𝐞𝐫𝐬 𝐚𝐧𝐝 𝐂𝐨𝐦𝐦𝐮𝐧𝐢𝐭𝐢𝐞𝐬 𝐭𝐨 𝐀𝐜𝐜𝐞𝐥𝐞𝐫𝐚𝐭𝐞 𝐀𝐜𝐭𝐢𝐨𝐧 𝐀𝐠𝐚𝐢𝐧𝐬𝐭 𝐭𝐡𝐞 𝐓𝐫𝐢𝐩𝐥𝐞 𝐓𝐡𝐫𝐞𝐚𝐭
News
𝐍𝐒𝐃𝐂𝐂 𝐁𝐨𝐚𝐫𝐝 𝐑𝐚𝐥𝐥𝐢𝐞𝐬 𝐒𝐚𝐦𝐛𝐮𝐫𝐮 𝐋𝐞𝐚𝐝𝐞𝐫𝐬 𝐚𝐧𝐝 𝐂𝐨𝐦𝐦𝐮𝐧𝐢𝐭𝐢𝐞𝐬 𝐭𝐨 𝐀𝐜𝐜𝐞𝐥𝐞𝐫𝐚𝐭𝐞 𝐀𝐜𝐭𝐢𝐨𝐧 𝐀𝐠𝐚𝐢𝐧𝐬𝐭 𝐭𝐡𝐞 𝐓𝐫𝐢𝐩𝐥𝐞 𝐓𝐡𝐫𝐞𝐚𝐭
By
Evance Ogondi
|
2026-06-27T11:46:16+03:00
27/06/2026
|
News
|
The National Syndemic Diseases Control Council (NSDCC) Board, led by  [...]
Read More
0
𝐇𝐞𝐚𝐥𝐭𝐡 𝐂𝐒 𝐂𝐨𝐦𝐦𝐞𝐧𝐝𝐬 𝐍𝐒𝐃𝐂𝐂’𝐬 𝐋𝐞𝐚𝐝𝐞𝐫𝐬𝐡𝐢𝐩 𝐢𝐧 𝐊𝐞𝐧𝐲𝐚’𝐬 𝐇𝐈𝐕 𝐚𝐧𝐝 𝐒𝐲𝐧𝐝𝐞𝐦𝐢𝐜 𝐑𝐞𝐬𝐩𝐨𝐧𝐬𝐞
By
Evance Ogondi
|
2026-06-27T12:29:22+03:00
26/06/2026
|
News
|
Cabinet Secretary for Health, Hon. Aden Duale, EGH,  [...]
Read More
0
𝐍𝐒𝐃𝐂𝐂 𝐀𝐝𝐯𝐚𝐧𝐜𝐞𝐬 𝐇𝐈𝐕 𝐏𝐫𝐞𝐯𝐞𝐧𝐭𝐢𝐨𝐧 𝐚𝐧𝐝 𝐈𝐧𝐭𝐞𝐠𝐫𝐚𝐭𝐞𝐝 𝐇𝐞𝐚𝐥𝐭𝐡 𝐒𝐞𝐫𝐯𝐢𝐜𝐞𝐬 𝐃𝐮𝐫𝐢𝐧𝐠 𝐀𝐟𝐫𝐢𝐜𝐚 𝐏𝐮𝐛𝐥𝐢𝐜 𝐒𝐞𝐫𝐯𝐢𝐜𝐞 𝐃𝐚𝐲 𝟐𝟎𝟐𝟔
Gallery
𝐍𝐒𝐃𝐂𝐂 𝐀𝐝𝐯𝐚𝐧𝐜𝐞𝐬 𝐇𝐈𝐕 𝐏𝐫𝐞𝐯𝐞𝐧𝐭𝐢𝐨𝐧 𝐚𝐧𝐝 𝐈𝐧𝐭𝐞𝐠𝐫𝐚𝐭𝐞𝐝 𝐇𝐞𝐚𝐥𝐭𝐡 𝐒𝐞𝐫𝐯𝐢𝐜𝐞𝐬 𝐃𝐮𝐫𝐢𝐧𝐠 𝐀𝐟𝐫𝐢𝐜𝐚 𝐏𝐮𝐛𝐥𝐢𝐜 𝐒𝐞𝐫𝐯𝐢𝐜𝐞 𝐃𝐚𝐲 𝟐𝟎𝟐𝟔
News
𝐍𝐒𝐃𝐂𝐂 𝐀𝐝𝐯𝐚𝐧𝐜𝐞𝐬 𝐇𝐈𝐕 𝐏𝐫𝐞𝐯𝐞𝐧𝐭𝐢𝐨𝐧 𝐚𝐧𝐝 𝐈𝐧𝐭𝐞𝐠𝐫𝐚𝐭𝐞𝐝 𝐇𝐞𝐚𝐥𝐭𝐡 𝐒𝐞𝐫𝐯𝐢𝐜𝐞𝐬 𝐃𝐮𝐫𝐢𝐧𝐠 𝐀𝐟𝐫𝐢𝐜𝐚 𝐏𝐮𝐛𝐥𝐢𝐜 𝐒𝐞𝐫𝐯𝐢𝐜𝐞 𝐃𝐚𝐲 𝟐𝟎𝟐𝟔
By
Evance Ogondi
|
2026-06-26T09:14:07+03:00
26/06/2026
|
News
|
The National Syndemic Diseases Control Council (NSDCC) joined other public  [...]
Read More
0
𝐍𝐒𝐃𝐂𝐂 𝐁𝐨𝐚𝐫𝐝 𝐄𝐧𝐠𝐚𝐠𝐞𝐬 𝐊𝐢𝐭𝐮𝐢 𝐋𝐞𝐚𝐝𝐞𝐫𝐬𝐡𝐢𝐩 𝐭𝐨 𝐒𝐭𝐫𝐞𝐧𝐠𝐭𝐡𝐞𝐧 𝐌𝐮𝐥𝐭𝐢𝐬𝐞𝐜𝐭𝐨𝐫𝐚𝐥 𝐇𝐞𝐚𝐥𝐭𝐡 𝐑𝐞𝐬𝐩𝐨𝐧𝐬𝐞
Gallery
𝐍𝐒𝐃𝐂𝐂 𝐁𝐨𝐚𝐫𝐝 𝐄𝐧𝐠𝐚𝐠𝐞𝐬 𝐊𝐢𝐭𝐮𝐢 𝐋𝐞𝐚𝐝𝐞𝐫𝐬𝐡𝐢𝐩 𝐭𝐨 𝐒𝐭𝐫𝐞𝐧𝐠𝐭𝐡𝐞𝐧 𝐌𝐮𝐥𝐭𝐢𝐬𝐞𝐜𝐭𝐨𝐫𝐚𝐥 𝐇𝐞𝐚𝐥𝐭𝐡 𝐑𝐞𝐬𝐩𝐨𝐧𝐬𝐞
News
𝐍𝐒𝐃𝐂𝐂 𝐁𝐨𝐚𝐫𝐝 𝐄𝐧𝐠𝐚𝐠𝐞𝐬 𝐊𝐢𝐭𝐮𝐢 𝐋𝐞𝐚𝐝𝐞𝐫𝐬𝐡𝐢𝐩 𝐭𝐨 𝐒𝐭𝐫𝐞𝐧𝐠𝐭𝐡𝐞𝐧 𝐌𝐮𝐥𝐭𝐢𝐬𝐞𝐜𝐭𝐨𝐫𝐚𝐥 𝐇𝐞𝐚𝐥𝐭𝐡 𝐑𝐞𝐬𝐩𝐨𝐧𝐬𝐞
By
Evance Ogondi
|
2026-06-26T08:37:32+03:00
25/06/2026
|
News
|
The National Syndemic Diseases Control Council (NSDCC) Board of  [...]
Read More
0
𝐉𝐨𝐮𝐫𝐧𝐚𝐥𝐢𝐬𝐭𝐬 𝐑𝐞𝐜𝐨𝐠𝐧𝐢𝐬𝐞𝐝 𝐟𝐨𝐫 𝐒𝐭𝐫𝐞𝐧𝐠𝐭𝐡𝐞𝐧𝐢𝐧𝐠 𝐊𝐞𝐧𝐲𝐚’𝐬 𝐇𝐈𝐕 𝐑𝐞𝐬𝐩𝐨𝐧𝐬𝐞 𝐓𝐡𝐫𝐨𝐮𝐠𝐡 𝐐𝐮𝐚𝐥𝐢𝐭𝐲 𝐑𝐞𝐩𝐨𝐫𝐭𝐢𝐧𝐠
Gallery
𝐉𝐨𝐮𝐫𝐧𝐚𝐥𝐢𝐬𝐭𝐬 𝐑𝐞𝐜𝐨𝐠𝐧𝐢𝐬𝐞𝐝 𝐟𝐨𝐫 𝐒𝐭𝐫𝐞𝐧𝐠𝐭𝐡𝐞𝐧𝐢𝐧𝐠 𝐊𝐞𝐧𝐲𝐚’𝐬 𝐇𝐈𝐕 𝐑𝐞𝐬𝐩𝐨𝐧𝐬𝐞 𝐓𝐡𝐫𝐨𝐮𝐠𝐡 𝐐𝐮𝐚𝐥𝐢𝐭𝐲 𝐑𝐞𝐩𝐨𝐫𝐭𝐢𝐧𝐠
News
𝐉𝐨𝐮𝐫𝐧𝐚𝐥𝐢𝐬𝐭𝐬 𝐑𝐞𝐜𝐨𝐠𝐧𝐢𝐬𝐞𝐝 𝐟𝐨𝐫 𝐒𝐭𝐫𝐞𝐧𝐠𝐭𝐡𝐞𝐧𝐢𝐧𝐠 𝐊𝐞𝐧𝐲𝐚’𝐬 𝐇𝐈𝐕 𝐑𝐞𝐬𝐩𝐨𝐧𝐬𝐞 𝐓𝐡𝐫𝐨𝐮𝐠𝐡 𝐐𝐮𝐚𝐥𝐢𝐭𝐲 𝐑𝐞𝐩𝐨𝐫𝐭𝐢𝐧𝐠
By
Evance Ogondi
|
2026-06-25T19:10:18+03:00
25/06/2026
|
News
|
The role of journalism in advancing Kenya's response to  [...]
Read More
0
Nyeri Leaders Rally Community Support to End the Triple Threat
Gallery
Nyeri Leaders Rally Community Support to End the Triple Threat
News
Nyeri Leaders Rally Community Support to End the Triple Threat
By
Evance Ogondi
|
2026-06-25T15:49:06+03:00
25/06/2026
|
News
|
The National Syndemic Diseases Control Council (NSDCC) joined Nyeri Town  [...]
Read More
0
1
2
Next
About NSDCC
The National Syndemic Diseases Control Council (NSDCC) is a State Corporation established under Section 3 of the State Corporations Act, Cap 446, through the National AIDS Control Council Order, 1999 as amended by legal notice number 143 of 2022. The Council is mandated to manage the following syndemic diseases; HIV, sexually transmitted infections, malaria, leprosy, tuberculosis and lung disease.
News and Updates
> Health Committee Explores Sustainable Solutions for Kenya’s HIV and Syndemic Disease Response
> 𝐌𝐚𝐚𝐫𝐢𝐟𝐚 𝐇𝐞𝐚𝐥𝐭𝐡 𝐇𝐮𝐛 𝐒𝐞𝐭 𝐭𝐨 𝐄𝐧𝐡𝐚𝐧𝐜𝐞 𝐀𝐜𝐜𝐞𝐬𝐬 𝐭𝐨 𝐇𝐈𝐕 𝐏𝐫𝐞𝐯𝐞𝐧𝐭𝐢𝐨𝐧 𝐈𝐧𝐟𝐨𝐫𝐦𝐚𝐭𝐢𝐨𝐧
> 𝐍𝐒𝐃𝐂𝐂 𝐒𝐭𝐫𝐞𝐧𝐠𝐭𝐡𝐞𝐧𝐬 𝐓𝐫𝐢𝐩𝐥𝐞 𝐓𝐡𝐫𝐞𝐚𝐭 𝐑𝐞𝐬𝐩𝐨𝐧𝐬𝐞 𝐢𝐧 𝐊𝐚𝐤𝐚𝐦𝐞𝐠𝐚 𝐂𝐨𝐮𝐧𝐭𝐲
> 𝐂𝐨𝐦𝐦𝐮𝐧𝐢𝐭𝐲 𝐩𝐚𝐫𝐭𝐧𝐞𝐫𝐬𝐡𝐢𝐩𝐬 𝐫𝐞𝐦𝐚𝐢𝐧 𝐜𝐞𝐧𝐭𝐫𝐚𝐥 𝐭𝐨 𝐞𝐧𝐝𝐢𝐧𝐠 𝐀𝐈𝐃𝐒 𝐚𝐬 𝐚 𝐩𝐮𝐛𝐥𝐢𝐜 𝐡𝐞𝐚𝐥𝐭𝐡 𝐭𝐡𝐫𝐞𝐚𝐭 𝐛𝐲 𝟐𝟎𝟑𝟎
> 𝐍𝐒𝐃𝐂𝐂 𝐁𝐨𝐚𝐫𝐝 𝐑𝐚𝐥𝐥𝐢𝐞𝐬 𝐒𝐚𝐦𝐛𝐮𝐫𝐮 𝐋𝐞𝐚𝐝𝐞𝐫𝐬 𝐚𝐧𝐝 𝐂𝐨𝐦𝐦𝐮𝐧𝐢𝐭𝐢𝐞𝐬 𝐭𝐨 𝐀𝐜𝐜𝐞𝐥𝐞𝐫𝐚𝐭𝐞 𝐀𝐜𝐭𝐢𝐨𝐧 𝐀𝐠𝐚𝐢𝐧𝐬𝐭 𝐭𝐡𝐞 𝐓𝐫𝐢𝐩𝐥𝐞 𝐓𝐡𝐫𝐞𝐚𝐭
Contact Us
Maktaba Kuu Building, 2nd Floor,
Ngong Road, Upperhill
P.O. Box 61307 – 00200
Nairobi, Kenya
Phone: +254727531250, +254727531251,+254733886388,+254733886288
Email:
communication@nsdcc.go.ke
Email Address for complaints –
complaints@nsdcc.go.ke
Hotlines: ✓ +254 0202715000
(Toll-free Number)✓ 0800 720007
Mon to Fri – 8:00 am to 5:00 pm
© Copyright 2026 |   National AIDS Control Council     |   All Rights Reserved
Page load link
Skip to content
Go to Top"
nsdcc,Health,https://nsdcc.go.ke/health-committee-explores-sustainable-solutions-for-kenyas-hiv-and-syndemic-disease-response/,2026-07-10,OK,"Health Committee Explores Sustainable Solutions for Kenya’s HIV and Syndemic Disease Response – National Syndemic Diseases Control Council
Skip to content
Health Committee Explores Sustainable Solutions for Kenya’s HIV and Syndemic Disease Response
Previous
View Larger Image
Health Committee Explores Sustainable Solutions for Kenya’s HIV and Syndemic Disease Response
The National Assembly Departmental Committee on Health chaired by Hon. (Dr.) James Nyikal, MP, visited the National Syndemic Diseases Control Council (NSDCC) for a briefing on Kenya’s coordinated response to HIV and other syndemic diseases. The Committee was received by NSDCC Board Chairman Hon. Ahmed Ibrahim, Board Member Tom Okundi, Chief Executive Officer Douglas O. Bosire, and the Council’s Management Team.
Further, the Members of Parliament reviewed progress in the national response and discussed strategies for strengthening domestic resource mobilization, integrating HIV, tuberculosis, viral hepatitis, mental health, substance use disorders and non-communicable diseases, and advancing the legislative, policy and budgetary measures needed to sustain the response amid declining external funding.
The engagement reaffirmed the critical role of parliamentary oversight and collaboration in sustaining the gains made in Kenya’s HIV response and accelerating progress towards ending HIV and other syndemic diseases as public health threats by 2030.
#NSDCC #HealthCommittee #EndAIDS2030 #SyndemicResponse
By
Tabitha Lynn
|
2026-07-10T11:48:03+03:00
10/07/2026
|
News
|
0 Comments
Share This Story, Choose Your Platform!
Facebook
X
Reddit
LinkedIn
WhatsApp
Tumblr
Pinterest
Vk
Xing
Email
About the Author:
Tabitha Lynn
Related Posts
𝐌𝐚𝐚𝐫𝐢𝐟𝐚 𝐇𝐞𝐚𝐥𝐭𝐡 𝐇𝐮𝐛 𝐒𝐞𝐭 𝐭𝐨 𝐄𝐧𝐡𝐚𝐧𝐜𝐞 𝐀𝐜𝐜𝐞𝐬𝐬 𝐭𝐨 𝐇𝐈𝐕 𝐏𝐫𝐞𝐯𝐞𝐧𝐭𝐢𝐨𝐧 𝐈𝐧𝐟𝐨𝐫𝐦𝐚𝐭𝐢𝐨𝐧
Gallery
𝐌𝐚𝐚𝐫𝐢𝐟𝐚 𝐇𝐞𝐚𝐥𝐭𝐡 𝐇𝐮𝐛 𝐒𝐞𝐭 𝐭𝐨 𝐄𝐧𝐡𝐚𝐧𝐜𝐞 𝐀𝐜𝐜𝐞𝐬𝐬 𝐭𝐨 𝐇𝐈𝐕 𝐏𝐫𝐞𝐯𝐞𝐧𝐭𝐢𝐨𝐧 𝐈𝐧𝐟𝐨𝐫𝐦𝐚𝐭𝐢𝐨𝐧
𝐍𝐒𝐃𝐂𝐂 𝐒𝐭𝐫𝐞𝐧𝐠𝐭𝐡𝐞𝐧𝐬 𝐓𝐫𝐢𝐩𝐥𝐞 𝐓𝐡𝐫𝐞𝐚𝐭 𝐑𝐞𝐬𝐩𝐨𝐧𝐬𝐞 𝐢𝐧 𝐊𝐚𝐤𝐚𝐦𝐞𝐠𝐚 𝐂𝐨𝐮𝐧𝐭𝐲
Gallery
𝐍𝐒𝐃𝐂𝐂 𝐒𝐭𝐫𝐞𝐧𝐠𝐭𝐡𝐞𝐧𝐬 𝐓𝐫𝐢𝐩𝐥𝐞 𝐓𝐡𝐫𝐞𝐚𝐭 𝐑𝐞𝐬𝐩𝐨𝐧𝐬𝐞 𝐢𝐧 𝐊𝐚𝐤𝐚𝐦𝐞𝐠𝐚 𝐂𝐨𝐮𝐧𝐭𝐲
𝐂𝐨𝐦𝐦𝐮𝐧𝐢𝐭𝐲 𝐩𝐚𝐫𝐭𝐧𝐞𝐫𝐬𝐡𝐢𝐩𝐬 𝐫𝐞𝐦𝐚𝐢𝐧 𝐜𝐞𝐧𝐭𝐫𝐚𝐥 𝐭𝐨 𝐞𝐧𝐝𝐢𝐧𝐠 𝐀𝐈𝐃𝐒 𝐚𝐬 𝐚 𝐩𝐮𝐛𝐥𝐢𝐜 𝐡𝐞𝐚𝐥𝐭𝐡 𝐭𝐡𝐫𝐞𝐚𝐭 𝐛𝐲 𝟐𝟎𝟑𝟎
Gallery
𝐂𝐨𝐦𝐦𝐮𝐧𝐢𝐭𝐲 𝐩𝐚𝐫𝐭𝐧𝐞𝐫𝐬𝐡𝐢𝐩𝐬 𝐫𝐞𝐦𝐚𝐢𝐧 𝐜𝐞𝐧𝐭𝐫𝐚𝐥 𝐭𝐨 𝐞𝐧𝐝𝐢𝐧𝐠 𝐀𝐈𝐃𝐒 𝐚𝐬 𝐚 𝐩𝐮𝐛𝐥𝐢𝐜 𝐡𝐞𝐚𝐥𝐭𝐡 𝐭𝐡𝐫𝐞𝐚𝐭 𝐛𝐲 𝟐𝟎𝟑𝟎
𝐍𝐒𝐃𝐂𝐂 𝐁𝐨𝐚𝐫𝐝 𝐑𝐚𝐥𝐥𝐢𝐞𝐬 𝐒𝐚𝐦𝐛𝐮𝐫𝐮 𝐋𝐞𝐚𝐝𝐞𝐫𝐬 𝐚𝐧𝐝 𝐂𝐨𝐦𝐦𝐮𝐧𝐢𝐭𝐢𝐞𝐬 𝐭𝐨 𝐀𝐜𝐜𝐞𝐥𝐞𝐫𝐚𝐭𝐞 𝐀𝐜𝐭𝐢𝐨𝐧 𝐀𝐠𝐚𝐢𝐧𝐬𝐭 𝐭𝐡𝐞 𝐓𝐫𝐢𝐩𝐥𝐞 𝐓𝐡𝐫𝐞𝐚𝐭
Gallery
𝐍𝐒𝐃𝐂𝐂 𝐁𝐨𝐚𝐫𝐝 𝐑𝐚𝐥𝐥𝐢𝐞𝐬 𝐒𝐚𝐦𝐛𝐮𝐫𝐮 𝐋𝐞𝐚𝐝𝐞𝐫𝐬 𝐚𝐧𝐝 𝐂𝐨𝐦𝐦𝐮𝐧𝐢𝐭𝐢𝐞𝐬 𝐭𝐨 𝐀𝐜𝐜𝐞𝐥𝐞𝐫𝐚𝐭𝐞 𝐀𝐜𝐭𝐢𝐨𝐧 𝐀𝐠𝐚𝐢𝐧𝐬𝐭 𝐭𝐡𝐞 𝐓𝐫𝐢𝐩𝐥𝐞 𝐓𝐡𝐫𝐞𝐚𝐭
Leave A Comment
Cancel reply
About NSDCC
The National Syndemic Diseases Control Council (NSDCC) is a State Corporation established under Section 3 of the State Corporations Act, Cap 446, through the National AIDS Control Council Order, 1999 as amended by legal notice number 143 of 2022. The Council is mandated to manage the following syndemic diseases; HIV, sexually transmitted infections, malaria, leprosy, tuberculosis and lung disease.
News and Updates
> Health Committee Explores Sustainable Solutions for Kenya’s HIV and Syndemic Disease Response
> 𝐌𝐚𝐚𝐫𝐢𝐟𝐚 𝐇𝐞𝐚𝐥𝐭𝐡 𝐇𝐮𝐛 𝐒𝐞𝐭 𝐭𝐨 𝐄𝐧𝐡𝐚𝐧𝐜𝐞 𝐀𝐜𝐜𝐞𝐬𝐬 𝐭𝐨 𝐇𝐈𝐕 𝐏𝐫𝐞𝐯𝐞𝐧𝐭𝐢𝐨𝐧 𝐈𝐧𝐟𝐨𝐫𝐦𝐚𝐭𝐢𝐨𝐧
> 𝐍𝐒𝐃𝐂𝐂 𝐒𝐭𝐫𝐞𝐧𝐠𝐭𝐡𝐞𝐧𝐬 𝐓𝐫𝐢𝐩𝐥𝐞 𝐓𝐡𝐫𝐞𝐚𝐭 𝐑𝐞𝐬𝐩𝐨𝐧𝐬𝐞 𝐢𝐧 𝐊𝐚𝐤𝐚𝐦𝐞𝐠𝐚 𝐂𝐨𝐮𝐧𝐭𝐲
> 𝐂𝐨𝐦𝐦𝐮𝐧𝐢𝐭𝐲 𝐩𝐚𝐫𝐭𝐧𝐞𝐫𝐬𝐡𝐢𝐩𝐬 𝐫𝐞𝐦𝐚𝐢𝐧 𝐜𝐞𝐧𝐭𝐫𝐚𝐥 𝐭𝐨 𝐞𝐧𝐝𝐢𝐧𝐠 𝐀𝐈𝐃𝐒 𝐚𝐬 𝐚 𝐩𝐮𝐛𝐥𝐢𝐜 𝐡𝐞𝐚𝐥𝐭𝐡 𝐭𝐡𝐫𝐞𝐚𝐭 𝐛𝐲 𝟐𝟎𝟑𝟎
> 𝐍𝐒𝐃𝐂𝐂 𝐁𝐨𝐚𝐫𝐝 𝐑𝐚𝐥𝐥𝐢𝐞𝐬 𝐒𝐚𝐦𝐛𝐮𝐫𝐮 𝐋𝐞𝐚𝐝𝐞𝐫𝐬 𝐚𝐧𝐝 𝐂𝐨𝐦𝐦𝐮𝐧𝐢𝐭𝐢𝐞𝐬 𝐭𝐨 𝐀𝐜𝐜𝐞𝐥𝐞𝐫𝐚𝐭𝐞 𝐀𝐜𝐭𝐢𝐨𝐧 𝐀𝐠𝐚𝐢𝐧𝐬𝐭 𝐭𝐡𝐞 𝐓𝐫𝐢𝐩𝐥𝐞 𝐓𝐡𝐫𝐞𝐚𝐭
Contact Us
Maktaba Kuu Building, 2nd Floor,
Ngong Road, Upperhill
P.O. Box 61307 – 00200
Nairobi, Kenya
Phone: +254727531250, +254727531251,+254733886388,+254733886288
Email:
communication@nsdcc.go.ke
Email Address for complaints –
complaints@nsdcc.go.ke
Hotlines: ✓ +254 0202715000
(Toll-free Number)✓ 0800 720007
Mon to Fri – 8:00 am to 5:00 pm
© Copyright 2026 |   National AIDS Control Council     |   All Rights Reserved
Page load link
Skip to content
Go to Top"
nacada,Security,https://nacada.go.ke/,2026-07-10,OK,"Home | NACADA -National Authority for the Campaign Against Alcohol and Drug Abuse
Skip to main content
Home
Loving a Drug User or Alcoholic.
How They Can Get Help
Learn More
For a Nation free from Alcohol  and Drug abuse. Get Involved
Read More
Get the Help You Need
Sensitization & Training
Find Publications
Report an Incident
Get involved Today
News & Events
Launch of the Wastewater Analysis to Assess Emerging New Psychoactive Substances and Illicit Drug Use in Kenya
14 May 26
Call to Apply for Universal Prevention Curriculum Core Course
19 Feb 26
Launch of the 2026 National Senior School Essay Writing Competition on Alcohol and Drug Use Prevention
30 Jan 26
Looking for treatment?
Salamah Wellness Centre Ltd.
Telephone No.: 0721988399
Physical Address – Bulhan, Garissa town
Contact person: Bishar Yakub Nuur
Email: salamawellness3@gmail.com
Comfort Care 360 Treatment and Rehabilitation Centre
Physical Address: Lavington
P.O Box: 67357-00400
Tel: 0700705487
Contact Person: Prisca Makena
Website: www.comfortcareafrica.com
Email: carolyne@ujuzifurahaafrica.ac.ke
Crater of Hope Recovery Centre
Contacts: 0722111660
Physical Address: Maili Nne-Busienei Estate off Uganda Road
Nyota Rehabilitation Centre
Contacts: 0733-303033
Physical Address: SOS Village Area, Kapsoya
Email: nyotarehabilitation@gmail.com
Akili Foundation Wellness Centre
Telephone No: 0738-114749
Physical Address: Itigo Mosoriot Road in Nandi County
Contact Person: -Wilson Oroni- Centre Administrator
Qualifications: Masters in Education
Period of Service at the Facility: 1 Year
Email Address: info@akilifoundation.org
Uasin-Gishu County Government Alcohol And Drugs Treatment And Rehabilitation Centre
Telephone No: 0705-139880
Physical Address: Moiben Sub-County Hospital
Contact Person: Carolyn Cheboi-Centre Administrator
Email Address: directorugcb@gmail.com
Your Stories
The Road Back Home: Kenya’s Untold Story of Healing
Read More
Digital Deception: When Social Media Becomes a Drug Pipeline
Read More
Bishop. Dr. Stephen Mairori, EBS, NACADA Board Chair at the Launch of the Wastewater Analysis report
Read More
Inspire Someone Today
Click to Share your story with us
Document Search
Featured Publications
Wastewater Analysis Report
Download
NACADA Quarterly Edition No.24 Jan - March 2026
Download
NACADA Quarterly Edition No.23 October - December 2025
Download
NACADA Quarterly Edition No.22 July - September 2025
Download"
nacada,Security,https://nacada.go.ke/news,2026-07-10,OK,"News & Events | NACADA -National Authority for the Campaign Against Alcohol and Drug Abuse
Skip to main content
News & Events
Launch of the Wastewater Analysis to Assess Emerging New Psychoactive Substances and Illicit Drug Use in Kenya
News
14, May 2026
NACADA launched a report on Wastewater Analysis to Assess Emerging New Psychoactive Substances and Illicit Drug Use i
Call to Apply for Universal Prevention Curriculum Core Course
News
19, Feb 2026
Apply on
https://tinyurl.com/UPCcore2026
Launch of the 2026 National Senior School Essay Writing Competition on Alcohol and Drug Use Prevention
News
30, Jan 2026
The National Authority for the Campaign against Alcohol and Drug Abuse (NACADA) is organizing an essay competition fo
Call for Presenters NPW 2026
News
14, Jan 2026
The National Substance use Prevention Week (NPW) annual Prevention summit is the nation’s leading drug demand reducti
Registration of Suppliers for FY 2025-2026
News
16, Oct 2025
National Authority for the Campaign Against Alcohol and Drug Abuse (NACADA) invites eligible and interested
Apply for UPC 2025 Training (Deadline: 5th September)
News
26, Aug 2025"
nacada,Security,https://nacada.go.ke/publications,2026-07-10,OK,"Publications | NACADA -National Authority for the Campaign Against Alcohol and Drug Abuse
Skip to main content
Publications
Publications
Our
Publications
Wastewater Analysis Report
Download
NACADA Quarterly Edition No.24 Jan - March 2026
Download
NACADA Quarterly Edition No.23 October - December 2025
Download
NACADA Quarterly Edition No.22 July - September 2025
Download
National Policy for the Prevention, Management & Control of Alcohol, Drugs & Substance Abuse.
Download
NACADA Quarterly Edition No.21 April - June 2025
Download
NACADA Quarterly - Edition No.20 Jan - March 2025
Download
Community-Based Rehabilitation Framework for Substance Use Disorders
Download
Fact Sheet on Substance Use Disorders
Download
Status of DSU among University Students in Kenya 2024 (Abridged Version)
Download
Status of DSU among University Students in Kenya 2024
Download
NACADA Quarterly Edition No. 19 October - December 2024
Download
Load More"
nacada,Security,https://nacada.go.ke/road-back-home-kenyas-untold-story-healing,2026-07-10,OK,"The Road Back Home: Kenya’s Untold Story of Healing | NACADA -National Authority for the Campaign Against Alcohol and Drug Abuse
Skip to main content
Portfolio
The Road Back Home: Kenya’s Untold Story of Healing
2, Jul 2026
Video"
nacada,Security,https://nacada.go.ke/digital-deception-when-social-media-becomes-drug-pipeline,2026-07-10,OK,"Digital Deception: When Social Media Becomes a Drug Pipeline | NACADA -National Authority for the Campaign Against Alcohol and Drug Abuse
Skip to main content
Portfolio
Digital Deception: When Social Media Becomes a Drug Pipeline
28, May 2026
Video"
krcs,Mixed,https://redcross.or.ke/,2026-07-10,OK,"Kenya Red Cross – Always There
Donate
HAPPENING NOW
Drought Crisis
in Kenya
Severe drought continues to affect Kenya’s Arid and Semi-Arid Lands (ASAL), leaving more than 2.12 million people facing acute food insecurity. Malnutrition rates are rising, particularly among children under five and pregnant and lactating women. Despite worsening conditions and increasing humanitarian needs, the
Kenya Red Cross Society
is providing life-saving assistance to the most affected counties.
Learn More
Learn More
Learn More
D
o
n
a
t
e
JOIN US TODAY
Become a
Kenya Red Cross Volunteer
Help us to support families and communities affected by armed conflict or by natural disasters in conflict regions all over the world
Member
Member
Member
Volunteer
Volunteer
Volunteer
HAPPENING NOW
Floods
in Kenya
Flooding across Kenya continues to take a devastating toll, Kenya Red Cross Society is tracking the impacts of flooding across 39 counties as of May 2026. Response teams have been mobilized on the ground to reach the most affected communities.  Over 26 million early warning SMS alerts have been dispatched to at-risk communities across the country. Currently, over 60,000 households have been affected across the country and more than 12,700 have been displaced.
JOIN US TODAY
Become a
Kenya Red Cross Volunteer
Help us to support families and communities affected by armed conflict or by natural disasters in conflict regions all over the world
Member
Member
Member
Volunteer
Volunteer
Volunteer
HAPPENING NOW
Drought Crisis
in Kenya
Severe drought continues to affect Kenya’s Arid and Semi-Arid Lands (ASAL), leaving more than 2.12 million people facing acute food insecurity. Malnutrition rates are rising, particularly among children under five and pregnant and lactating women. Despite worsening conditions and increasing humanitarian needs, the
Kenya Red Cross Society
is providing life-saving assistance to the most affected counties.
Learn More
Learn More
Learn More
D
o
n
a
t
e
HAPPENING NOW
Floods
in Kenya
Flooding across Kenya continues to take a devastating toll, Kenya Red Cross Society is tracking the impacts of flooding across 39 counties as of May 2026. Response teams have been mobilized on the ground to reach the most affected communities.  Over 26 million early warning SMS alerts have been dispatched to at-risk communities across the country. Currently, over 60,000 households have been affected across the country and more than 12,700 have been displaced.
1
Fundamental Principles
We are guided by
Our
Fundamental
Principles
The Kenya Red Cross Society is guided by these 7 fundamental principles of the Red Cross Red Crescent Movement:
Humanity
Impartiality
Neutrality
Independence
Voluntary Service
Unity
Universality
Learn More
Learn More
Learn More
OUR PROGRAMS
What
We
Do
Disaster Management
The department provides immediate relief to affected populations to save lives, protect livelihoods, and strengthen recovery from disasters and crises
Read more
Health
The health department embraces the integration approach to ensure affordable, accessible and equitable community-based health care.
Read more
Youth Development
In a bid to promote youth-led volunteerism and sustainable action, the department has created You-Red spaces, that are open to all young people interested in…
Read more
National Society Development
Organizational Development focuses on the capacity of KRCS to adequetely perform its mandate, this includes branches and volunteers.
Read more
Special Programmes
Kenya Red Cross has special programmes that cater for special needs of vunerable communities accross the country.
Read more
Special Programmes
Kenya Red Cross has special programmes that cater for special needs of vunerable communities accross the country.
Read more
Explore all the Other Programs by KRCS
All Programmes
All Programmes
All Programmes
Join Kenya Red Cross
Become
a
Member
or
a
Volunteer
Volunteer
A volunteer is anyone willing to offer their time, skills or resources to support our humanitarian work
Volunteerism
Volunteerism
Volunteerism
Member
A member is one who has duly paid the stipulated KRCS membership fees. KRCS Members have distinct functions and priviledges
Membership
Membership
Membership
Volunteerism
Volunteerism
Volunteerism
Watch Video
47
County Branches
8
Regional Offices
5
M +
Beneficiaries Supported Annually
260
K
Members and Volunteers
About Us
We
Work
to
Alleviate
Human
Suffering
Our Mission
Our Vision
Core Values
Our History
Learn More
Learn More
Learn More
1
k +
Community Voices
Our Vision
OUR PROJECTS
Our
Recent
Projects
All
Disaster Management
SLL Project
Disaster Management
Supporters | Donors | Wellwishers
Our Partners
Celebrating Our Achievements
Accreditations & Awards
HAVE A CONCERN?
Report
Your
Concern
Confidentially
Report Now
Report Now
Report Now
latest updates
Read
Our
Impact
Stories
When Waters Rise
Read Article
The Cost of Drought in Turkana
Read Article
How Tana River Communities Take Action: Preparing Early for Droughts and Floods
Read Article
Water for Dignity: A Nation’s Story of Resilience
Read Article
From Tradition to Transition: A Community Rewriting Harmful Norms
Read Article
Rainwater Tanks Bring Clean Water to Lamu School
Read Article
Talk
To
Us
About Us
Kenya Red Cross Society is a humanitarian relief organization, created through an act of parliament CAP256 of the laws of Kenya
We are auxiliary to the National and County Governments and work to alleviate human suffering and preserve life and human dignity.
Contact Us
[email protected]
(+254) 073 037 000
South C (Bellevue), Red Cross Road, off Popo Road
Facebook
Twitter
Linkedin
Instagram
YouTube"
krcs,Mixed,https://redcross.or.ke/programmes/health/,2026-07-10,OK,"Health – Kenya Red Cross
Health
Home
Our Programmes
Health
Health Services
Health, Nutrition and Social Services
The Health and Social Services (HSS) department embraces the integration approach to ensure affordable, accessible and equitable community-based health care. The interventions are anchored to the KCRS 2016-2020 strategic plan, the National Health Sector Strategy III, Vision 2030(the social pillar) and Sustainable Development Goals.
Health  Programmes
Programmes
Public Health in Emergencies
The Health, Nutrition, and Social Services (HSS) Department Focuses on primary health…
Read more
Global Fund Program
Do you have dream to expand your business globally? we are providing…
Read more
Training-institute
We are providing growth consultancies & financial services for companies who want…
Read more
PR and Communications
No one can deny the importance of digital marketing now a days…
Read more
Health Projects
Projects
About Us
Kenya Red Cross Society is a humanitarian relief organization, created through an act of parliament CAP256 of the laws of Kenya
We are auxiliary to the National and County Governments and work to alleviate human suffering and preserve life and human dignity.
Contact Us
[email protected]
(+254) 073 037 000
South C (Bellevue), Red Cross Road, off Popo Road
Facebook
Twitter
Linkedin
Instagram
YouTube"
krcs,Mixed,https://redcross.or.ke/service/public-health-emergencies/,2026-07-10,OK,"Public Health in Emergencies – Kenya Red Cross
Public Health in Emergencies
Home
Our Programmes
Public Health in Emergencies
Health and Social Services
Disaster Management
Organizational Development
Global Fund
EMAIL FOR PARTNERSHIP
[email protected]
Public Health in Emergencies
The Health, Nutrition, and Social Services (HSS) Department Focuses on primary health care; the most efficient and cost-effective way to achieve universal health coverage through a gender-responsive, protective, and inclusive lens.
Key Thematic Areas
Our work in emergencies is focused on two thematic areas;
Primary Health Care for Refugees and Host communities; running health facilities for primary health care services with minimal secondary services in Kalobeyei (part of larger Kakuma) and IFO (Dadaab).
Community Epidemic and Pandemic Preparedness especially on disease outbreaks. The society has been a champion of One Health and supported capacity at the community level but also enhanced collaboration with counties monitored through a community-based health information system (CBHIS). Within the organisation's national preparedness plan, KRCS has effectively responded to human and animal disease outbreaks including Cholera, Rift Valley Fever, Yellow Fever, and Kala-azar (Leishmaniasis).
Our Approach
1
Community Sensitization
We understand the importance of approaching each work integrally and believe in the power of simple..
2
Surveillance and Response
Design studio founded in London and expanded our services, and become a multinational firm.
3
Community Health
Increase social reach and productivity with our App Directory, a collection of famous applications.
4
Emergency Preparedness
Don’t worry about any thing, our security experts will install your new system, activate it.
5
Exit Strategy
Rounding up a bunch of specific designs & talking about the merits of each is perfect way.
6
Media Marketing
Helping families live intelligently means we’re always working to bring our customers the latest technology.
PUBLIC HEALTH IN EMERGENCIES
Featured
Stories
April 28, 2026
Kelvin Njenga
When Waters Rise
Read Article
April 13, 2026
Kelvin Njenga
The Cost of Drought in Turkana
Read Article
April 13, 2026
Kelvin Njenga
How Tana River Communities Take Action: Preparing Early for Droughts and Floods
Read Article
March 11, 2026
Kelvin Njenga
Water for Dignity: A Nation’s Story of Resilience
Read Article
March 2, 2026
Kelvin Njenga
From Tradition to Transition: A Community Rewriting Harmful Norms
Read Article
February 27, 2026
Kelvin Njenga
Rainwater Tanks Bring Clean Water to Lamu School
Read Article
Previous works
Public
Health
Projects
About Us
Kenya Red Cross Society is a humanitarian relief organization, created through an act of parliament CAP256 of the laws of Kenya
We are auxiliary to the National and County Governments and work to alleviate human suffering and preserve life and human dignity.
Contact Us
[email protected]
(+254) 073 037 000
South C (Bellevue), Red Cross Road, off Popo Road
Facebook
Twitter
Linkedin
Instagram
YouTube"
krcs,Mixed,https://redcross.or.ke/publications/,2026-07-10,OK,"Publications – Kenya Red Cross
Publications
Home
Publications
2025 Annual Report: Marking 60 Years of Service
READ MORE
Annual Report 2024 – Growth, Collaboration and Community Engagement
READ MORE
Annual Report 2020 – Responding to the Covid -19 Pandemic
READ MORE
About Us
Kenya Red Cross Society is a humanitarian relief organization, created through an act of parliament CAP256 of the laws of Kenya
We are auxiliary to the National and County Governments and work to alleviate human suffering and preserve life and human dignity.
Contact Us
[email protected]
(+254) 073 037 000
South C (Bellevue), Red Cross Road, off Popo Road
Facebook
Twitter
Linkedin
Instagram
YouTube"
krcs,Mixed,https://redcross.or.ke/publications/?publicationField=Strategic%20Plan,2026-07-10,OK,"Publications – Kenya Red Cross
Publications
Home
Publications
2025 Annual Report: Marking 60 Years of Service
READ MORE
Annual Report 2024 – Growth, Collaboration and Community Engagement
READ MORE
Annual Report 2020 – Responding to the Covid -19 Pandemic
READ MORE
About Us
Kenya Red Cross Society is a humanitarian relief organization, created through an act of parliament CAP256 of the laws of Kenya
We are auxiliary to the National and County Governments and work to alleviate human suffering and preserve life and human dignity.
Contact Us
[email protected]
(+254) 073 037 000
South C (Bellevue), Red Cross Road, off Popo Road
Facebook
Twitter
Linkedin
Instagram
YouTube"
krcs,Mixed,https://redcross.or.ke/publications/?publicationField=Annual%20Report,2026-07-10,OK,"Publications – Kenya Red Cross
Publications
Home
Publications
2025 Annual Report: Marking 60 Years of Service
READ MORE
Annual Report 2024 – Growth, Collaboration and Community Engagement
READ MORE
Annual Report 2020 – Responding to the Covid -19 Pandemic
READ MORE
About Us
Kenya Red Cross Society is a humanitarian relief organization, created through an act of parliament CAP256 of the laws of Kenya
We are auxiliary to the National and County Governments and work to alleviate human suffering and preserve life and human dignity.
Contact Us
[email protected]
(+254) 073 037 000
South C (Bellevue), Red Cross Road, off Popo Road
Facebook
Twitter
Linkedin
Instagram
YouTube"
krcs,Mixed,https://redcross.or.ke/publications/?publicationField=ReachOut%20Magazine,2026-07-10,OK,"Publications – Kenya Red Cross
Publications
Home
Publications
2025 Annual Report: Marking 60 Years of Service
READ MORE
Annual Report 2024 – Growth, Collaboration and Community Engagement
READ MORE
Annual Report 2020 – Responding to the Covid -19 Pandemic
READ MORE
About Us
Kenya Red Cross Society is a humanitarian relief organization, created through an act of parliament CAP256 of the laws of Kenya
We are auxiliary to the National and County Governments and work to alleviate human suffering and preserve life and human dignity.
Contact Us
[email protected]
(+254) 073 037 000
South C (Bellevue), Red Cross Road, off Popo Road
Facebook
Twitter
Linkedin
Instagram
YouTube"
unicef_kenya,Health,https://www.unicef.org/kenya/,2026-07-10,ERROR: 403 Client Error: Forbidden for url: https://www.unicef.org/kenya/,
who_kenya,Health,https://www.afro.who.int/countries/kenya,2026-07-10,OK,"Kenya | WHO | Regional Office for Africa
Skip to main content
WHO Africa
Countries
Kenya
Kenya
Disease outbreak - Cholera - Kenya - 11 December 2017
Disease outbreak - Cholera - Kenya - 21 July 2017
Read All News
Read More
Featured News
WHO and Kenya hand over theatre beds and cancer equipment to strengthen maternal and women's health services
WHO and Kenya hand over theatre beds and cancer equipment to strengthen maternal and women's health...
09 June 2026
Read More
Mobile health services in Kenya reduce the risk of stillbirths
Mobile health services in Kenya reduce the risk of stillbirths
04 June 2026
Read More
Over 12,000 Kenyan farmers leave tobacco behind
Over 12,000 Kenyan farmers leave tobacco behind
31 May 2026
Read More
Behind the scenes of Ebola disease outbreak response
Behind the scenes of Ebola disease outbreak response
22 May 2026
Read More
Country Information
Data & Statistics
Total population (2023)
55,339,003
Life expectancy at birth (2019)
67 years
Under-five mortality rate per 1000 live births (2022)
41.1
Neonatal Mortality Rate per 1000 live births (2021)
20.4
Health facility density per 10 000 population (2023)
2.4
Health worker density per 10 000 population (2021)
30
National budget allocated to health (2025)
7.2%
Current health expenditure as % of GDP (2021)
4.6%
Country Health Topics
Kenya is a lower-middle-income country with an estimated population of over 54 million people. The country operates a devolved health system across 47 counties, with the national government responsible for health policy and county governments managing service delivery. Kenya has made significant strides in improving health outcomes over the past two decades, though substantial challenges remain in achieving Universal Health Coverage (UHC) and addressing persistent health inequities between regions and populations.
WHO Kenya works through three strategic clusters; (1) Health Promotion, Disease Prevention and Control, (2) Health Emergencies, and (3) Health Systems and Services, to support the Government of Kenya in building resilient health systems and advancing toward UHC.
Additional Info
There is no Additional Information at this time
Events
Publications
View all Publications
Kenya Health Products and Technologies Local Manufacturing Strategy 2026–2030
WHO Kenya Newsletter | June 2026
The Kenya Every Woman Every Newborn Everywhere (EWENE) Acceleration Plan | 2026-2028
Kenya Weekly Situation Report 2026
Multimedia
View all Multimedia
Strengthening Women's Cancer Care Through Integrated Screening in Kenya
Kenya broadens sexual and reproductive health services for hard-to-reach communities
Twitter Feed
Tweets by WHOKenya
Kenya Office Contact
The WHO acting Representative to Kenya is
Dr Neema Rusibamayila Kimambo.
afkenwr
[at]
who.int
(
afkenwr[at]who[dot]int
)
afkeninfo
[at]
who.int
(
afkeninfo[at]who[dot]int
)
United Nations Complex in Gigiri
Block-P Ground Floor
P.O. Box 45335 – 00100, Nairobi
+254 207 620 302
+254 205 120 302
+254 119 571 876"
who_kenya,Health,https://www.afro.who.int/countries/kenya/news,2026-07-10,OK,"News | WHO | Regional Office for Africa
Skip to main content
WHO Africa
Countries
Kenya
Kenya News
WHO and Kenya hand over theatre beds and cancer equipment to strengthen maternal and...
09 June 2026
Nairobi -
Kenya's Ministry of Health and the World Health Organization (WHO) handed over 108 electric obstetric theatre beds and a package of women's cancer screening and management equipment at Kenyatta National Hospital on 9 June 2026, in a move intended to strengthen the country's capacity to manage obstetric emergencies and expand access to cervical and breast cancer services.
Read more »
Mobile health services in Kenya reduce the risk of stillbirths
04 June 2026
Samburu County, Kenya -
In Lolmolong village, in Samburu County in northern Kenya, Neshoo Leaungokiok laboured through the night, far from the nearest health facility.
With no transport available and a six-hour journey on foot to reach care, she had no choice but to give birth at home, assisted only by a traditional birth attendant. In this remote part of Kenya, long distances, difficult terrain and insecurity continue to limit access to skilled care during childbirth, placing mothers and newborns at significant risk.
But this time, help arrived.
Read more »
Over 12,000 Kenyan farmers leave tobacco behind
31 May 2026
In the farmlands of easter and western Kenya, tobacco farmers are gathering for meetings to discuss a different way forward. Sitting together across four counties, they learn about the benefits of growing nutritious food crops instead of tobacco and share their experiences of the toll tobacco farming has taken on their health, their children and their land.
Read more »
Behind the scenes of Ebola disease outbreak response
22 May 2026
Nairobi—
Fifty-year-old Milton Oloo has worked as a cargo loading agent at Jomo Kenyatta International Airport in Nairobi, Kenya for the last 30 years. Although he handles several tonnes of cargo daily, every now and again a memorable load comes his way.
It was the case with the shipment of cargo from World Health Organization (WHO)’s Emergency Preparedness and Response hub in Nairobi, Kenya, on 20 May 2026.
Read more »
The Elders laud WHO public health emergency response efforts
14 May 2026
Nairobi—
Countries in the African region faced more than 140 health emergencies in 2025, ranging from infectious disease outbreaks to climate-related shocks and humanitarian crises. World Health Organization (WHO)’s regional Emergency Preparedness and Response Hub in Nairobi, Kenya, plays a critical role in preparing for and responding to these health emergencies, providing operational support and logistics, storing and distributing medical supplies and equipment, and facilitating rapid response.
Read more »
Strengthening clinical care for high-consequence infectious diseases in East Africa
30 April 2026
Nairobi - Following successive Ebola and Marburg outbreaks across East Africa, countries are shifting how preparedness is defined, placing greater emphasis on the quality of clinical care delivered to patients.
Read more »
WHO and Aga Khan University partnership to strengthen women's cancer services in Afr...
29 April 2026
Nairobi -
The World Health Organization (WHO) and Aga Khan University-Kenya (AKU) today launched a new partnership to accelerate the fight against breast and cervical cancer, the two leading cancers claiming women's lives in Africa.
Read more »
Welcome to Nairobi - let’s build together at World Health Summit Regional Meeting 20...
24 April 2026
Nairobi -
World Health Organization (WHO) is poised to be a significant presence at the upcoming World Health Summit (WHS) Regional Meeting 2026 in Nairobi, Kenya. For the first time at either a global or regional level, WHO is co-organizing a meeting with the World Health Summit. This initiative has been spearheaded by WHO in the African region and is the result of an innovative partnership with WHS and Aga Khan University, Kenya.
Read more »
How Kenya's health system is responding to devastating floods
10 April 2026
Catherine Kemuto had no warning when the floodwaters came. The 32-year-old mother of five from Gatwekera in Kibera sub-county, Nairobi County, returned home to find everything submerged, including her children's vaccination records. A week of displacement left her children ill, and access to safe water remained a struggle long after the floods receded.
Read more »
Kenya launches 5-year health security plan to strengthen health emergency readiness
27 March 2026
Nairobi- Kenya has launched its Second National Action Plan for Health Security 2026–2030, marking a significant step toward strengthening the country’s ability to prevent, detect, and respond to public health threats.
Read more »"
who_kenya,Health,https://www.afro.who.int/countries/kenya/multimedia,2026-07-10,OK,"Media Centre | WHO | Regional Office for Africa
Skip to main content
WHO Africa
Countries
Kenya
Media Centre
There are no multimedia items at this time."
who_kenya,Health,https://www.afro.who.int/countries/35/health-topics,2026-07-10,OK,"Health topics | WHO | Regional Office for Africa
Skip to main content
WHO Africa
Countries
Kenya
Kenya Health topics
Health Topics (Kenya)
Kenya: Country health profile
Kenya is a lower-middle-income country with an estimated population of over 54 million people. The country operates a devolved health system across 47 counties, with the national government responsible for health policy and county governments managing service delivery. Kenya has made significant strides in improving health outcomes over the past two decades, though substantial challenges remain in achieving Universal Health Coverage (UHC) and addressing persistent health inequities between regions and populations.
WHO Kenya works through three strategic clusters; (1) Health Promotion, Disease Prevention and Control, (2) Health Emergencies, and (3) Health Systems and Services, to support the Government of Kenya in building resilient health systems and advancing toward UHC."
who_kenya,Health,https://www.afro.who.int/health-topics,2026-07-10,OK,"Health topics | WHO | Regional Office for Africa
Skip to main content
WHO Africa
Health topics
A
Adolescent Health
Ageing
Air Pollution
Alcohol
Antimicrobial Resistance
B
Blood Safety
Buruli ulcer
C
Cancer
Cardiovascular Diseases
Cervical cancer
Chemical Safety
Chikungunya
Child health
Cholera
Chronic respiratory diseases
Climate Change
Communicable Diseases
Coronavirus (COVID-19)
Crimean Congo Haemorrhagic Fever
D
Dengue
Diabetes
Digital Health
Disabilities
Disease Outbreaks
E
Ear Health
Ebola Disease
Emergencies
Essential Medicines
Ethics
Expanded Special Project for Elimination of Neglected Tropical Disease
Eye health
F
Female Genital Mutilation
Food Safety
G
Guinea-Worm Disease (Dracunculiasis)
H
Health Financing
Health Information System
Health Policies and Service Delivery
Health Promotion
Health Systems Strengthening
Health Workforce
Helminthiasis
Hepatitis
HIV/AIDS
Human African Trypanosomiasis
Hygiene
I
Immunization
Influenza
Injuries
Integrated Disease Surveillance
International Health Regulations
L
Laboratories and Health Technology
Lassa Fever
Leishmaniasis
Leprosy
Listeriosis
Lymphatic Filariasis
M
Malaria
Marburg Haemorrhagic Fever
Maternal and Neonatal Tetanus
Maternal Health
Measles
Meningococcal Meningitis
Mental Health
Mpox (monkeypox)
N
Neglected Tropical Diseases
Newborn
Noncommunicable Diseases
Nutrition
O
Obesity
Onchocerciasis
Oral Health
Organ Donation and Transplantation
P
Patient Safety
Physical Activity
Plague
Polio
Poverty
Protection of the Human Environment
Public Health Surveillance
R
Rabies
Rehabilitation
Research
Rift Valley Fever
Road Safety
S
Sanitation
Schistosomiasis (Bilharzia)
Sexual and Reproductive Health
Sickle Cell Disease
Smallpox
Social and Economic Determinants of Health
Substance Abuse
Sustainable Development Goals
T
Tetanus
Tobacco Control
Trachoma
Traditional Medicine
Tuberculosis (TB)
Typhoid Fever
U
Universal Health Coverage
V
Vaccines
Violence
Viral Haemorrhagic Fever
W
Water
Women’s Health
Y
Yaws (Endemic treponematoses)
Yellow Fever
Z
Zika Virus"
who_kenya,Health,https://www.afro.who.int/health-topics/cholera/outbreak/11-december-2017-kenya,2026-07-10,OK,"Disease outbreak - Cholera - Kenya - 11 December 2017 | WHO | Regional Office for Africa
Skip to main content
WHO Africa
Health topics
Cholera
Disease outbreak - Cholera - Kenya - 11 December 2017...
11 December 2017
From 1 January though 29 November 2017, a total of 3967 laboratory-confirmed and probable cases including 76 deaths (case fatality rate = 1.9%) were reported by the Ministry of Health to WHO. Of the cases reported, 596 were laboratory confirmed.
Figure 1: Number of confirmed and probable cases in Kenya reported by week of illness onset from 1 January through 25 November 2017
(Date of illness onset is missing for 92 cases)
From 1 January 2017 through 29 November, 20 of 47 counties (43%) in Kenya have reported cases. As of 29 November, seven counties continue to have active cholera outbreaks (Embu, Garissa, Kirinyaga, Mombasa, Nairobi, Turkana, and Wajir).
The epidemiology of cholera for Kenya in 2017 is characterized by continuous transmission in affected communities coupled with outbreaks in camp settings and institutions or during mass gathering events. Continuous transmission in the community accounts for around 70% of the total cases with the majority of cases coming from the capital county, Nairobi. Transmission in camp settings occurred mainly within Garissa and Turkana counties, accounting for around 23% of the total reported cases. Both counties host big refugee camps, namely Dadaab and Kakuma refugee camps. Refugees in these camps come from countries currently experiencing complex emergencies and large cholera outbreaks. Seven percent of cases occurred in institutions and mass gathering events, where a number of people get infected from a point source.
The country experiences cholera outbreaks every year; however, large cyclical epidemics occur approximately every five to seven years and last for two to three years.
Public health response
The country has activated the national task force to coordinate the outbreak response activities. Since January 2017, WHO and other partners have been providing technical support to the country to control of the outbreak. Following the development of the national response plan, WHO and other partners supported the country to scale-up the outbreak response activities such as surveillance, case management, and social mobilization. This was also coupled with the improvement of food hygiene standards and promotion of safe food handling, besides scaling-up Water, Sanitation, and Hygiene (WASH) related activities. This resulted in a decline in the number of cholera cases.
WHO risk assessment
Despite the decline in the number of cases reported, the outbreak appears to be clustered around two major types of settings. First, the refugee camps particularly Kakuma and Dadaab, and second in the populous Nairobi capital county. Both settings are concerning, considering the overcrowded conditions and limited access to care in the first setting, and the high population density in the second setting. This could enable the spread of the outbreak to other districts. Also, previous outbreaks have shown that cases increase during the rainy season, which has started recently.
In addition, various physical, social, political, and environmental factors increase the vulnerability and the susceptibility of the country’s population to the cholera outbreaks. These include regional drought, conflict, and insecurity in the Horn of Africa, and the increased movement within and to the country by people fleeing conflicts in Somalia and South Sudan.
Overall, the risk of the current outbreak is assessed as high at the national level and low at the regional and global levels.
WHO advice
WHO recommends proper and timely case management in cholera treatment centres. The affected communities should have improved access to water, effective sanitation, proper waste management, and enhanced hygiene and food safety practices. Key public health communication messages should be provided. WHO encourages travellers to the affected area to take proper hygiene precautions to prevent potential exposure.
WHO does not recommend any restriction on travel and trade to Kenya based on the information available on the current outbreak.
WHO fact sheet on cholera"
who_kenya,Health,https://www.afro.who.int/health-topics/cholera/outbreak/21-july-2017-kenya,2026-07-10,OK,"Disease outbreak - Cholera - Kenya - 21 July 2017 | WHO | Regional Office for Africa
Skip to main content
WHO Africa
Health topics
Cholera
Disease outbreak - Cholera - Kenya - 21 July 2017
21 July 2017
Since the beginning of 2017, Kenya is experiencing an upsurge of cholera cases. The first cholera outbreak reported in 2017 was in Tana River County. The outbreak started on 10 October 2016 and was controlled by April 2017.
A second wave of cholera outbreaks started in Garissa County on 2 April 2017 and was reported later in nine other counties including Nairobi, Murang’a, Vihiga, Mombasa, Turkana, Kericho, Nakuru, Kiambu, and Narok. The outbreak is being reported in the general population and in refugee camps. In Garissa County, the outbreak is affecting mainly Dadaab refugee camps and cases and deaths are being reported from Hagadera, Dagahaleh, and IFO2 camps. In Turkana county, the disease is also affecting Kakuma and Kalobeyei refugee camps.
In addition to the outbreak reported in the general population, there have been two point source cholera outbreaks in Nairobi County. One occurred among participants attending a conference in a Nairobi hotel on 22 June 2017. A total of 146 patients associated with this outbreak have been treated in different hospitals in Nairobi. A second outbreak occurred at the China Trade Fair held at the KICC Tsavo Ball between 10 and 12 July 2017. A total of 136 cases were reported and one death.
Currently, the outbreak is active in two counties, namely Garissa and Nairobi. As of 17 July 2017, a total of 1216 suspected cases including 14 deaths (case fatality rate: 1.2%) have been reported since 1 January 2017. In the week ending 16 July 2017, a total of 38 cases with no deaths were reported.
A total of 124 cases tested positive for Vibrio cholerae in the reference laboratory. In the week ending 25 June 2017, 18 samples out of 25 tested positive for Vibrio cholerae Ogawa by culture at the National Public Health Laboratory in Nairobi.
The main causative factors of the current outbreak include the high population density that is conducive to the propagation and spread of the disease, mass gatherings (a wedding party held in Karen and in a hotel during an international conference), low access to safe water and proper sanitation and the massive population movements in country and with neighbouring countries.
Since December 2014, the Republic of Kenya has been experiencing continuous large outbreaks of cholera, with a cumulative total of 17 597 cases reported (10 568 cases reported in 2015 and 6448 in 2016).
Public health response
The country has activated the national task force to coordinate the response to the outbreak. Since January 2017, WHO and partners are providing technical support to the country for the control of the outbreak. The country will develop a response plan with focus on the preparedness interventions to avert further spread of the outbreak. The WHO country office will repurpose their staff members and experts deployed in Nairobi for the management of the post El Niño effects in the Horn of Africa to support the quick control of this outbreak. WHO will also support the five most at risk counties with disease surveillance and response coordination. Partners on the ground are committed to provide support to the ongoing response efforts including support to primary health care and social mobilization by United Nations Children’s Fund (UNICEF).
WHO risk assessment
Cholera is an acute enteric infection caused by the ingestion of bacterium Vibrio cholerae present in faecally contaminated water or food. It is primarily linked to insufficient access to safe water and adequate sanitation. Cholera is always considered a potentially serious infectious disease and can cause high morbidity and mortality. It has the potential to spread rapidly, depending on the exposure frequency, population exposed and the context.
Cholera outbreaks have been reported in the Republic of Kenya every year with large cyclical epidemics every five to seven years.
The risk of the current outbreak is assessed as high at national and regional levels and moderate at global level. The outbreak occurred in the context of a sub-regional drought, conflicts and insecurity in the Horn of Africa. In addition, the outbreak is affecting the densely populated capital city Nairobi, and two large refugee camps (Kakuma and Dadaab) with massive population movements within country and between neighbouring countries. Previous large outbreaks in the Republic of Kenya have originated from similar settings, and the risk for propagation of cholera within the affected area as well as to other parts of the country is high. The country has identified a limited capacity for response and low access to safe water. There is an opportunity to implement early preparedness and response measures to contain the outbreak and prevent spread.
The current outbreaks linked to mass gathering activities poses additional risk of food safety as well as the need to conduct sanitary inspection in restaurants and hotels.
WHO recommendations
WHO recommends improving the readiness of counties and health facilities to early detect and respond to the cholera outbreak as well as the reinforcement of coordination and multisectoral approaches. In addition, hygiene practices in households, restaurant, hotels, refugee camps and health facilities should be improved and food safety interventions should be strengthened.
WHO does not recommend any restriction on travel and trade to the Republic of Kenya based on the information available on the current outbreak."
ntsa,Security,https://www.ntsa.go.ke/,2026-07-10,OK (SSL verification skipped (site has cert issues)),NTSA | Keep Our Roads Safe
nam_lolwe_fm,Mixed,https://radionamlolwefm.com/,2026-07-10,"ERROR: HTTPSConnectionPool(host='radionamlolwefm.com', port=443): Max retries exceeded with url: / (Caused by NameResolutionError(""<urllib3.connection.HTTPSConnection object at 0x109c48890>: Failed to resolve 'radionamlolwefm.com' ([Errno 8] nodename nor servname provided, or not known)""))",
