source_name,domain_tag,url,date_collected,sentence_index,sentence
ramogi_fm,Mixed,https://royalmedia.co.ke/brands/ramogi-fm/,2026-07-10,0,Ramogi FM - Royal Media Services
ramogi_fm,Mixed,https://royalmedia.co.ke/brands/ramogi-fm/,2026-07-10,1,Kar Chuny Jaluo.
ramogi_fm,Mixed,https://royalmedia.co.ke/brands/ramogi-fm/,2026-07-10,2,"Ramogi FM, Kenya’s premier Dholuo FM radio station."
ramogi_fm,Mixed,https://royalmedia.co.ke/brands/ramogi-fm/,2026-07-10,3,"With its slogan “Kar Chuny Jaluo,” meaning “The desires of the Luo,” Ramogi FM caters to the deep desires of the Luo community."
ramogi_fm,Mixed,https://royalmedia.co.ke/brands/ramogi-fm/,2026-07-10,4,"It enjoys the highest reach, affinity, and share of listenership in the Lake Region, transcending urban and rural settings while appealing to individuals of all genders."
ramogi_fm,Mixed,https://royalmedia.co.ke/brands/ramogi-fm/,2026-07-10,5,"The station’s programs are specifically tailored to align with Luo identity, addressing their preferences and expectations."
ramogi_fm,Mixed,https://royalmedia.co.ke/brands/ramogi-fm/,2026-07-10,6,"Ramogi FM has successfully blended Luo culture and values with charismatic personalities, offering a diverse mix that captivates its audience."
ramogi_fm,Mixed,https://royalmedia.co.ke/brands/ramogi-fm/,2026-07-10,7,"Upholding its mandate for the past 19 years, the station continues to provide exciting programs that transform lives,"
ramogi_fm,Mixed,https://royalmedia.co.ke/brands/ramogi-fm/,2026-07-10,8,"educate, inform, and entertain."
ramogi_fm,Mixed,https://royalmedia.co.ke/brands/ramogi-fm/,2026-07-10,9,"While its primary target audience is the Luo community, Ramogi FM also appeals to anyone who appreciates and understands Dholuo music, culture, information, and entertainment."
ramogi_fm,Mixed,https://royalmedia.co.ke/brands/ramogi-fm/,2026-07-10,10,"The station is a received on the following frequencies Nairobi 107.1FM, Kisumu 107.6 FM, Siaya 98.4 FM, Homabay 97.0FM, Migori 95.4FM and 98.6FM, Mombasa 99.2FM, Nakuru 95.4 FM."
ramogi_fm,Mixed,https://royalmedia.co.ke/brands/ramogi-fm/,2026-07-10,11,The Current Affairs flagship program.
ramogi_fm,Mixed,https://royalmedia.co.ke/brands/ramogi-fm/,2026-07-10,12,"It seeks to inform, entertain and educate at the start of every new week day."
ramogi_fm,Mixed,https://royalmedia.co.ke/brands/ramogi-fm/,2026-07-10,13,Mon - Fri
ramogi_fm,Mixed,https://royalmedia.co.ke/brands/ramogi-fm/,2026-07-10,14,A Ramogi Fm Mid-Morning Program that provides the platform for the general public especially the female...
ramogi_fm,Mixed,https://royalmedia.co.ke/brands/ramogi-fm/,2026-07-10,15,Kogalo time is a weekly sports magazine show on soccer giants Gor Mahia.
ramogi_fm,Mixed,https://royalmedia.co.ke/brands/ramogi-fm/,2026-07-10,16,Mos Gi Tich
ramogi_fm,Mixed,https://royalmedia.co.ke/brands/ramogi-fm/,2026-07-10,17,"The drive show that is packed with news, reviews, music, sports updates and business news..."
ramogi_fm,Mixed,https://royalmedia.co.ke/brands/ramogi-fm/,2026-07-10,18,The title loosely translated from the Lingala language means Dance Dance a Youth centric show.
ramogi_fm,Mixed,https://royalmedia.co.ke/brands/ramogi-fm/,2026-07-10,19,This is an easy evening show that welcomes you home after a hard day’s work.
ramogi_fm,Mixed,https://royalmedia.co.ke/brands/ramogi-fm/,2026-07-10,20,It starts immediately...
ramogi_fm,Mixed,https://royalmedia.co.ke/brands/ramogi-fm/,2026-07-10,21,Galamoro Mar Chike
ramogi_fm,Mixed,https://royalmedia.co.ke/brands/ramogi-fm/,2026-07-10,22,A captivating Luo cultural program that delves into the intricacies of Luo...
ramogi_fm,Mixed,https://royalmedia.co.ke/brands/ramogi-fm/,2026-07-10,23,Apak Mag Dak
ramogi_fm,Mixed,https://royalmedia.co.ke/brands/ramogi-fm/,2026-07-10,24,A marriage counselling program that tackles challenges bedevilling marriages in the world today.
ramogi_fm,Mixed,https://royalmedia.co.ke/brands/ramogi-fm/,2026-07-10,25,This is the Station’s omnibus show that runs late night to dawn largely taking a slice of time...
ramogi_fm,Mixed,https://royalmedia.co.ke/brands/ramogi-fm/,2026-07-10,26,A prominent Sabbath show that serves as a source of spiritual nourishment every Saturday morning.
ramogi_fm,Mixed,https://royalmedia.co.ke/brands/ramogi-fm/,2026-07-10,27,Kwe E Ber Budho
ramogi_fm,Mixed,https://royalmedia.co.ke/brands/ramogi-fm/,2026-07-10,28,"""Kwe E Ber Budho"" is a Luo phrase that embodies the concept of peaceful coexistence within families, society..."
ramogi_fm,Mixed,https://royalmedia.co.ke/brands/ramogi-fm/,2026-07-10,29,"An evening talk show that addresses a wide range of issues, delving deep into the heart of each topic."
ramogi_fm,Mixed,https://royalmedia.co.ke/brands/ramogi-fm/,2026-07-10,30,Ramogi Top Ten
ramogi_fm,Mixed,https://royalmedia.co.ke/brands/ramogi-fm/,2026-07-10,31,An exhilarating music chart show that takes listeners on a captivating journey through the vibrant world of...
ramogi_fm,Mixed,https://royalmedia.co.ke/brands/ramogi-fm/,2026-07-10,32,"The Friday Night Hype Show, Pure Musical Hits across the genres."
ramogi_fm,Mixed,https://royalmedia.co.ke/brands/ramogi-fm/,2026-07-10,33,Here you get a cocktail of Hits...
ramogi_fm,Mixed,https://royalmedia.co.ke/brands/ramogi-fm/,2026-07-10,34,A purely weekly gospel inspirational program revolving around praise and worship songs...
ramogi_fm,Mixed,https://royalmedia.co.ke/brands/ramogi-fm/,2026-07-10,35,"This is a Kids Show packed with fun, educative and informative pieces."
ramogi_fm,Mixed,https://royalmedia.co.ke/brands/ramogi-fm/,2026-07-10,36,This is the show that showcases...
ramogi_fm,Mixed,https://royalmedia.co.ke/brands/ramogi-fm/,2026-07-10,37,This is a weekly talk show that runs from 10:00am to 11am every Saturday.
ramogi_fm,Mixed,https://royalmedia.co.ke/brands/ramogi-fm/,2026-07-10,38,Its content is very rich with...
ramogi_fm,Mixed,https://royalmedia.co.ke/brands/ramogi-fm/,2026-07-10,39,"A rich nostalgic show Featuring benga music of yesteryears giving a detailed history of bands, songs..."
ramogi_fm,Mixed,https://royalmedia.co.ke/brands/ramogi-fm/,2026-07-10,40,DonseDonse Saturday Edition
ramogi_fm,Mixed,https://royalmedia.co.ke/brands/ramogi-fm/,2026-07-10,41,This is Ramogi FM’s Saturday Sports and Music Youth Show and the...
ramogi_fm,Mixed,https://royalmedia.co.ke/brands/ramogi-fm/,2026-07-10,42,Injili Maloko Ngima
ramogi_fm,Mixed,https://royalmedia.co.ke/brands/ramogi-fm/,2026-07-10,43,This is an hour’s show that winds up the Sabbath for our seventh day...
ramogi_fm,Mixed,https://royalmedia.co.ke/brands/ramogi-fm/,2026-07-10,44,This is an easy and slow musical show that unwinds your Saturday evening interlaced with a few shout outs...
ramogi_fm,Mixed,https://royalmedia.co.ke/brands/ramogi-fm/,2026-07-10,45,Nguono Mar Nyasaye
ramogi_fm,Mixed,https://royalmedia.co.ke/brands/ramogi-fm/,2026-07-10,46,This program is also known as the morning glory.
ramogi_fm,Mixed,https://royalmedia.co.ke/brands/ramogi-fm/,2026-07-10,47,A relaxed Sunday afternoon Musical Show that Purely gives a dose of nostalgic and therapeutic Rhumba...
ramogi_fm,Mixed,https://royalmedia.co.ke/brands/ramogi-fm/,2026-07-10,48,This is a health discussion show where a health expert gives information regarding some common ailments...
ramogi_fm,Mixed,https://royalmedia.co.ke/brands/ramogi-fm/,2026-07-10,49,Wapuonjre Dholuo loosely translated as “Let’s learn dholuo language” is...
ramogi_fm,Mixed,https://royalmedia.co.ke/brands/ramogi-fm/,2026-07-10,50,This is a pre recorded catholic mix songs to wind down your Sunday after church.
ramogi_fm,Mixed,https://royalmedia.co.ke/brands/ramogi-fm/,2026-07-10,51,Ngolo Nam Oyiech
ramogi_fm,Mixed,https://royalmedia.co.ke/brands/ramogi-fm/,2026-07-10,52,This is a very entertaining Sunday evening non-stop music show that starts immediately after 7 o’clock...
ramogi_fm,Mixed,https://royalmedia.co.ke/brands/ramogi-fm/,2026-07-10,53,Keto Mwandu Elwet Jothurwa
ramogi_fm,Mixed,https://royalmedia.co.ke/brands/ramogi-fm/,2026-07-10,54,A well-researched moderated program seeks to empower our...
ramogi_fm,Mixed,https://royalmedia.co.ke/about-us/,2026-07-10,0,About Us - Royal Media Services
ramogi_fm,Mixed,https://royalmedia.co.ke/about-us/,2026-07-10,1,tv viewers per day
ramogi_fm,Mixed,https://royalmedia.co.ke/about-us/,2026-07-10,2,radio listeners per day
ramogi_fm,Mixed,https://royalmedia.co.ke/about-us/,2026-07-10,3,social media reach per month
ramogi_fm,Mixed,https://royalmedia.co.ke/about-us/,2026-07-10,4,digital platforms monthly pageviews
ramogi_fm,Mixed,https://royalmedia.co.ke/about-us/,2026-07-10,5,Who we are
ramogi_fm,Mixed,https://royalmedia.co.ke/about-us/,2026-07-10,6,Royal Media Services (RMS) is a prominent Kenyan media company that has made a significant impact on the country's media landscape.
ramogi_fm,Mixed,https://royalmedia.co.ke/about-us/,2026-07-10,7,Founded in 1996 by Dr.
ramogi_fm,Mixed,https://royalmedia.co.ke/about-us/,2026-07-10,8,"Macharia, RMS has emerged as a leading player in the industry, providing diverse broadcasting platforms and publications to a wide audience."
ramogi_fm,Mixed,https://royalmedia.co.ke/about-us/,2026-07-10,9,"RMS operates multiple television and stations, allowing it to reach audiences across different regions and linguistic communities in Kenya."
ramogi_fm,Mixed,https://royalmedia.co.ke/about-us/,2026-07-10,10,"Its television stations include Citizen TV, Inooro TV, and others."
ramogi_fm,Mixed,https://royalmedia.co.ke/about-us/,2026-07-10,11,"Citizen TV, in particular, has gained immense popularity and has become one of the most-watched free-to-air TV channels in Kenya."
ramogi_fm,Mixed,https://royalmedia.co.ke/about-us/,2026-07-10,12,"Ramogi FM serves the Luo-speaking community, Musyi FM broadcasts in the Kamba language, and there are other stations targeting various communities as well."
ramogi_fm,Mixed,https://royalmedia.co.ke/about-us/,2026-07-10,13,"These radio stations play a vital role in disseminating news, information, and entertainment to diverse audiences, contributing to the preservation and promotion of local languages and cultures."
ramogi_fm,Mixed,https://royalmedia.co.ke/our-programming/,2026-07-10,0,Our Programming - Royal Media Services
ramogi_fm,Mixed,https://royalmedia.co.ke/our-programming/,2026-07-10,1,3 TV Stations
ramogi_fm,Mixed,https://royalmedia.co.ke/our-programming/,2026-07-10,2,"RMS is home to 3 TV stations: Citizen TV, Inooro TV, and Ramogi TV."
ramogi_fm,Mixed,https://royalmedia.co.ke/our-programming/,2026-07-10,3,"Citizen TV caters to audiences speaking English and Swahili, while Inooro TV targets the Mt."
ramogi_fm,Mixed,https://royalmedia.co.ke/our-programming/,2026-07-10,4,"Kenya region with programming in Kikuyu, and Ramogi TV serves the Nyanza region with content in Dholuo"
ramogi_fm,Mixed,https://royalmedia.co.ke/our-programming/,2026-07-10,5,13 Radio Stations
ramogi_fm,Mixed,https://royalmedia.co.ke/our-programming/,2026-07-10,6,"RMS' radio network boasts 13 stations, with Radio Citizen broadcasting in Swahili, Hot 96 in English, and the remaining 11 stations in vernacular languages."
ramogi_fm,Mixed,https://royalmedia.co.ke/our-programming/,2026-07-10,7,Citizen Digital is the online home to all Royal Media Services Brands.
ramogi_fm,Mixed,https://royalmedia.co.ke/our-programming/,2026-07-10,8,It is the fastest growing digital news outlet in Kenya today.
ramogi_fm,Mixed,https://royalmedia.co.ke/our-programming/,2026-07-10,9,"It is home to the Citizen news app, Citizen.Digital website and home the vibrant social media pages of the RMS outlets"
ramogi_fm,Mixed,https://royalmedia.co.ke/our-programming/,2026-07-10,10,"Royal Media Services offers a diverse range of programming, encompassing entertaining and informative content tailored for the entire family."
ramogi_fm,Mixed,https://royalmedia.co.ke/our-programming/,2026-07-10,11,"Our lineup features a wholesome bouquet of shows available in both national and local languages, ensuring that viewers across Kenya can enjoy content in their mother tongue."
ramogi_fm,Mixed,https://royalmedia.co.ke/our-programming/,2026-07-10,12,This commitment to diversity provides an invaluable opportunity for many Kenyans to engage with media that resonates deeply with their cultural identity and community.
ramogi_fm,Mixed,https://royalmedia.co.ke/sustainability/,2026-07-10,0,Sustainability - Royal Media Services
ramogi_fm,Mixed,https://royalmedia.co.ke/sustainability/,2026-07-10,1,Educating the Nation:
ramogi_fm,Mixed,https://royalmedia.co.ke/sustainability/,2026-07-10,2,RMS has launched crucial sustainability projects across its media outlets to inform and educate the nation about the great need to protect and conserve the environment.
ramogi_fm,Mixed,https://royalmedia.co.ke/sustainability/,2026-07-10,3,"Citizen Planet is one of the RMS Group editorial initiative committed to advancing sustainability, with a primary emphasis on tackling climate change, pollution, and biodiversity."
ramogi_fm,Mixed,https://royalmedia.co.ke/sustainability/,2026-07-10,4,"Through this program, RMS aims to heighten awareness and provide public education about the current state of the planet."
ramogi_fm,Mixed,https://royalmedia.co.ke/sustainability/,2026-07-10,5,Our goal is to equip the society with the necessary knowledge and resources to safeguard and conserve the planet for the benefit of future generations.
ramogi_fm,Mixed,https://royalmedia.co.ke/sustainability/,2026-07-10,6,Royal Media Services looks forward to partnering and collaborating with the business community on sustainability initiatives.
ramogi_fm,Mixed,https://royalmedia.co.ke/sustainability/,2026-07-10,7,"As a media house, we are deeply committed to effectively communicating with the public over the long term, aiming to influence behavioural change and create a meaningful impact on society."
ramogi_fm,Mixed,https://royalmedia.co.ke/sustainability/,2026-07-10,8,"During our partnership, RMS will strategically allocate substantial resources to editorial efforts, with the goal of raising awareness, inspiring action, and catalyzing positive change in sustainability practices within communities."
ramogi_fm,Mixed,https://royalmedia.co.ke/sustainability/,2026-07-10,9,"Talent development stands as a cornerstone of Royal Media Services, a commitment we’ve upheld for over two decades through our internship program."
ramogi_fm,Mixed,https://royalmedia.co.ke/sustainability/,2026-07-10,10,This initiative has not only cultivated brilliant journalists but also nurtured leaders and role models.
ramogi_fm,Mixed,https://royalmedia.co.ke/sustainability/,2026-07-10,11,"RMS is excited to expand this program, offering apprenticeship opportunities to graduates and youth across the country, guiding them towards making informed career choices and empowering them to excel in their chosen paths."
ramogi_fm,Mixed,https://royalmedia.co.ke/sustainability/,2026-07-10,12,"Communities are at the forefront of innovation, crafting solutions to address emerging societal challenges."
ramogi_fm,Mixed,https://royalmedia.co.ke/sustainability/,2026-07-10,13,"From developing strategies to mitigate the impacts of climate change to disseminating valuable information aimed at nurturing a generation of young innovators and creators, these initiatives are driving positive change."
ramogi_fm,Mixed,https://royalmedia.co.ke/sustainability/,2026-07-10,14,"Additionally, some communities are focused on building resilience and empowering champions of change, ensuring the continuity of impactful sustainability efforts for future generations."
ramogi_fm,Mixed,https://royalmedia.co.ke/sustainability/,2026-07-10,15,Royal Media Services continues to engages with all the champions in the community to amplify their voices and share it with the nation to accelerate change
ramogi_fm,Mixed,https://royalmedia.co.ke/engagements/,2026-07-10,0,Engagements - Royal Media Services
ramogi_fm,Mixed,https://royalmedia.co.ke/engagements/,2026-07-10,1,Royal Media Services offers engaging and interactive programming that invites audience participation.
ramogi_fm,Mixed,https://royalmedia.co.ke/engagements/,2026-07-10,2,"From talk shows and live events to social media campaigns, we encourage our viewers to actively engage and share their thoughts, creating a dynamic and inclusive media experience."
ramogi_fm,Mixed,https://royalmedia.co.ke/engagements/,2026-07-10,3,We value the voices and perspectives of our audience and actively seek their input.
ramogi_fm,Mixed,https://royalmedia.co.ke/engagements/,2026-07-10,4,"Through surveys, polls, and feedback mechanisms, we foster a sense of community involvement, ensuring that their opinions shape our content and initiatives."
ramogi_fm,Mixed,https://royalmedia.co.ke/engagements/,2026-07-10,5,"At Royal Media Services, we prioritize audience interaction through various platforms."
ramogi_fm,Mixed,https://royalmedia.co.ke/engagements/,2026-07-10,6,Events and Partnerships:
ramogi_fm,Mixed,https://royalmedia.co.ke/engagements/,2026-07-10,7,We organize events and collaborate with partners to create memorable experiences for our audience.
ramogi_fm,Mixed,https://royalmedia.co.ke/engagements/,2026-07-10,8,"Through exclusive premieres, live shows, and partnerships with renowned personalities and brands, we offer unique engagement opportunities that resonate with our viewers"
ramogi_fm,Mixed,https://royalmedia.co.ke/advertising/,2026-07-10,0,Advertising - Royal Media Services
ramogi_fm,Mixed,https://royalmedia.co.ke/advertising/,2026-07-10,1,Amplify your brand with us
ramogi_fm,Mixed,https://royalmedia.co.ke/advertising/,2026-07-10,2,Advertising on Royal Media Services (RMS) brands offers several advantages for businesses and advertisers.
ramogi_fm,Mixed,https://royalmedia.co.ke/advertising/,2026-07-10,3,Here are some reasons why you might consider advertising on RMS:
ramogi_fm,Mixed,https://royalmedia.co.ke/advertising/,2026-07-10,4,"RMS has a large and diverse audience, allowing advertisers to reach a broad base of potential customers."
ramogi_fm,Mixed,https://royalmedia.co.ke/advertising/,2026-07-10,5,Associating with RMS enhances brand image and credibility among consumers.
ramogi_fm,Mixed,https://royalmedia.co.ke/advertising/,2026-07-10,6,"RMS offers channels and platforms that cater to specific demographics and communities, allowing advertisers."
ramogi_fm,Mixed,https://royalmedia.co.ke/advertising/,2026-07-10,7,"RMS offers a variety of programming genres, providing opportunities to align brand messaging with..."
ramogi_fm,Mixed,https://royalmedia.co.ke/advertising/,2026-07-10,8,Advertising on RMS digital platforms taps into the growing online audience in addition to...
ramogi_fm,Mixed,https://royalmedia.co.ke/advertising/,2026-07-10,9,Flexibility and customization:
ramogi_fm,Mixed,https://royalmedia.co.ke/advertising/,2026-07-10,10,"RMS provides options to suit different budgets and marketing objectives, allowing advertisers"
ramogi_fm,Mixed,https://royalmedia.co.ke/advertising/,2026-07-10,11,"In a world where brand visibility and engagement are crucial, advertising with Royal Media Services offers a powerful way to connect with your target audience, enhance your brand's reputation, and drive growth."
ramogi_fm,Mixed,https://royalmedia.co.ke/advertising/,2026-07-10,12,Your brand's success story starts here.
ramogi_fm,Mixed,https://royalmedia.co.ke/careers/,2026-07-10,0,Careers - Royal Media Services
ramogi_fm,Mixed,https://royalmedia.co.ke/careers/,2026-07-10,1,Join our multicultural organization and become part of an inspiring environment that fosters growth and expands possibilities.
kbc,Mixed,https://www.kbc.co.ke/,2026-07-10,0,"KBC DIGITAL - Breaking News, Local News, World News, Sport, Business and more"
kbc,Mixed,https://www.kbc.co.ke/,2026-07-10,1,Welcome to the official Kenya Broadcasting Corporation (KBC) News YouTube channel.
kbc,Mixed,https://www.kbc.co.ke/,2026-07-10,2,Second phase of Nyota Start-Up Capital kicks off Friday
kbc,Mixed,https://www.kbc.co.ke/,2026-07-10,3,Thousands of young Kenyans are set to benefit from the second phase Nyota Start-Up Capital Programme following its launch today (Friday) by President William Ruto.
kbc,Mixed,https://www.kbc.co.ke/,2026-07-10,4,Nyota Programme is set to…
kbc,Mixed,https://www.kbc.co.ke/,2026-07-10,5,"Three firearms, 43 rounds of ammunition voluntarily surrendered in Tana River"
kbc,Mixed,https://www.kbc.co.ke/,2026-07-10,6,Tana River: Water harvesting projects transforming lives
kbc,Mixed,https://www.kbc.co.ke/,2026-07-10,7,"NYOTA Project: 1,680 Marsabit youth receive business support grants"
kbc,Mixed,https://www.kbc.co.ke/,2026-07-10,8,"Global housing crisis threatens SDG 11 as 2030 deadline looms, UN report"
kbc,Mixed,https://www.kbc.co.ke/,2026-07-10,9,"MPs probe Ksh844M JOOUST hostel project as audit queries contract variations, payments"
kbc,Mixed,https://www.kbc.co.ke/,2026-07-10,10,Parties registrar ratifies ODM decision to kick out Sifuna
kbc,Mixed,https://www.kbc.co.ke/,2026-07-10,11,DCI: Homicide not ruled out in KFS manager Esther Keige’s death
kbc,Mixed,https://www.kbc.co.ke/,2026-07-10,12,National Read Aloud campaign kicks off across Kenya
kbc,Mixed,https://www.kbc.co.ke/,2026-07-10,13,African communities demand land rights amid mining expansion
kbc,Mixed,https://www.kbc.co.ke/,2026-07-10,14,Burnham set to be next PM as 322 Labour MPs back him in first nomination tally
kbc,Mixed,https://www.kbc.co.ke/,2026-07-10,15,US and Iran trade attacks as Khamenei is buried
kbc,Mixed,https://www.kbc.co.ke/,2026-07-10,16,- Advertisement -
kbc,Mixed,https://www.kbc.co.ke/,2026-07-10,17,Mombasa youth eye global cruise ship careers
kbc,Mixed,https://www.kbc.co.ke/,2026-07-10,18,Bandari Maritime Academy
kbc,Mixed,https://www.kbc.co.ke/,2026-07-10,19,"Bandari Maritime Academy continues to position Kenyan youth for opportunities in the global maritime industry, with growing numbers enrolling for the mandatory Standards of Training, Certification, and Watchkeeping for seafarers (STCW) basic course as they prepare for careers at sea.…"
kbc,Mixed,https://www.kbc.co.ke/,2026-07-10,20,Sergey Lavrov: Russia stands ready to help strengthen food security across African continent
kbc,Mixed,https://www.kbc.co.ke/,2026-07-10,21,"Ruto urges funds, partnerships for Africa’s clean cooking goal"
kbc,Mixed,https://www.kbc.co.ke/,2026-07-10,22,"MPs probe Ksh.844M JOOUST hostel project as audit queries contract variations, payments"
kbc,Mixed,https://www.kbc.co.ke/,2026-07-10,23,Mbadi says Ruto’s economic policies will secure Kenya’s future
kbc,Mixed,https://www.kbc.co.ke/,2026-07-10,24,Rift Valley: The rising coffee power in Kenya
kbc,Mixed,https://www.kbc.co.ke/,2026-07-10,25,Ksh8.3B Port of Mombasa infrastructure project hits 50pc completion
kbc,Mixed,https://www.kbc.co.ke/,2026-07-10,26,China’s tech giants deepen AI footprint in Africa
kbc,Mixed,https://www.kbc.co.ke/,2026-07-10,27,"Chinese technology companies are steadily expanding their influence in Africa’s artificial intelligence sector, with experts citing their growing support for open-source AI models as a major factor in widening access…"
kbc,Mixed,https://www.kbc.co.ke/,2026-07-10,28,"China’s technological progress a global opportunity, not a threat – Li Qiang"
kbc,Mixed,https://www.kbc.co.ke/,2026-07-10,29,China tests latest research and development achievements on its space station
kbc,Mixed,https://www.kbc.co.ke/,2026-07-10,30,Factorial secures Ksh.
kbc,Mixed,https://www.kbc.co.ke/,2026-07-10,31,19.4B to scale AI workforce solutions globally
kbc,Mixed,https://www.kbc.co.ke/,2026-07-10,32,Lizzo addresses poor album sales calls it “soul-crushing”
kbc,Mixed,https://www.kbc.co.ke/,2026-07-10,33,"Kate Kamau discusses her vision of Kenya’s future, addresses US backlash"
kbc,Mixed,https://www.kbc.co.ke/,2026-07-10,34,"“In Love” is about feelings you can’t control,” says Keemlyf of new visuals"
kbc,Mixed,https://www.kbc.co.ke/,2026-07-10,35,Why African scholars must tell their own stories
kbc,Mixed,https://www.kbc.co.ke/,2026-07-10,36,Kenya must move beyond toxic pesticides dependency to protect public health and food security
kbc,Mixed,https://www.kbc.co.ke/,2026-07-10,37,Retiring in the village
kbc,Mixed,https://www.kbc.co.ke/,2026-07-10,38,"How Africa can learn from planning, development of China’s industrial parks"
kbc,Mixed,https://www.kbc.co.ke/,2026-07-10,39,"Tusker FC announces end-of-season award winners: Simiyu, Adikiny, Kapaito Among Honourees"
kbc,Mixed,https://www.kbc.co.ke/,2026-07-10,40,Tusker step in as Al Merreikh bow out of Kagame Cup
kbc,Mixed,https://www.kbc.co.ke/,2026-07-10,41,2026 FIFA World Cup
kbc,Mixed,https://www.kbc.co.ke/,2026-07-10,42,Déjà Vu for the Atlas Lions: France strike twice to end Morocco’s run
kbc,Mixed,https://www.kbc.co.ke/,2026-07-10,43,Rematch of 2022: France face Morocco for World Cup semi-final spot
kbc,Mixed,https://www.kbc.co.ke/,2026-07-10,44,Welcome to Foxiz
kbc,Mixed,https://www.kbc.co.ke/category/news/,2026-07-10,0,NEWS Archives | KBC Digital
kbc,Mixed,https://www.kbc.co.ke/category/news/,2026-07-10,1,Welcome to the official Kenya Broadcasting Corporation (KBC) News YouTube channel.
kbc,Mixed,https://www.kbc.co.ke/category/news/,2026-07-10,2,"Three firearms, 43 rounds of ammunition voluntarily surrendered in Tana River"
kbc,Mixed,https://www.kbc.co.ke/category/news/,2026-07-10,3,Three illegally owned firearms and 43 rounds of ammunition have been voluntarily surrendered by members of the public in Tana River County.
kbc,Mixed,https://www.kbc.co.ke/category/news/,2026-07-10,4,"According to the National Police Service (NPS), two…"
kbc,Mixed,https://www.kbc.co.ke/category/news/,2026-07-10,5,Tana River: Water harvesting projects transforming lives
kbc,Mixed,https://www.kbc.co.ke/category/news/,2026-07-10,6,"NYOTA Project: 1,680 Marsabit youth receive business support grants"
kbc,Mixed,https://www.kbc.co.ke/category/news/,2026-07-10,7,"Discover the future today, right here !"
kbc,Mixed,https://www.kbc.co.ke/category/news/,2026-07-10,8,Information You Can Trust: Stay instantly connected with breaking stories and live updates.
kbc,Mixed,https://www.kbc.co.ke/category/news/,2026-07-10,9,"From politics and technology to entertainment and beyond, we provide real-time coverage you can rely on, making us your dependable source for 24/7 news."
kbc,Mixed,https://www.kbc.co.ke/category/news/,2026-07-10,10,UN-Habitat Executive Director Anacláudia Rossbach
kbc,Mixed,https://www.kbc.co.ke/category/news/,2026-07-10,11,"Global housing crisis threatens SDG 11 as 2030 deadline looms, UN report"
kbc,Mixed,https://www.kbc.co.ke/category/news/,2026-07-10,12,2032 succession politics
kbc,Mixed,https://www.kbc.co.ke/category/news/,2026-07-10,13,PCS Musalia Mudavadi
kbc,Mixed,https://www.kbc.co.ke/category/news/,2026-07-10,14,Mudavadi: Western Kenya is looking at the ultimate prize come 2032
kbc,Mixed,https://www.kbc.co.ke/category/news/,2026-07-10,15,African Ecofeminism Convening
kbc,Mixed,https://www.kbc.co.ke/category/news/,2026-07-10,16,Dr Melania Chiponda
kbc,Mixed,https://www.kbc.co.ke/category/news/,2026-07-10,17,African communities demand land rights amid mining expansion
kbc,Mixed,https://www.kbc.co.ke/category/news/,2026-07-10,18,Second phase of Nyota Start-Up Capital kicks off Friday
kbc,Mixed,https://www.kbc.co.ke/category/news/,2026-07-10,19,Welcome to Foxiz
kbc,Mixed,https://www.kbc.co.ke/category/news/local-news/,2026-07-10,0,Local News Archives | KBC Digital
kbc,Mixed,https://www.kbc.co.ke/category/news/local-news/,2026-07-10,1,Welcome to the official Kenya Broadcasting Corporation (KBC) News YouTube channel.
kbc,Mixed,https://www.kbc.co.ke/category/news/local-news/,2026-07-10,2,Second phase of Nyota Start-Up Capital kicks off Friday
kbc,Mixed,https://www.kbc.co.ke/category/news/local-news/,2026-07-10,3,Thousands of young Kenyans are set to benefit from the second phase Nyota Start-Up Capital Programme following its launch today (Friday) by President William Ruto.
kbc,Mixed,https://www.kbc.co.ke/category/news/local-news/,2026-07-10,4,Nyota Programme is set to…
kbc,Mixed,https://www.kbc.co.ke/category/news/local-news/,2026-07-10,5,"MPs probe Ksh844M JOOUST hostel project as audit queries contract variations, payments"
kbc,Mixed,https://www.kbc.co.ke/category/news/local-news/,2026-07-10,6,Parties registrar ratifies ODM decision to kick out Sifuna
kbc,Mixed,https://www.kbc.co.ke/category/news/local-news/,2026-07-10,7,"Discover the future today, right here !"
kbc,Mixed,https://www.kbc.co.ke/category/news/local-news/,2026-07-10,8,Information You Can Trust: Stay instantly connected with breaking stories and live updates.
kbc,Mixed,https://www.kbc.co.ke/category/news/local-news/,2026-07-10,9,"From politics and technology to entertainment and beyond, we provide real-time coverage you can rely on, making us your dependable source for 24/7 news."
kbc,Mixed,https://www.kbc.co.ke/category/news/local-news/,2026-07-10,10,Esther Wairimu Keige
kbc,Mixed,https://www.kbc.co.ke/category/news/local-news/,2026-07-10,11,Kenya Forest Service (KFS) Legal Services Manager
kbc,Mixed,https://www.kbc.co.ke/category/news/local-news/,2026-07-10,12,DCI: Homicide not ruled out in KFS manager Esther Keige’s death
kbc,Mixed,https://www.kbc.co.ke/category/news/local-news/,2026-07-10,13,Interior and National Administration Cabinet Secretary Kipchumba Murkomen
kbc,Mixed,https://www.kbc.co.ke/category/news/local-news/,2026-07-10,14,Government targets bandit financiers in new security operation
kbc,Mixed,https://www.kbc.co.ke/category/news/local-news/,2026-07-10,15,Kenya - EU EPA
kbc,Mixed,https://www.kbc.co.ke/category/news/local-news/,2026-07-10,16,Kenya – EU Economic Partnership Agreement Implementation Strategy launched
kbc,Mixed,https://www.kbc.co.ke/category/news/local-news/,2026-07-10,17,"Ruto will win again, opposition mistaken, says Mudavadi"
kbc,Mixed,https://www.kbc.co.ke/category/news/local-news/,2026-07-10,18,Welcome to Foxiz
kbc,Mixed,https://www.kbc.co.ke/category/news/county-news/,2026-07-10,0,County News Archives | KBC Digital
kbc,Mixed,https://www.kbc.co.ke/category/news/county-news/,2026-07-10,1,Welcome to the official Kenya Broadcasting Corporation (KBC) News YouTube channel.
kbc,Mixed,https://www.kbc.co.ke/category/news/county-news/,2026-07-10,2,"Three firearms, 43 rounds of ammunition voluntarily surrendered in Tana River"
kbc,Mixed,https://www.kbc.co.ke/category/news/county-news/,2026-07-10,3,Three illegally owned firearms and 43 rounds of ammunition have been voluntarily surrendered by members of the public in Tana River County.
kbc,Mixed,https://www.kbc.co.ke/category/news/county-news/,2026-07-10,4,"According to the National Police Service (NPS), two…"
kbc,Mixed,https://www.kbc.co.ke/category/news/county-news/,2026-07-10,5,Tana River: Water harvesting projects transforming lives
kbc,Mixed,https://www.kbc.co.ke/category/news/county-news/,2026-07-10,6,"NYOTA Project: 1,680 Marsabit youth receive business support grants"
kbc,Mixed,https://www.kbc.co.ke/category/news/county-news/,2026-07-10,7,"Discover the future today, right here !"
kbc,Mixed,https://www.kbc.co.ke/category/news/county-news/,2026-07-10,8,Information You Can Trust: Stay instantly connected with breaking stories and live updates.
kbc,Mixed,https://www.kbc.co.ke/category/news/county-news/,2026-07-10,9,"From politics and technology to entertainment and beyond, we provide real-time coverage you can rely on, making us your dependable source for 24/7 news."
kbc,Mixed,https://www.kbc.co.ke/category/news/county-news/,2026-07-10,10,2032 succession politics
kbc,Mixed,https://www.kbc.co.ke/category/news/county-news/,2026-07-10,11,PCS Musalia Mudavadi
kbc,Mixed,https://www.kbc.co.ke/category/news/county-news/,2026-07-10,12,Mudavadi: Western Kenya is looking at the ultimate prize come 2032
kbc,Mixed,https://www.kbc.co.ke/category/news/county-news/,2026-07-10,13,National Read Aloud campaign kicks off across Kenya
kbc,Mixed,https://www.kbc.co.ke/category/news/county-news/,2026-07-10,14,"Kenya launches the Women, Peace and Security programme"
kbc,Mixed,https://www.kbc.co.ke/category/news/county-news/,2026-07-10,15,Kenya Institute of Primate Research (KIPRE)
kbc,Mixed,https://www.kbc.co.ke/category/news/county-news/,2026-07-10,16,Kirinyaga maps snakebite hotspots to boost local antivenom development
kbc,Mixed,https://www.kbc.co.ke/category/news/county-news/,2026-07-10,17,Welcome to Foxiz
kbc,Mixed,https://www.kbc.co.ke/category/news/international-news/,2026-07-10,0,International News Archives | KBC Digital
kbc,Mixed,https://www.kbc.co.ke/category/news/international-news/,2026-07-10,1,Welcome to the official Kenya Broadcasting Corporation (KBC) News YouTube channel.
kbc,Mixed,https://www.kbc.co.ke/category/news/international-news/,2026-07-10,2,UN-Habitat Executive Director Anacláudia Rossbach
kbc,Mixed,https://www.kbc.co.ke/category/news/international-news/,2026-07-10,3,"Global housing crisis threatens SDG 11 as 2030 deadline looms, UN report"
kbc,Mixed,https://www.kbc.co.ke/category/news/international-news/,2026-07-10,4,"The world is running out of time to deliver on its promise of sustainable cities and communities, a new United Nations report has warned, painting a stark picture of a…"
kbc,Mixed,https://www.kbc.co.ke/category/news/international-news/,2026-07-10,5,African communities demand land rights amid mining expansion
kbc,Mixed,https://www.kbc.co.ke/category/news/international-news/,2026-07-10,6,Burnham set to be next PM as 322 Labour MPs back him in first nomination tally
kbc,Mixed,https://www.kbc.co.ke/category/news/international-news/,2026-07-10,7,"Discover the future today, right here !"
kbc,Mixed,https://www.kbc.co.ke/category/news/international-news/,2026-07-10,8,Information You Can Trust: Stay instantly connected with breaking stories and live updates.
kbc,Mixed,https://www.kbc.co.ke/category/news/international-news/,2026-07-10,9,"From politics and technology to entertainment and beyond, we provide real-time coverage you can rely on, making us your dependable source for 24/7 news."
kbc,Mixed,https://www.kbc.co.ke/category/news/international-news/,2026-07-10,10,Ayatollah Ali Khamenei
kbc,Mixed,https://www.kbc.co.ke/category/news/international-news/,2026-07-10,11,US and Iran trade attacks as Khamenei is buried
kbc,Mixed,https://www.kbc.co.ke/category/news/international-news/,2026-07-10,12,EAC edges closer to Single Digital Market with harmonised data transfer framework
kbc,Mixed,https://www.kbc.co.ke/category/news/international-news/,2026-07-10,13,‘Total Eclipse of the Heart’ singer Bonnie Tyler dies aged 75
kbc,Mixed,https://www.kbc.co.ke/category/news/international-news/,2026-07-10,14,First Light 2026
kbc,Mixed,https://www.kbc.co.ke/category/news/international-news/,2026-07-10,15,"Over 5,800 arrests, USD 293 million intercepted in global fraud bust"
kbc,Mixed,https://www.kbc.co.ke/category/news/international-news/,2026-07-10,16,Welcome to Foxiz
kbc,Mixed,https://www.kbc.co.ke/category/news/international-news/africa/,2026-07-10,0,Africa Archives | KBC Digital
kbc,Mixed,https://www.kbc.co.ke/category/news/international-news/africa/,2026-07-10,1,Welcome to the official Kenya Broadcasting Corporation (KBC) News YouTube channel.
kbc,Mixed,https://www.kbc.co.ke/category/news/international-news/africa/,2026-07-10,2,African Ecofeminism Convening
kbc,Mixed,https://www.kbc.co.ke/category/news/international-news/africa/,2026-07-10,3,Dr Melania Chiponda
kbc,Mixed,https://www.kbc.co.ke/category/news/international-news/africa/,2026-07-10,4,African communities demand land rights amid mining expansion
kbc,Mixed,https://www.kbc.co.ke/category/news/international-news/africa/,2026-07-10,5,...demand that land compensation must in kind and not cash; land for land
kbc,Mixed,https://www.kbc.co.ke/category/news/international-news/africa/,2026-07-10,6,African Ecofeminists demand justice in clean energy rush
kbc,Mixed,https://www.kbc.co.ke/category/news/international-news/africa/,2026-07-10,7,Muli champions African unity at Tanzania’s 7.7 cultural festival
kbc,Mixed,https://www.kbc.co.ke/category/news/international-news/africa/,2026-07-10,8,"Discover the future today, right here !"
kbc,Mixed,https://www.kbc.co.ke/category/news/international-news/africa/,2026-07-10,9,Information You Can Trust: Stay instantly connected with breaking stories and live updates.
kbc,Mixed,https://www.kbc.co.ke/category/news/international-news/africa/,2026-07-10,10,"From politics and technology to entertainment and beyond, we provide real-time coverage you can rely on, making us your dependable source for 24/7 news."
kbc,Mixed,https://www.kbc.co.ke/category/news/international-news/africa/,2026-07-10,11,Nigeria says two nationals killed in South Africa amid rise of anti-migrant attacks
kbc,Mixed,https://www.kbc.co.ke/category/news/international-news/africa/,2026-07-10,12,US withdraws troops from Nigeria after Islamic State mission
kbc,Mixed,https://www.kbc.co.ke/category/news/international-news/africa/,2026-07-10,13,Top South African police officer survives assassination attempt
kbc,Mixed,https://www.kbc.co.ke/category/news/international-news/africa/,2026-07-10,14,Africa must be at the centre of finding solutions to its own challenges
kbc,Mixed,https://www.kbc.co.ke/category/news/international-news/africa/,2026-07-10,15,Welcome to Foxiz
moh,Health,https://www.health.go.ke/,2026-07-10,0,MoH | Ministry of Health
moh,Health,https://www.health.go.ke/,2026-07-10,1,Skip to main content
moh,Health,https://www.health.go.ke/,2026-07-10,2,Ensuring food safety through rigorous analysis at the
moh,Health,https://www.health.go.ke/,2026-07-10,3,National Public Health Laboratories (NPHL)
moh,Health,https://www.health.go.ke/,2026-07-10,4,Renal unit Histocompatibility and Immunogenetics laboratory.
moh,Health,https://www.health.go.ke/,2026-07-10,5,Malaria vaccination targeting children within Kenya's lake-endemic region
moh,Health,https://www.health.go.ke/,2026-07-10,6,Healthcare IT Digitization Programme Steering Committee Reviews Progress on UHC Digital Transformation
moh,Health,https://www.health.go.ke/,2026-07-10,7,Kenya Strengthens Partnership with GE Healthcare to Advance UHC and Digital Health
moh,Health,https://www.health.go.ke/,2026-07-10,8,PS Mary Muthoni Rallies Health Regulators to Strengthen Coordination and Public Health Oversight
moh,Health,https://www.health.go.ke/,2026-07-10,9,Kenya and India Deepen Health Partnership to Advance Universal Health Coverage
moh,Health,https://www.health.go.ke/,2026-07-10,10,"EAC Traditional, Complimentary & Integrative Medicine Forum"
moh,Health,https://www.health.go.ke/,2026-07-10,11,What we do
moh,Health,https://www.health.go.ke/,2026-07-10,12,Visit our Portals below for various services.
moh,Health,https://www.health.go.ke/,2026-07-10,13,Kenya Health Information System (KHIS)
moh,Health,https://www.health.go.ke/,2026-07-10,14,Visit the KHIS here
moh,Health,https://www.health.go.ke/,2026-07-10,15,Integrated Human Resource Information System (IHRIS)
moh,Health,https://www.health.go.ke/,2026-07-10,16,Visit the IHRIS Portal
moh,Health,https://www.health.go.ke/,2026-07-10,17,Blood Banking Management System (DamuKE)
moh,Health,https://www.health.go.ke/,2026-07-10,18,Visit the DAMUKE here
moh,Health,https://www.health.go.ke/,2026-07-10,19,Mental Health Portal
moh,Health,https://www.health.go.ke/,2026-07-10,20,Visit the Mental health portal here
moh,Health,https://www.health.go.ke/,2026-07-10,21,"Standards, Guidelines And Policies Portal"
moh,Health,https://www.health.go.ke/,2026-07-10,22,Visit the Guidelines Portal
moh,Health,https://www.health.go.ke/,2026-07-10,23,Kanya Master Health Facility List (KMHFL)
moh,Health,https://www.health.go.ke/,2026-07-10,24,Visit the KMHFL Portal here
moh,Health,https://www.health.go.ke/,2026-07-10,25,Kenya Quality Model For Health
moh,Health,https://www.health.go.ke/,2026-07-10,26,Visit the KQMH here
moh,Health,https://www.health.go.ke/,2026-07-10,27,Ministry of Health Virtual Academy
moh,Health,https://www.health.go.ke/,2026-07-10,28,Access our Health Academy
moh,Health,https://www.health.go.ke/,2026-07-10,29,Social Health Authority - SHA
moh,Health,https://www.health.go.ke/,2026-07-10,30,Visit the Social Health Authority (SHA)portal Here
moh,Health,https://www.health.go.ke/,2026-07-10,31,Community Led Total Sanitation (CLTS)
moh,Health,https://www.health.go.ke/,2026-07-10,32,Visit the CLTS Portal
moh,Health,https://www.health.go.ke/,2026-07-10,33,Kenya Health And Research Observatory (KHRO)
moh,Health,https://www.health.go.ke/,2026-07-10,34,Visit the KHRO Portal
moh,Health,https://www.health.go.ke/,2026-07-10,35,Electronic Community Health Information System (eCHIS)
moh,Health,https://www.health.go.ke/,2026-07-10,36,Visit the eCHIS Dashboard
moh,Health,https://www.health.go.ke/,2026-07-10,37,Visit the eCHIS Portal
moh,Health,https://www.health.go.ke/,2026-07-10,38,Port Health services
moh,Health,https://www.health.go.ke/,2026-07-10,39,Visit the Port Health Portal
moh,Health,https://www.health.go.ke/,2026-07-10,40,RUSH Kenya Rural and Urban Sanitation & Hygiene Monitoring System
moh,Health,https://www.health.go.ke/,2026-07-10,41,Visit the Kenya Rural and Urban Sanitation & Hygiene Monitoring System Portal
moh,Health,https://www.health.go.ke/,2026-07-10,42,Overview of the Ministry
moh,Health,https://www.health.go.ke/,2026-07-10,43,The State Department plays a crucial role in shaping healthcare in our country.
moh,Health,https://www.health.go.ke/,2026-07-10,44,"From setting medical services policy to providing curative health services and managing health policy and administration, they are committed to ensuring the well-being of our citizens."
moh,Health,https://www.health.go.ke/,2026-07-10,45,Public Health and Professional Standards
moh,Health,https://www.health.go.ke/,2026-07-10,46,The State Department is responsible for critical functions related to public health and professional standards.
moh,Health,https://www.health.go.ke/,2026-07-10,47,"They develop policies on public health and sanitation, ensuring the well-being of our communities."
moh,Health,https://www.health.go.ke/,2026-07-10,48,Training and Capacity Building
moh,Health,https://www.health.go.ke/,2026-07-10,49,"The Kenya Medical Training College (KMTC) is a State Corporation established through an Act of Parliament under the Ministry of Health, entrusted with the role of training various disciplines in the health sector to serve the Kenyan interests, East Africa and beyond."
moh,Health,https://www.health.go.ke/,2026-07-10,50,Ministry of Health and HF Group Discuss Strategic Collaboration
moh,Health,https://www.health.go.ke/glossary,2026-07-10,0,Ministry of Health | MoH
moh,Health,https://www.health.go.ke/glossary,2026-07-10,1,Skip to main content
moh,Health,https://www.health.go.ke/glossary,2026-07-10,2,A National Handbook Guide For Integration Of Mental Health Services Into Maternal And Child Health Services For Pregnant Adolescents
moh,Health,https://www.health.go.ke/glossary,2026-07-10,3,"A Two of Meeting with Parliamentary Committee on Health Addressing Human Resources, Programs and Legal Issues"
moh,Health,https://www.health.go.ke/glossary,2026-07-10,4,AAR Hospital Achieves SafeCare Level 5 Certification as Health CS Duale Reinforces Push for Quality and Patient Safety
moh,Health,https://www.health.go.ke/glossary,2026-07-10,5,AAR Hospital Launch Marks Progress Towards Accessible Healthcare In Kenya
moh,Health,https://www.health.go.ke/glossary,2026-07-10,6,ABSORPTION OF UNIVERSAL HEALTH COVERAGE (UHC) STAFF
moh,Health,https://www.health.go.ke/glossary,2026-07-10,7,Accelerating Progress Towards Universal Health Coverage_Clinical guidelines
moh,Health,https://www.health.go.ke/glossary,2026-07-10,8,Activating Strategies for Health and Humanity Amid Heavy Rains
moh,Health,https://www.health.go.ke/glossary,2026-07-10,9,Activation of Community Health Program to enhance hygiene in public places.
moh,Health,https://www.health.go.ke/glossary,2026-07-10,10,BoQ for Microwave Sheds
moh,Health,https://www.health.go.ke/glossary,2026-07-10,11,ADDENDUM 2 NQCL LIMS
moh,Health,https://www.health.go.ke/glossary,2026-07-10,12,Addendum for EACE Tender
moh,Health,https://www.health.go.ke/glossary,2026-07-10,13,01 - Kisii Teaching and Referral Hospital
moh,Health,https://www.health.go.ke/glossary,2026-07-10,14,"1 Proposed Construction of Level 3A Hospital In Khwisero, Kakamega County, For Ministry Of Health"
moh,Health,https://www.health.go.ke/glossary,2026-07-10,15,"1 Provision of Medical Equipment Service, Repair and  Maintenance of Medical Equipment Deployed to Selected Hospitals by the Ministry of Health (MOH)"
moh,Health,https://www.health.go.ke/glossary,2026-07-10,16,Addendum No.1 24th June 2024
moh,Health,https://www.health.go.ke/glossary,2026-07-10,17,ADDENDUM NO.1 FOR KBTTS TTI REAGENTS AND CONSUMABLES
moh,Health,https://www.health.go.ke/glossary,2026-07-10,18,ADDENDUM NQCL LIMS.
moh,Health,https://www.health.go.ke/glossary,2026-07-10,19,ADDENDUM NUMBER 1: TENDER NO.
moh,Health,https://www.health.go.ke/glossary,2026-07-10,20,ADDENDUM TO EXTEND CLOSING AND OPENING OF EXPRESSION OF INTEREST
moh,Health,https://www.health.go.ke/glossary,2026-07-10,21,Addendum: Supply and Delivery of Branchytherapy Applications as per Specifications
moh,Health,https://www.health.go.ke/glossary,2026-07-10,22,Addendum: Supply and Delivery of Longlasting Insecticidal Nets (LLINS)as per Specifications
moh,Health,https://www.health.go.ke/glossary,2026-07-10,23,Addressing Child Wasting and Malnutrition Crisis in the Horn of Africa: Kenya's Commitment to Action
moh,Health,https://www.health.go.ke/glossary,2026-07-10,24,ADMINISTRATIVE FRAMEWORK FOR IMPLEMENTATION OF THE MANDATORY INBOUND TRAVEL HEALTH INSURANCE PROGRAM
moh,Health,https://www.health.go.ke/glossary,2026-07-10,25,Advancing Action on Africa's Nutrition Challenges Beyond 2025
moh,Health,https://www.health.go.ke/glossary,2026-07-10,26,Advancing Healthcare Through Laboratories: Kenya's Path to Universal Health Coverage
moh,Health,https://www.health.go.ke/glossary,2026-07-10,27,Advancing Implementation of the Electronic Community Health Information System (E-CHIS)
moh,Health,https://www.health.go.ke/glossary,2026-07-10,28,Advancing innovation for Universal Health Coverage
moh,Health,https://www.health.go.ke/glossary,2026-07-10,29,Advancing Kenya's Battle Against Meningitis: A Beacon of Hope
moh,Health,https://www.health.go.ke/glossary,2026-07-10,30,Advancing Universal Health Coverage: Multi-Sectoral Retreat on Health Financing
moh,Health,https://www.health.go.ke/glossary,2026-07-10,31,Advertisement for The Position of Project Finance Officer
moh,Health,https://www.health.go.ke/glossary,2026-07-10,32,ADVISORY ON HEALTH RISKS AMID ONGOING HEAVY RAINS
moh,Health,https://www.health.go.ke/glossary,2026-07-10,33,Advocating for Increased Resources to Enhance Preventive and Promotive Health Programs
moh,Health,https://www.health.go.ke/index.php/,2026-07-10,0,MoH | Ministry of Health
moh,Health,https://www.health.go.ke/index.php/,2026-07-10,1,Skip to main content
moh,Health,https://www.health.go.ke/index.php/,2026-07-10,2,Ensuring food safety through rigorous analysis at the
moh,Health,https://www.health.go.ke/index.php/,2026-07-10,3,National Public Health Laboratories (NPHL)
moh,Health,https://www.health.go.ke/index.php/,2026-07-10,4,Renal unit Histocompatibility and Immunogenetics laboratory.
moh,Health,https://www.health.go.ke/index.php/,2026-07-10,5,Malaria vaccination targeting children within Kenya's lake-endemic region
moh,Health,https://www.health.go.ke/index.php/,2026-07-10,6,Healthcare IT Digitization Programme Steering Committee Reviews Progress on UHC Digital Transformation
moh,Health,https://www.health.go.ke/index.php/,2026-07-10,7,Kenya Strengthens Partnership with GE Healthcare to Advance UHC and Digital Health
moh,Health,https://www.health.go.ke/index.php/,2026-07-10,8,PS Mary Muthoni Rallies Health Regulators to Strengthen Coordination and Public Health Oversight
moh,Health,https://www.health.go.ke/index.php/,2026-07-10,9,Kenya and India Deepen Health Partnership to Advance Universal Health Coverage
moh,Health,https://www.health.go.ke/index.php/,2026-07-10,10,"EAC Traditional, Complimentary & Integrative Medicine Forum"
moh,Health,https://www.health.go.ke/index.php/,2026-07-10,11,What we do
moh,Health,https://www.health.go.ke/index.php/,2026-07-10,12,Visit our Portals below for various services.
moh,Health,https://www.health.go.ke/index.php/,2026-07-10,13,Kenya Health Information System (KHIS)
moh,Health,https://www.health.go.ke/index.php/,2026-07-10,14,Visit the KHIS here
moh,Health,https://www.health.go.ke/index.php/,2026-07-10,15,Integrated Human Resource Information System (IHRIS)
moh,Health,https://www.health.go.ke/index.php/,2026-07-10,16,Visit the IHRIS Portal
moh,Health,https://www.health.go.ke/index.php/,2026-07-10,17,Blood Banking Management System (DamuKE)
moh,Health,https://www.health.go.ke/index.php/,2026-07-10,18,Visit the DAMUKE here
moh,Health,https://www.health.go.ke/index.php/,2026-07-10,19,Mental Health Portal
moh,Health,https://www.health.go.ke/index.php/,2026-07-10,20,Visit the Mental health portal here
moh,Health,https://www.health.go.ke/index.php/,2026-07-10,21,"Standards, Guidelines And Policies Portal"
moh,Health,https://www.health.go.ke/index.php/,2026-07-10,22,Visit the Guidelines Portal
moh,Health,https://www.health.go.ke/index.php/,2026-07-10,23,Kanya Master Health Facility List (KMHFL)
moh,Health,https://www.health.go.ke/index.php/,2026-07-10,24,Visit the KMHFL Portal here
moh,Health,https://www.health.go.ke/index.php/,2026-07-10,25,Kenya Quality Model For Health
moh,Health,https://www.health.go.ke/index.php/,2026-07-10,26,Visit the KQMH here
moh,Health,https://www.health.go.ke/index.php/,2026-07-10,27,Ministry of Health Virtual Academy
moh,Health,https://www.health.go.ke/index.php/,2026-07-10,28,Access our Health Academy
moh,Health,https://www.health.go.ke/index.php/,2026-07-10,29,Social Health Authority - SHA
moh,Health,https://www.health.go.ke/index.php/,2026-07-10,30,Visit the Social Health Authority (SHA)portal Here
moh,Health,https://www.health.go.ke/index.php/,2026-07-10,31,Community Led Total Sanitation (CLTS)
moh,Health,https://www.health.go.ke/index.php/,2026-07-10,32,Visit the CLTS Portal
moh,Health,https://www.health.go.ke/index.php/,2026-07-10,33,Kenya Health And Research Observatory (KHRO)
moh,Health,https://www.health.go.ke/index.php/,2026-07-10,34,Visit the KHRO Portal
moh,Health,https://www.health.go.ke/index.php/,2026-07-10,35,Electronic Community Health Information System (eCHIS)
moh,Health,https://www.health.go.ke/index.php/,2026-07-10,36,Visit the eCHIS Dashboard
moh,Health,https://www.health.go.ke/index.php/,2026-07-10,37,Visit the eCHIS Portal
moh,Health,https://www.health.go.ke/index.php/,2026-07-10,38,Port Health services
moh,Health,https://www.health.go.ke/index.php/,2026-07-10,39,Visit the Port Health Portal
moh,Health,https://www.health.go.ke/index.php/,2026-07-10,40,RUSH Kenya Rural and Urban Sanitation & Hygiene Monitoring System
moh,Health,https://www.health.go.ke/index.php/,2026-07-10,41,Visit the Kenya Rural and Urban Sanitation & Hygiene Monitoring System Portal
moh,Health,https://www.health.go.ke/index.php/,2026-07-10,42,Overview of the Ministry
moh,Health,https://www.health.go.ke/index.php/,2026-07-10,43,The State Department plays a crucial role in shaping healthcare in our country.
moh,Health,https://www.health.go.ke/index.php/,2026-07-10,44,"From setting medical services policy to providing curative health services and managing health policy and administration, they are committed to ensuring the well-being of our citizens."
moh,Health,https://www.health.go.ke/index.php/,2026-07-10,45,Public Health and Professional Standards
moh,Health,https://www.health.go.ke/index.php/,2026-07-10,46,The State Department is responsible for critical functions related to public health and professional standards.
moh,Health,https://www.health.go.ke/index.php/,2026-07-10,47,"They develop policies on public health and sanitation, ensuring the well-being of our communities."
moh,Health,https://www.health.go.ke/index.php/,2026-07-10,48,Training and Capacity Building
moh,Health,https://www.health.go.ke/index.php/,2026-07-10,49,"The Kenya Medical Training College (KMTC) is a State Corporation established through an Act of Parliament under the Ministry of Health, entrusted with the role of training various disciplines in the health sector to serve the Kenyan interests, East Africa and beyond."
moh,Health,https://www.health.go.ke/index.php/,2026-07-10,50,Ministry of Health and HF Group Discuss Strategic Collaboration
moh,Health,https://www.health.go.ke/cholera,2026-07-10,0,Cholera | Ministry of Health
moh,Health,https://www.health.go.ke/cholera,2026-07-10,1,Skip to main content
moh,Health,https://www.health.go.ke/covid-19,2026-07-10,0,Covid-19 | Ministry of Health
moh,Health,https://www.health.go.ke/covid-19,2026-07-10,1,Skip to main content
moh,Health,https://www.health.go.ke/covid-19,2026-07-10,2,Covid-19 Press Statement
moh,Health,https://www.health.go.ke/covid-19,2026-07-10,3,"Press statement on COVID-19: 15th October, 2022"
moh,Health,https://www.health.go.ke/covid-19,2026-07-10,4,"Press statement on COVID-19: 5th October, 2022"
moh,Health,https://www.health.go.ke/covid-19,2026-07-10,5,"Press statement on COVID-19: 22nd September, 2022"
moh,Health,https://www.health.go.ke/covid-19,2026-07-10,6,"Press statement on COVID-19: 16th October, 2022"
moh,Health,https://www.health.go.ke/covid-19,2026-07-10,7,"Press statement on COVID-19: 1st November, 2022"
moh,Health,https://www.health.go.ke/covid-19,2026-07-10,8,"Press statement on COVID-19: 31st October, 2022"
moh,Health,https://www.health.go.ke/covid-19,2026-07-10,9,"Press statement on COVID-19: 23rd November, 2022"
moh,Health,https://www.health.go.ke/covid-19,2026-07-10,10,"Press statement on COVID-19: 24th November, 2022"
moh,Health,https://www.health.go.ke/covid-19,2026-07-10,11,"Press statement on COVID-19: 25th November, 2022"
moh,Health,https://www.health.go.ke/covid-19,2026-07-10,12,"Press statement on COVID-19: 20th September, 2022"
moh,Health,https://www.health.go.ke/covid-19,2026-07-10,13,"Press statement on COVID-19: 11th October, 2022"
moh,Health,https://www.health.go.ke/covid-19,2026-07-10,14,"Press statement on COVID-19: 1st October, 2022"
moh,Health,https://www.health.go.ke/covid-19,2026-07-10,15,"Press statement on COVID-19: 12th October, 2022"
moh,Health,https://www.health.go.ke/covid-19,2026-07-10,16,"Press statement on COVID-19: 13th October, 2022"
moh,Health,https://www.health.go.ke/covid-19,2026-07-10,17,"Press statement on COVID-19: 21st September, 2022"
moh,Health,https://www.health.go.ke/covid-19,2026-07-10,18,"Press statement on COVID-19: 2nd October, 2022"
moh,Health,https://www.health.go.ke/covid-19,2026-07-10,19,"Press statement on COVID-19: 14th October, 2022"
moh,Health,https://www.health.go.ke/covid-19,2026-07-10,20,"Press statement on COVID-19: 3rd October, 2022"
moh,Health,https://www.health.go.ke/covid-19,2026-07-10,21,"Press statement on COVID-19: 04th October, 2022"
moh,Health,https://www.health.go.ke/covid-19,2026-07-10,22,"Press statement on COVID-19: 23rd September, 2022"
moh,Health,https://www.health.go.ke/covid-19,2026-07-10,23,"Press statement on COVID-19: 07th october, 2022"
moh,Health,https://www.health.go.ke/covid-19,2026-07-10,24,"Press statement on COVID-19: 27th October, 2022"
moh,Health,https://www.health.go.ke/covid-19,2026-07-10,25,"Press statement on COVID-19: 19th October, 2022"
moh,Health,https://www.health.go.ke/covid-19,2026-07-10,26,"Press statement on COVID-19: 29th October, 2022"
moh,Health,https://www.health.go.ke/covid-19,2026-07-10,27,"Press statement on COVID-19: 09th October, 2022"
moh,Health,https://www.health.go.ke/covid-19,2026-07-10,28,"Press statement on COVID-19: 12th September, 2022"
moh,Health,https://www.health.go.ke/covid-19,2026-07-10,29,"Press statement on COVID-19: 30th October, 2022"
moh,Health,https://www.health.go.ke/covid-19,2026-07-10,30,"Press statement on COVID-19: 22nd October, 2022"
moh,Health,https://www.health.go.ke/covid-19,2026-07-10,31,"Press statement on COVID-19:20th October, 2022"
moh,Health,https://www.health.go.ke/covid-19,2026-07-10,32,"Press statement on COVID-19: 18th October, 2022"
moh,Health,https://www.health.go.ke/covid-19,2026-07-10,33,"Press statement on COVID-19: 27th September, 2022"
moh,Health,https://www.health.go.ke/covid-19,2026-07-10,34,"Press statement on COVID-19: 26th September, 2022"
moh,Health,https://www.health.go.ke/covid-19,2026-07-10,35,"Press statement on COVID-19: 25th September, 2022"
moh,Health,https://www.health.go.ke/covid-19,2026-07-10,36,"Press statement on COVID-19: 24th September, 2022"
moh,Health,https://www.health.go.ke/covid-19,2026-07-10,37,"Press statement on COVID-19: 19th September, 2022"
moh,Health,https://www.health.go.ke/covid-19,2026-07-10,38,"Press Statement on Covid-19 on 26th August, 2022"
moh,Health,https://www.health.go.ke/covid-19,2026-07-10,39,"Press statement on COVID-19: 26th August, 2022"
moh,Health,https://www.health.go.ke/covid-19,2026-07-10,40,"Press Statement on Covid-19 on 25th August, 2022"
moh,Health,https://www.health.go.ke/covid-19,2026-07-10,41,"Press statement on COVID-19: 24th August, 2022"
moh,Health,https://www.health.go.ke/covid-19,2026-07-10,42,"Press statement on COVID-19: 23rd August, 2022"
moh,Health,https://www.health.go.ke/covid-19,2026-07-10,43,"Press statement on COVID-19: 18th August, 2022"
moh,Health,https://www.health.go.ke/covid-19,2026-07-10,44,"Press statement on COVID-19: 17th August, 2022"
moh,Health,https://www.health.go.ke/covid-19,2026-07-10,45,"Press statement on COVID-19: 16th August, 2022"
moh,Health,https://www.health.go.ke/covid-19,2026-07-10,46,"Press statement on COVID-19: 15th August, 2022"
moh,Health,https://www.health.go.ke/covid-19,2026-07-10,47,"Press statement on COVID-19: 14th August, 2022"
moh,Health,https://www.health.go.ke/covid-19,2026-07-10,48,COVID-19 PROTOCOLS & GUIDELINES
moh,Health,https://www.health.go.ke/covid-19,2026-07-10,49,COVID-19 SITUATION REPORTS (SITREP)
moh,Health,https://www.health.go.ke/covid-19,2026-07-10,50,COVID-19 VACCINATION UPDATES
moh,Health,https://www.health.go.ke/covid-19,2026-07-10,51,UPDATED HEALTH MEASURES TO ENTER VARIOUS COUNTRIES (6th May 2022)
moh,Health,https://www.health.go.ke/covid-19,2026-07-10,52,APPROVED PRIVATE ISOLATION FACILITIES-29-04-2021
moh,Health,https://www.health.go.ke/covid-19,2026-07-10,53,ADDENDUM – Covid-19 Antigen Rapid Diagnostic Testing Interim Guide – Kenya January 2021
moh,Health,https://www.health.go.ke/covid-19,2026-07-10,54,A Comprehensive Guide on Mental Health & Psychosocial Support during Covid-19 Pandemic
moh,Health,https://www.health.go.ke/covid-19,2026-07-10,55,Covid-19 vaccination outreach sites for the ongoing accelerated campaign
moh,Health,https://www.health.go.ke/covid-19,2026-07-10,56,COVID-19 Kenya Travel Related Frequently Asked Questions; September 2021
moh,Health,https://www.health.go.ke/covid-19,2026-07-10,57,COVID-19 PCR LABS TRAINED ON TRUSTED TRAVEL AS AT 21.09.2021
moh,Health,https://www.health.go.ke/covid-19,2026-07-10,58,COVID-19 Outbreak in Kenya Daily Report SITREP- 22-April-2021
moh,Health,https://www.health.go.ke/covid-19,2026-07-10,59,COVID-19 Outbreak in Kenya Daily report SITREP-132 27-Jul-2020
moh,Health,https://www.health.go.ke/covid-19,2026-07-10,60,COVID-19 Outbreak in Kenya Daily report SITREP-131 26-Jul-2020
moh,Health,https://www.health.go.ke/covid-19,2026-07-10,61,COVID-19 Outbreak in Kenya Daily report SITREP-130 25-Jul-2020
moh,Health,https://www.health.go.ke/covid-19,2026-07-10,62,COVID-19 Outbreak on Covid19 SITREP-127 22-Jul-2020
moh,Health,https://www.health.go.ke/covid-19,2026-07-10,63,MINISTRY OF HEALTH KENYA COVID-19 IMMUNIZATION STATUS REPORT 16TH MAY 2022
moh,Health,https://www.health.go.ke/covid-19,2026-07-10,64,MINISTRY OF HEALTH KENYA COVID-19 IMMUNIZATION STATUS REPORT 15TH MAY 2022
moh,Health,https://www.health.go.ke/covid-19,2026-07-10,65,MINISTRY OF HEALTH KENYA COVID-19 IMMUNIZATION STATUS REPORT 14TH MAY 2022
moh,Health,https://www.health.go.ke/covid-19,2026-07-10,66,MINISTRY OF HEALTH KENYA COVID-19 IMMUNIZATION STATUS REPORT 13TH MAY 2022
moh,Health,https://www.health.go.ke/covid-19,2026-07-10,67,MINISTRY OF HEALTH KENYA COVID-19 IMMUNIZATION STATUS REPORT 12TH MAY 2022
moh,Health,https://www.health.go.ke/covid-19,2026-07-10,68,MINISTRY OF HEALTH KENYA COVID-19 IMMUNIZATION STATUS REPORT 11TH MAY 2022
moh,Health,https://www.health.go.ke/covid-19,2026-07-10,69,CHERP newletter Mar 2021 Edition
moh,Health,https://www.health.go.ke/covid-19,2026-07-10,70,Knowledge Attitude and Practice Survey 6-20-2021
moh,Health,https://www.health.go.ke/ebola,2026-07-10,0,Ebola | Ministry of Health
moh,Health,https://www.health.go.ke/ebola,2026-07-10,1,Skip to main content
moh,Health,https://www.health.go.ke/ebola,2026-07-10,2,What is Ebola Disease
moh,Health,https://www.health.go.ke/ebola,2026-07-10,3,Ebola Preventive Measures
moh,Health,https://www.health.go.ke/ebola,2026-07-10,4,Treatment for Ebola
moh,Health,https://www.health.go.ke/ebola,2026-07-10,5,What to do after Ebola
moh,Health,https://www.health.go.ke/ebola,2026-07-10,6,Who is most at risk?
moh,Health,https://www.health.go.ke/ebola,2026-07-10,7,Community Action on Ebola
moh,Health,https://www.health.go.ke/ebola,2026-07-10,8,Spread of Ebola Virus
moh,Health,https://www.health.go.ke/ebola,2026-07-10,9,Guidelines for Burial
iebc,Governance,https://www.iebc.or.ke/,2026-07-10,0,Independent Electoral and Boundaries Commission
iebc,Governance,https://www.iebc.or.ke/,2026-07-10,1,Launch of Pre-Election Disputes Resolution Report for 2022 General Election and Case Digest for 2022 General Election
iebc,Governance,https://www.iebc.or.ke/,2026-07-10,2,Launch of Pre-Election Disputes Resolution Report for 2022 General Election & Case Digest for 2022 General Election
iebc,Governance,https://www.iebc.or.ke/,2026-07-10,3,Thursday 9th July 2026
iebc,Governance,https://www.iebc.or.ke/,2026-07-10,4,Path to the Polls : Electoral Integrity Through Justice and Dispute Resolution.
iebc,Governance,https://www.iebc.or.ke/,2026-07-10,5,#CaseDigest2022GE     #Pre-ElectionDRR    #16thJulyByElection #KuraYakoSautiYako
iebc,Governance,https://www.iebc.or.ke/,2026-07-10,6,Get answers to all your
iebc,Governance,https://www.iebc.or.ke/,2026-07-10,7,electoral related questions
iebc,Governance,https://www.iebc.or.ke/,2026-07-10,8,IEBC Launches Strategic Plan 2024 2029 and Election Operations Plan 2025 2027
iebc,Governance,https://www.iebc.or.ke/,2026-07-10,9,Launch of the Strategic Plan 2024 2029 and Election Operations Plan 2025 2027
iebc,Governance,https://www.iebc.or.ke/,2026-07-10,10,Regional Electoral Management Bodies Capacity-Building Programme Concludes in Machakos
iebc,Governance,https://www.iebc.or.ke/,2026-07-10,11,Ask a question
iebc,Governance,https://www.iebc.or.ke/electionlaws/?Gazette_Notices,2026-07-10,0,IEBC - electionlaws
iebc,Governance,https://www.iebc.or.ke/electionlaws/?Gazette_Notices,2026-07-10,1,Election Laws  links
iebc,Governance,https://www.iebc.or.ke/electionlaws/?Gazette_Notices,2026-07-10,2,GAZETTE NOTICE NO.
iebc,Governance,https://www.iebc.or.ke/electionlaws/?Gazette_Notices,2026-07-10,3,APPOINTMENT OF REGISTRATION OFFICERS AND ASSISTANT REGISTRATION OFFICERS ( Addendum)
iebc,Governance,https://www.iebc.or.ke/electionlaws/?Gazette_Notices,2026-07-10,4,RESUMPTION OF CONTINUOUS VOTER REGISTRATION AND COMMENCEMENT OF ENHANCED CONTINUOUS VOTER REGISTRATION
iebc,Governance,https://www.iebc.or.ke/electionlaws/?Gazette_Notices,2026-07-10,5,"Uploaded on: Thu 25th Jun, 2026"
iebc,Governance,https://www.iebc.or.ke/electionlaws/?Gazette_Notices,2026-07-10,6,No of downloads: 0
iebc,Governance,https://www.iebc.or.ke/electionlaws/?Gazette_Notices,2026-07-10,7,View / Download
iebc,Governance,https://www.iebc.or.ke/electionlaws/?Gazette_Notices,2026-07-10,8,DIRECTIVES ON HANDLING ELECTION MATERIALS WRONGLY PUT IN
iebc,Governance,https://www.iebc.or.ke/electionlaws/?Gazette_Notices,2026-07-10,9,THE BALLOT BOX DURING ELECTIONS
iebc,Governance,https://www.iebc.or.ke/electionlaws/?Gazette_Notices,2026-07-10,10,"Uploaded on: Mon 8th Jun, 2026"
iebc,Governance,https://www.iebc.or.ke/electionlaws/?Gazette_Notices,2026-07-10,11,"POLLING STATIONS FOR THE 16TH JULY, 2026 BY-ELECTIONS"
iebc,Governance,https://www.iebc.or.ke/electionlaws/?Gazette_Notices,2026-07-10,12,"NOMINATED CANDIDATES FOR PURPOSES OF THE BY-ELECTIONS FOR MEMBER OF NATIONAL ASSEMBLY FOR OL KALOU CONSTITUENCY, NYANDARUA COUNTY SCHEDULED TO BE HELD ON THURSDAY, 16TH JULY, 2026"
iebc,Governance,https://www.iebc.or.ke/electionlaws/?Gazette_Notices,2026-07-10,13,"CERTIFYING THAT THE REVISION OF THE REGISTER OF VOTERS HAS BEEN COMPLETED FOR PURPOSES OF THE 14TH JULY, 2026 BY-ELECTIONS"
iebc,Governance,https://www.iebc.or.ke/electionlaws/?Gazette_Notices,2026-07-10,14,"TALLYING CENTRES FOR THE 16TH JULY, 2026 BY-ELECTIONS"
iebc,Governance,https://www.iebc.or.ke/electionlaws/?Gazette_Notices,2026-07-10,15,"Uploaded on: Sun 7th Jun, 2026"
iebc,Governance,https://www.iebc.or.ke/electionlaws/?Gazette_Notices,2026-07-10,16,No of downloads: 1
iebc,Governance,https://www.iebc.or.ke/electionlaws/?Gazette_Notices,2026-07-10,17,"DECLARATION OF PERSONS ELECTED IN THE BY-ELECTIONS HELD ON 14TH MAY, 2026"
iebc,Governance,https://www.iebc.or.ke/electionlaws/?Gazette_Notices,2026-07-10,18,"Uploaded on: Wed 20th May, 2026"
iebc,Governance,https://www.iebc.or.ke/electionlaws/?Gazette_Notices,2026-07-10,19,6560 and Gazette Notice No.
iebc,Governance,https://www.iebc.or.ke/electionlaws/?Gazette_Notices,2026-07-10,20,"Aspirants Scheduled to Participate in the Party Primary for United Democratic Alliance for Member of National Assembly for Ol Kalou Constituency- Nyandarua County to be held on 8th May, 2026"
iebc,Governance,https://www.iebc.or.ke/electionlaws/?Gazette_Notices,2026-07-10,21,Aspirants Scheduled to Participate in the Party Primary for Democracy for the Citizens Party for Member of National
iebc,Governance,https://www.iebc.or.ke/electionlaws/?Gazette_Notices,2026-07-10,22,"Assembly For Ol Kalou Constituency- Nyandarua County to be held on 9th May, 2026"
iebc,Governance,https://www.iebc.or.ke/electionlaws/?Gazette_Notices,2026-07-10,23,"Uploaded on: Wed 6th May, 2026"
iebc,Governance,https://www.iebc.or.ke/electionlaws/?Gazette_Notices,2026-07-10,24,No of downloads: 2
iebc,Governance,https://www.iebc.or.ke/electionlaws/?Gazette_Notices,2026-07-10,25,"Appointment of Returning and Deputy Returning Officers for Purposes of the By-Elections for Member of National Assembly for Olkalou Constituency, Nyandarua County Scheduled to be held on Thursday, 16th July, 2026"
iebc,Governance,https://www.iebc.or.ke/electionlaws/?Gazette_Notices,2026-07-10,26,"Tallying Centres for The By-Elections Scheduled to be held on 14th May, 2026"
iebc,Governance,https://www.iebc.or.ke/electionlaws/?Gazette_Notices,2026-07-10,27,"Polling Stations for the 14th May, 2026 By-Elections"
iebc,Governance,https://www.iebc.or.ke/electionlaws/?Gazette_Notices,2026-07-10,28,"Nominated Candidates for Purposes of the By-Elections for Member of National Assembly for Emurua Dikirr Constituency and Members of the County Assemblies for Porro Ward in Samburu West Constituency, Samburu County And Endo Ward in Marakwet East Constituency, Elgeyo Marakwet County Scheduled to be held on Thursday, 14th May, 2026"
iebc,Governance,https://www.iebc.or.ke/electionlaws/?Gazette_Notices,2026-07-10,29,"Certifying that the Revision of the Register of Voters Has Been Completed for Purposes of the 14th May, 2026 By-Elections"
iebc,Governance,https://www.iebc.or.ke/electionlaws/?Gazette_Notices,2026-07-10,30,"By-Election For Member of National Assembly for Ol Kalou Constituency, Nyandarua County Scheduled to be held on Thursday, 16th July, 2026."
iebc,Governance,https://www.iebc.or.ke/electionlaws/?Gazette_Notices,2026-07-10,31,"Uploaded on: Sat 25th Apr, 2026"
iebc,Governance,https://www.iebc.or.ke/electionlaws/?Gazette_Notices,2026-07-10,32,"Appointment of a County Returning Officer for the Clearance of the Nominated Deputy County Governor, Homa Bay County"
iebc,Governance,https://www.iebc.or.ke/electionlaws/?Gazette_Notices,2026-07-10,33,"Uploaded on: Tue 14th Apr, 2026"
iebc,Governance,https://www.iebc.or.ke/electionlaws/?Gazette_Notices,2026-07-10,34,Aspirants scheduled to participate in the Party Primary for United Democratic Alliance for Member of Emurua Dikirr Constituency and Members of County Assembly for Porro and Endo Wards in Samburu West and Marakwet East Constituencies respectively
iebc,Governance,https://www.iebc.or.ke/electionlaws/?Gazette_Notices,2026-07-10,35,Commencement of Enhanced Continuous Voter Registration (ECVR)
iebc,Governance,https://www.iebc.or.ke/electionlaws/?Gazette_Notices,2026-07-10,36,"Uploaded on: Mon 30th Mar, 2026"
iebc,Governance,https://www.iebc.or.ke/electionlaws/?Gazette_Notices,2026-07-10,37,"By-elections for Member of County Assembly for porro Ward in Samburu West Constituency, Samburu County and Endo ward in Marakwet East Constituency Elgeyo/Marakwet county and Member of National Assembly, Emurua Dikirr Constituency, Narok County scheduled to be held on Thursday, 14th May, 2026."
iebc,Governance,https://www.iebc.or.ke/electionlaws/?Gazette_Notices,2026-07-10,38,"Uploaded on: Sun 15th Mar, 2026"
iebc,Governance,https://www.iebc.or.ke/electionlaws/?Gazette_Notices,2026-07-10,39,"3105 - Declaration of Persons Elected in the By-Elections Held on 26th February, 2026"
iebc,Governance,https://www.iebc.or.ke/electionlaws/?Gazette_Notices,2026-07-10,40,"Uploaded on: Wed 4th Mar, 2026"
iebc,Governance,https://www.iebc.or.ke/electionlaws/?Gazette_Notices,2026-07-10,41,"Nominated Candidates for Purposes of the By-Elections for Member of National Assembly for Isiolo South Constituency and Members of the County Assemblies for Muminji Ward and Evurore Ward, in Mbeere North Constituency–Embu County and West Kabras Ward in Malava Constituency–Kakamega County Scheduled to be held on Thursday 26th February, 2026"
iebc,Governance,https://www.iebc.or.ke/electionlaws/?Gazette_Notices,2026-07-10,42,"Tallying Centres for the 26th February, 2026 By-Elections"
iebc,Governance,https://www.iebc.or.ke/electionlaws/?Gazette_Notices,2026-07-10,43,"Certifying that the Revision of the Isiolo South Constituency Register of Voters has been Completed for purposes of the 26th February, 2026 By-Election"
iebc,Governance,https://www.iebc.or.ke/electionlaws/?Gazette_Notices,2026-07-10,44,"Polling Stations for the 26th February, 2026 By-Elections for Member of National Assembly for Isiolo South Constituency and Member of County Assembly for Muminji Ward and Evurore Ward, Mbeere North Constituency, Embu County and West Kabras Ward, Malava Constituency, Kakamega County"
iebc,Governance,https://www.iebc.or.ke/electionlaws/?Gazette_Notices,2026-07-10,45,"Uploaded on: Mon 16th Feb, 2026"
iebc,Governance,https://www.iebc.or.ke/electionlaws/?Gazette_Notices,2026-07-10,46,"Appointment of Returning and Deputy Returning Officers for Purposes of the By-Elections for Member of National Assembly for Isiolo South Constituency and Member of County Assembly for Muminji Ward and Evurore Ward, Mbeere North Constituency, Embu County and West Kabras Ward, Malava Constituency, Kakamega County, Scheduled to be held on Thursday, 26th February, 2026."
iebc,Governance,https://www.iebc.or.ke/electionlaws/?Gazette_Notices,2026-07-10,47,"Uploaded on: Thu 22nd Jan, 2026"
iebc,Governance,https://www.iebc.or.ke/electionlaws/?Gazette_Notices,2026-07-10,48,Resumption of Continuous Voter Registration
iebc,Governance,https://www.iebc.or.ke/electionlaws/?Gazette_Notices,2026-07-10,49,Appointment of Registration Officers and Assistant Registration Officers
iebc,Governance,https://www.iebc.or.ke/electionlaws/?Gazette_Notices,2026-07-10,50,"Aspirants Scheduled to participate in the Party Primary for United Democratic Alliance for Member of County Assembly for Muminji and Evurore Wards, Mbeere North Constituency, Embu County and West Kabras Ward, Malava Constituency, Kakamega County scheduled to be held on 10th January, 2026"
iebc,Governance,https://www.iebc.or.ke/electionlaws/?Gazette_Notices,2026-07-10,51,"Names and Symbols of Independent Candidates for the By–Elections Scheduled to be held on 26th February, 2026"
iebc,Governance,https://www.iebc.or.ke/electionlaws/?Gazette_Notices,2026-07-10,52,"Uploaded on: Sat 10th Jan, 2026"
iebc,Governance,https://www.iebc.or.ke/electionlaws/?Gazette_Notices,2026-07-10,53,"By-Elections for Member of National Assembly for Isiolo South Constituency and Member of County Assembly for Muminji Ward and Evurore Ward, Mbeere North Constituency, Embu County and West Kabras Ward, Malava Constituency, Kakamega County Scheduled to be held on Thursday 26th February, 2026."
iebc,Governance,https://www.iebc.or.ke/electionlaws/?Gazette_Notices,2026-07-10,54,"Uploaded on: Sat 20th Dec, 2025"
iebc,Governance,https://www.iebc.or.ke/electionlaws/?Gazette_Notices,2026-07-10,55,"Declaration of persons elected in the by-elections held on the 27th November, 2025"
iebc,Governance,https://www.iebc.or.ke/electionlaws/?Gazette_Notices,2026-07-10,56,Delete: Wiper Democratic Front
iebc,Governance,https://www.iebc.or.ke/electionlaws/?Gazette_Notices,2026-07-10,57,Insert: Wiper Patriotic Front
iebc,Governance,https://www.iebc.or.ke/electionlaws/?Gazette_Notices,2026-07-10,58,"Dated the 2nd December, 2025"
iebc,Governance,https://www.iebc.or.ke/electionlaws/?Gazette_Notices,2026-07-10,59,"Uploaded on: Tue 2nd Dec, 2025"
iebc,Governance,https://www.iebc.or.ke/electionlaws/?Gazette_Notices,2026-07-10,60,Delete: United Democratic Alliance; UDA
iebc,Governance,https://www.iebc.or.ke/electionlaws/?Gazette_Notices,2026-07-10,61,Insert: Forum for Restoration of Democracy - Kenya; FORD-KENYA
iebc,Governance,https://www.iebc.or.ke/electionlaws/?Gazette_Notices,2026-07-10,62,"Uploaded on: Mon 1st Dec, 2025"
iebc,Governance,https://www.iebc.or.ke/electionlaws/?Gazette_Notices,2026-07-10,63,"Corrigenda - Polling Stations for the 27th November, 2025 By-Elections"
iebc,Governance,https://www.iebc.or.ke/electionlaws/?Gazette_Notices,2026-07-10,64,"Uploaded on: Wed 26th Nov, 2025"
iebc,Governance,https://www.iebc.or.ke/electionlaws/?Gazette_Notices,2026-07-10,65,"Tallying Centres for the By-elections Scheduled to be held on 27th November, 2025"
iebc,Governance,https://www.iebc.or.ke/electionlaws/?Gazette_Notices,2026-07-10,66,"Nominated Candidates for the 27th November, 2025 By-elections"
iebc,Governance,https://www.iebc.or.ke/electionlaws/?Gazette_Notices,2026-07-10,67,"Polling Stations for the 27th November, 2025 By-elections"
iebc,Governance,https://www.iebc.or.ke/electionlaws/?Gazette_Notices,2026-07-10,68,"Uploaded on: Mon 24th Nov, 2025"
iebc,Governance,https://www.iebc.or.ke/electionlaws/?Gazette_Notices,2026-07-10,69,Gazette Notice Nos.
iebc,Governance,https://www.iebc.or.ke/electionlaws/?Gazette_Notices,2026-07-10,70,1.Gazette Notice No.
iebc,Governance,https://www.iebc.or.ke/electionlaws/?Gazette_Notices,2026-07-10,71,"Declaration of No Contest for members of Tembelio and Metkei Wards in the By –Elections scheduled to be held on 27th November, 2025"
iebc,Governance,https://www.iebc.or.ke/electionlaws/?Gazette_Notices,2026-07-10,72,"Polling Stations for the 27th  November, 2025 By-Elections"
iebc,Governance,https://www.iebc.or.ke/electionlaws/?Gazette_Notices,2026-07-10,73,4.Gazette Notice No.
iebc,Governance,https://www.iebc.or.ke/electionlaws/?Gazette_Notices,2026-07-10,74,"Uploaded on: Fri 31st Oct, 2025"
iebc,Governance,https://www.iebc.or.ke/electionlaws/?Gazette_Notices,2026-07-10,75,"Directives on Handling Pre-Election Disputes Relating to the By-Elections Scheduled to be Held on 27th November, 2025"
iebc,Governance,https://www.iebc.or.ke/electionlaws/?Gazette_Notices,2026-07-10,76,"Uploaded on: Wed 15th Oct, 2025"
iebc,Governance,https://www.iebc.or.ke/electionlaws/?Gazette_Notices,2026-07-10,77,"Names and Symbols of Independent Candidates for the By–Elections Scheduled to be Held on 27th November, 2025"
iebc,Governance,https://www.iebc.or.ke/electionlaws/?Gazette_Notices,2026-07-10,78,RE–ALLOCATION OF SPECIAL SEATS
iebc,Governance,https://www.iebc.or.ke/electionlaws/?Gazette_Notices,2026-07-10,79,"Uploaded on: Fri 3rd Oct, 2025"
iebc,Governance,https://www.iebc.or.ke/electionlaws/?Gazette_Notices,2026-07-10,80,Gazette Notice for the Nominees for the Party Primary
iebc,Governance,https://www.iebc.or.ke/electionlaws/?Gazette_Notices,2026-07-10,81,"Nominees for the Party Primary for Orange Democratic Movement for Member of the National Assembly for Ugunja Constituency, Siaya County Scheduled to be held on 26th September 2025"
iebc,Governance,https://www.iebc.or.ke/electionlaws/?Gazette_Notices,2026-07-10,82,"Uploaded on: Wed 24th Sep, 2025"
iebc,Governance,https://www.iebc.or.ke/electionlaws/?Gazette_Notices,2026-07-10,83,Gazette Notice for the Party Primaries for Political Parties
iebc,Governance,https://www.iebc.or.ke/electionlaws/?Gazette_Notices,2026-07-10,84,"Uploaded on: Tue 23rd Sep, 2025"
iebc,Governance,https://www.iebc.or.ke/electionlaws/?Gazette_Notices,2026-07-10,85,12008 and Gazette Notice No.
iebc,Governance,https://www.iebc.or.ke/electionlaws/?Gazette_Notices,2026-07-10,86,Commencement of Continuous Registration of Citizens as Voters and the Regular Revision of the Voters’ Roll
iebc,Governance,https://www.iebc.or.ke/electionlaws/?Gazette_Notices,2026-07-10,87,"Uploaded on: Thu 28th Aug, 2025"
iebc,Governance,https://www.iebc.or.ke/electionlaws/?Gazette_Notices,2026-07-10,88,12004 and Gazette Notice No.
iebc,Governance,https://www.iebc.or.ke/electionlaws/?Gazette_Notices,2026-07-10,89,Nominated Members to the County Assemblies Re-Allocation of Special Seats
iebc,Governance,https://www.iebc.or.ke/electionlaws/?Gazette_Notices,2026-07-10,90,"Uploaded on: Wed 27th Aug, 2025"
iebc,Governance,https://www.iebc.or.ke/electionlaws/?Gazette_Notices,2026-07-10,91,Nominated Members to the Senate
iebc,Governance,https://www.iebc.or.ke/electionlaws/?Gazette_Notices,2026-07-10,92,"Uploaded on: Sat 16th Aug, 2025"
iebc,Governance,https://www.iebc.or.ke/electionlaws/?Gazette_Notices,2026-07-10,93,"By-Elections For Member of Senate-Baringo County, Members of the National Assembly for Banissa, Kasipul, Magarini, Malava, Mbeere North and Ugunja Constituencies and Member of Kabuchai/Chwele County Assembly Ward in Bungoma County Scheduled to be held on 27th November, 2025"
iebc,Governance,https://www.iebc.or.ke/electionlaws/?Gazette_Notices,2026-07-10,94,"Uploaded on: Mon 11th Aug, 2025"
iebc,Governance,https://www.iebc.or.ke/electionlaws/?Gazette_Notices,2026-07-10,95,By-Elections scheduled for 27th November 2025-
iebc,Governance,https://www.iebc.or.ke/electionlaws/?Gazette_Notices,2026-07-10,96,"Members of County Assemblies: Angata Nanyokie Ward in Samburu County, Chemundu/Kapng’etuny Ward in Nandi County, Chewani Ward in Tana River County, Fafi Ward in Garissa County, Kariobangi North Ward in Nairobi City County, Kisa East Ward in Kakamega County, Metkei Ward in Elgeyo Marakwet County, Mumbuni North Ward in Machakos County, Narok Town Ward in Narok County, Purko Ward in Kajiado County, Tembelio Ward in Uasin Gishu County, Nyansiongo, Nyamaiya, Ekerenyo Wards in Nyamira County, Lake Zone and Nanaam Wards in Turkana County (16)."
iebc,Governance,https://www.iebc.or.ke/electionlaws/?Gazette_Notices,2026-07-10,97,"Uploaded on: Sat 9th Aug, 2025"
iebc,Governance,https://www.iebc.or.ke/electionlaws/?Gazette_Notices,2026-07-10,98,Nominated Members to the National Assembly and Senate
iebc,Governance,https://www.iebc.or.ke/electionlaws/?Gazette_Notices,2026-07-10,99,Re-Allocation of Special Seats
iebc,Governance,https://www.iebc.or.ke/electionlaws/?Gazette_Notices,2026-07-10,100,"Uploaded on: Fri 25th Jul, 2025"
iebc,Governance,https://www.iebc.or.ke/electionlaws/?Gazette_Notices,2026-07-10,101,"Uploaded on: Thu 24th Jul, 2025"
iebc,Governance,https://www.iebc.or.ke/electionlaws/?Gazette_Notices,2026-07-10,102,"Appointment of a County Returning Officer for the Clearance of the Nominated Deputy Governor, Meru County"
iebc,Governance,https://www.iebc.or.ke/electionlaws/?Gazette_Notices,2026-07-10,103,"Uploaded on: Thu 22nd May, 2025"
iebc,Governance,https://www.iebc.or.ke/electionlaws/?Gazette_Notices,2026-07-10,104,"Nomination of the Deputy Governor, Kisii County"
iebc,Governance,https://www.iebc.or.ke/electionlaws/?Gazette_Notices,2026-07-10,105,"Uploaded on: Mon 15th Jul, 2024"
iebc,Governance,https://www.iebc.or.ke/electionlaws/?Gazette_Notices,2026-07-10,106,Appointment of County Returning Officer for clearance of
iebc,Governance,https://www.iebc.or.ke/electionlaws/?Gazette_Notices,2026-07-10,107,nominated Deputy Governor
iebc,Governance,https://www.iebc.or.ke/electionlaws/?Gazette_Notices,2026-07-10,108,"Uploaded on: Wed 10th Jul, 2024"
iebc,Governance,https://www.iebc.or.ke/electionlaws/?Gazette_Notices,2026-07-10,109,798 & Gazette Notice No.
iebc,Governance,https://www.iebc.or.ke/electionlaws/?Gazette_Notices,2026-07-10,110,Corrigenda - Nominated Members to The County Assemblies - Re-Allocation of Special Seats
iebc,Governance,https://www.iebc.or.ke/electionlaws/?Gazette_Notices,2026-07-10,111,"Uploaded on: Sat 27th Jan, 2024"
iebc,Governance,https://www.iebc.or.ke/electionlaws/?Gazette_Notices,2026-07-10,112,Nominated Members to the County Assembly of West Pokot Re-allocation of Special Seats
iebc,Governance,https://www.iebc.or.ke/electionlaws/?Gazette_Notices,2026-07-10,113,"Uploaded on: Thu 2nd Feb, 2023"
iebc,Governance,https://www.iebc.or.ke/electionlaws/?Gazette_Notices,2026-07-10,114,"Declaration of Persons Elected as Member Of Senate, Bungoma County and Members Of County Assemblies for Kyoome/Thaana Ward, Kitui County, Oloimasani Ward, Narok County, Mumias North Ward, Kakamega County, South Gem Ward, Siaya County and Utawala Ward, Nairobi City County, Respectively, during the By-elections held on 8th December, 2022"
iebc,Governance,https://www.iebc.or.ke/electionlaws/?Gazette_Notices,2026-07-10,115,No of downloads: 3
iebc,Governance,https://www.iebc.or.ke/electionlaws/?Gazette_Notices,2026-07-10,116,"Declaration of Persons Elected in the By-elections held on 5th January, 2023"
iebc,Governance,https://www.iebc.or.ke/electionlaws/?Gazette_Notices,2026-07-10,117,"Uploaded on: Fri 13th Jan, 2023"
iebc,Governance,https://www.iebc.or.ke/electionlaws/?Gazette_Notices,2026-07-10,118,"Polling Stations for the By--elections Scheduled to be held on 5th January, 2023 for Member of the Senate Elgeyo Marakwet, Member of National Assembly for Garissa Township and Kandara Constituencies, and Member of County Assembly Shella Ward in Lamu County"
iebc,Governance,https://www.iebc.or.ke/electionlaws/?Gazette_Notices,2026-07-10,119,"Tallying Centres for the By-­elections Scheduled to be held on 5th January, 2023"
iebc,Governance,https://www.iebc.or.ke/electionlaws/?Gazette_Notices,2026-07-10,120,"Nominated Candidates for the 5th January, 2023 By-elections"
iebc,Governance,https://www.iebc.or.ke/electionlaws/?Gazette_Notices,2026-07-10,121,"Uploaded on: Sat 31st Dec, 2022"
iebc,Governance,https://www.iebc.or.ke/electionlaws/?Gazette_Notices,2026-07-10,122,"Corrigenda - Tallying Centre for the By-election scheduled to be held on 8th December, 2022"
iebc,Governance,https://www.iebc.or.ke/electionlaws/?Gazette_Notices,2026-07-10,123,Persons Scheduled to Participate in the Party Primary for United Democratic Alliance
iebc,Governance,https://www.iebc.or.ke/electionlaws/?Gazette_Notices,2026-07-10,124,"Uploaded on: Thu 8th Dec, 2022"
iebc,Governance,https://www.iebc.or.ke/electionlaws/?Gazette_Notices,2026-07-10,125,"Appointment of County and Constituency Returning Officers for Purposes of the By-elections Scheduled to be held on 5th January, 2023"
iebc,Governance,https://www.iebc.or.ke/electionlaws/?Gazette_Notices,2026-07-10,126,"Uploaded on: Thu 24th Nov, 2022"
iebc,Governance,https://www.iebc.or.ke/electionlaws/?Gazette_Notices,2026-07-10,127,"Nominated Candidates for the 8th December, 2022 By-election"
iebc,Governance,https://www.iebc.or.ke/electionlaws/?Gazette_Notices,2026-07-10,128,"Names and Symbols of Independent Candidates for Purposes of the Parliamentary By–Election of Member of the Senate – Elgeyo Marakwet County and Members of the National Assembly for Kandara and Garissa Township Constituencies Scheduled to be held on 5th January, 2023"
iebc,Governance,https://www.iebc.or.ke/electionlaws/?Gazette_Notices,2026-07-10,129,"Tallying Centre for the By-Election Scheduled to be held on 8th December, 2022"
iebc,Governance,https://www.iebc.or.ke/electionlaws/?Gazette_Notices,2026-07-10,130,"Certifying the Completion of Revision of the Register of Voters for By-Election Scheduled to be held on 8th December, 2022 In Bungoma County, Utawala, Ololmasani, Kyome/Thaana, South Gem and Mumias North Wards in Nairobi City, Narok, Kitui, Siaya and Kakamega Counties Respectively"
iebc,Governance,https://www.iebc.or.ke/electionlaws/?Gazette_Notices,2026-07-10,131,"Polling Stations for the By-Election Scheduled to be held on 8th December, 2022 In Bungoma County, Utawala, Ololmasani, Kyome/Thaana, South Gem and Mumias North Wards in Nairobi City, Narok, Kitui, Siaya and Kakamega Counties Respectively"
iebc,Governance,https://www.iebc.or.ke/electionlaws/?Gazette_Notices,2026-07-10,132,Nominated Members to the Senate - Re-Allocation of Special Seats - Women Members Nominated to the Senate
iebc,Governance,https://www.iebc.or.ke/electionlaws/?Gazette_Notices,2026-07-10,133,"Uploaded on: Mon 7th Nov, 2022"
iebc,Governance,https://www.iebc.or.ke/electionlaws/?Gazette_Notices,2026-07-10,134,"By-Elections for Members of National Assembly, Kandara and Garissa Township Constituencies, Member of Senate, Elgeyo Marakwet County and Member for Shella Ward, Lamu County Assembly Scheduled to be held on Thursday, 5th January, 2023"
iebc,Governance,https://www.iebc.or.ke/electionlaws/?Gazette_Notices,2026-07-10,135,"Appointment of County Returning Officer, Baringo County for the clearance of the Deputy County Governor"
iebc,Governance,https://www.iebc.or.ke/electionlaws/?Gazette_Notices,2026-07-10,136,"Uploaded on: Sat 29th Oct, 2022"
iebc,Governance,https://www.iebc.or.ke/electionlaws/?Gazette_Notices,2026-07-10,137,"Names and Symbols of Independent Candidates for Purposes of the By–Election of Member of the Senate, Bungoma County Scheduled to be held on 8th December, 2022"
iebc,Governance,https://www.iebc.or.ke/electionlaws/?Gazette_Notices,2026-07-10,138,"Uploaded on: Fri 28th Oct, 2022"
iebc,Governance,https://www.iebc.or.ke/electionlaws/?Gazette_Notices,2026-07-10,139,"Appointment of County and Constituency Returning Officers for Purposes of the By-elections Scheduled to be held on 8th December, 2022"
iebc,Governance,https://www.iebc.or.ke/electionlaws/?Gazette_Notices,2026-07-10,140,Corrigenda - Nominated Members to the County Assemblies
iebc,Governance,https://www.iebc.or.ke/electionlaws/?Gazette_Notices,2026-07-10,141,Corrigenda - Nominated Members to the National Assembly and the Senate
iebc,Governance,https://www.iebc.or.ke/electionlaws/?Gazette_Notices,2026-07-10,142,"By-Election for Ololmasani, Kyome/Thaana, Utawala, Mumias North and South Gem Wards in Narok, Kitui, Nairobi City, Kakamega and Siaya County Assemblies, Respectively, Scheduled to be held on 8th December, 2022"
iebc,Governance,https://www.iebc.or.ke/electionlaws/?Gazette_Notices,2026-07-10,143,"Parliamentary By-election for Member of the Senate, Bungoma County Scheduled to be held on 8th December, 2022"
iebc,Governance,https://www.iebc.or.ke/electionlaws/?Gazette_Notices,2026-07-10,144,"Uploaded on: Thu 6th Oct, 2022"
iebc,Governance,https://www.iebc.or.ke/electionlaws/?Gazette_Notices,2026-07-10,145,No of downloads: 4
iebc,Governance,https://www.iebc.or.ke/electionlaws/?Gazette_Notices,2026-07-10,146,Addendum - Nominated Members to the County Assemblies
iebc,Governance,https://www.iebc.or.ke/electionlaws/?Gazette_Notices,2026-07-10,147,"Uploaded on: Tue 4th Oct, 2022"
iebc,Governance,https://www.iebc.or.ke/electionlaws/?Gazette_Notices,2026-07-10,148,"Uploaded on: Thu 22nd Sep, 2022"
iebc,Governance,https://www.iebc.or.ke/electionlaws/?Gazette_Notices,2026-07-10,149,No of downloads: 13
iebc,Governance,https://www.iebc.or.ke/electionlaws/?Gazette_Notices,2026-07-10,150,Corrigenda - Declaration of Persons Elected as Members of the County Assemblies
iebc,Governance,https://www.iebc.or.ke/electionlaws/?Gazette_Notices,2026-07-10,151,"Uploaded on: Mon 12th Sep, 2022"
iebc,Governance,https://www.iebc.or.ke/electionlaws/?Gazette_Notices,2026-07-10,152,No of downloads: 30
iebc,Governance,https://www.iebc.or.ke/electionlaws/?Gazette_Notices,2026-07-10,153,Nominated Members to the County Assemblies
iebc,Governance,https://www.iebc.or.ke/electionlaws/?Gazette_Notices,2026-07-10,154,No of downloads: 90
iebc,Governance,https://www.iebc.or.ke/electionlaws/?Gazette_Notices,2026-07-10,155,Corrigenda - Declaration of Persons Elected to Parliament as Members of the National Assembly
iebc,Governance,https://www.iebc.or.ke/electionlaws/?Gazette_Notices,2026-07-10,156,"Declaration of Persons Elected in the Postponed Elections Held on 29th August, 2022"
iebc,Governance,https://www.iebc.or.ke/electionlaws/?Gazette_Notices,2026-07-10,157,"Uploaded on: Thu 8th Sep, 2022"
iebc,Governance,https://www.iebc.or.ke/electionlaws/?Gazette_Notices,2026-07-10,158,No of downloads: 19
iebc,Governance,https://www.iebc.or.ke/electionlaws/?Gazette_Notices,2026-07-10,159,Nominated Members to the National Assembly and the Senate
iebc,Governance,https://www.iebc.or.ke/electionlaws/?Gazette_Notices,2026-07-10,160,"Voter Polling Stations for Purposes of the Postponed Elections Scheduled to be Held on 29th August, 2022"
iebc,Governance,https://www.iebc.or.ke/electionlaws/?Gazette_Notices,2026-07-10,161,"Appointment of Returning and Deputy Returning Officers for Purposes of the Postponed Election Scheduled to be held on 29th August, 2022"
iebc,Governance,https://www.iebc.or.ke/electionlaws/?Gazette_Notices,2026-07-10,162,"Tallying Centres for the Postponed Elections Scheduled to be held on 29th August, 2022"
iebc,Governance,https://www.iebc.or.ke/electionlaws/?Gazette_Notices,2026-07-10,163,Declaration of Persons Elected to Parliament as Members of the Senate
iebc,Governance,https://www.iebc.or.ke/electionlaws/?Gazette_Notices,2026-07-10,164,Declaration of Persons Elected as Members of the County Assemblies
iebc,Governance,https://www.iebc.or.ke/electionlaws/?Gazette_Notices,2026-07-10,165,Holding of Postponed Elections
iebc,Governance,https://www.iebc.or.ke/electionlaws/?Gazette_Notices,2026-07-10,166,Declaration of Persons Elected as County Governors and Deputy County Governors
iebc,Governance,https://www.iebc.or.ke/electionlaws/?Gazette_Notices,2026-07-10,167,Declaration of Persons Elected to Parliament as Members of the National Assembly
iebc,Governance,https://www.iebc.or.ke/electionlaws/?Gazette_Notices,2026-07-10,168,Declaration of Persons Elected To Parliament as County Woman Member to the National Assembly
iebc,Governance,https://www.iebc.or.ke/electionlaws/?Gazette_Notices,2026-07-10,169,"Uploaded on: Thu 25th Aug, 2022"
iebc,Governance,https://www.iebc.or.ke/electionlaws/?Gazette_Notices,2026-07-10,170,No of downloads: 6
iebc,Governance,https://www.iebc.or.ke/electionlaws/?Gazette_Notices,2026-07-10,171,"Tallying Centres for the 9th August, 2022 General Election"
iebc,Governance,https://www.iebc.or.ke/electionlaws/?Gazette_Notices,2026-07-10,172,Appointment of Second Deputy Constituency Returning Officers for the General Election
iebc,Governance,https://www.iebc.or.ke/electionlaws/?Gazette_Notices,2026-07-10,173,"Scheduled to be held on 9th August, 2022"
iebc,Governance,https://www.iebc.or.ke/electionlaws/?Gazette_Notices,2026-07-10,174,"Election Result Path, Complimentary Mechanism for Result Transmission and Voting Time for Kenyan Voters Residing Outside the Country for the General Election Scheduled to be held on 9th August, 2022."
iebc,Governance,https://www.iebc.or.ke/electionlaws/?Gazette_Notices,2026-07-10,175,Suspension of Elections
iebc,Governance,https://www.iebc.or.ke/electionlaws/?Gazette_Notices,2026-07-10,176,"Nominated Candidates for the 9th August, 2022 General Election"
iebc,Governance,https://www.iebc.or.ke/electionlaws/?Gazette_Notices,2026-07-10,177,"Names and Symbols of Persons of Independent Candidates Scheduled to Participate in the Commission Nominations for the General Election Scheduled to be held on 9th August, 2022"
iebc,Governance,https://www.iebc.or.ke/electionlaws/?Gazette_Notices,2026-07-10,178,"Uploaded on: Mon 22nd Aug, 2022"
iebc,Governance,https://www.iebc.or.ke/electionlaws/?Gazette_Notices,2026-07-10,179,No of downloads: 10
iebc,Governance,https://www.iebc.or.ke/electionlaws/?Gazette_Notices,2026-07-10,180,9865 - Postponement of Elections
iebc,Governance,https://www.iebc.or.ke/electionlaws/?Gazette_Notices,2026-07-10,181,9773 - Declaration of Persons Elected As President– Elect and Deputy President–Elect
iebc,Governance,https://www.iebc.or.ke/electionlaws/?Gazette_Notices,2026-07-10,182,"Uploaded on: Tue 16th Aug, 2022"
iebc,Governance,https://www.iebc.or.ke/electionlaws/?Gazette_Notices,2026-07-10,183,9617 - Holding Postponed Elections
iebc,Governance,https://www.iebc.or.ke/electionlaws/?Gazette_Notices,2026-07-10,184,"Uploaded on: Sun 14th Aug, 2022"
iebc,Governance,https://www.iebc.or.ke/electionlaws/?Gazette_Notices,2026-07-10,185,"Directives of Handling the Election Result Forms at the Polling Stations for the General Election Scheduled to be held on 9th August, 2022"
iebc,Governance,https://www.iebc.or.ke/electionlaws/?Gazette_Notices,2026-07-10,186,"Uploaded on: Wed 3rd Aug, 2022"
iebc,Governance,https://www.iebc.or.ke/electionlaws/?Gazette_Notices,2026-07-10,187,Corrigenda - Tallying Centres
iebc,Governance,https://www.iebc.or.ke/electionlaws/?Gazette_Notices,2026-07-10,188,"Corrigenda - Polling Stations for the 9th August, 2022 General Election"
iebc,Governance,https://www.iebc.or.ke/electionlaws/?Gazette_Notices,2026-07-10,189,"Corrigenda - Certifying that the Revision of the Register of Voters has been completed for Purposes of the 9th August, 2022 General Election"
iebc,Governance,https://www.iebc.or.ke/electionlaws/?Gazette_Notices,2026-07-10,190,Corrigenda - Appointment of County and Constituency Deputy Constituency Returning Officers for the General Election Scheduled to be held on 9th August 2022
iebc,Governance,https://www.iebc.or.ke/electionlaws/?Gazette_Notices,2026-07-10,191,"Corrigenda - Nominated Candidates for the 9th August, 2022 General Election –"
iebc,Governance,https://www.iebc.or.ke/electionlaws/?Gazette_Notices,2026-07-10,192,Appointment of Second Deputy Constituency Returning Officers for the General Election Scheduled to be held on 9th August 2022
iebc,Governance,https://www.iebc.or.ke/electionlaws/?Gazette_Notices,2026-07-10,193,"Uploaded on: Thu 28th Jul, 2022"
iebc,Governance,https://www.iebc.or.ke/electionlaws/?Gazette_Notices,2026-07-10,194,"7996 Polling Stations for the 9th August, 2022 General Election"
iebc,Governance,https://www.iebc.or.ke/electionlaws/?Gazette_Notices,2026-07-10,195,"Polling Stations for the 9th August, 2022 General Election"
iebc,Governance,https://www.iebc.or.ke/electionlaws/?Gazette_Notices,2026-07-10,196,"Uploaded on: Tue 12th Jul, 2022"
iebc,Governance,https://www.iebc.or.ke/electionlaws/?Gazette_Notices,2026-07-10,197,No of downloads: 7
iebc,Governance,https://www.iebc.or.ke/electionlaws/?Gazette_Notices,2026-07-10,198,"Nominated Candidates for the 9th August, 2022 General Election:"
iebc,Governance,https://www.iebc.or.ke/electionlaws/?Gazette_Notices,2026-07-10,199,County Assembly Ward Elections
iebc,Governance,https://www.iebc.or.ke/electionlaws/?Gazette_Notices,2026-07-10,200,"Uploaded on: Sun 10th Jul, 2022"
iebc,Governance,https://www.iebc.or.ke/electionlaws/?Gazette_Notices,2026-07-10,201,No of downloads: 61
iebc,Governance,https://www.iebc.or.ke/electionlaws/?Gazette_Notices,2026-07-10,202,National Assembly Election
iebc,Governance,https://www.iebc.or.ke/electionlaws/?Gazette_Notices,2026-07-10,203,County Woman Member to the National Assembly Election
iebc,Governance,https://www.iebc.or.ke/electionlaws/?Gazette_Notices,2026-07-10,204,County Governor Election
iebc,Governance,https://www.iebc.or.ke/electionlaws/?Gazette_Notices,2026-07-10,205,No of downloads: 32
iebc,Governance,https://www.iebc.or.ke/electionlaws/?Gazette_Notices,2026-07-10,206,"Appointment of County and Constituency Returning Officers for the General Election Scheduled to be held on 9th August, 2022 - Corrigenda"
iebc,Governance,https://www.iebc.or.ke/electionlaws/?Gazette_Notices,2026-07-10,207,Declaration of no Contest
iebc,Governance,https://www.iebc.or.ke/electionlaws/?Gazette_Notices,2026-07-10,208,"Certifying that the Revision of the Register of Voters has been Completed for Purposes of the 9th August, 2022 General Election"
iebc,Governance,https://www.iebc.or.ke/electionlaws/?Gazette_Notices,2026-07-10,209,"Uploaded on: Thu 23rd Jun, 2022"
iebc,Governance,https://www.iebc.or.ke/electionlaws/?Gazette_Notices,2026-07-10,210,Appointment of Members of the Independent Electoral and Boundaries Dispute Resolution Committee
iebc,Governance,https://www.iebc.or.ke/electionlaws/?Gazette_Notices,2026-07-10,211,"Uploaded on: Sun 12th Jun, 2022"
iebc,Governance,https://www.iebc.or.ke/electionlaws/?Gazette_Notices,2026-07-10,212,6378 - Notice on Requirements for Submission of Party Lists
iebc,Governance,https://www.iebc.or.ke/electionlaws/?Gazette_Notices,2026-07-10,213,Notice on Requirements for Submission of Party Lists
iebc,Governance,https://www.iebc.or.ke/electionlaws/?Gazette_Notices,2026-07-10,214,"Uploaded on: Fri 3rd Jun, 2022"
iebc,Governance,https://www.iebc.or.ke/electionlaws/?Gazette_Notices,2026-07-10,215,"Appointment of County and Constituency Returning Officers for the General Election Scheduled to be held on 9th August, 2022"
iebc,Governance,https://www.iebc.or.ke/electionlaws/?Gazette_Notices,2026-07-10,216,"Appointment of Nyeri County Returning Officer for Purposes of Nominating Candidates for the General Election Scheduled to be held on 9th August, 2022"
iebc,Governance,https://www.iebc.or.ke/electionlaws/?Gazette_Notices,2026-07-10,217,"Uploaded on: Thu 2nd Jun, 2022"
iebc,Governance,https://www.iebc.or.ke/electionlaws/?Gazette_Notices,2026-07-10,218,"Gazette Notice - Notice of List of persons who contested in the Political Party Primaries - 22nd April, 2022"
iebc,Governance,https://www.iebc.or.ke/electionlaws/?Gazette_Notices,2026-07-10,219,"Notice of List of persons who contested in the Political Party Primaries- 22nd April, 2022"
iebc,Governance,https://www.iebc.or.ke/electionlaws/?Gazette_Notices,2026-07-10,220,"Uploaded on: Mon 30th May, 2022"
iebc,Governance,https://www.iebc.or.ke/electionlaws/?Gazette_Notices,2026-07-10,221,"Uploaded on: Sat 28th May, 2022"
iebc,Governance,https://www.iebc.or.ke/electionlaws/?Gazette_Notices,2026-07-10,222,"Uploaded on: Fri 20th May, 2022"
iebc,Governance,https://www.iebc.or.ke/electionlaws/?Gazette_Notices,2026-07-10,223,"Uploaded on: Wed 18th May, 2022"
iebc,Governance,https://www.iebc.or.ke/electionlaws/?Gazette_Notices,2026-07-10,224,No of downloads: 8
iebc,Governance,https://www.iebc.or.ke/electionlaws/?Gazette_Notices,2026-07-10,225,Appointment of the Presidential Returning Officer for the
iebc,Governance,https://www.iebc.or.ke/electionlaws/?Gazette_Notices,2026-07-10,226,"General Election scheduled to be held on 9th August, 2022"
iebc,Governance,https://www.iebc.or.ke/electionlaws/?Gazette_Notices,2026-07-10,227,Appointment of County and Constituency Returning
iebc,Governance,https://www.iebc.or.ke/electionlaws/?Gazette_Notices,2026-07-10,228,Officers for the General Election scheduled to be held on
iebc,Governance,https://www.iebc.or.ke/electionlaws/?Gazette_Notices,2026-07-10,229,"9th August, 2022"
iebc,Governance,https://www.iebc.or.ke/electionlaws/?Gazette_Notices,2026-07-10,230,"Uploaded on: Wed 4th May, 2022"
iebc,Governance,https://www.iebc.or.ke/electionlaws/?Gazette_Notices,2026-07-10,231,Suspension of continuous voter registration availability of the register of voters for verification
iebc,Governance,https://www.iebc.or.ke/electionlaws/?Gazette_Notices,2026-07-10,232,Availability of the register of voters for verification
iebc,Governance,https://www.iebc.or.ke/electionlaws/?Gazette_Notices,2026-07-10,233,Presidential election - corrigenda
iebc,Governance,https://www.iebc.or.ke/electionlaws/?Gazette_Notices,2026-07-10,234,Presidential election - addendum
iebc,Governance,https://www.iebc.or.ke/electionlaws/?Gazette_Notices,2026-07-10,235,Elections for county governors - corrigenda
iebc,Governance,https://www.iebc.or.ke/electionlaws/?Gazette_Notices,2026-07-10,236,Elections for county governors - addendum
iebc,Governance,https://www.iebc.or.ke/electionlaws/?Gazette_Notices,2026-07-10,237,"Uploaded on: Mon 2nd May, 2022"
iebc,Governance,https://www.iebc.or.ke/electionlaws/?Gazette_Notices,2026-07-10,238,Election for Members of the National Assembly
iebc,Governance,https://www.iebc.or.ke/electionlaws/?Gazette_Notices,2026-07-10,239,Election for Members of Senate
iebc,Governance,https://www.iebc.or.ke/electionlaws/?Gazette_Notices,2026-07-10,240,Election for the County Woman Member to the National Assembly
iebc,Governance,https://www.iebc.or.ke/electionlaws/?Gazette_Notices,2026-07-10,241,Elections for County Governors
iebc,Governance,https://www.iebc.or.ke/electionlaws/?Gazette_Notices,2026-07-10,242,Notice of Election for Members of the County Assemblies
iebc,Governance,https://www.iebc.or.ke/electionlaws/?Gazette_Notices,2026-07-10,243,"Uploaded on: Fri 21st Jan, 2022"
iebc,Governance,https://www.iebc.or.ke/electionlaws/?Gazette_Notices,2026-07-10,244,No of downloads: 12
iebc,Governance,https://www.iebc.or.ke/electionlaws/?Gazette_Notices,2026-07-10,245,The Election (Registration of Voters) Regulations
iebc,Governance,https://www.iebc.or.ke/electionlaws/?Gazette_Notices,2026-07-10,246,The Election (Registration of Voters) Regulations Appointment of Registration Officers and Assistant Officers
iebc,Governance,https://www.iebc.or.ke/electionlaws/?Gazette_Notices,2026-07-10,247,Appointment of Registration Officers and Assistant Registration Officers for Purposes of Registration of Kenyan Citizens Residing Outside Kenya
iebc,Governance,https://www.iebc.or.ke/electionlaws/?Gazette_Notices,2026-07-10,248,Registration Centres for The Registration of Kenyan Citizens Residing Outside Kenya
iebc,Governance,https://www.iebc.or.ke/electionlaws/?Gazette_Notices,2026-07-10,249,Corrigenda - The Election (Registration of Voters) Regulations - Registration Centres
iebc,Governance,https://www.iebc.or.ke/electionlaws/?Gazette_Notices,2026-07-10,250,"Uploaded on: Mon 17th Jan, 2022"
iebc,Governance,https://www.iebc.or.ke/electionlaws/?Gazette_Notices,2026-07-10,251,"Corrigenda - Nominated Candidates for Members of County Assemblies for Kiagu Ward in Meru County Assembly and Nguu/Masumba Ward in Makueni County Assembly Scheduled to be held on 14th October, 2021"
iebc,Governance,https://www.iebc.or.ke/electionlaws/?Gazette_Notices,2026-07-10,252,"Appointment of Returning and Deputy Returning Officers for Purposes of the By–election of Member of Mahoo Ward in Taita Taveta County Assembly Scheduled to be held on 16th December, 2021"
iebc,Governance,https://www.iebc.or.ke/electionlaws/?Gazette_Notices,2026-07-10,253,"Uploaded on: Fri 14th Jan, 2022"
iebc,Governance,https://www.iebc.or.ke/electionlaws/?Gazette_Notices,2026-07-10,254,"Declaration of Persons Elected as Members of County Assemblies for Kiagu and Mahoo Wards in Meru and Taita Taveta County Assemblies, respectively, during the By-elections held on 16th December, 2021"
iebc,Governance,https://www.iebc.or.ke/electionlaws/?Gazette_Notices,2026-07-10,255,"Uploaded on: Tue 4th Jan, 2022"
iebc,Governance,https://www.iebc.or.ke/electionlaws/?Gazette_Notices,2026-07-10,256,Certifying the Completion of Revision of the Register of Voters for Member of Mahoo County Assembly Ward in
iebc,Governance,https://www.iebc.or.ke/electionlaws/?Gazette_Notices,2026-07-10,257,"Taita Taveta County Assembly Scheduled to be Held on I6th December, 2021"
iebc,Governance,https://www.iebc.or.ke/electionlaws/?Gazette_Notices,2026-07-10,258,Voter polling Stations for the Member of Mahoo County assembly Ward in Taita Taveta
iebc,Governance,https://www.iebc.or.ke/electionlaws/?Gazette_Notices,2026-07-10,259,"County Assembly Scheduled to be Held on 16th December, 2021"
iebc,Governance,https://www.iebc.or.ke/electionlaws/?Gazette_Notices,2026-07-10,260,"Uploaded on: Thu 9th Dec, 2021"
iebc,Governance,https://www.iebc.or.ke/electionlaws/?Gazette_Notices,2026-07-10,261,"Appointment of County Returning Officer for Clearance of the Deputy County Governor, Nairobi City County"
iebc,Governance,https://www.iebc.or.ke/electionlaws/?Gazette_Notices,2026-07-10,262,"Uploaded on: Wed 1st Dec, 2021"
iebc,Governance,https://www.iebc.or.ke/electionlaws/?Gazette_Notices,2026-07-10,263,12536 & Gazette Notice No.
iebc,Governance,https://www.iebc.or.ke/electionlaws/?Gazette_Notices,2026-07-10,264,"Nominated Candidates for the By-Election of Member of County Assembly for Mahoo Ward in Taita Taveta County Assembly Scheduled to be held on 16th December, 2021"
iebc,Governance,https://www.iebc.or.ke/electionlaws/?Gazette_Notices,2026-07-10,265,"Tallying Centre for the By-Election of Member of County Assembly for Mahoo Ward in Taita Taveta County Assembly Scheduled to be held on 16th December, 2021"
iebc,Governance,https://www.iebc.or.ke/electionlaws/?Gazette_Notices,2026-07-10,266,"Date of by-election for Member of the County Assembly for Kiagu Ward- Meru County scheduled to be held on 16th December, 2021."
iebc,Governance,https://www.iebc.or.ke/electionlaws/?Gazette_Notices,2026-07-10,267,"Uploaded on: Wed 27th Oct, 2021"
iebc,Governance,https://www.iebc.or.ke/electionlaws/?Gazette_Notices,2026-07-10,268,Gazette Notice No..
iebc,Governance,https://www.iebc.or.ke/electionlaws/?Gazette_Notices,2026-07-10,269,"Declaration of the Person Elected as Member of Nguu/Masumba Ward in Makueni County Assembly during the By- election Held on 14th October, 2021."
iebc,Governance,https://www.iebc.or.ke/electionlaws/?Gazette_Notices,2026-07-10,270,Corrigenda - Registration Centres
iebc,Governance,https://www.iebc.or.ke/electionlaws/?Gazette_Notices,2026-07-10,271,"Uploaded on: Sat 23rd Oct, 2021"
iebc,Governance,https://www.iebc.or.ke/electionlaws/?Gazette_Notices,2026-07-10,272,"Persons Scheduled to Participate in the Party Primary for United Democratic Alliance Party Scheduled to be held on 16th October, 2021"
iebc,Governance,https://www.iebc.or.ke/electionlaws/?Gazette_Notices,2026-07-10,273,"Uploaded on: Mon 18th Oct, 2021"
iebc,Governance,https://www.iebc.or.ke/electionlaws/?Gazette_Notices,2026-07-10,274,"Revocation of the Notice of Contributions and Spending Limits for Political Parties and Candidates for Purposes of the General Election Scheduled to be held on 9th August, 2022"
iebc,Governance,https://www.iebc.or.ke/electionlaws/?Gazette_Notices,2026-07-10,275,"Uploaded on: Sat 9th Oct, 2021"
iebc,Governance,https://www.iebc.or.ke/electionlaws/?Gazette_Notices,2026-07-10,276,"10440, Gazette Notice No."
iebc,Governance,https://www.iebc.or.ke/electionlaws/?Gazette_Notices,2026-07-10,277,10441 & Gazette Notice No.
iebc,Governance,https://www.iebc.or.ke/electionlaws/?Gazette_Notices,2026-07-10,278,"Uploaded on: Thu 7th Oct, 2021"
iebc,Governance,https://www.iebc.or.ke/electionlaws/?Gazette_Notices,2026-07-10,279,"By-election for Member of the County Assembly for Mahoo Ward in Taita Taveta County Assembly Scheduled to be held on 16th December, 2021."
iebc,Governance,https://www.iebc.or.ke/electionlaws/?Gazette_Notices,2026-07-10,280,"Uploaded on: Sun 26th Sep, 2021"
iebc,Governance,https://www.iebc.or.ke/electionlaws/?Gazette_Notices,2026-07-10,281,Re-Allocation of Special Seats - Nominated Member to the Senate - Corrigenda
iebc,Governance,https://www.iebc.or.ke/electionlaws/?Gazette_Notices,2026-07-10,282,"Uploaded on: Fri 24th Sep, 2021"
iebc,Governance,https://www.iebc.or.ke/electionlaws/?Gazette_Notices,2026-07-10,283,"Nominated Candidates for Members of County Assemblies for Kiagu Ward in Meru County Assembly and Nguu/Masumba Ward in Makueni County Assembly Scheduled to be held on 14th October, 2021"
iebc,Governance,https://www.iebc.or.ke/electionlaws/?Gazette_Notices,2026-07-10,284,"Declaration of No Contest for Eldas Ward Wajir County Assembly By-election Scheduled to be held on 14th October, 2021"
iebc,Governance,https://www.iebc.or.ke/electionlaws/?Gazette_Notices,2026-07-10,285,"Certifying that the Revision of the Register of Voters for the By-Elections Scheduled to be held on 14th October, 2021 has been completed"
iebc,Governance,https://www.iebc.or.ke/electionlaws/?Gazette_Notices,2026-07-10,286,"Voter Polling Stations for the By-elections Scheduled to be held on 14th October, 2021"
iebc,Governance,https://www.iebc.or.ke/electionlaws/?Gazette_Notices,2026-07-10,287,"Tallying Centres for the By-Elections Scheduled to the held on 14th October, 2021"
iebc,Governance,https://www.iebc.or.ke/electionlaws/?Gazette_Notices,2026-07-10,288,"Uploaded on: Fri 10th Sep, 2021"
iebc,Governance,https://www.iebc.or.ke/electionlaws/?Gazette_Notices,2026-07-10,289,"Persons Scheduled to Participate in the Party Primary for Maendeleo Chap Chap Party Scheduled to be held on 16th August, 2021"
iebc,Governance,https://www.iebc.or.ke/electionlaws/?Gazette_Notices,2026-07-10,290,Gazette Notice No.8167 -
iebc,Governance,https://www.iebc.or.ke/electionlaws/?Gazette_Notices,2026-07-10,291,"Persons Scheduled to Participate in the Party Primary for United Democratic Alliance Party Scheduled to be held on 14th August, 2021"
iebc,Governance,https://www.iebc.or.ke/electionlaws/?Gazette_Notices,2026-07-10,292,Gazette Notice No.8168 -
iebc,Governance,https://www.iebc.or.ke/electionlaws/?Gazette_Notices,2026-07-10,293,"Persons Scheduled to Participate in the Party Primary for Wiper Democratic Movement—Kenya Party Scheduled to be held on 13th August, 2021"
iebc,Governance,https://www.iebc.or.ke/electionlaws/?Gazette_Notices,2026-07-10,294,"Uploaded on: Wed 18th Aug, 2021"
iebc,Governance,https://www.iebc.or.ke/electionlaws/?Gazette_Notices,2026-07-10,295,Spending Limits for Political parties and candidates for purposes of General Elections
iebc,Governance,https://www.iebc.or.ke/electionlaws/?Gazette_Notices,2026-07-10,296,"Uploaded on: Mon 9th Aug, 2021"
iebc,Governance,https://www.iebc.or.ke/electionlaws/?Gazette_Notices,2026-07-10,297,"Corrigenda - Appointment of Returning and Deputy Returning Officers for Purposes of the By–elections Of Members of Eldas, Kiagu and Nguu/Masumba Wards of Wajir, Meru and Makueni County Assemblies scheduled to be held on 14th October, 2021"
iebc,Governance,https://www.iebc.or.ke/electionlaws/?Gazette_Notices,2026-07-10,298,"Uploaded on: Fri 30th Jul, 2021"
iebc,Governance,https://www.iebc.or.ke/electionlaws/?Gazette_Notices,2026-07-10,299,"Declaration of Persons Elected as Member of the National Assembly for Kiambaa Constituency and Member for Muguga Ward, Kiambu County Assembly during the By-Elections held on 15th July, 2021"
iebc,Governance,https://www.iebc.or.ke/electionlaws/?Gazette_Notices,2026-07-10,300,"Uploaded on: Wed 28th Jul, 2021"
iebc,Governance,https://www.iebc.or.ke/electionlaws/?Gazette_Notices,2026-07-10,301,"By-elections for Members of the County Assemblies for Eldas, Kiagu and Nguu/Masumba Wards in Wajir, Meru and Makueni County Assemblies to be held on 14th October, 2021"
iebc,Governance,https://www.iebc.or.ke/electionlaws/?Gazette_Notices,2026-07-10,302,"Certifying the Completion of Revision of the Register of Voters,"
iebc,Governance,https://www.iebc.or.ke/electionlaws/?Gazette_Notices,2026-07-10,303,Voter Polling Stations and
iebc,Governance,https://www.iebc.or.ke/electionlaws/?Gazette_Notices,2026-07-10,304,"Tallying Centres for the By-Election Scheduled to be held on 15th July, 2021"
iebc,Governance,https://www.iebc.or.ke/electionlaws/?Gazette_Notices,2026-07-10,305,"Uploaded on: Mon 28th Jun, 2021"
iebc,Governance,https://www.iebc.or.ke/electionlaws/?Gazette_Notices,2026-07-10,306,"5627 - Nominated Candidates for Member of the National Assembly for Kiambaa Constituency and Member of County Assembly for Muguga Ward in Kiambu County Scheduled to be held on 15th July, 2021"
iebc,Governance,https://www.iebc.or.ke/electionlaws/?Gazette_Notices,2026-07-10,307,"Uploaded on: Wed 9th Jun, 2021"
iebc,Governance,https://www.iebc.or.ke/electionlaws/?Gazette_Notices,2026-07-10,308,4598 - The Judgment in the Political Parties Disputes Tribunal at Nairobi Complaint No.
iebc,Governance,https://www.iebc.or.ke/electionlaws/?Gazette_Notices,2026-07-10,309,E002 of 2021 Nominated Member to the Senate
iebc,Governance,https://www.iebc.or.ke/electionlaws/?Gazette_Notices,2026-07-10,310,"Names and Symbols of Persons Intending to Contest as Independent Candidates for the By-election of Member of the National Assembly for Kiambaa Constituency, scheduled on 15th July, 2021"
iebc,Governance,https://www.iebc.or.ke/electionlaws/?Gazette_Notices,2026-07-10,311,"Uploaded on: Sun 16th May, 2021"
iebc,Governance,https://www.iebc.or.ke/electionlaws/?Gazette_Notices,2026-07-10,312,"4402 - Tallying Centres for the By-Elections Scheduled for Members of the National Assembly for Juja and Bonchari Constituencies and Member of Nyandarua County Assembly Rurii Ward Scheduled to be held on 18th May, 2021"
iebc,Governance,https://www.iebc.or.ke/electionlaws/?Gazette_Notices,2026-07-10,313,GAZETTE Notice No.: 4403
iebc,Governance,https://www.iebc.or.ke/electionlaws/?Gazette_Notices,2026-07-10,314,"Notice Certifying the Completion of Revision of the Register of Voters for Members of the National Assembly-Juja and Bonchari Constituencies and Rurii County Assembly Ward for the By-Elections Scheduled to be held on 18th May, 2021"
iebc,Governance,https://www.iebc.or.ke/electionlaws/?Gazette_Notices,2026-07-10,315,"Uploaded on: Mon 10th May, 2021"
iebc,Governance,https://www.iebc.or.ke/electionlaws/?Gazette_Notices,2026-07-10,316,"8543 - Declaration of Persons Elected as Member of the National Assembly, Baringo South Constituency and County Assembly Members for North Kadem and Bobasi Chache Wards in Migori and Kisii County Assemblies Respectively, during the by–election held on 17th August, 2018"
iebc,Governance,https://www.iebc.or.ke/electionlaws/?Gazette_Notices,2026-07-10,317,"Uploaded on: Thu 6th May, 2021"
iebc,Governance,https://www.iebc.or.ke/electionlaws/?Gazette_Notices,2026-07-10,318,11970 - Declaration of Person Elected as Member to the National Assembly Kitui West Constituency
iebc,Governance,https://www.iebc.or.ke/electionlaws/?Gazette_Notices,2026-07-10,319,"11970 - Declaration of Person Elected as Member for Batalu Ward in Wajir County Assembly after the By-Election Held on 18th December, 2019"
iebc,Governance,https://www.iebc.or.ke/electionlaws/?Gazette_Notices,2026-07-10,320,"10054 - Declaration of Persons Elected as Members for Ganda, Abakaile, Loiyangalani and Mutonguni Wards in Kilifi, Garissa, Marsabit and Kitui County Assemblies, Respectively, after the by-elections held on 17th October, 2019"
iebc,Governance,https://www.iebc.or.ke/electionlaws/?Gazette_Notices,2026-07-10,321,"10913 - Declaration of Persons Elected as Member of the National Assembly, Msambweni Constituency and Members of County Assembly for Kahawa Wendani, Kisumu North, Dabaso, Wundanyi/ Mbale, Gaturi and Lake View Wards in Kiambu, Kisumu, Kilifi, Taita Taveta, Murang’a and Nakuru County Assemblies Respectively During the by– Elections Held on 15th December, 2020."
iebc,Governance,https://www.iebc.or.ke/electionlaws/?Gazette_Notices,2026-07-10,322,"11488 - Declaration of Person Elected as Member of the National Asssembly Kitutu Chache South Constituency and Persons Elected as Members of the County Assemblies; Masalani and Bogichora Wards in Garissa and Nyamira County Assemblies Respectively during the by–Election held on the 7th November, 2017"
iebc,Governance,https://www.iebc.or.ke/electionlaws/?Gazette_Notices,2026-07-10,323,"4195 - Clearance of Nominee for Position of Deputy County Governor, Kericho County"
iebc,Governance,https://www.iebc.or.ke/electionlaws/?Gazette_Notices,2026-07-10,324,"Uploaded on: Wed 5th May, 2021"
iebc,Governance,https://www.iebc.or.ke/electionlaws/?Gazette_Notices,2026-07-10,325,"4000 -Parliamentary and County Assembly By-Elections of Member of the National Assembly, Kiambaa Constituency and Member of County Assembly, Muguga Ward, Kiambu County, Respectively, Scheduled to be held on 15th July, 2021"
iebc,Governance,https://www.iebc.or.ke/electionlaws/?Gazette_Notices,2026-07-10,326,"Uploaded on: Mon 26th Apr, 2021"
iebc,Governance,https://www.iebc.or.ke/electionlaws/?Gazette_Notices,2026-07-10,327,"3191 - Nominated Candidates for Members of the National Assembly for Juja and Bonchari Constituencies, Member of Rurii Ward in Nyandarua County Assembly Scheduled to Be Held On 18th May, 2021"
iebc,Governance,https://www.iebc.or.ke/electionlaws/?Gazette_Notices,2026-07-10,328,"Uploaded on: Thu 8th Apr, 2021"
iebc,Governance,https://www.iebc.or.ke/electionlaws/?Gazette_Notices,2026-07-10,329,"3189 - Declaration of No Contest for Garissa Senate By–Election Scheduled To Be Held On 18th May, 2021"
iebc,Governance,https://www.iebc.or.ke/electionlaws/?Gazette_Notices,2026-07-10,330,"Uploaded on: Wed 7th Apr, 2021"
iebc,Governance,https://www.iebc.or.ke/electionlaws/?Gazette_Notices,2026-07-10,331,"2750 - Declaration of the Person Elected as Member of the Senate, Machakos County During the By-election held on 18th March, 2021"
iebc,Governance,https://www.iebc.or.ke/electionlaws/?Gazette_Notices,2026-07-10,332,"Uploaded on: Tue 23rd Mar, 2021"
iebc,Governance,https://www.iebc.or.ke/electionlaws/?Gazette_Notices,2026-07-10,333,2748 - Addendum
iebc,Governance,https://www.iebc.or.ke/electionlaws/?Gazette_Notices,2026-07-10,334,"Uploaded on: Sat 20th Mar, 2021"
iebc,Governance,https://www.iebc.or.ke/electionlaws/?Gazette_Notices,2026-07-10,335,"Aspirants Scheduled to Participate in the Party Primary for Jubilee Party for Juja Constituency, Kiambu County, scheduled to be held on 20th March, 2021"
iebc,Governance,https://www.iebc.or.ke/electionlaws/?Gazette_Notices,2026-07-10,336,"Names and Symbols of Independent Candidates to Participate in the By- Elections for Purposes of the By–elections of Member of the Senate –Garissa County, Members of National Assembly Bonchari and Juja Constituencies and Member of Nyandarua County Assembly for Rurii Ward Scheduled To Be Held On 18th May, 2021."
iebc,Governance,https://www.iebc.or.ke/electionlaws/?Gazette_Notices,2026-07-10,337,"Appointment of Returning and Deputy Returning Officers for Purposes of the By–elections of Member of the Senate, Garissa County and Members of National Assembly Bonchari and Juja Constituencies and Member of Nyandarua County Assembly for Rurii Ward Scheduled To Be Held On 18th May, 2021."
iebc,Governance,https://www.iebc.or.ke/electionlaws/?Gazette_Notices,2026-07-10,338,"Uploaded on: Thu 18th Mar, 2021"
iebc,Governance,https://www.iebc.or.ke/electionlaws/?Gazette_Notices,2026-07-10,339,"Declaration of Persons Elected as MNA for Matungu and Kabuchai Constituencies and MCA for Huruma Ward, Hells Gate Ward, London Ward, Kiamokama Ward and Kitise/Kithuki Ward During the By-Elections held on 4th March, 2021"
iebc,Governance,https://www.iebc.or.ke/electionlaws/?Gazette_Notices,2026-07-10,340,"Uploaded on: Mon 8th Mar, 2021"
iebc,Governance,https://www.iebc.or.ke/electionlaws/?Gazette_Notices,2026-07-10,341,"Tallying Centres for the on 4th March, 2021 By-elections"
iebc,Governance,https://www.iebc.or.ke/electionlaws/?Gazette_Notices,2026-07-10,342,"Tallying Centres for The Member of Senate, Machakos County By-Election"
iebc,Governance,https://www.iebc.or.ke/electionlaws/?Gazette_Notices,2026-07-10,343,"By-Elections for Member of the Senate, Garissa County, Members of the National  Ssembly, Bonchari and Juja Constituencies and Member of Rurii Ward, Nyandarua County Assembly Scheduled to be held on 18th May, 2021"
iebc,Governance,https://www.iebc.or.ke/electionlaws/?Gazette_Notices,2026-07-10,344,"Uploaded on: Wed 3rd Mar, 2021"
iebc,Governance,https://www.iebc.or.ke/electionlaws/?Gazette_Notices,2026-07-10,345,"Nominated Candidates & Tallying Centres for the 4th March, 2021 By-elections"
iebc,Governance,https://www.iebc.or.ke/electionlaws/?Gazette_Notices,2026-07-10,346,"Nominated Candidates, Tallying Centres and Voter Polling Stations for the Member of Parliament for Machakos Senate By-Election"
iebc,Governance,https://www.iebc.or.ke/electionlaws/?Gazette_Notices,2026-07-10,347,"Uploaded on: Tue 16th Feb, 2021"
iebc,Governance,https://www.iebc.or.ke/electionlaws/?Gazette_Notices,2026-07-10,348,"93 - Appointment of County Returning Officer, Nyamira County for the Clearance of the Deputy County Governor"
iebc,Governance,https://www.iebc.or.ke/electionlaws/?Gazette_Notices,2026-07-10,349,"Uploaded on: Fri 15th Jan, 2021"
iebc,Governance,https://www.iebc.or.ke/electionlaws/?Gazette_Notices,2026-07-10,350,"Gazette Notice No:238 -Notice of By-Election for Member of the Senate ,Machakos County Scheduled to be Held on 23rd March,  2021"
iebc,Governance,https://www.iebc.or.ke/electionlaws/?Gazette_Notices,2026-07-10,351,"Uploaded on: Tue 29th Dec, 2020"
iebc,Governance,https://www.iebc.or.ke/electionlaws/?Gazette_Notices,2026-07-10,352,"Gazette Notice No.:10914 - Notice of By-Election for County Governor, Nairobi City County Scheduled to be Held on 18th February, 2021"
iebc,Governance,https://www.iebc.or.ke/electionlaws/?Gazette_Notices,2026-07-10,353,"Uploaded on: Wed 23rd Dec, 2020"
iebc,Governance,https://www.iebc.or.ke/electionlaws/?Gazette_Notices,2026-07-10,354,"Parliamentary By-Election for Member of the National Assembly, Kabuchai Constituency Scheduled to be Held On 4th March, 2021"
iebc,Governance,https://www.iebc.or.ke/electionlaws/?Gazette_Notices,2026-07-10,355,Appointment of Returning and Deputy Returning Officers for purposes of the by–elections
iebc,Governance,https://www.iebc.or.ke/electionlaws/?Gazette_Notices,2026-07-10,356,Declaration of Persons Elected
iebc,Governance,https://www.iebc.or.ke/electionlaws/?Gazette_Notices,2026-07-10,357,"Uploaded on: Mon 21st Dec, 2020"
iebc,Governance,https://www.iebc.or.ke/electionlaws/?Gazette_Notices,2026-07-10,358,10689 - Matungu Constituency and MCA By-elections Scheduled 4th March 2021
iebc,Governance,https://www.iebc.or.ke/electionlaws/?Gazette_Notices,2026-07-10,359,"By-Elections for Member of the National Assembly for Matungu Constituency and Members Of County Assembly for Huruma Ward in Uasin Gishu County, Hell’s Gate Ward in Nakuru County, London Ward in Nakuru County, Kiamokama Ward in Kisii County and Kitise/Kithuku Ward in Makueni County Scheduled To Be Held on 4th March, 2021"
iebc,Governance,https://www.iebc.or.ke/electionlaws/?Gazette_Notices,2026-07-10,360,"Uploaded on: Wed 16th Dec, 2020"
iebc,Governance,https://www.iebc.or.ke/electionlaws/?Gazette_Notices,2026-07-10,361,"Gazette Notice - Voter Polling Stations for the By-Elections Scheduled to be held on 15th December, 2020"
iebc,Governance,https://www.iebc.or.ke/electionlaws/?Gazette_Notices,2026-07-10,362,"Uploaded on: Thu 3rd Dec, 2020"
iebc,Governance,https://www.iebc.or.ke/electionlaws/?Gazette_Notices,2026-07-10,363,"Gazette Notice - Names and Symbols for Independent Candidates - Corrigenda to the Schedule, Tallying Centres for the By-Elections and Nominated Candidates for the By-Elections Scheduled to be Held on 15th December, 2020"
iebc,Governance,https://www.iebc.or.ke/electionlaws/?Gazette_Notices,2026-07-10,364,"Uploaded on: Tue 3rd Nov, 2020"
iebc,Governance,https://www.iebc.or.ke/electionlaws/?Gazette_Notices,2026-07-10,365,"Gazette Notice Publishing Party Primary Aspirants and Independent Candidates for the 15 December, 2020 By-elections"
iebc,Governance,https://www.iebc.or.ke/electionlaws/?Gazette_Notices,2026-07-10,366,"Uploaded on: Mon 5th Oct, 2020"
iebc,Governance,https://www.iebc.or.ke/electionlaws/?Gazette_Notices,2026-07-10,367,"Gazette Notice- Returning Officers and Addendum to the 15th December, 2020 By-Elections"
iebc,Governance,https://www.iebc.or.ke/electionlaws/?Gazette_Notices,2026-07-10,368,"Uploaded on: Wed 23rd Sep, 2020"
iebc,Governance,https://www.iebc.or.ke/electionlaws/?Gazette_Notices,2026-07-10,369,"Gazette Notice Publishing Date for Upcoming By-Elections and Certification of the Register as at 31st December, 2019"
iebc,Governance,https://www.iebc.or.ke/electionlaws/?Gazette_Notices,2026-07-10,370,"Uploaded on: Thu 17th Sep, 2020"
iebc,Governance,https://www.iebc.or.ke/electionlaws/?Gazette_Notices,2026-07-10,371,Gazette Notice Vol.
iebc,Governance,https://www.iebc.or.ke/electionlaws/?Gazette_Notices,2026-07-10,372,"913- Appointment of CRO for clearing the Deputy County Governor Nairobi City County,"
iebc,Governance,https://www.iebc.or.ke/electionlaws/?Gazette_Notices,2026-07-10,373,"914- Corrigenda Nominated Members to the county Assembly of Taita Taveta, Gazette Notice No."
iebc,Governance,https://www.iebc.or.ke/electionlaws/?Gazette_Notices,2026-07-10,374,"915- By- Election for Dabaso County Assembly Ward Member- Kilifi County - 29th April, 2020, Gazette Notice No."
iebc,Governance,https://www.iebc.or.ke/electionlaws/?Gazette_Notices,2026-07-10,375,"916- Re-allocation of special seats Nominated members Nyandarua, Kilifi and Homabay, Gazette Notice No."
iebc,Governance,https://www.iebc.or.ke/electionlaws/?Gazette_Notices,2026-07-10,376,"917- Appointment Returning Officers for the by-election in Dabaso – 29th April, 2020"
iebc,Governance,https://www.iebc.or.ke/electionlaws/?Gazette_Notices,2026-07-10,377,"Uploaded on: Fri 7th Feb, 2020"
iebc,Governance,https://www.iebc.or.ke/electionlaws/?Gazette_Notices,2026-07-10,378,No of downloads: 11
iebc,Governance,https://www.iebc.or.ke/electionlaws/?Gazette_Notices,2026-07-10,379,Appointment of the County Returning Officer for Bomet  County
iebc,Governance,https://www.iebc.or.ke/electionlaws/?Gazette_Notices,2026-07-10,380,"Uploaded on: Mon 16th Dec, 2019"
iebc,Governance,https://www.iebc.or.ke/electionlaws/?Gazette_Notices,2026-07-10,381,Gazette Vol 155 Special IEBC Kibra
iebc,Governance,https://www.iebc.or.ke/electionlaws/?Gazette_Notices,2026-07-10,382,Declaration of Person Elected as Member of the National Assembly in Kibra Constituency
iebc,Governance,https://www.iebc.or.ke/electionlaws/?Gazette_Notices,2026-07-10,383,Nominated Candidates for the Batalu County Assembly Ward By-Election
iebc,Governance,https://www.iebc.or.ke/electionlaws/?Gazette_Notices,2026-07-10,384,Tallying Centre for the Batalu County Assembly Ward By-Election
iebc,Governance,https://www.iebc.or.ke/electionlaws/?Gazette_Notices,2026-07-10,385,"Uploaded on: Thu 14th Nov, 2019"
iebc,Governance,https://www.iebc.or.ke/electionlaws/?Gazette_Notices,2026-07-10,386,10367 and Gazette Notice No.
iebc,Governance,https://www.iebc.or.ke/electionlaws/?Gazette_Notices,2026-07-10,387,Appointment of RO and DRO for the purpose of the by-election for Batalu CAW
iebc,Governance,https://www.iebc.or.ke/electionlaws/?Gazette_Notices,2026-07-10,388,"Voter Polling Stations for the Member of National Assembly Kibra Constituency, by-Election scheduled to be held on 7th November, 2019"
iebc,Governance,https://www.iebc.or.ke/electionlaws/?Gazette_Notices,2026-07-10,389,"Uploaded on: Tue 5th Nov, 2019"
iebc,Governance,https://www.iebc.or.ke/electionlaws/?Gazette_Notices,2026-07-10,390,"Gazette Notices: Certifying that the revision of the register of voters has been completed for purposes of the by-election for Kibra constituency scheduled to be held on 7th November, 2019"
iebc,Governance,https://www.iebc.or.ke/electionlaws/?Gazette_Notices,2026-07-10,391,"Uploaded on: Mon 28th Oct, 2019"
iebc,Governance,https://www.iebc.or.ke/electionlaws/?Gazette_Notices,2026-07-10,392,"Gazette Notice for Batalu CAW By-election, Nominated Candidates for the Kibra MNA By-election and Tallying Centre for Kibra MNA By-election"
iebc,Governance,https://www.iebc.or.ke/electionlaws/?Gazette_Notices,2026-07-10,393,"Uploaded on: Thu 3rd Oct, 2019"
iebc,Governance,https://www.iebc.or.ke/electionlaws/?Gazette_Notices,2026-07-10,394,"Gazette Vol CXXI-No-122 Corrigenda-Nominated Candidates for the By-Elections Scheduled to be held on 17th October, 2019"
iebc,Governance,https://www.iebc.or.ke/electionlaws/?Gazette_Notices,2026-07-10,395,"Uploaded on: Tue 17th Sep, 2019"
iebc,Governance,https://www.iebc.or.ke/electionlaws/?Gazette_Notices,2026-07-10,396,115 16-8-19 Special (IEBC Corrigenda)
iebc,Governance,https://www.iebc.or.ke/electionlaws/?Gazette_Notices,2026-07-10,397,"Uploaded on: Tue 3rd Sep, 2019"
iebc,Governance,https://www.iebc.or.ke/electionlaws/?Gazette_Notices,2026-07-10,398,"Appointment of Returning and Deputy Returning Officers for purposes of the by-election for Member of the National Assembly for Kibra Constituency scheduled to be held on 7th November, 2019"
iebc,Governance,https://www.iebc.or.ke/electionlaws/?Gazette_Notices,2026-07-10,399,"Uploaded on: Thu 22nd Aug, 2019"
iebc,Governance,https://www.iebc.or.ke/electionlaws/?Gazette_Notices,2026-07-10,400,No of downloads: 14
iebc,Governance,https://www.iebc.or.ke/electionlaws/?Gazette_Notices,2026-07-10,401,"Names and symbols of independent candidates to participate in the by-elections for county assembly members for Abakaile (Garissa County), Loiyangalani (Marsabit County), Ganda (Kilifi County) and Mutonguni (Kitui County)  county assemblies respectively scheduled to be held on 17th october, 2019"
iebc,Governance,https://www.iebc.or.ke/electionlaws/?Gazette_Notices,2026-07-10,402,"Notice of by-election for Member of the National Assembly for Kibra Constituency scheduled to be held on 7th November, 2019"
iebc,Governance,https://www.iebc.or.ke/electionlaws/?Gazette_Notices,2026-07-10,403,"Uploaded on: Mon 19th Aug, 2019"
iebc,Governance,https://www.iebc.or.ke/electionlaws/?Gazette_Notices,2026-07-10,404,"Gazette Notice for Abakaile (Garissa County), Loiyangalani (Marsabit County), Ganda (Kilifi County) and Mutonguni (Kitui County) By-election to be held on 17th October, 2019"
iebc,Governance,https://www.iebc.or.ke/electionlaws/?Gazette_Notices,2026-07-10,405,"Uploaded on: Fri 19th Jul, 2019"
iebc,Governance,https://www.iebc.or.ke/electionlaws/?Gazette_Notices,2026-07-10,406,No of downloads: 25
iebc,Governance,https://www.iebc.or.ke/electionlaws/?Gazette_Notices,2026-07-10,407,Notice of by-election for Member of National Assembly for Wajir West Constituency  scheduled to be held April 25th 2019.
iebc,Governance,https://www.iebc.or.ke/electionlaws/?Gazette_Notices,2026-07-10,408,Appointment of Returning Officer and Deputy Returning Officer for Wajir West Constituency  scheduled to be held April 25th 2019
iebc,Governance,https://www.iebc.or.ke/electionlaws/?Gazette_Notices,2026-07-10,409,"Uploaded on: Wed 6th Feb, 2019"
iebc,Governance,https://www.iebc.or.ke/electionlaws/?Gazette_Notices,2026-07-10,410,No of downloads: 22
iebc,Governance,https://www.iebc.or.ke/electionlaws/?Gazette_Notices,2026-07-10,411,"Notice of By-Elections for Members of the National Assembly for Embakasi South and Ugenya Constituencies and County Assembly Ward Member for Lelan Ward, Elegeyo Marak Wet County Assembly Scheduled To Be Held On 5th April, 2019"
iebc,Governance,https://www.iebc.or.ke/electionlaws/?Gazette_Notices,2026-07-10,412,"Uploaded on: Wed 23rd Jan, 2019"
iebc,Governance,https://www.iebc.or.ke/electionlaws/?Gazette_Notices,2026-07-10,413,No of downloads: 15
iebc,Governance,https://www.iebc.or.ke/electionlaws/?Gazette_Notices,2026-07-10,414,"List of Nomination Candidates Baringo South, North Kadem and Bobasi By-elections"
iebc,Governance,https://www.iebc.or.ke/electionlaws/?Gazette_Notices,2026-07-10,415,"Uploaded on: Mon 2nd Jul, 2018"
iebc,Governance,https://www.iebc.or.ke/electionlaws/?Gazette_Notices,2026-07-10,416,Gazette Notice - Notice of Parliamentary By-Election for Member of National Assembly - Kitui West Constituency scheduled to be held on 26th March 2018
iebc,Governance,https://www.iebc.or.ke/electionlaws/?Gazette_Notices,2026-07-10,417,"Uploaded on: Fri 5th Jan, 2018"
iebc,Governance,https://www.iebc.or.ke/electionlaws/?Gazette_Notices,2026-07-10,418,No of downloads: 16
iebc,Governance,https://www.iebc.or.ke/electionlaws/?Gazette_Notices,2026-07-10,419,"GAZETTE NOTICE-KITUTU CHACHE SOUTH,BOGICHORA AND MASALANI WARDS"
iebc,Governance,https://www.iebc.or.ke/electionlaws/?Gazette_Notices,2026-07-10,420,"GAZETTE NOTICE- KITUTU CHACHE SOUTH, BOGICHORA AND MASALANI WARDS"
iebc,Governance,https://www.iebc.or.ke/electionlaws/?Gazette_Notices,2026-07-10,421,"Uploaded on: Mon 4th Sep, 2017"
iebc,Governance,https://www.iebc.or.ke/electionlaws/?Gazette_Notices,2026-07-10,422,No of downloads: 55
iebc,Governance,https://www.iebc.or.ke/electionlaws/?Gazette_Notices,2026-07-10,423,124–28–8–2017 Special IEBC Nominated MCAs Final List
iebc,Governance,https://www.iebc.or.ke/electionlaws/?Gazette_Notices,2026-07-10,424,"Uploaded on: Tue 29th Aug, 2017"
iebc,Governance,https://www.iebc.or.ke/electionlaws/?Gazette_Notices,2026-07-10,425,No of downloads: 1912
iebc,Governance,https://www.iebc.or.ke/electionlaws/?Gazette_Notices,2026-07-10,426,"123–25–8–2017 Special (Speakers, Nominated MPs) Final List"
iebc,Governance,https://www.iebc.or.ke/electionlaws/?Gazette_Notices,2026-07-10,427,"Uploaded on: Mon 28th Aug, 2017"
iebc,Governance,https://www.iebc.or.ke/electionlaws/?Gazette_Notices,2026-07-10,428,No of downloads: 474
iebc,Governance,https://www.iebc.or.ke/electionlaws/?Gazette_Notices,2026-07-10,429,"Uploaded on: Thu 24th Aug, 2017"
iebc,Governance,https://www.iebc.or.ke/electionlaws/?Gazette_Notices,2026-07-10,430,No of downloads: 626
iebc,Governance,https://www.iebc.or.ke/electionlaws/?Gazette_Notices,2026-07-10,431,"Uploaded on: Mon 21st Aug, 2017"
iebc,Governance,https://www.iebc.or.ke/electionlaws/?Gazette_Notices,2026-07-10,432,No of downloads: 692
iebc,Governance,https://www.iebc.or.ke/electionlaws/?Gazette_Notices,2026-07-10,433,"Uploaded on: Thu 20th Jul, 2017"
iebc,Governance,https://www.iebc.or.ke/electionlaws/?Gazette_Notices,2026-07-10,434,No of downloads: 745
iebc,Governance,https://www.iebc.or.ke/electionlaws/?Gazette_Notices,2026-07-10,435,Completion of Register
iebc,Governance,https://www.iebc.or.ke/electionlaws/?Gazette_Notices,2026-07-10,436,No of downloads: 119
iebc,Governance,https://www.iebc.or.ke/electionlaws/?Gazette_Notices,2026-07-10,437,Appointment of National Returning Officers and Diaspora Voter Verification
iebc,Governance,https://www.iebc.or.ke/electionlaws/?Gazette_Notices,2026-07-10,438,"Uploaded on: Tue 27th Jun, 2017"
iebc,Governance,https://www.iebc.or.ke/electionlaws/?Gazette_Notices,2026-07-10,439,No of downloads: 154
iebc,Governance,https://www.iebc.or.ke/electionlaws/?Gazette_Notices,2026-07-10,440,Gazette Notice - Party List Formula and Submission Rules
iebc,Governance,https://www.iebc.or.ke/electionlaws/?Gazette_Notices,2026-07-10,441,"Uploaded on: Sat 10th Jun, 2017"
iebc,Governance,https://www.iebc.or.ke/electionlaws/?Gazette_Notices,2026-07-10,442,No of downloads: 141
iebc,Governance,https://www.iebc.or.ke/electionlaws/?Gazette_Notices,2026-07-10,443,"Uploaded on: Fri 12th May, 2017"
iebc,Governance,https://www.iebc.or.ke/electionlaws/?Gazette_Notices,2026-07-10,444,No of downloads: 2303
iebc,Governance,https://www.iebc.or.ke/electionlaws/?Gazette_Notices,2026-07-10,445,Gazette Notice - County & Constituency Returning Officers 2017
iebc,Governance,https://www.iebc.or.ke/electionlaws/?Gazette_Notices,2026-07-10,446,"Uploaded on: Tue 9th May, 2017"
iebc,Governance,https://www.iebc.or.ke/electionlaws/?Gazette_Notices,2026-07-10,447,No of downloads: 1210
iebc,Governance,https://www.iebc.or.ke/electionlaws/?Gazette_Notices,2026-07-10,448,49–13–4–2017 Special (IEBC) Party Primaries
iebc,Governance,https://www.iebc.or.ke/electionlaws/?Gazette_Notices,2026-07-10,449,List of candidates contesting in party primaries.
iebc,Governance,https://www.iebc.or.ke/electionlaws/?Gazette_Notices,2026-07-10,450,"Uploaded on: Tue 18th Apr, 2017"
iebc,Governance,https://www.iebc.or.ke/electionlaws/?Gazette_Notices,2026-07-10,451,No of downloads: 1897
iebc,Governance,https://www.iebc.or.ke/electionlaws/?Gazette_Notices,2026-07-10,452,"Notice of General Election for Presidential, Parliamentary, County Governor and County Assemblies"
iebc,Governance,https://www.iebc.or.ke/electionlaws/?Gazette_Notices,2026-07-10,453,"Uploaded on: Wed 29th Mar, 2017"
iebc,Governance,https://www.iebc.or.ke/electionlaws/?Gazette_Notices,2026-07-10,454,No of downloads: 2010
iebc,Governance,https://www.iebc.or.ke/electionlaws/?Gazette_Notices,2026-07-10,455,"26–27–2–2017 Special IEBC Suspension of Voter Registration, Centers for Prisons Diaspora, ROs, AROs for Prisons and Diaspora"
iebc,Governance,https://www.iebc.or.ke/electionlaws/?Gazette_Notices,2026-07-10,456,"Uploaded on: Thu 2nd Mar, 2017"
iebc,Governance,https://www.iebc.or.ke/electionlaws/?Gazette_Notices,2026-07-10,457,No of downloads: 421
iebc,Governance,https://www.iebc.or.ke/electionlaws/?Gazette_Notices,2026-07-10,458,SUSPENDED: Gazette Notice- Limits on 2017 Elections Campaign Financing
iebc,Governance,https://www.iebc.or.ke/electionlaws/?Gazette_Notices,2026-07-10,459,"Uploaded on: Tue 28th Feb, 2017"
iebc,Governance,https://www.iebc.or.ke/electionlaws/?Gazette_Notices,2026-07-10,460,No of downloads: 567
iebc,Governance,https://www.iebc.or.ke/electionlaws/?Gazette_Notices,2026-07-10,461,Ask a question
iebc,Governance,https://www.iebc.or.ke/media/?speeches,2026-07-10,0,IEBC - media
iebc,Governance,https://www.iebc.or.ke/media/?speeches,2026-07-10,1,Presentation by Mr.
iebc,Governance,https://www.iebc.or.ke/media/?speeches,2026-07-10,2,"Erastus Edung Ethekon, HSC The Chairperson of the Independent Electoral and Boundaries Commission (IEBC) On Election Management and Preparedness for the 2027 General Election"
iebc,Governance,https://www.iebc.or.ke/media/?speeches,2026-07-10,3,"Uploaded on: Fri 30th Jan, 2026"
iebc,Governance,https://www.iebc.or.ke/media/?speeches,2026-07-10,4,No of downloads: 48
iebc,Governance,https://www.iebc.or.ke/media/?speeches,2026-07-10,5,View / Download
iebc,Governance,https://www.iebc.or.ke/media/?speeches,2026-07-10,6,Commission Secretary-CEO Remarks during the Stakeholders Engagement Forum in Mombasa County at Mombasa Beach Hotel on 13th August 2025
iebc,Governance,https://www.iebc.or.ke/media/?speeches,2026-07-10,7,"Uploaded on: Wed 13th Aug, 2025"
iebc,Governance,https://www.iebc.or.ke/media/?speeches,2026-07-10,8,No of downloads: 21
iebc,Governance,https://www.iebc.or.ke/media/?speeches,2026-07-10,9,Chairperson’s Remarks during the Stakeholders’  Engagement Forum in Mombasa County at Mombasa Beach Hotel on 13th August 2025
iebc,Governance,https://www.iebc.or.ke/media/?speeches,2026-07-10,10,No of downloads: 11
iebc,Governance,https://www.iebc.or.ke/media/?speeches,2026-07-10,11,"Commission Chairperson’s Remarks During the Consultative Round Table Meeting between IEBC and the Media on Wednesday, 6th August, 2025"
iebc,Governance,https://www.iebc.or.ke/media/?speeches,2026-07-10,12,"Uploaded on: Wed 6th Aug, 2025"
iebc,Governance,https://www.iebc.or.ke/media/?speeches,2026-07-10,13,No of downloads: 22
iebc,Governance,https://www.iebc.or.ke/media/?speeches,2026-07-10,14,The Inaugural Speech of the IEBC Chairperson during the Swearing-In Ceremony of IEBC Chairperson and Members of the Commission held on 11th July 2025 at the Supreme Court of Kenya
iebc,Governance,https://www.iebc.or.ke/media/?speeches,2026-07-10,15,"Uploaded on: Fri 11th Jul, 2025"
iebc,Governance,https://www.iebc.or.ke/media/?speeches,2026-07-10,16,Chairman’s Remarks during the Launch of the 2022 Post Election Evaluation Report held at the Safari Park Hotel on Monday 16th January 2023
iebc,Governance,https://www.iebc.or.ke/media/?speeches,2026-07-10,17,"Uploaded on: Mon 16th Jan, 2023"
iebc,Governance,https://www.iebc.or.ke/media/?speeches,2026-07-10,18,No of downloads: 79
iebc,Governance,https://www.iebc.or.ke/media/?speeches,2026-07-10,19,Chairman's Message of Condolence on the Demise of Mr.
iebc,Governance,https://www.iebc.or.ke/media/?speeches,2026-07-10,20,"Daniel Mbolu Musvoka, a Senior Election Officer and Constituency Returning Officer of the IEBC which occurred around 15th August 2022"
iebc,Governance,https://www.iebc.or.ke/media/?speeches,2026-07-10,21,"Uploaded on: Fri 26th Aug, 2022"
iebc,Governance,https://www.iebc.or.ke/media/?speeches,2026-07-10,22,No of downloads: 50
iebc,Governance,https://www.iebc.or.ke/media/?speeches,2026-07-10,23,"Remarks by the Chairman, Wafula Chebukati to the Nation on 8th August 2022"
iebc,Governance,https://www.iebc.or.ke/media/?speeches,2026-07-10,24,"Uploaded on: Mon 8th Aug, 2022"
iebc,Governance,https://www.iebc.or.ke/media/?speeches,2026-07-10,25,No of downloads: 231
iebc,Governance,https://www.iebc.or.ke/media/?speeches,2026-07-10,26,"Speech by the Chief Justice and President of the Supreme Court of Kenya During the National Elections Conference 2022, Kicc, 11th July 2022"
iebc,Governance,https://www.iebc.or.ke/media/?speeches,2026-07-10,27,"Uploaded on: Mon 11th Jul, 2022"
iebc,Governance,https://www.iebc.or.ke/media/?speeches,2026-07-10,28,No of downloads: 121
iebc,Governance,https://www.iebc.or.ke/media/?speeches,2026-07-10,29,"Chairman’s Keynote Address during the National Election Conference 2022, held on the 11th And 12th July 2022 at the Kenyatta National Conference Centre"
iebc,Governance,https://www.iebc.or.ke/media/?speeches,2026-07-10,30,No of downloads: 108
iebc,Governance,https://www.iebc.or.ke/media/?speeches,2026-07-10,31,"Opening remarks by Wafula Chebukati, the Chairman of IEBC during the launch of the Dispute Resolution Committee Hearings arising from Nomination of Candidates"
iebc,Governance,https://www.iebc.or.ke/media/?speeches,2026-07-10,32,"Uploaded on: Sat 11th Jun, 2022"
iebc,Governance,https://www.iebc.or.ke/media/?speeches,2026-07-10,33,No of downloads: 63
iebc,Governance,https://www.iebc.or.ke/media/?speeches,2026-07-10,34,Chairman’s Remarks on Election Preparedness at Bomas of Kenya on May 30th 2022
iebc,Governance,https://www.iebc.or.ke/media/?speeches,2026-07-10,35,"Uploaded on: Tue 31st May, 2022"
iebc,Governance,https://www.iebc.or.ke/media/?speeches,2026-07-10,36,No of downloads: 83
iebc,Governance,https://www.iebc.or.ke/media/?speeches,2026-07-10,37,Keynote Address by the Presidential Returning Officer During Pre-nomination Meeting with Presidential Aspirants Held at the Bomas of Kenya on 23rd May 2022
iebc,Governance,https://www.iebc.or.ke/media/?speeches,2026-07-10,38,"Uploaded on: Mon 23rd May, 2022"
iebc,Governance,https://www.iebc.or.ke/media/?speeches,2026-07-10,39,No of downloads: 49
iebc,Governance,https://www.iebc.or.ke/media/?speeches,2026-07-10,40,"Presentation during National Conference on the state of Electoral Preparedness for the 2022 General Elections (GE) in Kenya- Forum Organised By ELOG From 16th -17 Dec.,2021 - Bomas Of Kenya"
iebc,Governance,https://www.iebc.or.ke/media/?speeches,2026-07-10,41,"Uploaded on: Fri 17th Dec, 2021"
iebc,Governance,https://www.iebc.or.ke/media/?speeches,2026-07-10,42,No of downloads: 80
iebc,Governance,https://www.iebc.or.ke/media/?speeches,2026-07-10,43,"Chairman's Remarks During an Engagement Forum with the National Council of Churches of Kenya Held at Jumuia Conference and Country Home, Limuru and Virtual Platform on Wednesday 8th December 2021"
iebc,Governance,https://www.iebc.or.ke/media/?speeches,2026-07-10,44,"Uploaded on: Thu 9th Dec, 2021"
iebc,Governance,https://www.iebc.or.ke/media/?speeches,2026-07-10,45,No of downloads: 45
iebc,Governance,https://www.iebc.or.ke/media/?speeches,2026-07-10,46,Keynote Address by the Chairman Mr.
iebc,Governance,https://www.iebc.or.ke/media/?speeches,2026-07-10,47,Wafula Chebukati during the Official National Launch of the Enhanced Continuous Voter Registration Exercise held at Nakuru Athletic Club on Monday October 4th 2021
iebc,Governance,https://www.iebc.or.ke/media/?speeches,2026-07-10,48,"Uploaded on: Mon 4th Oct, 2021"
iebc,Governance,https://www.iebc.or.ke/media/?speeches,2026-07-10,49,No of downloads: 89
iebc,Governance,https://www.iebc.or.ke/media/?speeches,2026-07-10,50,"Wafula Chebukati During the Official Opening of the Political Parties Liaison Committee Engagement Forum Held at Hermosa Garden & Spa, Karen Nairobi On Friday October 1st, 2021"
iebc,Governance,https://www.iebc.or.ke/media/?speeches,2026-07-10,51,"Uploaded on: Fri 1st Oct, 2021"
iebc,Governance,https://www.iebc.or.ke/media/?speeches,2026-07-10,52,No of downloads: 41
iebc,Governance,https://www.iebc.or.ke/media/?speeches,2026-07-10,53,"Father Joseph Mutie Speech During the Faith Based Organizations (FBOs) Engagement forum held on Wednesday September 22nd, 2021"
iebc,Governance,https://www.iebc.or.ke/media/?speeches,2026-07-10,54,"Uploaded on: Wed 22nd Sep, 2021"
iebc,Governance,https://www.iebc.or.ke/media/?speeches,2026-07-10,55,No of downloads: 10
iebc,Governance,https://www.iebc.or.ke/media/?speeches,2026-07-10,56,"Chairman’s Remarks During the Faith Based Organizations (FBOs) Engagement forum held at Hermosa Garden Hotel and Spa, Karen on Wednesday September 22nd, 2021"
iebc,Governance,https://www.iebc.or.ke/media/?speeches,2026-07-10,57,No of downloads: 25
iebc,Governance,https://www.iebc.or.ke/media/?speeches,2026-07-10,58,Chairman Speech During Launch of AVEW
iebc,Governance,https://www.iebc.or.ke/media/?speeches,2026-07-10,59,"Uploaded on: Tue 18th Jun, 2019"
iebc,Governance,https://www.iebc.or.ke/media/?speeches,2026-07-10,60,No of downloads: 87
iebc,Governance,https://www.iebc.or.ke/media/?speeches,2026-07-10,61,Remarks by IEBC Chairman
iebc,Governance,https://www.iebc.or.ke/media/?speeches,2026-07-10,62,During the Launch of the Post-Election Evaluation Report on the 12th of February 2019 at the KICC
iebc,Governance,https://www.iebc.or.ke/media/?speeches,2026-07-10,63,"Uploaded on: Tue 12th Feb, 2019"
iebc,Governance,https://www.iebc.or.ke/media/?speeches,2026-07-10,64,No of downloads: 47
iebc,Governance,https://www.iebc.or.ke/media/?speeches,2026-07-10,65,Remarks by Dr.
iebc,Governance,https://www.iebc.or.ke/media/?speeches,2026-07-10,66,"During the Launch of the Post-Election Evaluation Report on Tuesday, 12th February 2019 at the KICC"
iebc,Governance,https://www.iebc.or.ke/media/?speeches,2026-07-10,67,No of downloads: 35
iebc,Governance,https://www.iebc.or.ke/media/?speeches,2026-07-10,68,Chairman Closing Remarks - PPCF PEE WORKSHOP
iebc,Governance,https://www.iebc.or.ke/media/?speeches,2026-07-10,69,"Uploaded on: Tue 18th Sep, 2018"
iebc,Governance,https://www.iebc.or.ke/media/?speeches,2026-07-10,70,No of downloads: 28
iebc,Governance,https://www.iebc.or.ke/media/?speeches,2026-07-10,71,IEBC Chairman Remarks during the Development Partners Post Election Evaluation Forum
iebc,Governance,https://www.iebc.or.ke/media/?speeches,2026-07-10,72,"Uploaded on: Fri 14th Sep, 2018"
iebc,Governance,https://www.iebc.or.ke/media/?speeches,2026-07-10,73,No of downloads: 17
iebc,Governance,https://www.iebc.or.ke/media/?speeches,2026-07-10,74,Chairman's Remarks During CEM Briefing on CVR
iebc,Governance,https://www.iebc.or.ke/media/?speeches,2026-07-10,75,"Uploaded on: Mon 23rd Jul, 2018"
iebc,Governance,https://www.iebc.or.ke/media/?speeches,2026-07-10,76,No of downloads: 19
iebc,Governance,https://www.iebc.or.ke/media/?speeches,2026-07-10,77,Chairman's remarks at the launch of Post Election Evaluation
iebc,Governance,https://www.iebc.or.ke/media/?speeches,2026-07-10,78,"Uploaded on: Mon 25th Jun, 2018"
iebc,Governance,https://www.iebc.or.ke/media/?speeches,2026-07-10,79,No of downloads: 16
iebc,Governance,https://www.iebc.or.ke/media/?speeches,2026-07-10,80,CHAIRMAN'S TALKING POINTS IN RESPECT OF THE DECLARATION OF THE FRESH PRESIDENTIAL ELECTION RESULTS
iebc,Governance,https://www.iebc.or.ke/media/?speeches,2026-07-10,81,"Uploaded on: Wed 1st Nov, 2017"
iebc,Governance,https://www.iebc.or.ke/media/?speeches,2026-07-10,82,No of downloads: 71
iebc,Governance,https://www.iebc.or.ke/media/?speeches,2026-07-10,83,"CHAIRMAN’S REMARKS DURING THE OFFICIAL OPENING OF THE ANNUAL PROSECUTION SERVICE CONVENTION, AT THE KENYA SCHOOL OF GOVERNMENT, NAIROBI"
iebc,Governance,https://www.iebc.or.ke/media/?speeches,2026-07-10,84,"Uploaded on: Thu 22nd Jun, 2017"
iebc,Governance,https://www.iebc.or.ke/media/?speeches,2026-07-10,85,No of downloads: 75
iebc,Governance,https://www.iebc.or.ke/media/?speeches,2026-07-10,86,NEC - CHAIRMAN'S REMARKS - 13th June 2017
iebc,Governance,https://www.iebc.or.ke/media/?speeches,2026-07-10,87,"Uploaded on: Wed 14th Jun, 2017"
iebc,Governance,https://www.iebc.or.ke/media/?speeches,2026-07-10,88,No of downloads: 77
iebc,Governance,https://www.iebc.or.ke/media/?speeches,2026-07-10,89,Launch of The Election Security Arrangement Programme (ESAP)
iebc,Governance,https://www.iebc.or.ke/media/?speeches,2026-07-10,90,"Uploaded on: Tue 9th May, 2017"
iebc,Governance,https://www.iebc.or.ke/media/?speeches,2026-07-10,91,No of downloads: 97
iebc,Governance,https://www.iebc.or.ke/media/?speeches,2026-07-10,92,"Remarks by the Chairman IEBC during the Launch of Election Reporting Guidelines for Journalists on Tuesday, 7th March 2017 at Intercontinental Hotel"
iebc,Governance,https://www.iebc.or.ke/media/?speeches,2026-07-10,93,"Uploaded on: Tue 7th Mar, 2017"
iebc,Governance,https://www.iebc.or.ke/media/?speeches,2026-07-10,94,No of downloads: 116
iebc,Governance,https://www.iebc.or.ke/media/?speeches,2026-07-10,95,"Acceptance Speech by IEBC Chairperson Wafula Chebukati at the Supreme Court of Kenya on 20th January, 2017"
iebc,Governance,https://www.iebc.or.ke/media/?speeches,2026-07-10,96,I am greatly humbled today as I accept the position of the Chairperson of the Independent Electoral and Boundaries Commission (IEBC).
iebc,Governance,https://www.iebc.or.ke/media/?speeches,2026-07-10,97,"This acceptance is tempered with gratitude and humility because it is indeed an honour and privilege to be vetted, nominated and appointed to lead this great institution."
iebc,Governance,https://www.iebc.or.ke/media/?speeches,2026-07-10,98,"Uploaded on: Fri 20th Jan, 2017"
iebc,Governance,https://www.iebc.or.ke/media/?speeches,2026-07-10,99,No of downloads: 252
iebc,Governance,https://www.iebc.or.ke/media/?speeches,2026-07-10,100,Ask a question
iebc,Governance,https://www.iebc.or.ke/media/?news,2026-07-10,0,IEBC - media
iebc,Governance,https://www.iebc.or.ke/media/?news,2026-07-10,1,Ask a question
iebc,Governance,https://www.iebc.or.ke/resources/?Publications_/_Reports,2026-07-10,0,IEBC - resources
iebc,Governance,https://www.iebc.or.ke/resources/?Publications_/_Reports,2026-07-10,1,Publications / Reports
iebc,Governance,https://www.iebc.or.ke/resources/?Publications_/_Reports,2026-07-10,2,Draft Amendments to the Election Regulations
iebc,Governance,https://www.iebc.or.ke/resources/?Publications_/_Reports,2026-07-10,3,"Party List, 2022"
iebc,Governance,https://www.iebc.or.ke/resources/?Publications_/_Reports,2026-07-10,4,Pre-Election Dispute Report for 2022 General Election
iebc,Governance,https://www.iebc.or.ke/resources/?Publications_/_Reports,2026-07-10,5,"Uploaded on: Wed 8th Jul, 2026"
iebc,Governance,https://www.iebc.or.ke/resources/?Publications_/_Reports,2026-07-10,6,No of downloads: 32
iebc,Governance,https://www.iebc.or.ke/resources/?Publications_/_Reports,2026-07-10,7,View / Download
iebc,Governance,https://www.iebc.or.ke/resources/?Publications_/_Reports,2026-07-10,8,Case Digest for 2022 General Election
iebc,Governance,https://www.iebc.or.ke/resources/?Publications_/_Reports,2026-07-10,9,No of downloads: 24
iebc,Governance,https://www.iebc.or.ke/resources/?Publications_/_Reports,2026-07-10,10,Strategic Plan 2024 2029
iebc,Governance,https://www.iebc.or.ke/resources/?Publications_/_Reports,2026-07-10,11,"Uploaded on: Wed 24th Jun, 2026"
iebc,Governance,https://www.iebc.or.ke/resources/?Publications_/_Reports,2026-07-10,12,No of downloads: 205
iebc,Governance,https://www.iebc.or.ke/resources/?Publications_/_Reports,2026-07-10,13,Election Operation Plan (EOP) 2025 - 2027
iebc,Governance,https://www.iebc.or.ke/resources/?Publications_/_Reports,2026-07-10,14,No of downloads: 273
iebc,Governance,https://www.iebc.or.ke/resources/?Publications_/_Reports,2026-07-10,15,List of Successful Service Providers for Tender No.
iebc,Governance,https://www.iebc.or.ke/resources/?Publications_/_Reports,2026-07-10,16,"Registration of all the Categories for Goods, Works, and Services for Two Years Ending 30th June 2027"
iebc,Governance,https://www.iebc.or.ke/resources/?Publications_/_Reports,2026-07-10,17,"Uploaded on: Mon 18th May, 2026"
iebc,Governance,https://www.iebc.or.ke/resources/?Publications_/_Reports,2026-07-10,18,No of downloads: 126
iebc,Governance,https://www.iebc.or.ke/resources/?Publications_/_Reports,2026-07-10,19,List of Unsuccessful Service Providers for Tender No.
iebc,Governance,https://www.iebc.or.ke/resources/?Publications_/_Reports,2026-07-10,20,No of downloads: 38
iebc,Governance,https://www.iebc.or.ke/resources/?Publications_/_Reports,2026-07-10,21,Data Privacy Notice
iebc,Governance,https://www.iebc.or.ke/resources/?Publications_/_Reports,2026-07-10,22,"Uploaded on: Tue 5th May, 2026"
iebc,Governance,https://www.iebc.or.ke/resources/?Publications_/_Reports,2026-07-10,23,GENERAL ADDENDUM TO ALL ADVERTISED TENDERS AS AT 24TH APRIL 2026
iebc,Governance,https://www.iebc.or.ke/resources/?Publications_/_Reports,2026-07-10,24,"Uploaded on: Fri 24th Apr, 2026"
iebc,Governance,https://www.iebc.or.ke/resources/?Publications_/_Reports,2026-07-10,25,No of downloads: 44
iebc,Governance,https://www.iebc.or.ke/resources/?Publications_/_Reports,2026-07-10,26,Administrative Procedures on Recall of Member of County Assembly
iebc,Governance,https://www.iebc.or.ke/resources/?Publications_/_Reports,2026-07-10,27,"Uploaded on: Thu 23rd Oct, 2025"
iebc,Governance,https://www.iebc.or.ke/resources/?Publications_/_Reports,2026-07-10,28,No of downloads: 224
iebc,Governance,https://www.iebc.or.ke/resources/?Publications_/_Reports,2026-07-10,29,IEBC Annual Report FY 2024-2025
iebc,Governance,https://www.iebc.or.ke/resources/?Publications_/_Reports,2026-07-10,30,"Uploaded on: Mon 6th Oct, 2025"
iebc,Governance,https://www.iebc.or.ke/resources/?Publications_/_Reports,2026-07-10,31,No of downloads: 429
iebc,Governance,https://www.iebc.or.ke/resources/?Publications_/_Reports,2026-07-10,32,The Ballot - Issue No.
iebc,Governance,https://www.iebc.or.ke/resources/?Publications_/_Reports,2026-07-10,33,"Uploaded on: Mon 4th Aug, 2025"
iebc,Governance,https://www.iebc.or.ke/resources/?Publications_/_Reports,2026-07-10,34,No of downloads: 280
iebc,Governance,https://www.iebc.or.ke/resources/?Publications_/_Reports,2026-07-10,35,The Ballot  - Issue No.
iebc,Governance,https://www.iebc.or.ke/resources/?Publications_/_Reports,2026-07-10,36,"Uploaded on: Fri 25th Apr, 2025"
iebc,Governance,https://www.iebc.or.ke/resources/?Publications_/_Reports,2026-07-10,37,No of downloads: 154
iebc,Governance,https://www.iebc.or.ke/resources/?Publications_/_Reports,2026-07-10,38,"Uploaded on: Mon 17th Feb, 2025"
iebc,Governance,https://www.iebc.or.ke/resources/?Publications_/_Reports,2026-07-10,39,No of downloads: 115
iebc,Governance,https://www.iebc.or.ke/resources/?Publications_/_Reports,2026-07-10,40,"List of Successful Service Providers for the provision of goods, services and works for the period ending 30th June 2026"
iebc,Governance,https://www.iebc.or.ke/resources/?Publications_/_Reports,2026-07-10,41,"Uploaded on: Thu 23rd Jan, 2025"
iebc,Governance,https://www.iebc.or.ke/resources/?Publications_/_Reports,2026-07-10,42,No of downloads: 329
iebc,Governance,https://www.iebc.or.ke/resources/?Publications_/_Reports,2026-07-10,43,"List of Unsuccessful Service Providers for the provision of goods, services and works for the period ending 30th June 2026"
iebc,Governance,https://www.iebc.or.ke/resources/?Publications_/_Reports,2026-07-10,44,No of downloads: 97
iebc,Governance,https://www.iebc.or.ke/resources/?Publications_/_Reports,2026-07-10,45,IEBC Annual Report FY 2023-2024
iebc,Governance,https://www.iebc.or.ke/resources/?Publications_/_Reports,2026-07-10,46,"Uploaded on: Thu 16th Jan, 2025"
iebc,Governance,https://www.iebc.or.ke/resources/?Publications_/_Reports,2026-07-10,47,No of downloads: 319
iebc,Governance,https://www.iebc.or.ke/resources/?Publications_/_Reports,2026-07-10,48,"Uploaded on: Wed 15th Jan, 2025"
iebc,Governance,https://www.iebc.or.ke/resources/?Publications_/_Reports,2026-07-10,49,No of downloads: 178
iebc,Governance,https://www.iebc.or.ke/resources/?Publications_/_Reports,2026-07-10,50,"Uploaded on: Tue 15th Oct, 2024"
iebc,Governance,https://www.iebc.or.ke/resources/?Publications_/_Reports,2026-07-10,51,No of downloads: 99
iebc,Governance,https://www.iebc.or.ke/resources/?Publications_/_Reports,2026-07-10,52,"Uploaded on: Fri 5th Jul, 2024"
iebc,Governance,https://www.iebc.or.ke/resources/?Publications_/_Reports,2026-07-10,53,No of downloads: 131
iebc,Governance,https://www.iebc.or.ke/resources/?Publications_/_Reports,2026-07-10,54,"Successful law firms for Provision of Legal and Consultancy Services for the period ending 31st December, 2025"
iebc,Governance,https://www.iebc.or.ke/resources/?Publications_/_Reports,2026-07-10,55,"Uploaded on: Wed 6th Mar, 2024"
iebc,Governance,https://www.iebc.or.ke/resources/?Publications_/_Reports,2026-07-10,56,No of downloads: 210
iebc,Governance,https://www.iebc.or.ke/resources/?Publications_/_Reports,2026-07-10,57,IEBC Annual Report 2021-2022
iebc,Governance,https://www.iebc.or.ke/resources/?Publications_/_Reports,2026-07-10,58,"Uploaded on: Thu 18th Jan, 2024"
iebc,Governance,https://www.iebc.or.ke/resources/?Publications_/_Reports,2026-07-10,59,No of downloads: 763
iebc,Governance,https://www.iebc.or.ke/resources/?Publications_/_Reports,2026-07-10,60,IEBC Annual Report FY 2020-2021
iebc,Governance,https://www.iebc.or.ke/resources/?Publications_/_Reports,2026-07-10,61,No of downloads: 89
iebc,Governance,https://www.iebc.or.ke/resources/?Publications_/_Reports,2026-07-10,62,IEBC Annual Report FY 2019-2020
iebc,Governance,https://www.iebc.or.ke/resources/?Publications_/_Reports,2026-07-10,63,IEBC Annual Report FY 2018-2019
iebc,Governance,https://www.iebc.or.ke/resources/?Publications_/_Reports,2026-07-10,64,No of downloads: 37
iebc,Governance,https://www.iebc.or.ke/resources/?Publications_/_Reports,2026-07-10,65,IEBC Annual Report FY 2017-2018
iebc,Governance,https://www.iebc.or.ke/resources/?Publications_/_Reports,2026-07-10,66,No of downloads: 52
iebc,Governance,https://www.iebc.or.ke/resources/?Publications_/_Reports,2026-07-10,67,IEBC Annual Report FY 2016-2017
iebc,Governance,https://www.iebc.or.ke/resources/?Publications_/_Reports,2026-07-10,68,No of downloads: 35
iebc,Governance,https://www.iebc.or.ke/resources/?Publications_/_Reports,2026-07-10,69,IEBC Annual Report FY 2015-2016
iebc,Governance,https://www.iebc.or.ke/resources/?Publications_/_Reports,2026-07-10,70,No of downloads: 26
iebc,Governance,https://www.iebc.or.ke/resources/?Publications_/_Reports,2026-07-10,71,IEBC Annual Report FY 2012-2013
iebc,Governance,https://www.iebc.or.ke/resources/?Publications_/_Reports,2026-07-10,72,No of downloads: 50
iebc,Governance,https://www.iebc.or.ke/resources/?Publications_/_Reports,2026-07-10,73,IEBC Annual Report FY 2022-2023
iebc,Governance,https://www.iebc.or.ke/resources/?Publications_/_Reports,2026-07-10,74,No of downloads: 267
iebc,Governance,https://www.iebc.or.ke/resources/?Publications_/_Reports,2026-07-10,75,"Uploaded on: Fri 15th Sep, 2023"
iebc,Governance,https://www.iebc.or.ke/resources/?Publications_/_Reports,2026-07-10,76,No of downloads: 86
iebc,Governance,https://www.iebc.or.ke/resources/?Publications_/_Reports,2026-07-10,77,#GE2022 in Perspective
iebc,Governance,https://www.iebc.or.ke/resources/?Publications_/_Reports,2026-07-10,78,No of downloads: 293
iebc,Governance,https://www.iebc.or.ke/resources/?Publications_/_Reports,2026-07-10,79,"Uploaded on: Thu 10th Aug, 2023"
iebc,Governance,https://www.iebc.or.ke/resources/?Publications_/_Reports,2026-07-10,80,No of downloads: 117
iebc,Governance,https://www.iebc.or.ke/resources/?Publications_/_Reports,2026-07-10,81,Information Security Policy Statement
iebc,Governance,https://www.iebc.or.ke/resources/?Publications_/_Reports,2026-07-10,82,"Uploaded on: Tue 20th Jun, 2023"
iebc,Governance,https://www.iebc.or.ke/resources/?Publications_/_Reports,2026-07-10,83,No of downloads: 60
iebc,Governance,https://www.iebc.or.ke/resources/?Publications_/_Reports,2026-07-10,84,"List of unsuccessful bidders for Tender No.lEBC/REG/01/2021-2022 for Registration of Suppliers for Provision of Goods, Services and Works for the period ending June 30th 2024"
iebc,Governance,https://www.iebc.or.ke/resources/?Publications_/_Reports,2026-07-10,85,"Uploaded on: Fri 3rd Feb, 2023"
iebc,Governance,https://www.iebc.or.ke/resources/?Publications_/_Reports,2026-07-10,86,No of downloads: 73
iebc,Governance,https://www.iebc.or.ke/resources/?Publications_/_Reports,2026-07-10,87,List of Successful bidders for Tender No.
iebc,Governance,https://www.iebc.or.ke/resources/?Publications_/_Reports,2026-07-10,88,"IEBC/REG/01/2021-2022 for Registration of Suppliers for Provision of Goods, Services and Works for the period ending June 30th 2024"
iebc,Governance,https://www.iebc.or.ke/resources/?Publications_/_Reports,2026-07-10,89,No of downloads: 112
iebc,Governance,https://www.iebc.or.ke/resources/?Publications_/_Reports,2026-07-10,90,"Post Election Evaluation Report for the 9th August, 2022 General Election"
iebc,Governance,https://www.iebc.or.ke/resources/?Publications_/_Reports,2026-07-10,91,#IEBCPEELaunch #IEBCPEE2022 #GE2022
iebc,Governance,https://www.iebc.or.ke/resources/?Publications_/_Reports,2026-07-10,92,"Uploaded on: Mon 16th Jan, 2023"
iebc,Governance,https://www.iebc.or.ke/resources/?Publications_/_Reports,2026-07-10,93,No of downloads: 1391
iebc,Governance,https://www.iebc.or.ke/resources/?Publications_/_Reports,2026-07-10,94,"Sample of Correctly Marked Ballot Paper, JPG"
iebc,Governance,https://www.iebc.or.ke/resources/?Publications_/_Reports,2026-07-10,95,"Uploaded on: Wed 3rd Aug, 2022"
iebc,Governance,https://www.iebc.or.ke/resources/?Publications_/_Reports,2026-07-10,96,No of downloads: 1417
iebc,Governance,https://www.iebc.or.ke/resources/?Publications_/_Reports,2026-07-10,97,Sample of Correctly marked Ballot Paper
iebc,Governance,https://www.iebc.or.ke/resources/?Publications_/_Reports,2026-07-10,98,No of downloads: 668
iebc,Governance,https://www.iebc.or.ke/resources/?Publications_/_Reports,2026-07-10,99,Results Transmission System (RTS) Application Workflow #GE2022
iebc,Governance,https://www.iebc.or.ke/resources/?Publications_/_Reports,2026-07-10,100,"Uploaded on: Fri 15th Jul, 2022"
iebc,Governance,https://www.iebc.or.ke/resources/?Publications_/_Reports,2026-07-10,101,No of downloads: 1756
iebc,Governance,https://www.iebc.or.ke/resources/?Publications_/_Reports,2026-07-10,102,Statutory Elections Results Forms #GE2022
iebc,Governance,https://www.iebc.or.ke/resources/?Publications_/_Reports,2026-07-10,103,No of downloads: 1547
iebc,Governance,https://www.iebc.or.ke/resources/?Publications_/_Reports,2026-07-10,104,Election Results Transmission Path #GE2022
iebc,Governance,https://www.iebc.or.ke/resources/?Publications_/_Reports,2026-07-10,105,No of downloads: 1512
iebc,Governance,https://www.iebc.or.ke/resources/?Publications_/_Reports,2026-07-10,106,Ujumbe Kwa Mpiga Kura Kwenye Uchaguzi Mkuu #GE2022
iebc,Governance,https://www.iebc.or.ke/resources/?Publications_/_Reports,2026-07-10,107,No of downloads: 392
iebc,Governance,https://www.iebc.or.ke/resources/?Publications_/_Reports,2026-07-10,108,Utaratibu wa Kupiga Kura #GE2022
iebc,Governance,https://www.iebc.or.ke/resources/?Publications_/_Reports,2026-07-10,109,No of downloads: 245
iebc,Governance,https://www.iebc.or.ke/resources/?Publications_/_Reports,2026-07-10,110,The Voting Process #GE2022
iebc,Governance,https://www.iebc.or.ke/resources/?Publications_/_Reports,2026-07-10,111,No of downloads: 717
iebc,Governance,https://www.iebc.or.ke/resources/?Publications_/_Reports,2026-07-10,112,Utaratibu wa Kupiga Kura
iebc,Governance,https://www.iebc.or.ke/resources/?Publications_/_Reports,2026-07-10,113,No of downloads: 215
iebc,Governance,https://www.iebc.or.ke/resources/?Publications_/_Reports,2026-07-10,114,Election Dispute Resolution Booklet FAQs 2022
iebc,Governance,https://www.iebc.or.ke/resources/?Publications_/_Reports,2026-07-10,115,"Uploaded on: Mon 27th Jun, 2022"
iebc,Governance,https://www.iebc.or.ke/resources/?Publications_/_Reports,2026-07-10,116,No of downloads: 626
iebc,Governance,https://www.iebc.or.ke/resources/?Publications_/_Reports,2026-07-10,117,Guidelines on Addressing Violations of the Electoral Code of Conduct and Resolving Electoral Disputes and complaints
iebc,Governance,https://www.iebc.or.ke/resources/?Publications_/_Reports,2026-07-10,118,No of downloads: 295
iebc,Governance,https://www.iebc.or.ke/resources/?Publications_/_Reports,2026-07-10,119,Political Parties Certified as Compliant by the Commission for the 2022 General Elections Pursuant to Section 27 of the Elections Act
iebc,Governance,https://www.iebc.or.ke/resources/?Publications_/_Reports,2026-07-10,120,"Uploaded on: Wed 2nd Mar, 2022"
iebc,Governance,https://www.iebc.or.ke/resources/?Publications_/_Reports,2026-07-10,121,No of downloads: 1076
iebc,Governance,https://www.iebc.or.ke/resources/?Publications_/_Reports,2026-07-10,122,ELECTORAL CODE OF CONDUCT ENFORCEMENT RULES
iebc,Governance,https://www.iebc.or.ke/resources/?Publications_/_Reports,2026-07-10,123,"Uploaded on: Wed 26th Jan, 2022"
iebc,Governance,https://www.iebc.or.ke/resources/?Publications_/_Reports,2026-07-10,124,No of downloads: 0
iebc,Governance,https://www.iebc.or.ke/resources/?Publications_/_Reports,2026-07-10,125,Updated - Elections Operations Plan (EOP)
iebc,Governance,https://www.iebc.or.ke/resources/?Publications_/_Reports,2026-07-10,126,"Uploaded on: Mon 17th Jan, 2022"
iebc,Governance,https://www.iebc.or.ke/resources/?Publications_/_Reports,2026-07-10,127,No of downloads: 2394
iebc,Governance,https://www.iebc.or.ke/resources/?Publications_/_Reports,2026-07-10,128,"ELECTION CAMPAIGN FINANCING (AMENDMENT) BILL, 2020"
iebc,Governance,https://www.iebc.or.ke/resources/?Publications_/_Reports,2026-07-10,129,"Uploaded on: Thu 17th Jun, 2021"
iebc,Governance,https://www.iebc.or.ke/resources/?Publications_/_Reports,2026-07-10,130,No of downloads: 1004
iebc,Governance,https://www.iebc.or.ke/resources/?Publications_/_Reports,2026-07-10,131,"THE INDEPENDENT ELECTORAL AND BOUNDARIES (AMENDMENT) BILL, 2020"
iebc,Governance,https://www.iebc.or.ke/resources/?Publications_/_Reports,2026-07-10,132,No of downloads: 615
iebc,Governance,https://www.iebc.or.ke/resources/?Publications_/_Reports,2026-07-10,133,"REFERENDUM BILL, 2020"
iebc,Governance,https://www.iebc.or.ke/resources/?Publications_/_Reports,2026-07-10,134,No of downloads: 254
iebc,Governance,https://www.iebc.or.ke/resources/?Publications_/_Reports,2026-07-10,135,Elections Operations Plan (EOP)
iebc,Governance,https://www.iebc.or.ke/resources/?Publications_/_Reports,2026-07-10,136,"Uploaded on: Tue 15th Jun, 2021"
iebc,Governance,https://www.iebc.or.ke/resources/?Publications_/_Reports,2026-07-10,137,No of downloads: 2523
iebc,Governance,https://www.iebc.or.ke/resources/?Publications_/_Reports,2026-07-10,138,IEBC Strategic Plan 2020 -2024
iebc,Governance,https://www.iebc.or.ke/resources/?Publications_/_Reports,2026-07-10,139,No of downloads: 2415
iebc,Governance,https://www.iebc.or.ke/resources/?Publications_/_Reports,2026-07-10,140,"Uploaded on: Mon 15th Mar, 2021"
iebc,Governance,https://www.iebc.or.ke/resources/?Publications_/_Reports,2026-07-10,141,No of downloads: 669
iebc,Governance,https://www.iebc.or.ke/resources/?Publications_/_Reports,2026-07-10,142,Electoral Law Reform in Kenya: The IEBC Experience
iebc,Governance,https://www.iebc.or.ke/resources/?Publications_/_Reports,2026-07-10,143,"Uploaded on: Wed 21st Oct, 2020"
iebc,Governance,https://www.iebc.or.ke/resources/?Publications_/_Reports,2026-07-10,144,No of downloads: 632
iebc,Governance,https://www.iebc.or.ke/resources/?Publications_/_Reports,2026-07-10,145,Protocols for Conducting Electoral Activities in the Covid-19 Context
iebc,Governance,https://www.iebc.or.ke/resources/?Publications_/_Reports,2026-07-10,146,"Uploaded on: Mon 19th Oct, 2020"
iebc,Governance,https://www.iebc.or.ke/resources/?Publications_/_Reports,2026-07-10,147,No of downloads: 480
iebc,Governance,https://www.iebc.or.ke/resources/?Publications_/_Reports,2026-07-10,148,Data Report of 2017 Elections
iebc,Governance,https://www.iebc.or.ke/resources/?Publications_/_Reports,2026-07-10,149,"Uploaded on: Fri 22nd May, 2020"
iebc,Governance,https://www.iebc.or.ke/resources/?Publications_/_Reports,2026-07-10,150,No of downloads: 3505
iebc,Governance,https://www.iebc.or.ke/resources/?Publications_/_Reports,2026-07-10,151,Analysis and Recommendation by IEBC on the Building Bridges to Unity Advisory Taskforce (BBI) Report
iebc,Governance,https://www.iebc.or.ke/resources/?Publications_/_Reports,2026-07-10,152,"Uploaded on: Mon 17th Feb, 2020"
iebc,Governance,https://www.iebc.or.ke/resources/?Publications_/_Reports,2026-07-10,153,No of downloads: 702
iebc,Governance,https://www.iebc.or.ke/resources/?Publications_/_Reports,2026-07-10,154,The Ballot Issue No.
iebc,Governance,https://www.iebc.or.ke/resources/?Publications_/_Reports,2026-07-10,155,"Uploaded on: Wed 21st Aug, 2019"
iebc,Governance,https://www.iebc.or.ke/resources/?Publications_/_Reports,2026-07-10,156,No of downloads: 201
iebc,Governance,https://www.iebc.or.ke/resources/?Publications_/_Reports,2026-07-10,157,IEBC Service Charter
iebc,Governance,https://www.iebc.or.ke/resources/?Publications_/_Reports,2026-07-10,158,"Uploaded on: Thu 4th Jul, 2019"
iebc,Governance,https://www.iebc.or.ke/resources/?Publications_/_Reports,2026-07-10,159,No of downloads: 246
iebc,Governance,https://www.iebc.or.ke/resources/?Publications_/_Reports,2026-07-10,160,List of Successful and Unsuccessful Suppliers
iebc,Governance,https://www.iebc.or.ke/resources/?Publications_/_Reports,2026-07-10,161,For Tender No.
iebc,Governance,https://www.iebc.or.ke/resources/?Publications_/_Reports,2026-07-10,162,"01/2018-2019 for Supply Of Goods, Works and Services for the Period Ending 30th June, 2020"
iebc,Governance,https://www.iebc.or.ke/resources/?Publications_/_Reports,2026-07-10,163,"Uploaded on: Tue 30th Apr, 2019"
iebc,Governance,https://www.iebc.or.ke/resources/?Publications_/_Reports,2026-07-10,164,No of downloads: 448
iebc,Governance,https://www.iebc.or.ke/resources/?Publications_/_Reports,2026-07-10,165,"Post Election Evaluation Report for the 8th, August 2017 General Election and 26th, October, 2017 Fresh Presidential Elections"
iebc,Governance,https://www.iebc.or.ke/resources/?Publications_/_Reports,2026-07-10,166,"Uploaded on: Tue 12th Feb, 2019"
iebc,Governance,https://www.iebc.or.ke/resources/?Publications_/_Reports,2026-07-10,167,No of downloads: 757
iebc,Governance,https://www.iebc.or.ke/resources/?Publications_/_Reports,2026-07-10,168,Accreditation of  Observers for the  Migori County and Central Sakwa County Assembly Ward By-elections
iebc,Governance,https://www.iebc.or.ke/resources/?Publications_/_Reports,2026-07-10,169,"The Independent Electoral and Boundaries Commission (IEBC), is in the process of accrediting short-term observers for the Migori County Senatorial and Central Sakwa Ward (Siaya County) By-elections to be held on 8th October, 2018."
iebc,Governance,https://www.iebc.or.ke/resources/?Publications_/_Reports,2026-07-10,170,"Uploaded on: Thu 6th Sep, 2018"
iebc,Governance,https://www.iebc.or.ke/resources/?Publications_/_Reports,2026-07-10,171,No of downloads: 70
iebc,Governance,https://www.iebc.or.ke/resources/?Publications_/_Reports,2026-07-10,172,IIEC Exit Report
iebc,Governance,https://www.iebc.or.ke/resources/?Publications_/_Reports,2026-07-10,173,"Uploaded on: Wed 18th Jul, 2018"
iebc,Governance,https://www.iebc.or.ke/resources/?Publications_/_Reports,2026-07-10,174,No of downloads: 285
iebc,Governance,https://www.iebc.or.ke/resources/?Publications_/_Reports,2026-07-10,175,IEBC Strategic Plan 2015 2020
iebc,Governance,https://www.iebc.or.ke/resources/?Publications_/_Reports,2026-07-10,176,Making the Vote Count for Our Common Prosperity
iebc,Governance,https://www.iebc.or.ke/resources/?Publications_/_Reports,2026-07-10,177,"Uploaded on: Tue 13th Feb, 2018"
iebc,Governance,https://www.iebc.or.ke/resources/?Publications_/_Reports,2026-07-10,178,No of downloads: 492
iebc,Governance,https://www.iebc.or.ke/resources/?Publications_/_Reports,2026-07-10,179,KIEMS Report Logs by Polling Station for 26th October 2017 - FPE
iebc,Governance,https://www.iebc.or.ke/resources/?Publications_/_Reports,2026-07-10,180,"Uploaded on: Wed 1st Nov, 2017"
iebc,Governance,https://www.iebc.or.ke/resources/?Publications_/_Reports,2026-07-10,181,No of downloads: 2481
iebc,Governance,https://www.iebc.or.ke/resources/?Publications_/_Reports,2026-07-10,182,SUMMARY FINAL FOR ANOUNCEMENT FOR FRESH PRESIDENTIAL ELECTION 2017
iebc,Governance,https://www.iebc.or.ke/resources/?Publications_/_Reports,2026-07-10,183,No of downloads: 716
iebc,Governance,https://www.iebc.or.ke/resources/?Publications_/_Reports,2026-07-10,184,Handbook on Frequently Asked Question (FAQs) and Responses
iebc,Governance,https://www.iebc.or.ke/resources/?Publications_/_Reports,2026-07-10,185,General Elections HandBook for Observers
iebc,Governance,https://www.iebc.or.ke/resources/?Publications_/_Reports,2026-07-10,186,"Uploaded on: Thu 27th Jul, 2017"
iebc,Governance,https://www.iebc.or.ke/resources/?Publications_/_Reports,2026-07-10,187,No of downloads: 1064
iebc,Governance,https://www.iebc.or.ke/resources/?Publications_/_Reports,2026-07-10,188,224 OF 2017 - Ruling of the Courts on Ballot Papers
iebc,Governance,https://www.iebc.or.ke/resources/?Publications_/_Reports,2026-07-10,189,224 OF 2017 - Ruling of the Courts on Ballot Papers_2
iebc,Governance,https://www.iebc.or.ke/resources/?Publications_/_Reports,2026-07-10,190,"Uploaded on: Fri 21st Jul, 2017"
iebc,Governance,https://www.iebc.or.ke/resources/?Publications_/_Reports,2026-07-10,191,No of downloads: 377
iebc,Governance,https://www.iebc.or.ke/resources/?Publications_/_Reports,2026-07-10,192,Accreditation of Short Term Observers
iebc,Governance,https://www.iebc.or.ke/resources/?Publications_/_Reports,2026-07-10,193,"Uploaded on: Tue 4th Jul, 2017"
iebc,Governance,https://www.iebc.or.ke/resources/?Publications_/_Reports,2026-07-10,194,No of downloads: 541
iebc,Governance,https://www.iebc.or.ke/resources/?Publications_/_Reports,2026-07-10,195,Status Updates on Election Preparednesss June 9th - IEBC Chairman Statement
iebc,Governance,https://www.iebc.or.ke/resources/?Publications_/_Reports,2026-07-10,196,"Uploaded on: Sun 2nd Jul, 2017"
iebc,Governance,https://www.iebc.or.ke/resources/?Publications_/_Reports,2026-07-10,197,No of downloads: 311
iebc,Governance,https://www.iebc.or.ke/resources/?Publications_/_Reports,2026-07-10,198,NEC Program 2017 - 9th June 2017
iebc,Governance,https://www.iebc.or.ke/resources/?Publications_/_Reports,2026-07-10,199,"Uploaded on: Mon 12th Jun, 2017"
iebc,Governance,https://www.iebc.or.ke/resources/?Publications_/_Reports,2026-07-10,200,No of downloads: 722
iebc,Governance,https://www.iebc.or.ke/resources/?Publications_/_Reports,2026-07-10,201,Cause List Dispute Resolution Committee Tue 6th June 2017
iebc,Governance,https://www.iebc.or.ke/resources/?Publications_/_Reports,2026-07-10,202,"Uploaded on: Mon 5th Jun, 2017"
iebc,Governance,https://www.iebc.or.ke/resources/?Publications_/_Reports,2026-07-10,203,No of downloads: 561
iebc,Governance,https://www.iebc.or.ke/resources/?Publications_/_Reports,2026-07-10,204,Nomination and Tallying Venues  2017 General Elections
iebc,Governance,https://www.iebc.or.ke/resources/?Publications_/_Reports,2026-07-10,205,"Uploaded on: Fri 19th May, 2017"
iebc,Governance,https://www.iebc.or.ke/resources/?Publications_/_Reports,2026-07-10,206,No of downloads: 1812
iebc,Governance,https://www.iebc.or.ke/resources/?Publications_/_Reports,2026-07-10,207,Handbook on Elective Positions 2017
iebc,Governance,https://www.iebc.or.ke/resources/?Publications_/_Reports,2026-07-10,208,"Uploaded on: Tue 16th May, 2017"
iebc,Governance,https://www.iebc.or.ke/resources/?Publications_/_Reports,2026-07-10,209,No of downloads: 1422
iebc,Governance,https://www.iebc.or.ke/resources/?Publications_/_Reports,2026-07-10,210,Voter Education Training Manual 2017
iebc,Governance,https://www.iebc.or.ke/resources/?Publications_/_Reports,2026-07-10,211,No of downloads: 1436
iebc,Governance,https://www.iebc.or.ke/resources/?Publications_/_Reports,2026-07-10,212,Voter Education Curriculum 2017
iebc,Governance,https://www.iebc.or.ke/resources/?Publications_/_Reports,2026-07-10,213,No of downloads: 841
iebc,Governance,https://www.iebc.or.ke/resources/?Publications_/_Reports,2026-07-10,214,Full List of County and Constituency Returning Officers 2017
iebc,Governance,https://www.iebc.or.ke/resources/?Publications_/_Reports,2026-07-10,215,"Uploaded on: Mon 8th May, 2017"
iebc,Governance,https://www.iebc.or.ke/resources/?Publications_/_Reports,2026-07-10,216,No of downloads: 3247
iebc,Governance,https://www.iebc.or.ke/resources/?Publications_/_Reports,2026-07-10,217,ODM Rules 2017
iebc,Governance,https://www.iebc.or.ke/resources/?Publications_/_Reports,2026-07-10,218,"Uploaded on: Wed 26th Apr, 2017"
iebc,Governance,https://www.iebc.or.ke/resources/?Publications_/_Reports,2026-07-10,219,No of downloads: 522
iebc,Governance,https://www.iebc.or.ke/resources/?Publications_/_Reports,2026-07-10,220,MCCP NOMINATION AND ELECTION RULES REVISED
iebc,Governance,https://www.iebc.or.ke/resources/?Publications_/_Reports,2026-07-10,221,No of downloads: 289
iebc,Governance,https://www.iebc.or.ke/resources/?Publications_/_Reports,2026-07-10,222,AGENDA RULES 30032017
iebc,Governance,https://www.iebc.or.ke/resources/?Publications_/_Reports,2026-07-10,223,No of downloads: 186
iebc,Governance,https://www.iebc.or.ke/resources/?Publications_/_Reports,2026-07-10,224,Independent Candidate Registration
iebc,Governance,https://www.iebc.or.ke/resources/?Publications_/_Reports,2026-07-10,225,"Uploaded on: Tue 25th Apr, 2017"
iebc,Governance,https://www.iebc.or.ke/resources/?Publications_/_Reports,2026-07-10,226,No of downloads: 950
iebc,Governance,https://www.iebc.or.ke/resources/?Publications_/_Reports,2026-07-10,227,Political Parties Act 2011 (Revised Edition 2015 [2014])
iebc,Governance,https://www.iebc.or.ke/resources/?Publications_/_Reports,2026-07-10,228,"Uploaded on: Wed 1st Mar, 2017"
iebc,Governance,https://www.iebc.or.ke/resources/?Publications_/_Reports,2026-07-10,229,No of downloads: 531
iebc,Governance,https://www.iebc.or.ke/resources/?Publications_/_Reports,2026-07-10,230,Elections Act 2011 (Revised Edition 2016 [2012])
iebc,Governance,https://www.iebc.or.ke/resources/?Publications_/_Reports,2026-07-10,231,No of downloads: 730
iebc,Governance,https://www.iebc.or.ke/resources/?Publications_/_Reports,2026-07-10,232,Election Results Management Framework - IEBC
iebc,Governance,https://www.iebc.or.ke/resources/?Publications_/_Reports,2026-07-10,233,"Uploaded on: Mon 13th Feb, 2017"
iebc,Governance,https://www.iebc.or.ke/resources/?Publications_/_Reports,2026-07-10,234,No of downloads: 876
iebc,Governance,https://www.iebc.or.ke/resources/?Publications_/_Reports,2026-07-10,235,Election Operations Plan (EOP) 2015-2017
iebc,Governance,https://www.iebc.or.ke/resources/?Publications_/_Reports,2026-07-10,236,No of downloads: 1013
iebc,Governance,https://www.iebc.or.ke/resources/?Publications_/_Reports,2026-07-10,237,IEBC Annual Report  2014-2015
iebc,Governance,https://www.iebc.or.ke/resources/?Publications_/_Reports,2026-07-10,238,No of downloads: 364
iebc,Governance,https://www.iebc.or.ke/resources/?Publications_/_Reports,2026-07-10,239,IEBC Annual Report  2013-2014
iebc,Governance,https://www.iebc.or.ke/resources/?Publications_/_Reports,2026-07-10,240,No of downloads: 378
iebc,Governance,https://www.iebc.or.ke/resources/?Publications_/_Reports,2026-07-10,241,4TH MARCH 2013 GENERAL ELECTION DATA
iebc,Governance,https://www.iebc.or.ke/resources/?Publications_/_Reports,2026-07-10,242,"In compliance with our Constitutional mandate, the IEBC conducted the first"
iebc,Governance,https://www.iebc.or.ke/resources/?Publications_/_Reports,2026-07-10,243,"General Election under the Constitution of Kenya, 2010 on 4th March 2013."
iebc,Governance,https://www.iebc.or.ke/resources/?Publications_/_Reports,2026-07-10,244,"Uploaded on: Sat 28th Jan, 2017"
iebc,Governance,https://www.iebc.or.ke/resources/?Publications_/_Reports,2026-07-10,245,No of downloads: 3250
iebc,Governance,https://www.iebc.or.ke/resources/?Publications_/_Reports,2026-07-10,246,Ask a question
iebc,Governance,https://www.iebc.or.ke/news/?Launch_of_Pre-Election_Disputes_Resolution_Report_for_2022_General_Election_and_Case_Digest_for_2022_General_Election,2026-07-10,0,IEBC - news
iebc,Governance,https://www.iebc.or.ke/news/?Launch_of_Pre-Election_Disputes_Resolution_Report_for_2022_General_Election_and_Case_Digest_for_2022_General_Election,2026-07-10,1,Launch of Pre-Election Disputes Resolution Report for 2022 General Election and Case Digest for 2022 General Election
iebc,Governance,https://www.iebc.or.ke/news/?Launch_of_Pre-Election_Disputes_Resolution_Report_for_2022_General_Election_and_Case_Digest_for_2022_General_Election,2026-07-10,2,Launch of Pre-Election Disputes Resolution Report for 2022 General Election & Case Digest for 2022 General Election
iebc,Governance,https://www.iebc.or.ke/news/?Launch_of_Pre-Election_Disputes_Resolution_Report_for_2022_General_Election_and_Case_Digest_for_2022_General_Election,2026-07-10,3,Thursday 9th July 2026
iebc,Governance,https://www.iebc.or.ke/news/?Launch_of_Pre-Election_Disputes_Resolution_Report_for_2022_General_Election_and_Case_Digest_for_2022_General_Election,2026-07-10,4,Path to the Polls : Electoral Integrity Through Justice and Dispute Resolution.
iebc,Governance,https://www.iebc.or.ke/news/?Launch_of_Pre-Election_Disputes_Resolution_Report_for_2022_General_Election_and_Case_Digest_for_2022_General_Election,2026-07-10,5,#CaseDigest2022GE     #Pre-ElectionDRR    #16thJulyByElection #KuraYakoSautiYako
iebc,Governance,https://www.iebc.or.ke/news/?Launch_of_Pre-Election_Disputes_Resolution_Report_for_2022_General_Election_and_Case_Digest_for_2022_General_Election,2026-07-10,6,Ask a question
nsdcc,Health,https://nsdcc.go.ke/,2026-07-10,0,National Syndemic Diseases Control Council – NSDCC
nsdcc,Health,https://nsdcc.go.ke/,2026-07-10,1,"""The launch of the 47 County Syndemic Operational Plans gives us more than a roadmap, it gives us a shared commitment to act."
nsdcc,Health,https://nsdcc.go.ke/,2026-07-10,2,"While Kenya has made remarkable progress in reducing new HIV infections and AIDS-related deaths, we must remain focused on the populations we are leaving behind."
nsdcc,Health,https://nsdcc.go.ke/,2026-07-10,3,"Progress is not success until every child, every adolescent, every young person and every vulnerable Kenyan has access to the services they need."""
nsdcc,Health,https://nsdcc.go.ke/,2026-07-10,4,"Bosire, CEO, NSDCC"
nsdcc,Health,https://nsdcc.go.ke/,2026-07-10,5,"""The resilience demonstrated by counties during the funding disruptions proved that Kenya's HIV response is not built on donor support alone, it is anchored in committed healthcare workers, empowered communities, and strong county leadership."
nsdcc,Health,https://nsdcc.go.ke/,2026-07-10,6,"Our next task is to make that resilience sustainable."""
nsdcc,Health,https://nsdcc.go.ke/,2026-07-10,7,"Nelson Otuoma, CEO, NEPHAK"
nsdcc,Health,https://nsdcc.go.ke/,2026-07-10,8,"""The launch of the 47 County Syndemic Operational Plans marks a defining moment in Kenya's health journey."
nsdcc,Health,https://nsdcc.go.ke/,2026-07-10,9,"These plans move us from commitment to action and place counties firmly at the centre of ending AIDS and other syndemic diseases as public health threats by 2030."""
nsdcc,Health,https://nsdcc.go.ke/,2026-07-10,10,"Aden Duale, Cabinet Secretary"
nsdcc,Health,https://nsdcc.go.ke/,2026-07-10,11,"Access a collection of stories, videos, publications, infographics and more"
nsdcc,Health,https://nsdcc.go.ke/,2026-07-10,12,Health Committee Explores Sustainable Solutions for Kenya’s HIV and Syndemic Disease Response
nsdcc,Health,https://nsdcc.go.ke/,2026-07-10,13,𝐌𝐚𝐚𝐫𝐢𝐟𝐚 𝐇𝐞𝐚𝐥𝐭𝐡 𝐇𝐮𝐛 𝐒𝐞𝐭 𝐭𝐨 𝐄𝐧𝐡𝐚𝐧𝐜𝐞 𝐀𝐜𝐜𝐞𝐬𝐬 𝐭𝐨 𝐇𝐈𝐕 𝐏𝐫𝐞𝐯𝐞𝐧𝐭𝐢𝐨𝐧 𝐈𝐧𝐟𝐨𝐫𝐦𝐚𝐭𝐢𝐨𝐧
nsdcc,Health,https://nsdcc.go.ke/,2026-07-10,14,𝐍𝐒𝐃𝐂𝐂 𝐒𝐭𝐫𝐞𝐧𝐠𝐭𝐡𝐞𝐧𝐬 𝐓𝐫𝐢𝐩𝐥𝐞 𝐓𝐡𝐫𝐞𝐚𝐭 𝐑𝐞𝐬𝐩𝐨𝐧𝐬𝐞 𝐢𝐧 𝐊𝐚𝐤𝐚𝐦𝐞𝐠𝐚 𝐂𝐨𝐮𝐧𝐭𝐲
nsdcc,Health,https://nsdcc.go.ke/,2026-07-10,15,"The National Syndemic Diseases Control Council (NSDCC) is a State Corporation established under Section 3 of the State Corporations Act, Cap 446, through the National AIDS Control Council Order, 1999 as amended by legal notice number 143 of 2022."
nsdcc,Health,https://nsdcc.go.ke/,2026-07-10,16,"The Council is mandated to manage the following syndemic diseases; HIV, sexually transmitted infections, malaria, leprosy, tuberculosis and lung disease."
nsdcc,Health,https://nsdcc.go.ke/,2026-07-10,17,Areas of focus
nsdcc,Health,https://nsdcc.go.ke/,2026-07-10,18,RESOURCE MOBILIZATION AND GRANTS MANAGEMENT
nsdcc,Health,https://nsdcc.go.ke/,2026-07-10,19,MANAGEMENT OF STRATEGIC INFORMATION FOR HIV AND SEXUALLY TRANSMITTED INFECTIONS
nsdcc,Health,https://nsdcc.go.ke/,2026-07-10,20,TECHNICAL SUPPORT AND CAPACITY BUILDING
nsdcc,Health,https://nsdcc.go.ke/,2026-07-10,21,COORDINATION OF STAKEHOLDERS AND SUPERVISION OF IMPLEMENTATION OF THE HIV RESPONSE
nsdcc,Health,https://nsdcc.go.ke/,2026-07-10,22,"PUBLIC EDUCATION, COMMUNICATION AND ADVOCACY"
nsdcc,Health,https://nsdcc.go.ke/,2026-07-10,23,"DEVELOPMENT AND IMPLEMENTATION OF POLICIES, STRATEGIES AND GUIDELINES"
nsdcc,Health,https://nsdcc.go.ke/,2026-07-10,24,HIV Statistics as at 2024
nsdcc,Health,https://nsdcc.go.ke/,2026-07-10,25,Number of people living with HIV
nsdcc,Health,https://nsdcc.go.ke/,2026-07-10,26,Number of new infections
nsdcc,Health,https://nsdcc.go.ke/,2026-07-10,27,AIDS related deaths
nsdcc,Health,https://nsdcc.go.ke/,2026-07-10,28,News and Updates
nsdcc,Health,https://nsdcc.go.ke/,2026-07-10,29,> Health Committee Explores Sustainable Solutions for Kenya’s HIV and Syndemic Disease Response
nsdcc,Health,https://nsdcc.go.ke/,2026-07-10,30,> 𝐌𝐚𝐚𝐫𝐢𝐟𝐚 𝐇𝐞𝐚𝐥𝐭𝐡 𝐇𝐮𝐛 𝐒𝐞𝐭 𝐭𝐨 𝐄𝐧𝐡𝐚𝐧𝐜𝐞 𝐀𝐜𝐜𝐞𝐬𝐬 𝐭𝐨 𝐇𝐈𝐕 𝐏𝐫𝐞𝐯𝐞𝐧𝐭𝐢𝐨𝐧 𝐈𝐧𝐟𝐨𝐫𝐦𝐚𝐭𝐢𝐨𝐧
nsdcc,Health,https://nsdcc.go.ke/,2026-07-10,31,> 𝐍𝐒𝐃𝐂𝐂 𝐒𝐭𝐫𝐞𝐧𝐠𝐭𝐡𝐞𝐧𝐬 𝐓𝐫𝐢𝐩𝐥𝐞 𝐓𝐡𝐫𝐞𝐚𝐭 𝐑𝐞𝐬𝐩𝐨𝐧𝐬𝐞 𝐢𝐧 𝐊𝐚𝐤𝐚𝐦𝐞𝐠𝐚 𝐂𝐨𝐮𝐧𝐭𝐲
nsdcc,Health,https://nsdcc.go.ke/,2026-07-10,32,> 𝐂𝐨𝐦𝐦𝐮𝐧𝐢𝐭𝐲 𝐩𝐚𝐫𝐭𝐧𝐞𝐫𝐬𝐡𝐢𝐩𝐬 𝐫𝐞𝐦𝐚𝐢𝐧 𝐜𝐞𝐧𝐭𝐫𝐚𝐥 𝐭𝐨 𝐞𝐧𝐝𝐢𝐧𝐠 𝐀𝐈𝐃𝐒 𝐚𝐬 𝐚 𝐩𝐮𝐛𝐥𝐢𝐜 𝐡𝐞𝐚𝐥𝐭𝐡 𝐭𝐡𝐫𝐞𝐚𝐭 𝐛𝐲 𝟐𝟎𝟑𝟎
nsdcc,Health,https://nsdcc.go.ke/,2026-07-10,33,> 𝐍𝐒𝐃𝐂𝐂 𝐁𝐨𝐚𝐫𝐝 𝐑𝐚𝐥𝐥𝐢𝐞𝐬 𝐒𝐚𝐦𝐛𝐮𝐫𝐮 𝐋𝐞𝐚𝐝𝐞𝐫𝐬 𝐚𝐧𝐝 𝐂𝐨𝐦𝐦𝐮𝐧𝐢𝐭𝐢𝐞𝐬 𝐭𝐨 𝐀𝐜𝐜𝐞𝐥𝐞𝐫𝐚𝐭𝐞 𝐀𝐜𝐭𝐢𝐨𝐧 𝐀𝐠𝐚𝐢𝐧𝐬𝐭 𝐭𝐡𝐞 𝐓𝐫𝐢𝐩𝐥𝐞 𝐓𝐡𝐫𝐞𝐚𝐭
nsdcc,Health,https://nsdcc.go.ke/,2026-07-10,34,"Maktaba Kuu Building, 2nd Floor,"
nsdcc,Health,https://nsdcc.go.ke/,2026-07-10,35,"Ngong Road, Upperhill"
nsdcc,Health,https://nsdcc.go.ke/,2026-07-10,36,Email Address for complaints –
nsdcc,Health,https://nsdcc.go.ke/,2026-07-10,37,Page load link
nsdcc,Health,https://nsdcc.go.ke/,2026-07-10,38,Go to Top
nsdcc,Health,https://nsdcc.go.ke/news,2026-07-10,0,News & Updates – National Syndemic Diseases Control Council
nsdcc,Health,https://nsdcc.go.ke/news,2026-07-10,1,News & Updates
nsdcc,Health,https://nsdcc.go.ke/news,2026-07-10,2,Health Committee Explores Sustainable Solutions for Kenya’s HIV and Syndemic Disease Response
nsdcc,Health,https://nsdcc.go.ke/news,2026-07-10,3,The National Assembly Departmental Committee on Health chaired by Hon.
nsdcc,Health,https://nsdcc.go.ke/news,2026-07-10,4,𝐌𝐚𝐚𝐫𝐢𝐟𝐚 𝐇𝐞𝐚𝐥𝐭𝐡 𝐇𝐮𝐛 𝐒𝐞𝐭 𝐭𝐨 𝐄𝐧𝐡𝐚𝐧𝐜𝐞 𝐀𝐜𝐜𝐞𝐬𝐬 𝐭𝐨 𝐇𝐈𝐕 𝐏𝐫𝐞𝐯𝐞𝐧𝐭𝐢𝐨𝐧 𝐈𝐧𝐟𝐨𝐫𝐦𝐚𝐭𝐢𝐨𝐧
nsdcc,Health,https://nsdcc.go.ke/news,2026-07-10,5,"The National Syndemic Diseases Control Council (NSDCC), in collaboration with  [...]"
nsdcc,Health,https://nsdcc.go.ke/news,2026-07-10,6,𝐍𝐒𝐃𝐂𝐂 𝐒𝐭𝐫𝐞𝐧𝐠𝐭𝐡𝐞𝐧𝐬 𝐓𝐫𝐢𝐩𝐥𝐞 𝐓𝐡𝐫𝐞𝐚𝐭 𝐑𝐞𝐬𝐩𝐨𝐧𝐬𝐞 𝐢𝐧 𝐊𝐚𝐤𝐚𝐦𝐞𝐠𝐚 𝐂𝐨𝐮𝐧𝐭𝐲
nsdcc,Health,https://nsdcc.go.ke/news,2026-07-10,7,"As part of ongoing efforts to address new HIV infections,  [...]"
nsdcc,Health,https://nsdcc.go.ke/news,2026-07-10,8,𝐂𝐨𝐦𝐦𝐮𝐧𝐢𝐭𝐲 𝐩𝐚𝐫𝐭𝐧𝐞𝐫𝐬𝐡𝐢𝐩𝐬 𝐫𝐞𝐦𝐚𝐢𝐧 𝐜𝐞𝐧𝐭𝐫𝐚𝐥 𝐭𝐨 𝐞𝐧𝐝𝐢𝐧𝐠 𝐀𝐈𝐃𝐒 𝐚𝐬 𝐚 𝐩𝐮𝐛𝐥𝐢𝐜 𝐡𝐞𝐚𝐥𝐭𝐡 𝐭𝐡𝐫𝐞𝐚𝐭 𝐛𝐲 𝟐𝟎𝟑𝟎
nsdcc,Health,https://nsdcc.go.ke/news,2026-07-10,9,NSDCC Chief Executive Officer Douglas O.
nsdcc,Health,https://nsdcc.go.ke/news,2026-07-10,10,Bosire hosted the National  [...]
nsdcc,Health,https://nsdcc.go.ke/news,2026-07-10,11,𝐍𝐒𝐃𝐂𝐂 𝐁𝐨𝐚𝐫𝐝 𝐑𝐚𝐥𝐥𝐢𝐞𝐬 𝐒𝐚𝐦𝐛𝐮𝐫𝐮 𝐋𝐞𝐚𝐝𝐞𝐫𝐬 𝐚𝐧𝐝 𝐂𝐨𝐦𝐦𝐮𝐧𝐢𝐭𝐢𝐞𝐬 𝐭𝐨 𝐀𝐜𝐜𝐞𝐥𝐞𝐫𝐚𝐭𝐞 𝐀𝐜𝐭𝐢𝐨𝐧 𝐀𝐠𝐚𝐢𝐧𝐬𝐭 𝐭𝐡𝐞 𝐓𝐫𝐢𝐩𝐥𝐞 𝐓𝐡𝐫𝐞𝐚𝐭
nsdcc,Health,https://nsdcc.go.ke/news,2026-07-10,12,"The National Syndemic Diseases Control Council (NSDCC) Board, led by  [...]"
nsdcc,Health,https://nsdcc.go.ke/news,2026-07-10,13,𝐇𝐞𝐚𝐥𝐭𝐡 𝐂𝐒 𝐂𝐨𝐦𝐦𝐞𝐧𝐝𝐬 𝐍𝐒𝐃𝐂𝐂’𝐬 𝐋𝐞𝐚𝐝𝐞𝐫𝐬𝐡𝐢𝐩 𝐢𝐧 𝐊𝐞𝐧𝐲𝐚’𝐬 𝐇𝐈𝐕 𝐚𝐧𝐝 𝐒𝐲𝐧𝐝𝐞𝐦𝐢𝐜 𝐑𝐞𝐬𝐩𝐨𝐧𝐬𝐞
nsdcc,Health,https://nsdcc.go.ke/news,2026-07-10,14,"Cabinet Secretary for Health, Hon."
nsdcc,Health,https://nsdcc.go.ke/news,2026-07-10,15,"Aden Duale, EGH,  [...]"
nsdcc,Health,https://nsdcc.go.ke/news,2026-07-10,16,𝐍𝐒𝐃𝐂𝐂 𝐀𝐝𝐯𝐚𝐧𝐜𝐞𝐬 𝐇𝐈𝐕 𝐏𝐫𝐞𝐯𝐞𝐧𝐭𝐢𝐨𝐧 𝐚𝐧𝐝 𝐈𝐧𝐭𝐞𝐠𝐫𝐚𝐭𝐞𝐝 𝐇𝐞𝐚𝐥𝐭𝐡 𝐒𝐞𝐫𝐯𝐢𝐜𝐞𝐬 𝐃𝐮𝐫𝐢𝐧𝐠 𝐀𝐟𝐫𝐢𝐜𝐚 𝐏𝐮𝐛𝐥𝐢𝐜 𝐒𝐞𝐫𝐯𝐢𝐜𝐞 𝐃𝐚𝐲 𝟐𝟎𝟐𝟔
nsdcc,Health,https://nsdcc.go.ke/news,2026-07-10,17,The National Syndemic Diseases Control Council (NSDCC) joined other public  [...]
nsdcc,Health,https://nsdcc.go.ke/news,2026-07-10,18,𝐍𝐒𝐃𝐂𝐂 𝐁𝐨𝐚𝐫𝐝 𝐄𝐧𝐠𝐚𝐠𝐞𝐬 𝐊𝐢𝐭𝐮𝐢 𝐋𝐞𝐚𝐝𝐞𝐫𝐬𝐡𝐢𝐩 𝐭𝐨 𝐒𝐭𝐫𝐞𝐧𝐠𝐭𝐡𝐞𝐧 𝐌𝐮𝐥𝐭𝐢𝐬𝐞𝐜𝐭𝐨𝐫𝐚𝐥 𝐇𝐞𝐚𝐥𝐭𝐡 𝐑𝐞𝐬𝐩𝐨𝐧𝐬𝐞
nsdcc,Health,https://nsdcc.go.ke/news,2026-07-10,19,The National Syndemic Diseases Control Council (NSDCC) Board of  [...]
nsdcc,Health,https://nsdcc.go.ke/news,2026-07-10,20,𝐉𝐨𝐮𝐫𝐧𝐚𝐥𝐢𝐬𝐭𝐬 𝐑𝐞𝐜𝐨𝐠𝐧𝐢𝐬𝐞𝐝 𝐟𝐨𝐫 𝐒𝐭𝐫𝐞𝐧𝐠𝐭𝐡𝐞𝐧𝐢𝐧𝐠 𝐊𝐞𝐧𝐲𝐚’𝐬 𝐇𝐈𝐕 𝐑𝐞𝐬𝐩𝐨𝐧𝐬𝐞 𝐓𝐡𝐫𝐨𝐮𝐠𝐡 𝐐𝐮𝐚𝐥𝐢𝐭𝐲 𝐑𝐞𝐩𝐨𝐫𝐭𝐢𝐧𝐠
nsdcc,Health,https://nsdcc.go.ke/news,2026-07-10,21,The role of journalism in advancing Kenya's response to  [...]
nsdcc,Health,https://nsdcc.go.ke/news,2026-07-10,22,Nyeri Leaders Rally Community Support to End the Triple Threat
nsdcc,Health,https://nsdcc.go.ke/news,2026-07-10,23,The National Syndemic Diseases Control Council (NSDCC) joined Nyeri Town  [...]
nsdcc,Health,https://nsdcc.go.ke/news,2026-07-10,24,"The National Syndemic Diseases Control Council (NSDCC) is a State Corporation established under Section 3 of the State Corporations Act, Cap 446, through the National AIDS Control Council Order, 1999 as amended by legal notice number 143 of 2022."
nsdcc,Health,https://nsdcc.go.ke/news,2026-07-10,25,"The Council is mandated to manage the following syndemic diseases; HIV, sexually transmitted infections, malaria, leprosy, tuberculosis and lung disease."
nsdcc,Health,https://nsdcc.go.ke/news,2026-07-10,26,News and Updates
nsdcc,Health,https://nsdcc.go.ke/news,2026-07-10,27,> Health Committee Explores Sustainable Solutions for Kenya’s HIV and Syndemic Disease Response
nsdcc,Health,https://nsdcc.go.ke/news,2026-07-10,28,> 𝐌𝐚𝐚𝐫𝐢𝐟𝐚 𝐇𝐞𝐚𝐥𝐭𝐡 𝐇𝐮𝐛 𝐒𝐞𝐭 𝐭𝐨 𝐄𝐧𝐡𝐚𝐧𝐜𝐞 𝐀𝐜𝐜𝐞𝐬𝐬 𝐭𝐨 𝐇𝐈𝐕 𝐏𝐫𝐞𝐯𝐞𝐧𝐭𝐢𝐨𝐧 𝐈𝐧𝐟𝐨𝐫𝐦𝐚𝐭𝐢𝐨𝐧
nsdcc,Health,https://nsdcc.go.ke/news,2026-07-10,29,> 𝐍𝐒𝐃𝐂𝐂 𝐒𝐭𝐫𝐞𝐧𝐠𝐭𝐡𝐞𝐧𝐬 𝐓𝐫𝐢𝐩𝐥𝐞 𝐓𝐡𝐫𝐞𝐚𝐭 𝐑𝐞𝐬𝐩𝐨𝐧𝐬𝐞 𝐢𝐧 𝐊𝐚𝐤𝐚𝐦𝐞𝐠𝐚 𝐂𝐨𝐮𝐧𝐭𝐲
nsdcc,Health,https://nsdcc.go.ke/news,2026-07-10,30,> 𝐂𝐨𝐦𝐦𝐮𝐧𝐢𝐭𝐲 𝐩𝐚𝐫𝐭𝐧𝐞𝐫𝐬𝐡𝐢𝐩𝐬 𝐫𝐞𝐦𝐚𝐢𝐧 𝐜𝐞𝐧𝐭𝐫𝐚𝐥 𝐭𝐨 𝐞𝐧𝐝𝐢𝐧𝐠 𝐀𝐈𝐃𝐒 𝐚𝐬 𝐚 𝐩𝐮𝐛𝐥𝐢𝐜 𝐡𝐞𝐚𝐥𝐭𝐡 𝐭𝐡𝐫𝐞𝐚𝐭 𝐛𝐲 𝟐𝟎𝟑𝟎
nsdcc,Health,https://nsdcc.go.ke/news,2026-07-10,31,> 𝐍𝐒𝐃𝐂𝐂 𝐁𝐨𝐚𝐫𝐝 𝐑𝐚𝐥𝐥𝐢𝐞𝐬 𝐒𝐚𝐦𝐛𝐮𝐫𝐮 𝐋𝐞𝐚𝐝𝐞𝐫𝐬 𝐚𝐧𝐝 𝐂𝐨𝐦𝐦𝐮𝐧𝐢𝐭𝐢𝐞𝐬 𝐭𝐨 𝐀𝐜𝐜𝐞𝐥𝐞𝐫𝐚𝐭𝐞 𝐀𝐜𝐭𝐢𝐨𝐧 𝐀𝐠𝐚𝐢𝐧𝐬𝐭 𝐭𝐡𝐞 𝐓𝐫𝐢𝐩𝐥𝐞 𝐓𝐡𝐫𝐞𝐚𝐭
nsdcc,Health,https://nsdcc.go.ke/news,2026-07-10,32,"Maktaba Kuu Building, 2nd Floor,"
nsdcc,Health,https://nsdcc.go.ke/news,2026-07-10,33,"Ngong Road, Upperhill"
nsdcc,Health,https://nsdcc.go.ke/news,2026-07-10,34,Email Address for complaints –
nsdcc,Health,https://nsdcc.go.ke/news,2026-07-10,35,Page load link
nsdcc,Health,https://nsdcc.go.ke/news,2026-07-10,36,Go to Top
nsdcc,Health,https://nsdcc.go.ke/news/tv-townhall-meetings/,2026-07-10,0,TV Townhall Meetings – National Syndemic Diseases Control Council
nsdcc,Health,https://nsdcc.go.ke/news/tv-townhall-meetings/,2026-07-10,1,TV Townhall Meetings
nsdcc,Health,https://nsdcc.go.ke/news/tv-townhall-meetings/,2026-07-10,2,"Media plays a crucial role in shaping positive health outcomes, contributing significantly to Kenya’s success in combating HIV and AIDS."
nsdcc,Health,https://nsdcc.go.ke/news/tv-townhall-meetings/,2026-07-10,3,Strategic and continuous media engagement has driven structured conversations on these critical issues.
nsdcc,Health,https://nsdcc.go.ke/news/tv-townhall-meetings/,2026-07-10,4,"Interactive forums, featuring diverse panels of experts, are moderated to address audience questions."
nsdcc,Health,https://nsdcc.go.ke/news/tv-townhall-meetings/,2026-07-10,5,"This comprehensive approach aims to maximize outreach, fostering ongoing discussions on HIV prevention, and treatment, as well as addressing issues like sexual and gender-based violence,  teen pregnancies, and COVID-19."
nsdcc,Health,https://nsdcc.go.ke/news/tv-townhall-meetings/,2026-07-10,6,Follow these conversations through below links.
nsdcc,Health,https://nsdcc.go.ke/news/tv-townhall-meetings/,2026-07-10,7,"The National Syndemic Diseases Control Council (NSDCC) is a State Corporation established under Section 3 of the State Corporations Act, Cap 446, through the National AIDS Control Council Order, 1999 as amended by legal notice number 143 of 2022."
nsdcc,Health,https://nsdcc.go.ke/news/tv-townhall-meetings/,2026-07-10,8,"The Council is mandated to manage the following syndemic diseases; HIV, sexually transmitted infections, malaria, leprosy, tuberculosis and lung disease."
nsdcc,Health,https://nsdcc.go.ke/news/tv-townhall-meetings/,2026-07-10,9,News and Updates
nsdcc,Health,https://nsdcc.go.ke/news/tv-townhall-meetings/,2026-07-10,10,> Health Committee Explores Sustainable Solutions for Kenya’s HIV and Syndemic Disease Response
nsdcc,Health,https://nsdcc.go.ke/news/tv-townhall-meetings/,2026-07-10,11,> 𝐌𝐚𝐚𝐫𝐢𝐟𝐚 𝐇𝐞𝐚𝐥𝐭𝐡 𝐇𝐮𝐛 𝐒𝐞𝐭 𝐭𝐨 𝐄𝐧𝐡𝐚𝐧𝐜𝐞 𝐀𝐜𝐜𝐞𝐬𝐬 𝐭𝐨 𝐇𝐈𝐕 𝐏𝐫𝐞𝐯𝐞𝐧𝐭𝐢𝐨𝐧 𝐈𝐧𝐟𝐨𝐫𝐦𝐚𝐭𝐢𝐨𝐧
nsdcc,Health,https://nsdcc.go.ke/news/tv-townhall-meetings/,2026-07-10,12,> 𝐍𝐒𝐃𝐂𝐂 𝐒𝐭𝐫𝐞𝐧𝐠𝐭𝐡𝐞𝐧𝐬 𝐓𝐫𝐢𝐩𝐥𝐞 𝐓𝐡𝐫𝐞𝐚𝐭 𝐑𝐞𝐬𝐩𝐨𝐧𝐬𝐞 𝐢𝐧 𝐊𝐚𝐤𝐚𝐦𝐞𝐠𝐚 𝐂𝐨𝐮𝐧𝐭𝐲
nsdcc,Health,https://nsdcc.go.ke/news/tv-townhall-meetings/,2026-07-10,13,> 𝐂𝐨𝐦𝐦𝐮𝐧𝐢𝐭𝐲 𝐩𝐚𝐫𝐭𝐧𝐞𝐫𝐬𝐡𝐢𝐩𝐬 𝐫𝐞𝐦𝐚𝐢𝐧 𝐜𝐞𝐧𝐭𝐫𝐚𝐥 𝐭𝐨 𝐞𝐧𝐝𝐢𝐧𝐠 𝐀𝐈𝐃𝐒 𝐚𝐬 𝐚 𝐩𝐮𝐛𝐥𝐢𝐜 𝐡𝐞𝐚𝐥𝐭𝐡 𝐭𝐡𝐫𝐞𝐚𝐭 𝐛𝐲 𝟐𝟎𝟑𝟎
nsdcc,Health,https://nsdcc.go.ke/news/tv-townhall-meetings/,2026-07-10,14,> 𝐍𝐒𝐃𝐂𝐂 𝐁𝐨𝐚𝐫𝐝 𝐑𝐚𝐥𝐥𝐢𝐞𝐬 𝐒𝐚𝐦𝐛𝐮𝐫𝐮 𝐋𝐞𝐚𝐝𝐞𝐫𝐬 𝐚𝐧𝐝 𝐂𝐨𝐦𝐦𝐮𝐧𝐢𝐭𝐢𝐞𝐬 𝐭𝐨 𝐀𝐜𝐜𝐞𝐥𝐞𝐫𝐚𝐭𝐞 𝐀𝐜𝐭𝐢𝐨𝐧 𝐀𝐠𝐚𝐢𝐧𝐬𝐭 𝐭𝐡𝐞 𝐓𝐫𝐢𝐩𝐥𝐞 𝐓𝐡𝐫𝐞𝐚𝐭
nsdcc,Health,https://nsdcc.go.ke/news/tv-townhall-meetings/,2026-07-10,15,"Maktaba Kuu Building, 2nd Floor,"
nsdcc,Health,https://nsdcc.go.ke/news/tv-townhall-meetings/,2026-07-10,16,"Ngong Road, Upperhill"
nsdcc,Health,https://nsdcc.go.ke/news/tv-townhall-meetings/,2026-07-10,17,Email Address for complaints –
nsdcc,Health,https://nsdcc.go.ke/news/tv-townhall-meetings/,2026-07-10,18,Page load link
nsdcc,Health,https://nsdcc.go.ke/news/tv-townhall-meetings/,2026-07-10,19,Go to Top
nsdcc,Health,https://nsdcc.go.ke/campaigns/,2026-07-10,0,Campaigns – National Syndemic Diseases Control Council
nsdcc,Health,https://nsdcc.go.ke/campaigns/,2026-07-10,1,Health and Wellness of Boys & Men
nsdcc,Health,https://nsdcc.go.ke/campaigns/,2026-07-10,2,Engaging boys and men in the HIV response and promoting gender equality in Kenya is crucial for sustainable health outcomes and addressing gender disparities.
nsdcc,Health,https://nsdcc.go.ke/campaigns/,2026-07-10,3,End the Triple Threat Campaign
nsdcc,Health,https://nsdcc.go.ke/campaigns/,2026-07-10,4,"End New HIV infections, Adolescents Pregnancies and Sexual and Gender-Based Violence"
nsdcc,Health,https://nsdcc.go.ke/campaigns/,2026-07-10,5,"G-Jali is a comprehensive digital platform aimed at addressing the critical issues of HIV, Sexual and Reproductive Health (SRH), and other emerging health concerns among adolescents and young people in Kenya."
nsdcc,Health,https://nsdcc.go.ke/campaigns/,2026-07-10,6,"The National Syndemic Diseases Control Council (NSDCC) is a State Corporation established under Section 3 of the State Corporations Act, Cap 446, through the National AIDS Control Council Order, 1999 as amended by legal notice number 143 of 2022."
nsdcc,Health,https://nsdcc.go.ke/campaigns/,2026-07-10,7,"The Council is mandated to manage the following syndemic diseases; HIV, sexually transmitted infections, malaria, leprosy, tuberculosis and lung disease."
nsdcc,Health,https://nsdcc.go.ke/campaigns/,2026-07-10,8,News and Updates
nsdcc,Health,https://nsdcc.go.ke/campaigns/,2026-07-10,9,> Health Committee Explores Sustainable Solutions for Kenya’s HIV and Syndemic Disease Response
nsdcc,Health,https://nsdcc.go.ke/campaigns/,2026-07-10,10,> 𝐌𝐚𝐚𝐫𝐢𝐟𝐚 𝐇𝐞𝐚𝐥𝐭𝐡 𝐇𝐮𝐛 𝐒𝐞𝐭 𝐭𝐨 𝐄𝐧𝐡𝐚𝐧𝐜𝐞 𝐀𝐜𝐜𝐞𝐬𝐬 𝐭𝐨 𝐇𝐈𝐕 𝐏𝐫𝐞𝐯𝐞𝐧𝐭𝐢𝐨𝐧 𝐈𝐧𝐟𝐨𝐫𝐦𝐚𝐭𝐢𝐨𝐧
nsdcc,Health,https://nsdcc.go.ke/campaigns/,2026-07-10,11,> 𝐍𝐒𝐃𝐂𝐂 𝐒𝐭𝐫𝐞𝐧𝐠𝐭𝐡𝐞𝐧𝐬 𝐓𝐫𝐢𝐩𝐥𝐞 𝐓𝐡𝐫𝐞𝐚𝐭 𝐑𝐞𝐬𝐩𝐨𝐧𝐬𝐞 𝐢𝐧 𝐊𝐚𝐤𝐚𝐦𝐞𝐠𝐚 𝐂𝐨𝐮𝐧𝐭𝐲
nsdcc,Health,https://nsdcc.go.ke/campaigns/,2026-07-10,12,> 𝐂𝐨𝐦𝐦𝐮𝐧𝐢𝐭𝐲 𝐩𝐚𝐫𝐭𝐧𝐞𝐫𝐬𝐡𝐢𝐩𝐬 𝐫𝐞𝐦𝐚𝐢𝐧 𝐜𝐞𝐧𝐭𝐫𝐚𝐥 𝐭𝐨 𝐞𝐧𝐝𝐢𝐧𝐠 𝐀𝐈𝐃𝐒 𝐚𝐬 𝐚 𝐩𝐮𝐛𝐥𝐢𝐜 𝐡𝐞𝐚𝐥𝐭𝐡 𝐭𝐡𝐫𝐞𝐚𝐭 𝐛𝐲 𝟐𝟎𝟑𝟎
nsdcc,Health,https://nsdcc.go.ke/campaigns/,2026-07-10,13,> 𝐍𝐒𝐃𝐂𝐂 𝐁𝐨𝐚𝐫𝐝 𝐑𝐚𝐥𝐥𝐢𝐞𝐬 𝐒𝐚𝐦𝐛𝐮𝐫𝐮 𝐋𝐞𝐚𝐝𝐞𝐫𝐬 𝐚𝐧𝐝 𝐂𝐨𝐦𝐦𝐮𝐧𝐢𝐭𝐢𝐞𝐬 𝐭𝐨 𝐀𝐜𝐜𝐞𝐥𝐞𝐫𝐚𝐭𝐞 𝐀𝐜𝐭𝐢𝐨𝐧 𝐀𝐠𝐚𝐢𝐧𝐬𝐭 𝐭𝐡𝐞 𝐓𝐫𝐢𝐩𝐥𝐞 𝐓𝐡𝐫𝐞𝐚𝐭
nsdcc,Health,https://nsdcc.go.ke/campaigns/,2026-07-10,14,"Maktaba Kuu Building, 2nd Floor,"
nsdcc,Health,https://nsdcc.go.ke/campaigns/,2026-07-10,15,"Ngong Road, Upperhill"
nsdcc,Health,https://nsdcc.go.ke/campaigns/,2026-07-10,16,Email Address for complaints –
nsdcc,Health,https://nsdcc.go.ke/campaigns/,2026-07-10,17,Page load link
nsdcc,Health,https://nsdcc.go.ke/campaigns/,2026-07-10,18,Go to Top
nsdcc,Health,https://nsdcc.go.ke/news/,2026-07-10,0,News & Updates – National Syndemic Diseases Control Council
nsdcc,Health,https://nsdcc.go.ke/news/,2026-07-10,1,News & Updates
nsdcc,Health,https://nsdcc.go.ke/news/,2026-07-10,2,Health Committee Explores Sustainable Solutions for Kenya’s HIV and Syndemic Disease Response
nsdcc,Health,https://nsdcc.go.ke/news/,2026-07-10,3,The National Assembly Departmental Committee on Health chaired by Hon.
nsdcc,Health,https://nsdcc.go.ke/news/,2026-07-10,4,𝐌𝐚𝐚𝐫𝐢𝐟𝐚 𝐇𝐞𝐚𝐥𝐭𝐡 𝐇𝐮𝐛 𝐒𝐞𝐭 𝐭𝐨 𝐄𝐧𝐡𝐚𝐧𝐜𝐞 𝐀𝐜𝐜𝐞𝐬𝐬 𝐭𝐨 𝐇𝐈𝐕 𝐏𝐫𝐞𝐯𝐞𝐧𝐭𝐢𝐨𝐧 𝐈𝐧𝐟𝐨𝐫𝐦𝐚𝐭𝐢𝐨𝐧
nsdcc,Health,https://nsdcc.go.ke/news/,2026-07-10,5,"The National Syndemic Diseases Control Council (NSDCC), in collaboration with  [...]"
nsdcc,Health,https://nsdcc.go.ke/news/,2026-07-10,6,𝐍𝐒𝐃𝐂𝐂 𝐒𝐭𝐫𝐞𝐧𝐠𝐭𝐡𝐞𝐧𝐬 𝐓𝐫𝐢𝐩𝐥𝐞 𝐓𝐡𝐫𝐞𝐚𝐭 𝐑𝐞𝐬𝐩𝐨𝐧𝐬𝐞 𝐢𝐧 𝐊𝐚𝐤𝐚𝐦𝐞𝐠𝐚 𝐂𝐨𝐮𝐧𝐭𝐲
nsdcc,Health,https://nsdcc.go.ke/news/,2026-07-10,7,"As part of ongoing efforts to address new HIV infections,  [...]"
nsdcc,Health,https://nsdcc.go.ke/news/,2026-07-10,8,𝐂𝐨𝐦𝐦𝐮𝐧𝐢𝐭𝐲 𝐩𝐚𝐫𝐭𝐧𝐞𝐫𝐬𝐡𝐢𝐩𝐬 𝐫𝐞𝐦𝐚𝐢𝐧 𝐜𝐞𝐧𝐭𝐫𝐚𝐥 𝐭𝐨 𝐞𝐧𝐝𝐢𝐧𝐠 𝐀𝐈𝐃𝐒 𝐚𝐬 𝐚 𝐩𝐮𝐛𝐥𝐢𝐜 𝐡𝐞𝐚𝐥𝐭𝐡 𝐭𝐡𝐫𝐞𝐚𝐭 𝐛𝐲 𝟐𝟎𝟑𝟎
nsdcc,Health,https://nsdcc.go.ke/news/,2026-07-10,9,NSDCC Chief Executive Officer Douglas O.
nsdcc,Health,https://nsdcc.go.ke/news/,2026-07-10,10,Bosire hosted the National  [...]
nsdcc,Health,https://nsdcc.go.ke/news/,2026-07-10,11,𝐍𝐒𝐃𝐂𝐂 𝐁𝐨𝐚𝐫𝐝 𝐑𝐚𝐥𝐥𝐢𝐞𝐬 𝐒𝐚𝐦𝐛𝐮𝐫𝐮 𝐋𝐞𝐚𝐝𝐞𝐫𝐬 𝐚𝐧𝐝 𝐂𝐨𝐦𝐦𝐮𝐧𝐢𝐭𝐢𝐞𝐬 𝐭𝐨 𝐀𝐜𝐜𝐞𝐥𝐞𝐫𝐚𝐭𝐞 𝐀𝐜𝐭𝐢𝐨𝐧 𝐀𝐠𝐚𝐢𝐧𝐬𝐭 𝐭𝐡𝐞 𝐓𝐫𝐢𝐩𝐥𝐞 𝐓𝐡𝐫𝐞𝐚𝐭
nsdcc,Health,https://nsdcc.go.ke/news/,2026-07-10,12,"The National Syndemic Diseases Control Council (NSDCC) Board, led by  [...]"
nsdcc,Health,https://nsdcc.go.ke/news/,2026-07-10,13,𝐇𝐞𝐚𝐥𝐭𝐡 𝐂𝐒 𝐂𝐨𝐦𝐦𝐞𝐧𝐝𝐬 𝐍𝐒𝐃𝐂𝐂’𝐬 𝐋𝐞𝐚𝐝𝐞𝐫𝐬𝐡𝐢𝐩 𝐢𝐧 𝐊𝐞𝐧𝐲𝐚’𝐬 𝐇𝐈𝐕 𝐚𝐧𝐝 𝐒𝐲𝐧𝐝𝐞𝐦𝐢𝐜 𝐑𝐞𝐬𝐩𝐨𝐧𝐬𝐞
nsdcc,Health,https://nsdcc.go.ke/news/,2026-07-10,14,"Cabinet Secretary for Health, Hon."
nsdcc,Health,https://nsdcc.go.ke/news/,2026-07-10,15,"Aden Duale, EGH,  [...]"
nsdcc,Health,https://nsdcc.go.ke/news/,2026-07-10,16,𝐍𝐒𝐃𝐂𝐂 𝐀𝐝𝐯𝐚𝐧𝐜𝐞𝐬 𝐇𝐈𝐕 𝐏𝐫𝐞𝐯𝐞𝐧𝐭𝐢𝐨𝐧 𝐚𝐧𝐝 𝐈𝐧𝐭𝐞𝐠𝐫𝐚𝐭𝐞𝐝 𝐇𝐞𝐚𝐥𝐭𝐡 𝐒𝐞𝐫𝐯𝐢𝐜𝐞𝐬 𝐃𝐮𝐫𝐢𝐧𝐠 𝐀𝐟𝐫𝐢𝐜𝐚 𝐏𝐮𝐛𝐥𝐢𝐜 𝐒𝐞𝐫𝐯𝐢𝐜𝐞 𝐃𝐚𝐲 𝟐𝟎𝟐𝟔
nsdcc,Health,https://nsdcc.go.ke/news/,2026-07-10,17,The National Syndemic Diseases Control Council (NSDCC) joined other public  [...]
nsdcc,Health,https://nsdcc.go.ke/news/,2026-07-10,18,𝐍𝐒𝐃𝐂𝐂 𝐁𝐨𝐚𝐫𝐝 𝐄𝐧𝐠𝐚𝐠𝐞𝐬 𝐊𝐢𝐭𝐮𝐢 𝐋𝐞𝐚𝐝𝐞𝐫𝐬𝐡𝐢𝐩 𝐭𝐨 𝐒𝐭𝐫𝐞𝐧𝐠𝐭𝐡𝐞𝐧 𝐌𝐮𝐥𝐭𝐢𝐬𝐞𝐜𝐭𝐨𝐫𝐚𝐥 𝐇𝐞𝐚𝐥𝐭𝐡 𝐑𝐞𝐬𝐩𝐨𝐧𝐬𝐞
nsdcc,Health,https://nsdcc.go.ke/news/,2026-07-10,19,The National Syndemic Diseases Control Council (NSDCC) Board of  [...]
nsdcc,Health,https://nsdcc.go.ke/news/,2026-07-10,20,𝐉𝐨𝐮𝐫𝐧𝐚𝐥𝐢𝐬𝐭𝐬 𝐑𝐞𝐜𝐨𝐠𝐧𝐢𝐬𝐞𝐝 𝐟𝐨𝐫 𝐒𝐭𝐫𝐞𝐧𝐠𝐭𝐡𝐞𝐧𝐢𝐧𝐠 𝐊𝐞𝐧𝐲𝐚’𝐬 𝐇𝐈𝐕 𝐑𝐞𝐬𝐩𝐨𝐧𝐬𝐞 𝐓𝐡𝐫𝐨𝐮𝐠𝐡 𝐐𝐮𝐚𝐥𝐢𝐭𝐲 𝐑𝐞𝐩𝐨𝐫𝐭𝐢𝐧𝐠
nsdcc,Health,https://nsdcc.go.ke/news/,2026-07-10,21,The role of journalism in advancing Kenya's response to  [...]
nsdcc,Health,https://nsdcc.go.ke/news/,2026-07-10,22,Nyeri Leaders Rally Community Support to End the Triple Threat
nsdcc,Health,https://nsdcc.go.ke/news/,2026-07-10,23,The National Syndemic Diseases Control Council (NSDCC) joined Nyeri Town  [...]
nsdcc,Health,https://nsdcc.go.ke/news/,2026-07-10,24,"The National Syndemic Diseases Control Council (NSDCC) is a State Corporation established under Section 3 of the State Corporations Act, Cap 446, through the National AIDS Control Council Order, 1999 as amended by legal notice number 143 of 2022."
nsdcc,Health,https://nsdcc.go.ke/news/,2026-07-10,25,"The Council is mandated to manage the following syndemic diseases; HIV, sexually transmitted infections, malaria, leprosy, tuberculosis and lung disease."
nsdcc,Health,https://nsdcc.go.ke/news/,2026-07-10,26,News and Updates
nsdcc,Health,https://nsdcc.go.ke/news/,2026-07-10,27,> Health Committee Explores Sustainable Solutions for Kenya’s HIV and Syndemic Disease Response
nsdcc,Health,https://nsdcc.go.ke/news/,2026-07-10,28,> 𝐌𝐚𝐚𝐫𝐢𝐟𝐚 𝐇𝐞𝐚𝐥𝐭𝐡 𝐇𝐮𝐛 𝐒𝐞𝐭 𝐭𝐨 𝐄𝐧𝐡𝐚𝐧𝐜𝐞 𝐀𝐜𝐜𝐞𝐬𝐬 𝐭𝐨 𝐇𝐈𝐕 𝐏𝐫𝐞𝐯𝐞𝐧𝐭𝐢𝐨𝐧 𝐈𝐧𝐟𝐨𝐫𝐦𝐚𝐭𝐢𝐨𝐧
nsdcc,Health,https://nsdcc.go.ke/news/,2026-07-10,29,> 𝐍𝐒𝐃𝐂𝐂 𝐒𝐭𝐫𝐞𝐧𝐠𝐭𝐡𝐞𝐧𝐬 𝐓𝐫𝐢𝐩𝐥𝐞 𝐓𝐡𝐫𝐞𝐚𝐭 𝐑𝐞𝐬𝐩𝐨𝐧𝐬𝐞 𝐢𝐧 𝐊𝐚𝐤𝐚𝐦𝐞𝐠𝐚 𝐂𝐨𝐮𝐧𝐭𝐲
nsdcc,Health,https://nsdcc.go.ke/news/,2026-07-10,30,> 𝐂𝐨𝐦𝐦𝐮𝐧𝐢𝐭𝐲 𝐩𝐚𝐫𝐭𝐧𝐞𝐫𝐬𝐡𝐢𝐩𝐬 𝐫𝐞𝐦𝐚𝐢𝐧 𝐜𝐞𝐧𝐭𝐫𝐚𝐥 𝐭𝐨 𝐞𝐧𝐝𝐢𝐧𝐠 𝐀𝐈𝐃𝐒 𝐚𝐬 𝐚 𝐩𝐮𝐛𝐥𝐢𝐜 𝐡𝐞𝐚𝐥𝐭𝐡 𝐭𝐡𝐫𝐞𝐚𝐭 𝐛𝐲 𝟐𝟎𝟑𝟎
nsdcc,Health,https://nsdcc.go.ke/news/,2026-07-10,31,> 𝐍𝐒𝐃𝐂𝐂 𝐁𝐨𝐚𝐫𝐝 𝐑𝐚𝐥𝐥𝐢𝐞𝐬 𝐒𝐚𝐦𝐛𝐮𝐫𝐮 𝐋𝐞𝐚𝐝𝐞𝐫𝐬 𝐚𝐧𝐝 𝐂𝐨𝐦𝐦𝐮𝐧𝐢𝐭𝐢𝐞𝐬 𝐭𝐨 𝐀𝐜𝐜𝐞𝐥𝐞𝐫𝐚𝐭𝐞 𝐀𝐜𝐭𝐢𝐨𝐧 𝐀𝐠𝐚𝐢𝐧𝐬𝐭 𝐭𝐡𝐞 𝐓𝐫𝐢𝐩𝐥𝐞 𝐓𝐡𝐫𝐞𝐚𝐭
nsdcc,Health,https://nsdcc.go.ke/news/,2026-07-10,32,"Maktaba Kuu Building, 2nd Floor,"
nsdcc,Health,https://nsdcc.go.ke/news/,2026-07-10,33,"Ngong Road, Upperhill"
nsdcc,Health,https://nsdcc.go.ke/news/,2026-07-10,34,Email Address for complaints –
nsdcc,Health,https://nsdcc.go.ke/news/,2026-07-10,35,Page load link
nsdcc,Health,https://nsdcc.go.ke/news/,2026-07-10,36,Go to Top
nsdcc,Health,https://nsdcc.go.ke/health-committee-explores-sustainable-solutions-for-kenyas-hiv-and-syndemic-disease-response/,2026-07-10,0,Health Committee Explores Sustainable Solutions for Kenya’s HIV and Syndemic Disease Response – National Syndemic Diseases Control Council
nsdcc,Health,https://nsdcc.go.ke/health-committee-explores-sustainable-solutions-for-kenyas-hiv-and-syndemic-disease-response/,2026-07-10,1,Health Committee Explores Sustainable Solutions for Kenya’s HIV and Syndemic Disease Response
nsdcc,Health,https://nsdcc.go.ke/health-committee-explores-sustainable-solutions-for-kenyas-hiv-and-syndemic-disease-response/,2026-07-10,2,View Larger Image
nsdcc,Health,https://nsdcc.go.ke/health-committee-explores-sustainable-solutions-for-kenyas-hiv-and-syndemic-disease-response/,2026-07-10,3,The National Assembly Departmental Committee on Health chaired by Hon.
nsdcc,Health,https://nsdcc.go.ke/health-committee-explores-sustainable-solutions-for-kenyas-hiv-and-syndemic-disease-response/,2026-07-10,4,"(Dr.) James Nyikal, MP, visited the National Syndemic Diseases Control Council (NSDCC) for a briefing on Kenya’s coordinated response to HIV and other syndemic diseases."
nsdcc,Health,https://nsdcc.go.ke/health-committee-explores-sustainable-solutions-for-kenyas-hiv-and-syndemic-disease-response/,2026-07-10,5,The Committee was received by NSDCC Board Chairman Hon.
nsdcc,Health,https://nsdcc.go.ke/health-committee-explores-sustainable-solutions-for-kenyas-hiv-and-syndemic-disease-response/,2026-07-10,6,"Ahmed Ibrahim, Board Member Tom Okundi, Chief Executive Officer Douglas O."
nsdcc,Health,https://nsdcc.go.ke/health-committee-explores-sustainable-solutions-for-kenyas-hiv-and-syndemic-disease-response/,2026-07-10,7,"Bosire, and the Council’s Management Team."
nsdcc,Health,https://nsdcc.go.ke/health-committee-explores-sustainable-solutions-for-kenyas-hiv-and-syndemic-disease-response/,2026-07-10,8,"Further, the Members of Parliament reviewed progress in the national response and discussed strategies for strengthening domestic resource mobilization, integrating HIV, tuberculosis, viral hepatitis, mental health, substance use disorders and non-communicable diseases, and advancing the legislative, policy and budgetary measures needed to sustain the response amid declining external funding."
nsdcc,Health,https://nsdcc.go.ke/health-committee-explores-sustainable-solutions-for-kenyas-hiv-and-syndemic-disease-response/,2026-07-10,9,The engagement reaffirmed the critical role of parliamentary oversight and collaboration in sustaining the gains made in Kenya’s HIV response and accelerating progress towards ending HIV and other syndemic diseases as public health threats by 2030.
nsdcc,Health,https://nsdcc.go.ke/health-committee-explores-sustainable-solutions-for-kenyas-hiv-and-syndemic-disease-response/,2026-07-10,10,#NSDCC #HealthCommittee #EndAIDS2030 #SyndemicResponse
nsdcc,Health,https://nsdcc.go.ke/health-committee-explores-sustainable-solutions-for-kenyas-hiv-and-syndemic-disease-response/,2026-07-10,11,About the Author:
nsdcc,Health,https://nsdcc.go.ke/health-committee-explores-sustainable-solutions-for-kenyas-hiv-and-syndemic-disease-response/,2026-07-10,12,𝐌𝐚𝐚𝐫𝐢𝐟𝐚 𝐇𝐞𝐚𝐥𝐭𝐡 𝐇𝐮𝐛 𝐒𝐞𝐭 𝐭𝐨 𝐄𝐧𝐡𝐚𝐧𝐜𝐞 𝐀𝐜𝐜𝐞𝐬𝐬 𝐭𝐨 𝐇𝐈𝐕 𝐏𝐫𝐞𝐯𝐞𝐧𝐭𝐢𝐨𝐧 𝐈𝐧𝐟𝐨𝐫𝐦𝐚𝐭𝐢𝐨𝐧
nsdcc,Health,https://nsdcc.go.ke/health-committee-explores-sustainable-solutions-for-kenyas-hiv-and-syndemic-disease-response/,2026-07-10,13,𝐍𝐒𝐃𝐂𝐂 𝐒𝐭𝐫𝐞𝐧𝐠𝐭𝐡𝐞𝐧𝐬 𝐓𝐫𝐢𝐩𝐥𝐞 𝐓𝐡𝐫𝐞𝐚𝐭 𝐑𝐞𝐬𝐩𝐨𝐧𝐬𝐞 𝐢𝐧 𝐊𝐚𝐤𝐚𝐦𝐞𝐠𝐚 𝐂𝐨𝐮𝐧𝐭𝐲
nsdcc,Health,https://nsdcc.go.ke/health-committee-explores-sustainable-solutions-for-kenyas-hiv-and-syndemic-disease-response/,2026-07-10,14,𝐂𝐨𝐦𝐦𝐮𝐧𝐢𝐭𝐲 𝐩𝐚𝐫𝐭𝐧𝐞𝐫𝐬𝐡𝐢𝐩𝐬 𝐫𝐞𝐦𝐚𝐢𝐧 𝐜𝐞𝐧𝐭𝐫𝐚𝐥 𝐭𝐨 𝐞𝐧𝐝𝐢𝐧𝐠 𝐀𝐈𝐃𝐒 𝐚𝐬 𝐚 𝐩𝐮𝐛𝐥𝐢𝐜 𝐡𝐞𝐚𝐥𝐭𝐡 𝐭𝐡𝐫𝐞𝐚𝐭 𝐛𝐲 𝟐𝟎𝟑𝟎
nsdcc,Health,https://nsdcc.go.ke/health-committee-explores-sustainable-solutions-for-kenyas-hiv-and-syndemic-disease-response/,2026-07-10,15,𝐍𝐒𝐃𝐂𝐂 𝐁𝐨𝐚𝐫𝐝 𝐑𝐚𝐥𝐥𝐢𝐞𝐬 𝐒𝐚𝐦𝐛𝐮𝐫𝐮 𝐋𝐞𝐚𝐝𝐞𝐫𝐬 𝐚𝐧𝐝 𝐂𝐨𝐦𝐦𝐮𝐧𝐢𝐭𝐢𝐞𝐬 𝐭𝐨 𝐀𝐜𝐜𝐞𝐥𝐞𝐫𝐚𝐭𝐞 𝐀𝐜𝐭𝐢𝐨𝐧 𝐀𝐠𝐚𝐢𝐧𝐬𝐭 𝐭𝐡𝐞 𝐓𝐫𝐢𝐩𝐥𝐞 𝐓𝐡𝐫𝐞𝐚𝐭
nsdcc,Health,https://nsdcc.go.ke/health-committee-explores-sustainable-solutions-for-kenyas-hiv-and-syndemic-disease-response/,2026-07-10,16,"The National Syndemic Diseases Control Council (NSDCC) is a State Corporation established under Section 3 of the State Corporations Act, Cap 446, through the National AIDS Control Council Order, 1999 as amended by legal notice number 143 of 2022."
nsdcc,Health,https://nsdcc.go.ke/health-committee-explores-sustainable-solutions-for-kenyas-hiv-and-syndemic-disease-response/,2026-07-10,17,"The Council is mandated to manage the following syndemic diseases; HIV, sexually transmitted infections, malaria, leprosy, tuberculosis and lung disease."
nsdcc,Health,https://nsdcc.go.ke/health-committee-explores-sustainable-solutions-for-kenyas-hiv-and-syndemic-disease-response/,2026-07-10,18,News and Updates
nsdcc,Health,https://nsdcc.go.ke/health-committee-explores-sustainable-solutions-for-kenyas-hiv-and-syndemic-disease-response/,2026-07-10,19,> Health Committee Explores Sustainable Solutions for Kenya’s HIV and Syndemic Disease Response
nsdcc,Health,https://nsdcc.go.ke/health-committee-explores-sustainable-solutions-for-kenyas-hiv-and-syndemic-disease-response/,2026-07-10,20,> 𝐌𝐚𝐚𝐫𝐢𝐟𝐚 𝐇𝐞𝐚𝐥𝐭𝐡 𝐇𝐮𝐛 𝐒𝐞𝐭 𝐭𝐨 𝐄𝐧𝐡𝐚𝐧𝐜𝐞 𝐀𝐜𝐜𝐞𝐬𝐬 𝐭𝐨 𝐇𝐈𝐕 𝐏𝐫𝐞𝐯𝐞𝐧𝐭𝐢𝐨𝐧 𝐈𝐧𝐟𝐨𝐫𝐦𝐚𝐭𝐢𝐨𝐧
nsdcc,Health,https://nsdcc.go.ke/health-committee-explores-sustainable-solutions-for-kenyas-hiv-and-syndemic-disease-response/,2026-07-10,21,> 𝐍𝐒𝐃𝐂𝐂 𝐒𝐭𝐫𝐞𝐧𝐠𝐭𝐡𝐞𝐧𝐬 𝐓𝐫𝐢𝐩𝐥𝐞 𝐓𝐡𝐫𝐞𝐚𝐭 𝐑𝐞𝐬𝐩𝐨𝐧𝐬𝐞 𝐢𝐧 𝐊𝐚𝐤𝐚𝐦𝐞𝐠𝐚 𝐂𝐨𝐮𝐧𝐭𝐲
nsdcc,Health,https://nsdcc.go.ke/health-committee-explores-sustainable-solutions-for-kenyas-hiv-and-syndemic-disease-response/,2026-07-10,22,> 𝐂𝐨𝐦𝐦𝐮𝐧𝐢𝐭𝐲 𝐩𝐚𝐫𝐭𝐧𝐞𝐫𝐬𝐡𝐢𝐩𝐬 𝐫𝐞𝐦𝐚𝐢𝐧 𝐜𝐞𝐧𝐭𝐫𝐚𝐥 𝐭𝐨 𝐞𝐧𝐝𝐢𝐧𝐠 𝐀𝐈𝐃𝐒 𝐚𝐬 𝐚 𝐩𝐮𝐛𝐥𝐢𝐜 𝐡𝐞𝐚𝐥𝐭𝐡 𝐭𝐡𝐫𝐞𝐚𝐭 𝐛𝐲 𝟐𝟎𝟑𝟎
nsdcc,Health,https://nsdcc.go.ke/health-committee-explores-sustainable-solutions-for-kenyas-hiv-and-syndemic-disease-response/,2026-07-10,23,> 𝐍𝐒𝐃𝐂𝐂 𝐁𝐨𝐚𝐫𝐝 𝐑𝐚𝐥𝐥𝐢𝐞𝐬 𝐒𝐚𝐦𝐛𝐮𝐫𝐮 𝐋𝐞𝐚𝐝𝐞𝐫𝐬 𝐚𝐧𝐝 𝐂𝐨𝐦𝐦𝐮𝐧𝐢𝐭𝐢𝐞𝐬 𝐭𝐨 𝐀𝐜𝐜𝐞𝐥𝐞𝐫𝐚𝐭𝐞 𝐀𝐜𝐭𝐢𝐨𝐧 𝐀𝐠𝐚𝐢𝐧𝐬𝐭 𝐭𝐡𝐞 𝐓𝐫𝐢𝐩𝐥𝐞 𝐓𝐡𝐫𝐞𝐚𝐭
nsdcc,Health,https://nsdcc.go.ke/health-committee-explores-sustainable-solutions-for-kenyas-hiv-and-syndemic-disease-response/,2026-07-10,24,"Maktaba Kuu Building, 2nd Floor,"
nsdcc,Health,https://nsdcc.go.ke/health-committee-explores-sustainable-solutions-for-kenyas-hiv-and-syndemic-disease-response/,2026-07-10,25,"Ngong Road, Upperhill"
nsdcc,Health,https://nsdcc.go.ke/health-committee-explores-sustainable-solutions-for-kenyas-hiv-and-syndemic-disease-response/,2026-07-10,26,Email Address for complaints –
nsdcc,Health,https://nsdcc.go.ke/health-committee-explores-sustainable-solutions-for-kenyas-hiv-and-syndemic-disease-response/,2026-07-10,27,Page load link
nsdcc,Health,https://nsdcc.go.ke/health-committee-explores-sustainable-solutions-for-kenyas-hiv-and-syndemic-disease-response/,2026-07-10,28,Go to Top
nacada,Security,https://nacada.go.ke/,2026-07-10,0,Home | NACADA -National Authority for the Campaign Against Alcohol and Drug Abuse
nacada,Security,https://nacada.go.ke/,2026-07-10,1,Skip to main content
nacada,Security,https://nacada.go.ke/,2026-07-10,2,Loving a Drug User or Alcoholic.
nacada,Security,https://nacada.go.ke/,2026-07-10,3,How They Can Get Help
nacada,Security,https://nacada.go.ke/,2026-07-10,4,For a Nation free from Alcohol  and Drug abuse.
nacada,Security,https://nacada.go.ke/,2026-07-10,5,Get the Help You Need
nacada,Security,https://nacada.go.ke/,2026-07-10,6,Sensitization & Training
nacada,Security,https://nacada.go.ke/,2026-07-10,7,Report an Incident
nacada,Security,https://nacada.go.ke/,2026-07-10,8,Get involved Today
nacada,Security,https://nacada.go.ke/,2026-07-10,9,News & Events
nacada,Security,https://nacada.go.ke/,2026-07-10,10,Launch of the Wastewater Analysis to Assess Emerging New Psychoactive Substances and Illicit Drug Use in Kenya
nacada,Security,https://nacada.go.ke/,2026-07-10,11,Call to Apply for Universal Prevention Curriculum Core Course
nacada,Security,https://nacada.go.ke/,2026-07-10,12,Launch of the 2026 National Senior School Essay Writing Competition on Alcohol and Drug Use Prevention
nacada,Security,https://nacada.go.ke/,2026-07-10,13,Looking for treatment?
nacada,Security,https://nacada.go.ke/,2026-07-10,14,Salamah Wellness Centre Ltd.
nacada,Security,https://nacada.go.ke/,2026-07-10,15,"Physical Address – Bulhan, Garissa town"
nacada,Security,https://nacada.go.ke/,2026-07-10,16,Contact person: Bishar Yakub Nuur
nacada,Security,https://nacada.go.ke/,2026-07-10,17,Comfort Care 360 Treatment and Rehabilitation Centre
nacada,Security,https://nacada.go.ke/,2026-07-10,18,Physical Address: Lavington
nacada,Security,https://nacada.go.ke/,2026-07-10,19,Contact Person: Prisca Makena
nacada,Security,https://nacada.go.ke/,2026-07-10,20,Crater of Hope Recovery Centre
nacada,Security,https://nacada.go.ke/,2026-07-10,21,Physical Address: Maili Nne-Busienei Estate off Uganda Road
nacada,Security,https://nacada.go.ke/,2026-07-10,22,Nyota Rehabilitation Centre
nacada,Security,https://nacada.go.ke/,2026-07-10,23,"Physical Address: SOS Village Area, Kapsoya"
nacada,Security,https://nacada.go.ke/,2026-07-10,24,Akili Foundation Wellness Centre
nacada,Security,https://nacada.go.ke/,2026-07-10,25,Physical Address: Itigo Mosoriot Road in Nandi County
nacada,Security,https://nacada.go.ke/,2026-07-10,26,Contact Person: -Wilson Oroni- Centre Administrator
nacada,Security,https://nacada.go.ke/,2026-07-10,27,Qualifications: Masters in Education
nacada,Security,https://nacada.go.ke/,2026-07-10,28,Period of Service at the Facility: 1 Year
nacada,Security,https://nacada.go.ke/,2026-07-10,29,Email Address: info@akilifoundation.org
nacada,Security,https://nacada.go.ke/,2026-07-10,30,Uasin-Gishu County Government Alcohol And Drugs Treatment And Rehabilitation Centre
nacada,Security,https://nacada.go.ke/,2026-07-10,31,Physical Address: Moiben Sub-County Hospital
nacada,Security,https://nacada.go.ke/,2026-07-10,32,Contact Person: Carolyn Cheboi-Centre Administrator
nacada,Security,https://nacada.go.ke/,2026-07-10,33,Email Address: directorugcb@gmail.com
nacada,Security,https://nacada.go.ke/,2026-07-10,34,The Road Back Home: Kenya’s Untold Story of Healing
nacada,Security,https://nacada.go.ke/,2026-07-10,35,Digital Deception: When Social Media Becomes a Drug Pipeline
nacada,Security,https://nacada.go.ke/,2026-07-10,36,"Stephen Mairori, EBS, NACADA Board Chair at the Launch of the Wastewater Analysis report"
nacada,Security,https://nacada.go.ke/,2026-07-10,37,Inspire Someone Today
nacada,Security,https://nacada.go.ke/,2026-07-10,38,Click to Share your story with us
nacada,Security,https://nacada.go.ke/,2026-07-10,39,Wastewater Analysis Report
nacada,Security,https://nacada.go.ke/,2026-07-10,40,NACADA Quarterly Edition No.24 Jan - March 2026
nacada,Security,https://nacada.go.ke/,2026-07-10,41,NACADA Quarterly Edition No.23 October - December 2025
nacada,Security,https://nacada.go.ke/,2026-07-10,42,NACADA Quarterly Edition No.22 July - September 2025
nacada,Security,https://nacada.go.ke/news,2026-07-10,0,News & Events | NACADA -National Authority for the Campaign Against Alcohol and Drug Abuse
nacada,Security,https://nacada.go.ke/news,2026-07-10,1,Skip to main content
nacada,Security,https://nacada.go.ke/news,2026-07-10,2,News & Events
nacada,Security,https://nacada.go.ke/news,2026-07-10,3,Launch of the Wastewater Analysis to Assess Emerging New Psychoactive Substances and Illicit Drug Use in Kenya
nacada,Security,https://nacada.go.ke/news,2026-07-10,4,NACADA launched a report on Wastewater Analysis to Assess Emerging New Psychoactive Substances and Illicit Drug Use i
nacada,Security,https://nacada.go.ke/news,2026-07-10,5,Call to Apply for Universal Prevention Curriculum Core Course
nacada,Security,https://nacada.go.ke/news,2026-07-10,6,Launch of the 2026 National Senior School Essay Writing Competition on Alcohol and Drug Use Prevention
nacada,Security,https://nacada.go.ke/news,2026-07-10,7,The National Authority for the Campaign against Alcohol and Drug Abuse (NACADA) is organizing an essay competition fo
nacada,Security,https://nacada.go.ke/news,2026-07-10,8,Call for Presenters NPW 2026
nacada,Security,https://nacada.go.ke/news,2026-07-10,9,The National Substance use Prevention Week (NPW) annual Prevention summit is the nation’s leading drug demand reducti
nacada,Security,https://nacada.go.ke/news,2026-07-10,10,Registration of Suppliers for FY 2025-2026
nacada,Security,https://nacada.go.ke/news,2026-07-10,11,National Authority for the Campaign Against Alcohol and Drug Abuse (NACADA) invites eligible and interested
nacada,Security,https://nacada.go.ke/news,2026-07-10,12,Apply for UPC 2025 Training (Deadline: 5th September)
nacada,Security,https://nacada.go.ke/publications,2026-07-10,0,Publications | NACADA -National Authority for the Campaign Against Alcohol and Drug Abuse
nacada,Security,https://nacada.go.ke/publications,2026-07-10,1,Skip to main content
nacada,Security,https://nacada.go.ke/publications,2026-07-10,2,Wastewater Analysis Report
nacada,Security,https://nacada.go.ke/publications,2026-07-10,3,NACADA Quarterly Edition No.24 Jan - March 2026
nacada,Security,https://nacada.go.ke/publications,2026-07-10,4,NACADA Quarterly Edition No.23 October - December 2025
nacada,Security,https://nacada.go.ke/publications,2026-07-10,5,NACADA Quarterly Edition No.22 July - September 2025
nacada,Security,https://nacada.go.ke/publications,2026-07-10,6,"National Policy for the Prevention, Management & Control of Alcohol, Drugs & Substance Abuse."
nacada,Security,https://nacada.go.ke/publications,2026-07-10,7,NACADA Quarterly Edition No.21 April - June 2025
nacada,Security,https://nacada.go.ke/publications,2026-07-10,8,NACADA Quarterly - Edition No.20 Jan - March 2025
nacada,Security,https://nacada.go.ke/publications,2026-07-10,9,Community-Based Rehabilitation Framework for Substance Use Disorders
nacada,Security,https://nacada.go.ke/publications,2026-07-10,10,Fact Sheet on Substance Use Disorders
nacada,Security,https://nacada.go.ke/publications,2026-07-10,11,Status of DSU among University Students in Kenya 2024 (Abridged Version)
nacada,Security,https://nacada.go.ke/publications,2026-07-10,12,Status of DSU among University Students in Kenya 2024
nacada,Security,https://nacada.go.ke/publications,2026-07-10,13,NACADA Quarterly Edition No.
nacada,Security,https://nacada.go.ke/publications,2026-07-10,14,19 October - December 2024
nacada,Security,https://nacada.go.ke/road-back-home-kenyas-untold-story-healing,2026-07-10,0,The Road Back Home: Kenya’s Untold Story of Healing | NACADA -National Authority for the Campaign Against Alcohol and Drug Abuse
nacada,Security,https://nacada.go.ke/road-back-home-kenyas-untold-story-healing,2026-07-10,1,Skip to main content
nacada,Security,https://nacada.go.ke/road-back-home-kenyas-untold-story-healing,2026-07-10,2,The Road Back Home: Kenya’s Untold Story of Healing
nacada,Security,https://nacada.go.ke/digital-deception-when-social-media-becomes-drug-pipeline,2026-07-10,0,Digital Deception: When Social Media Becomes a Drug Pipeline | NACADA -National Authority for the Campaign Against Alcohol and Drug Abuse
nacada,Security,https://nacada.go.ke/digital-deception-when-social-media-becomes-drug-pipeline,2026-07-10,1,Skip to main content
nacada,Security,https://nacada.go.ke/digital-deception-when-social-media-becomes-drug-pipeline,2026-07-10,2,Digital Deception: When Social Media Becomes a Drug Pipeline
krcs,Mixed,https://redcross.or.ke/,2026-07-10,0,Kenya Red Cross – Always There
krcs,Mixed,https://redcross.or.ke/,2026-07-10,1,"Severe drought continues to affect Kenya’s Arid and Semi-Arid Lands (ASAL), leaving more than 2.12 million people facing acute food insecurity."
krcs,Mixed,https://redcross.or.ke/,2026-07-10,2,"Malnutrition rates are rising, particularly among children under five and pregnant and lactating women."
krcs,Mixed,https://redcross.or.ke/,2026-07-10,3,"Despite worsening conditions and increasing humanitarian needs, the"
krcs,Mixed,https://redcross.or.ke/,2026-07-10,4,Kenya Red Cross Society
krcs,Mixed,https://redcross.or.ke/,2026-07-10,5,is providing life-saving assistance to the most affected counties.
krcs,Mixed,https://redcross.or.ke/,2026-07-10,6,JOIN US TODAY
krcs,Mixed,https://redcross.or.ke/,2026-07-10,7,Kenya Red Cross Volunteer
krcs,Mixed,https://redcross.or.ke/,2026-07-10,8,Help us to support families and communities affected by armed conflict or by natural disasters in conflict regions all over the world
krcs,Mixed,https://redcross.or.ke/,2026-07-10,9,"Flooding across Kenya continues to take a devastating toll, Kenya Red Cross Society is tracking the impacts of flooding across 39 counties as of May 2026."
krcs,Mixed,https://redcross.or.ke/,2026-07-10,10,Response teams have been mobilized on the ground to reach the most affected communities.
krcs,Mixed,https://redcross.or.ke/,2026-07-10,11,Over 26 million early warning SMS alerts have been dispatched to at-risk communities across the country.
krcs,Mixed,https://redcross.or.ke/,2026-07-10,12,"Currently, over 60,000 households have been affected across the country and more than 12,700 have been displaced."
krcs,Mixed,https://redcross.or.ke/,2026-07-10,13,We are guided by
krcs,Mixed,https://redcross.or.ke/,2026-07-10,14,The Kenya Red Cross Society is guided by these 7 fundamental principles of the Red Cross Red Crescent Movement:
krcs,Mixed,https://redcross.or.ke/,2026-07-10,15,"The department provides immediate relief to affected populations to save lives, protect livelihoods, and strengthen recovery from disasters and crises"
krcs,Mixed,https://redcross.or.ke/,2026-07-10,16,"The health department embraces the integration approach to ensure affordable, accessible and equitable community-based health care."
krcs,Mixed,https://redcross.or.ke/,2026-07-10,17,"In a bid to promote youth-led volunteerism and sustainable action, the department has created You-Red spaces, that are open to all young people interested in…"
krcs,Mixed,https://redcross.or.ke/,2026-07-10,18,National Society Development
krcs,Mixed,https://redcross.or.ke/,2026-07-10,19,"Organizational Development focuses on the capacity of KRCS to adequetely perform its mandate, this includes branches and volunteers."
krcs,Mixed,https://redcross.or.ke/,2026-07-10,20,Kenya Red Cross has special programmes that cater for special needs of vunerable communities accross the country.
krcs,Mixed,https://redcross.or.ke/,2026-07-10,21,Explore all the Other Programs by KRCS
krcs,Mixed,https://redcross.or.ke/,2026-07-10,22,Join Kenya Red Cross
krcs,Mixed,https://redcross.or.ke/,2026-07-10,23,"A volunteer is anyone willing to offer their time, skills or resources to support our humanitarian work"
krcs,Mixed,https://redcross.or.ke/,2026-07-10,24,A member is one who has duly paid the stipulated KRCS membership fees.
krcs,Mixed,https://redcross.or.ke/,2026-07-10,25,KRCS Members have distinct functions and priviledges
krcs,Mixed,https://redcross.or.ke/,2026-07-10,26,Beneficiaries Supported Annually
krcs,Mixed,https://redcross.or.ke/,2026-07-10,27,Members and Volunteers
krcs,Mixed,https://redcross.or.ke/,2026-07-10,28,Supporters | Donors | Wellwishers
krcs,Mixed,https://redcross.or.ke/,2026-07-10,29,Celebrating Our Achievements
krcs,Mixed,https://redcross.or.ke/,2026-07-10,30,Accreditations & Awards
krcs,Mixed,https://redcross.or.ke/,2026-07-10,31,HAVE A CONCERN?
krcs,Mixed,https://redcross.or.ke/,2026-07-10,32,When Waters Rise
krcs,Mixed,https://redcross.or.ke/,2026-07-10,33,The Cost of Drought in Turkana
krcs,Mixed,https://redcross.or.ke/,2026-07-10,34,How Tana River Communities Take Action: Preparing Early for Droughts and Floods
krcs,Mixed,https://redcross.or.ke/,2026-07-10,35,Water for Dignity: A Nation’s Story of Resilience
krcs,Mixed,https://redcross.or.ke/,2026-07-10,36,From Tradition to Transition: A Community Rewriting Harmful Norms
krcs,Mixed,https://redcross.or.ke/,2026-07-10,37,Rainwater Tanks Bring Clean Water to Lamu School
krcs,Mixed,https://redcross.or.ke/,2026-07-10,38,"Kenya Red Cross Society is a humanitarian relief organization, created through an act of parliament CAP256 of the laws of Kenya"
krcs,Mixed,https://redcross.or.ke/,2026-07-10,39,We are auxiliary to the National and County Governments and work to alleviate human suffering and preserve life and human dignity.
krcs,Mixed,https://redcross.or.ke/,2026-07-10,40,"South C (Bellevue), Red Cross Road, off Popo Road"
krcs,Mixed,https://redcross.or.ke/programmes/health/,2026-07-10,0,Health – Kenya Red Cross
krcs,Mixed,https://redcross.or.ke/programmes/health/,2026-07-10,1,"Health, Nutrition and Social Services"
krcs,Mixed,https://redcross.or.ke/programmes/health/,2026-07-10,2,"The Health and Social Services (HSS) department embraces the integration approach to ensure affordable, accessible and equitable community-based health care."
krcs,Mixed,https://redcross.or.ke/programmes/health/,2026-07-10,3,"The interventions are anchored to the KCRS 2016-2020 strategic plan, the National Health Sector Strategy III, Vision 2030(the social pillar) and Sustainable Development Goals."
krcs,Mixed,https://redcross.or.ke/programmes/health/,2026-07-10,4,Public Health in Emergencies
krcs,Mixed,https://redcross.or.ke/programmes/health/,2026-07-10,5,"The Health, Nutrition, and Social Services (HSS) Department Focuses on primary health…"
krcs,Mixed,https://redcross.or.ke/programmes/health/,2026-07-10,6,Global Fund Program
krcs,Mixed,https://redcross.or.ke/programmes/health/,2026-07-10,7,Do you have dream to expand your business globally?
krcs,Mixed,https://redcross.or.ke/programmes/health/,2026-07-10,8,we are providing…
krcs,Mixed,https://redcross.or.ke/programmes/health/,2026-07-10,9,We are providing growth consultancies & financial services for companies who want…
krcs,Mixed,https://redcross.or.ke/programmes/health/,2026-07-10,10,PR and Communications
krcs,Mixed,https://redcross.or.ke/programmes/health/,2026-07-10,11,No one can deny the importance of digital marketing now a days…
krcs,Mixed,https://redcross.or.ke/programmes/health/,2026-07-10,12,"Kenya Red Cross Society is a humanitarian relief organization, created through an act of parliament CAP256 of the laws of Kenya"
krcs,Mixed,https://redcross.or.ke/programmes/health/,2026-07-10,13,We are auxiliary to the National and County Governments and work to alleviate human suffering and preserve life and human dignity.
krcs,Mixed,https://redcross.or.ke/programmes/health/,2026-07-10,14,"South C (Bellevue), Red Cross Road, off Popo Road"
krcs,Mixed,https://redcross.or.ke/service/public-health-emergencies/,2026-07-10,0,Public Health in Emergencies – Kenya Red Cross
krcs,Mixed,https://redcross.or.ke/service/public-health-emergencies/,2026-07-10,1,Public Health in Emergencies
krcs,Mixed,https://redcross.or.ke/service/public-health-emergencies/,2026-07-10,2,Health and Social Services
krcs,Mixed,https://redcross.or.ke/service/public-health-emergencies/,2026-07-10,3,EMAIL FOR PARTNERSHIP
krcs,Mixed,https://redcross.or.ke/service/public-health-emergencies/,2026-07-10,4,"The Health, Nutrition, and Social Services (HSS) Department Focuses on primary health care; the most efficient and cost-effective way to achieve universal health coverage through a gender-responsive, protective, and inclusive lens."
krcs,Mixed,https://redcross.or.ke/service/public-health-emergencies/,2026-07-10,5,Key Thematic Areas
krcs,Mixed,https://redcross.or.ke/service/public-health-emergencies/,2026-07-10,6,Our work in emergencies is focused on two thematic areas;
krcs,Mixed,https://redcross.or.ke/service/public-health-emergencies/,2026-07-10,7,Primary Health Care for Refugees and Host communities; running health facilities for primary health care services with minimal secondary services in Kalobeyei (part of larger Kakuma) and IFO (Dadaab).
krcs,Mixed,https://redcross.or.ke/service/public-health-emergencies/,2026-07-10,8,Community Epidemic and Pandemic Preparedness especially on disease outbreaks.
krcs,Mixed,https://redcross.or.ke/service/public-health-emergencies/,2026-07-10,9,The society has been a champion of One Health and supported capacity at the community level but also enhanced collaboration with counties monitored through a community-based health information system (CBHIS).
krcs,Mixed,https://redcross.or.ke/service/public-health-emergencies/,2026-07-10,10,"Within the organisation's national preparedness plan, KRCS has effectively responded to human and animal disease outbreaks including Cholera, Rift Valley Fever, Yellow Fever, and Kala-azar (Leishmaniasis)."
krcs,Mixed,https://redcross.or.ke/service/public-health-emergencies/,2026-07-10,11,We understand the importance of approaching each work integrally and believe in the power of simple..
krcs,Mixed,https://redcross.or.ke/service/public-health-emergencies/,2026-07-10,12,Surveillance and Response
krcs,Mixed,https://redcross.or.ke/service/public-health-emergencies/,2026-07-10,13,"Design studio founded in London and expanded our services, and become a multinational firm."
krcs,Mixed,https://redcross.or.ke/service/public-health-emergencies/,2026-07-10,14,"Increase social reach and productivity with our App Directory, a collection of famous applications."
krcs,Mixed,https://redcross.or.ke/service/public-health-emergencies/,2026-07-10,15,"Don’t worry about any thing, our security experts will install your new system, activate it."
krcs,Mixed,https://redcross.or.ke/service/public-health-emergencies/,2026-07-10,16,Rounding up a bunch of specific designs & talking about the merits of each is perfect way.
krcs,Mixed,https://redcross.or.ke/service/public-health-emergencies/,2026-07-10,17,Helping families live intelligently means we’re always working to bring our customers the latest technology.
krcs,Mixed,https://redcross.or.ke/service/public-health-emergencies/,2026-07-10,18,When Waters Rise
krcs,Mixed,https://redcross.or.ke/service/public-health-emergencies/,2026-07-10,19,The Cost of Drought in Turkana
krcs,Mixed,https://redcross.or.ke/service/public-health-emergencies/,2026-07-10,20,How Tana River Communities Take Action: Preparing Early for Droughts and Floods
krcs,Mixed,https://redcross.or.ke/service/public-health-emergencies/,2026-07-10,21,Water for Dignity: A Nation’s Story of Resilience
krcs,Mixed,https://redcross.or.ke/service/public-health-emergencies/,2026-07-10,22,From Tradition to Transition: A Community Rewriting Harmful Norms
krcs,Mixed,https://redcross.or.ke/service/public-health-emergencies/,2026-07-10,23,Rainwater Tanks Bring Clean Water to Lamu School
krcs,Mixed,https://redcross.or.ke/service/public-health-emergencies/,2026-07-10,24,"Kenya Red Cross Society is a humanitarian relief organization, created through an act of parliament CAP256 of the laws of Kenya"
krcs,Mixed,https://redcross.or.ke/service/public-health-emergencies/,2026-07-10,25,We are auxiliary to the National and County Governments and work to alleviate human suffering and preserve life and human dignity.
krcs,Mixed,https://redcross.or.ke/service/public-health-emergencies/,2026-07-10,26,"South C (Bellevue), Red Cross Road, off Popo Road"
krcs,Mixed,https://redcross.or.ke/publications/,2026-07-10,0,Publications – Kenya Red Cross
krcs,Mixed,https://redcross.or.ke/publications/,2026-07-10,1,2025 Annual Report: Marking 60 Years of Service
krcs,Mixed,https://redcross.or.ke/publications/,2026-07-10,2,"Annual Report 2024 – Growth, Collaboration and Community Engagement"
krcs,Mixed,https://redcross.or.ke/publications/,2026-07-10,3,Annual Report 2020 – Responding to the Covid -19 Pandemic
krcs,Mixed,https://redcross.or.ke/publications/,2026-07-10,4,"Kenya Red Cross Society is a humanitarian relief organization, created through an act of parliament CAP256 of the laws of Kenya"
krcs,Mixed,https://redcross.or.ke/publications/,2026-07-10,5,We are auxiliary to the National and County Governments and work to alleviate human suffering and preserve life and human dignity.
krcs,Mixed,https://redcross.or.ke/publications/,2026-07-10,6,"South C (Bellevue), Red Cross Road, off Popo Road"
krcs,Mixed,https://redcross.or.ke/publications/?publicationField=Strategic%20Plan,2026-07-10,0,Publications – Kenya Red Cross
krcs,Mixed,https://redcross.or.ke/publications/?publicationField=Strategic%20Plan,2026-07-10,1,2025 Annual Report: Marking 60 Years of Service
krcs,Mixed,https://redcross.or.ke/publications/?publicationField=Strategic%20Plan,2026-07-10,2,"Annual Report 2024 – Growth, Collaboration and Community Engagement"
krcs,Mixed,https://redcross.or.ke/publications/?publicationField=Strategic%20Plan,2026-07-10,3,Annual Report 2020 – Responding to the Covid -19 Pandemic
krcs,Mixed,https://redcross.or.ke/publications/?publicationField=Strategic%20Plan,2026-07-10,4,"Kenya Red Cross Society is a humanitarian relief organization, created through an act of parliament CAP256 of the laws of Kenya"
krcs,Mixed,https://redcross.or.ke/publications/?publicationField=Strategic%20Plan,2026-07-10,5,We are auxiliary to the National and County Governments and work to alleviate human suffering and preserve life and human dignity.
krcs,Mixed,https://redcross.or.ke/publications/?publicationField=Strategic%20Plan,2026-07-10,6,"South C (Bellevue), Red Cross Road, off Popo Road"
krcs,Mixed,https://redcross.or.ke/publications/?publicationField=Annual%20Report,2026-07-10,0,Publications – Kenya Red Cross
krcs,Mixed,https://redcross.or.ke/publications/?publicationField=Annual%20Report,2026-07-10,1,2025 Annual Report: Marking 60 Years of Service
krcs,Mixed,https://redcross.or.ke/publications/?publicationField=Annual%20Report,2026-07-10,2,"Annual Report 2024 – Growth, Collaboration and Community Engagement"
krcs,Mixed,https://redcross.or.ke/publications/?publicationField=Annual%20Report,2026-07-10,3,Annual Report 2020 – Responding to the Covid -19 Pandemic
krcs,Mixed,https://redcross.or.ke/publications/?publicationField=Annual%20Report,2026-07-10,4,"Kenya Red Cross Society is a humanitarian relief organization, created through an act of parliament CAP256 of the laws of Kenya"
krcs,Mixed,https://redcross.or.ke/publications/?publicationField=Annual%20Report,2026-07-10,5,We are auxiliary to the National and County Governments and work to alleviate human suffering and preserve life and human dignity.
krcs,Mixed,https://redcross.or.ke/publications/?publicationField=Annual%20Report,2026-07-10,6,"South C (Bellevue), Red Cross Road, off Popo Road"
krcs,Mixed,https://redcross.or.ke/publications/?publicationField=ReachOut%20Magazine,2026-07-10,0,Publications – Kenya Red Cross
krcs,Mixed,https://redcross.or.ke/publications/?publicationField=ReachOut%20Magazine,2026-07-10,1,2025 Annual Report: Marking 60 Years of Service
krcs,Mixed,https://redcross.or.ke/publications/?publicationField=ReachOut%20Magazine,2026-07-10,2,"Annual Report 2024 – Growth, Collaboration and Community Engagement"
krcs,Mixed,https://redcross.or.ke/publications/?publicationField=ReachOut%20Magazine,2026-07-10,3,Annual Report 2020 – Responding to the Covid -19 Pandemic
krcs,Mixed,https://redcross.or.ke/publications/?publicationField=ReachOut%20Magazine,2026-07-10,4,"Kenya Red Cross Society is a humanitarian relief organization, created through an act of parliament CAP256 of the laws of Kenya"
krcs,Mixed,https://redcross.or.ke/publications/?publicationField=ReachOut%20Magazine,2026-07-10,5,We are auxiliary to the National and County Governments and work to alleviate human suffering and preserve life and human dignity.
krcs,Mixed,https://redcross.or.ke/publications/?publicationField=ReachOut%20Magazine,2026-07-10,6,"South C (Bellevue), Red Cross Road, off Popo Road"
who_kenya,Health,https://www.afro.who.int/countries/kenya,2026-07-10,0,Kenya | WHO | Regional Office for Africa
who_kenya,Health,https://www.afro.who.int/countries/kenya,2026-07-10,1,Skip to main content
who_kenya,Health,https://www.afro.who.int/countries/kenya,2026-07-10,2,Disease outbreak - Cholera - Kenya - 11 December 2017
who_kenya,Health,https://www.afro.who.int/countries/kenya,2026-07-10,3,Disease outbreak - Cholera - Kenya - 21 July 2017
who_kenya,Health,https://www.afro.who.int/countries/kenya,2026-07-10,4,Read All News
who_kenya,Health,https://www.afro.who.int/countries/kenya,2026-07-10,5,WHO and Kenya hand over theatre beds and cancer equipment to strengthen maternal and women's health services
who_kenya,Health,https://www.afro.who.int/countries/kenya,2026-07-10,6,WHO and Kenya hand over theatre beds and cancer equipment to strengthen maternal and women's health...
who_kenya,Health,https://www.afro.who.int/countries/kenya,2026-07-10,7,Mobile health services in Kenya reduce the risk of stillbirths
who_kenya,Health,https://www.afro.who.int/countries/kenya,2026-07-10,8,"Over 12,000 Kenyan farmers leave tobacco behind"
who_kenya,Health,https://www.afro.who.int/countries/kenya,2026-07-10,9,Behind the scenes of Ebola disease outbreak response
who_kenya,Health,https://www.afro.who.int/countries/kenya,2026-07-10,10,Data & Statistics
who_kenya,Health,https://www.afro.who.int/countries/kenya,2026-07-10,11,Total population (2023)
who_kenya,Health,https://www.afro.who.int/countries/kenya,2026-07-10,12,Life expectancy at birth (2019)
who_kenya,Health,https://www.afro.who.int/countries/kenya,2026-07-10,13,Under-five mortality rate per 1000 live births (2022)
who_kenya,Health,https://www.afro.who.int/countries/kenya,2026-07-10,14,Neonatal Mortality Rate per 1000 live births (2021)
who_kenya,Health,https://www.afro.who.int/countries/kenya,2026-07-10,15,Health facility density per 10 000 population (2023)
who_kenya,Health,https://www.afro.who.int/countries/kenya,2026-07-10,16,Health worker density per 10 000 population (2021)
who_kenya,Health,https://www.afro.who.int/countries/kenya,2026-07-10,17,National budget allocated to health (2025)
who_kenya,Health,https://www.afro.who.int/countries/kenya,2026-07-10,18,Current health expenditure as % of GDP (2021)
who_kenya,Health,https://www.afro.who.int/countries/kenya,2026-07-10,19,Country Health Topics
who_kenya,Health,https://www.afro.who.int/countries/kenya,2026-07-10,20,Kenya is a lower-middle-income country with an estimated population of over 54 million people.
who_kenya,Health,https://www.afro.who.int/countries/kenya,2026-07-10,21,"The country operates a devolved health system across 47 counties, with the national government responsible for health policy and county governments managing service delivery."
who_kenya,Health,https://www.afro.who.int/countries/kenya,2026-07-10,22,"Kenya has made significant strides in improving health outcomes over the past two decades, though substantial challenges remain in achieving Universal Health Coverage (UHC) and addressing persistent health inequities between regions and populations."
who_kenya,Health,https://www.afro.who.int/countries/kenya,2026-07-10,23,"WHO Kenya works through three strategic clusters; (1) Health Promotion, Disease Prevention and Control, (2) Health Emergencies, and (3) Health Systems and Services, to support the Government of Kenya in building resilient health systems and advancing toward UHC."
who_kenya,Health,https://www.afro.who.int/countries/kenya,2026-07-10,24,There is no Additional Information at this time
who_kenya,Health,https://www.afro.who.int/countries/kenya,2026-07-10,25,View all Publications
who_kenya,Health,https://www.afro.who.int/countries/kenya,2026-07-10,26,Kenya Health Products and Technologies Local Manufacturing Strategy 2026–2030
who_kenya,Health,https://www.afro.who.int/countries/kenya,2026-07-10,27,WHO Kenya Newsletter | June 2026
who_kenya,Health,https://www.afro.who.int/countries/kenya,2026-07-10,28,The Kenya Every Woman Every Newborn Everywhere (EWENE) Acceleration Plan | 2026-2028
who_kenya,Health,https://www.afro.who.int/countries/kenya,2026-07-10,29,Kenya Weekly Situation Report 2026
who_kenya,Health,https://www.afro.who.int/countries/kenya,2026-07-10,30,View all Multimedia
who_kenya,Health,https://www.afro.who.int/countries/kenya,2026-07-10,31,Strengthening Women's Cancer Care Through Integrated Screening in Kenya
who_kenya,Health,https://www.afro.who.int/countries/kenya,2026-07-10,32,Kenya broadens sexual and reproductive health services for hard-to-reach communities
who_kenya,Health,https://www.afro.who.int/countries/kenya,2026-07-10,33,Kenya Office Contact
who_kenya,Health,https://www.afro.who.int/countries/kenya,2026-07-10,34,The WHO acting Representative to Kenya is
who_kenya,Health,https://www.afro.who.int/countries/kenya,2026-07-10,35,Dr Neema Rusibamayila Kimambo.
who_kenya,Health,https://www.afro.who.int/countries/kenya,2026-07-10,36,United Nations Complex in Gigiri
who_kenya,Health,https://www.afro.who.int/countries/kenya,2026-07-10,37,Block-P Ground Floor
who_kenya,Health,https://www.afro.who.int/countries/kenya/news,2026-07-10,0,News | WHO | Regional Office for Africa
who_kenya,Health,https://www.afro.who.int/countries/kenya/news,2026-07-10,1,Skip to main content
who_kenya,Health,https://www.afro.who.int/countries/kenya/news,2026-07-10,2,WHO and Kenya hand over theatre beds and cancer equipment to strengthen maternal and...
who_kenya,Health,https://www.afro.who.int/countries/kenya/news,2026-07-10,3,"Kenya's Ministry of Health and the World Health Organization (WHO) handed over 108 electric obstetric theatre beds and a package of women's cancer screening and management equipment at Kenyatta National Hospital on 9 June 2026, in a move intended to strengthen the country's capacity to manage obstetric emergencies and expand access to cervical and breast cancer services."
who_kenya,Health,https://www.afro.who.int/countries/kenya/news,2026-07-10,4,Mobile health services in Kenya reduce the risk of stillbirths
who_kenya,Health,https://www.afro.who.int/countries/kenya/news,2026-07-10,5,"Samburu County, Kenya -"
who_kenya,Health,https://www.afro.who.int/countries/kenya/news,2026-07-10,6,"In Lolmolong village, in Samburu County in northern Kenya, Neshoo Leaungokiok laboured through the night, far from the nearest health facility."
who_kenya,Health,https://www.afro.who.int/countries/kenya/news,2026-07-10,7,"With no transport available and a six-hour journey on foot to reach care, she had no choice but to give birth at home, assisted only by a traditional birth attendant."
who_kenya,Health,https://www.afro.who.int/countries/kenya/news,2026-07-10,8,"In this remote part of Kenya, long distances, difficult terrain and insecurity continue to limit access to skilled care during childbirth, placing mothers and newborns at significant risk."
who_kenya,Health,https://www.afro.who.int/countries/kenya/news,2026-07-10,9,"But this time, help arrived."
who_kenya,Health,https://www.afro.who.int/countries/kenya/news,2026-07-10,10,"Over 12,000 Kenyan farmers leave tobacco behind"
who_kenya,Health,https://www.afro.who.int/countries/kenya/news,2026-07-10,11,"In the farmlands of easter and western Kenya, tobacco farmers are gathering for meetings to discuss a different way forward."
who_kenya,Health,https://www.afro.who.int/countries/kenya/news,2026-07-10,12,"Sitting together across four counties, they learn about the benefits of growing nutritious food crops instead of tobacco and share their experiences of the toll tobacco farming has taken on their health, their children and their land."
who_kenya,Health,https://www.afro.who.int/countries/kenya/news,2026-07-10,13,Behind the scenes of Ebola disease outbreak response
who_kenya,Health,https://www.afro.who.int/countries/kenya/news,2026-07-10,14,"Fifty-year-old Milton Oloo has worked as a cargo loading agent at Jomo Kenyatta International Airport in Nairobi, Kenya for the last 30 years."
who_kenya,Health,https://www.afro.who.int/countries/kenya/news,2026-07-10,15,"Although he handles several tonnes of cargo daily, every now and again a memorable load comes his way."
who_kenya,Health,https://www.afro.who.int/countries/kenya/news,2026-07-10,16,"It was the case with the shipment of cargo from World Health Organization (WHO)’s Emergency Preparedness and Response hub in Nairobi, Kenya, on 20 May 2026."
who_kenya,Health,https://www.afro.who.int/countries/kenya/news,2026-07-10,17,The Elders laud WHO public health emergency response efforts
who_kenya,Health,https://www.afro.who.int/countries/kenya/news,2026-07-10,18,"Countries in the African region faced more than 140 health emergencies in 2025, ranging from infectious disease outbreaks to climate-related shocks and humanitarian crises."
who_kenya,Health,https://www.afro.who.int/countries/kenya/news,2026-07-10,19,"World Health Organization (WHO)’s regional Emergency Preparedness and Response Hub in Nairobi, Kenya, plays a critical role in preparing for and responding to these health emergencies, providing operational support and logistics, storing and distributing medical supplies and equipment, and facilitating rapid response."
who_kenya,Health,https://www.afro.who.int/countries/kenya/news,2026-07-10,20,Strengthening clinical care for high-consequence infectious diseases in East Africa
who_kenya,Health,https://www.afro.who.int/countries/kenya/news,2026-07-10,21,"Nairobi - Following successive Ebola and Marburg outbreaks across East Africa, countries are shifting how preparedness is defined, placing greater emphasis on the quality of clinical care delivered to patients."
who_kenya,Health,https://www.afro.who.int/countries/kenya/news,2026-07-10,22,WHO and Aga Khan University partnership to strengthen women's cancer services in Afr...
who_kenya,Health,https://www.afro.who.int/countries/kenya/news,2026-07-10,23,"The World Health Organization (WHO) and Aga Khan University-Kenya (AKU) today launched a new partnership to accelerate the fight against breast and cervical cancer, the two leading cancers claiming women's lives in Africa."
who_kenya,Health,https://www.afro.who.int/countries/kenya/news,2026-07-10,24,Welcome to Nairobi - let’s build together at World Health Summit Regional Meeting 20...
who_kenya,Health,https://www.afro.who.int/countries/kenya/news,2026-07-10,25,"World Health Organization (WHO) is poised to be a significant presence at the upcoming World Health Summit (WHS) Regional Meeting 2026 in Nairobi, Kenya."
who_kenya,Health,https://www.afro.who.int/countries/kenya/news,2026-07-10,26,"For the first time at either a global or regional level, WHO is co-organizing a meeting with the World Health Summit."
who_kenya,Health,https://www.afro.who.int/countries/kenya/news,2026-07-10,27,"This initiative has been spearheaded by WHO in the African region and is the result of an innovative partnership with WHS and Aga Khan University, Kenya."
who_kenya,Health,https://www.afro.who.int/countries/kenya/news,2026-07-10,28,How Kenya's health system is responding to devastating floods
who_kenya,Health,https://www.afro.who.int/countries/kenya/news,2026-07-10,29,Catherine Kemuto had no warning when the floodwaters came.
who_kenya,Health,https://www.afro.who.int/countries/kenya/news,2026-07-10,30,"The 32-year-old mother of five from Gatwekera in Kibera sub-county, Nairobi County, returned home to find everything submerged, including her children's vaccination records."
who_kenya,Health,https://www.afro.who.int/countries/kenya/news,2026-07-10,31,"A week of displacement left her children ill, and access to safe water remained a struggle long after the floods receded."
who_kenya,Health,https://www.afro.who.int/countries/kenya/news,2026-07-10,32,Kenya launches 5-year health security plan to strengthen health emergency readiness
who_kenya,Health,https://www.afro.who.int/countries/kenya/news,2026-07-10,33,"Nairobi- Kenya has launched its Second National Action Plan for Health Security 2026–2030, marking a significant step toward strengthening the country’s ability to prevent, detect, and respond to public health threats."
who_kenya,Health,https://www.afro.who.int/countries/kenya/multimedia,2026-07-10,0,Media Centre | WHO | Regional Office for Africa
who_kenya,Health,https://www.afro.who.int/countries/kenya/multimedia,2026-07-10,1,Skip to main content
who_kenya,Health,https://www.afro.who.int/countries/kenya/multimedia,2026-07-10,2,There are no multimedia items at this time.
who_kenya,Health,https://www.afro.who.int/countries/35/health-topics,2026-07-10,0,Health topics | WHO | Regional Office for Africa
who_kenya,Health,https://www.afro.who.int/countries/35/health-topics,2026-07-10,1,Skip to main content
who_kenya,Health,https://www.afro.who.int/countries/35/health-topics,2026-07-10,2,Kenya Health topics
who_kenya,Health,https://www.afro.who.int/countries/35/health-topics,2026-07-10,3,Health Topics (Kenya)
who_kenya,Health,https://www.afro.who.int/countries/35/health-topics,2026-07-10,4,Kenya: Country health profile
who_kenya,Health,https://www.afro.who.int/countries/35/health-topics,2026-07-10,5,Kenya is a lower-middle-income country with an estimated population of over 54 million people.
who_kenya,Health,https://www.afro.who.int/countries/35/health-topics,2026-07-10,6,"The country operates a devolved health system across 47 counties, with the national government responsible for health policy and county governments managing service delivery."
who_kenya,Health,https://www.afro.who.int/countries/35/health-topics,2026-07-10,7,"Kenya has made significant strides in improving health outcomes over the past two decades, though substantial challenges remain in achieving Universal Health Coverage (UHC) and addressing persistent health inequities between regions and populations."
who_kenya,Health,https://www.afro.who.int/countries/35/health-topics,2026-07-10,8,"WHO Kenya works through three strategic clusters; (1) Health Promotion, Disease Prevention and Control, (2) Health Emergencies, and (3) Health Systems and Services, to support the Government of Kenya in building resilient health systems and advancing toward UHC."
who_kenya,Health,https://www.afro.who.int/health-topics,2026-07-10,0,Health topics | WHO | Regional Office for Africa
who_kenya,Health,https://www.afro.who.int/health-topics,2026-07-10,1,Skip to main content
who_kenya,Health,https://www.afro.who.int/health-topics,2026-07-10,2,Chronic respiratory diseases
who_kenya,Health,https://www.afro.who.int/health-topics,2026-07-10,3,Crimean Congo Haemorrhagic Fever
who_kenya,Health,https://www.afro.who.int/health-topics,2026-07-10,4,Expanded Special Project for Elimination of Neglected Tropical Disease
who_kenya,Health,https://www.afro.who.int/health-topics,2026-07-10,5,Female Genital Mutilation
who_kenya,Health,https://www.afro.who.int/health-topics,2026-07-10,6,Guinea-Worm Disease (Dracunculiasis)
who_kenya,Health,https://www.afro.who.int/health-topics,2026-07-10,7,Health Information System
who_kenya,Health,https://www.afro.who.int/health-topics,2026-07-10,8,Health Policies and Service Delivery
who_kenya,Health,https://www.afro.who.int/health-topics,2026-07-10,9,Health Systems Strengthening
who_kenya,Health,https://www.afro.who.int/health-topics,2026-07-10,10,Human African Trypanosomiasis
who_kenya,Health,https://www.afro.who.int/health-topics,2026-07-10,11,Integrated Disease Surveillance
who_kenya,Health,https://www.afro.who.int/health-topics,2026-07-10,12,International Health Regulations
who_kenya,Health,https://www.afro.who.int/health-topics,2026-07-10,13,Laboratories and Health Technology
who_kenya,Health,https://www.afro.who.int/health-topics,2026-07-10,14,Marburg Haemorrhagic Fever
who_kenya,Health,https://www.afro.who.int/health-topics,2026-07-10,15,Maternal and Neonatal Tetanus
who_kenya,Health,https://www.afro.who.int/health-topics,2026-07-10,16,Neglected Tropical Diseases
who_kenya,Health,https://www.afro.who.int/health-topics,2026-07-10,17,Organ Donation and Transplantation
who_kenya,Health,https://www.afro.who.int/health-topics,2026-07-10,18,Protection of the Human Environment
who_kenya,Health,https://www.afro.who.int/health-topics,2026-07-10,19,Public Health Surveillance
who_kenya,Health,https://www.afro.who.int/health-topics,2026-07-10,20,Rift Valley Fever
who_kenya,Health,https://www.afro.who.int/health-topics,2026-07-10,21,Sexual and Reproductive Health
who_kenya,Health,https://www.afro.who.int/health-topics,2026-07-10,22,Sickle Cell Disease
who_kenya,Health,https://www.afro.who.int/health-topics,2026-07-10,23,Social and Economic Determinants of Health
who_kenya,Health,https://www.afro.who.int/health-topics,2026-07-10,24,Sustainable Development Goals
who_kenya,Health,https://www.afro.who.int/health-topics,2026-07-10,25,Universal Health Coverage
who_kenya,Health,https://www.afro.who.int/health-topics,2026-07-10,26,Viral Haemorrhagic Fever
who_kenya,Health,https://www.afro.who.int/health-topics,2026-07-10,27,Yaws (Endemic treponematoses)
who_kenya,Health,https://www.afro.who.int/health-topics/cholera/outbreak/11-december-2017-kenya,2026-07-10,0,Disease outbreak - Cholera - Kenya - 11 December 2017 | WHO | Regional Office for Africa
who_kenya,Health,https://www.afro.who.int/health-topics/cholera/outbreak/11-december-2017-kenya,2026-07-10,1,Skip to main content
who_kenya,Health,https://www.afro.who.int/health-topics/cholera/outbreak/11-december-2017-kenya,2026-07-10,2,Disease outbreak - Cholera - Kenya - 11 December 2017...
who_kenya,Health,https://www.afro.who.int/health-topics/cholera/outbreak/11-december-2017-kenya,2026-07-10,3,"From 1 January though 29 November 2017, a total of 3967 laboratory-confirmed and probable cases including 76 deaths (case fatality rate = 1.9%) were reported by the Ministry of Health to WHO."
who_kenya,Health,https://www.afro.who.int/health-topics/cholera/outbreak/11-december-2017-kenya,2026-07-10,4,"Of the cases reported, 596 were laboratory confirmed."
who_kenya,Health,https://www.afro.who.int/health-topics/cholera/outbreak/11-december-2017-kenya,2026-07-10,5,Figure 1: Number of confirmed and probable cases in Kenya reported by week of illness onset from 1 January through 25 November 2017
who_kenya,Health,https://www.afro.who.int/health-topics/cholera/outbreak/11-december-2017-kenya,2026-07-10,6,(Date of illness onset is missing for 92 cases)
who_kenya,Health,https://www.afro.who.int/health-topics/cholera/outbreak/11-december-2017-kenya,2026-07-10,7,"From 1 January 2017 through 29 November, 20 of 47 counties (43%) in Kenya have reported cases."
who_kenya,Health,https://www.afro.who.int/health-topics/cholera/outbreak/11-december-2017-kenya,2026-07-10,8,"As of 29 November, seven counties continue to have active cholera outbreaks (Embu, Garissa, Kirinyaga, Mombasa, Nairobi, Turkana, and Wajir)."
who_kenya,Health,https://www.afro.who.int/health-topics/cholera/outbreak/11-december-2017-kenya,2026-07-10,9,The epidemiology of cholera for Kenya in 2017 is characterized by continuous transmission in affected communities coupled with outbreaks in camp settings and institutions or during mass gathering events.
who_kenya,Health,https://www.afro.who.int/health-topics/cholera/outbreak/11-december-2017-kenya,2026-07-10,10,"Continuous transmission in the community accounts for around 70% of the total cases with the majority of cases coming from the capital county, Nairobi."
who_kenya,Health,https://www.afro.who.int/health-topics/cholera/outbreak/11-december-2017-kenya,2026-07-10,11,"Transmission in camp settings occurred mainly within Garissa and Turkana counties, accounting for around 23% of the total reported cases."
who_kenya,Health,https://www.afro.who.int/health-topics/cholera/outbreak/11-december-2017-kenya,2026-07-10,12,"Both counties host big refugee camps, namely Dadaab and Kakuma refugee camps."
who_kenya,Health,https://www.afro.who.int/health-topics/cholera/outbreak/11-december-2017-kenya,2026-07-10,13,Refugees in these camps come from countries currently experiencing complex emergencies and large cholera outbreaks.
who_kenya,Health,https://www.afro.who.int/health-topics/cholera/outbreak/11-december-2017-kenya,2026-07-10,14,"Seven percent of cases occurred in institutions and mass gathering events, where a number of people get infected from a point source."
who_kenya,Health,https://www.afro.who.int/health-topics/cholera/outbreak/11-december-2017-kenya,2026-07-10,15,"The country experiences cholera outbreaks every year; however, large cyclical epidemics occur approximately every five to seven years and last for two to three years."
who_kenya,Health,https://www.afro.who.int/health-topics/cholera/outbreak/11-december-2017-kenya,2026-07-10,16,Public health response
who_kenya,Health,https://www.afro.who.int/health-topics/cholera/outbreak/11-december-2017-kenya,2026-07-10,17,The country has activated the national task force to coordinate the outbreak response activities.
who_kenya,Health,https://www.afro.who.int/health-topics/cholera/outbreak/11-december-2017-kenya,2026-07-10,18,"Since January 2017, WHO and other partners have been providing technical support to the country to control of the outbreak."
who_kenya,Health,https://www.afro.who.int/health-topics/cholera/outbreak/11-december-2017-kenya,2026-07-10,19,"Following the development of the national response plan, WHO and other partners supported the country to scale-up the outbreak response activities such as surveillance, case management, and social mobilization."
who_kenya,Health,https://www.afro.who.int/health-topics/cholera/outbreak/11-december-2017-kenya,2026-07-10,20,"This was also coupled with the improvement of food hygiene standards and promotion of safe food handling, besides scaling-up Water, Sanitation, and Hygiene (WASH) related activities."
who_kenya,Health,https://www.afro.who.int/health-topics/cholera/outbreak/11-december-2017-kenya,2026-07-10,21,This resulted in a decline in the number of cholera cases.
who_kenya,Health,https://www.afro.who.int/health-topics/cholera/outbreak/11-december-2017-kenya,2026-07-10,22,WHO risk assessment
who_kenya,Health,https://www.afro.who.int/health-topics/cholera/outbreak/11-december-2017-kenya,2026-07-10,23,"Despite the decline in the number of cases reported, the outbreak appears to be clustered around two major types of settings."
who_kenya,Health,https://www.afro.who.int/health-topics/cholera/outbreak/11-december-2017-kenya,2026-07-10,24,"First, the refugee camps particularly Kakuma and Dadaab, and second in the populous Nairobi capital county."
who_kenya,Health,https://www.afro.who.int/health-topics/cholera/outbreak/11-december-2017-kenya,2026-07-10,25,"Both settings are concerning, considering the overcrowded conditions and limited access to care in the first setting, and the high population density in the second setting."
who_kenya,Health,https://www.afro.who.int/health-topics/cholera/outbreak/11-december-2017-kenya,2026-07-10,26,This could enable the spread of the outbreak to other districts.
who_kenya,Health,https://www.afro.who.int/health-topics/cholera/outbreak/11-december-2017-kenya,2026-07-10,27,"Also, previous outbreaks have shown that cases increase during the rainy season, which has started recently."
who_kenya,Health,https://www.afro.who.int/health-topics/cholera/outbreak/11-december-2017-kenya,2026-07-10,28,"In addition, various physical, social, political, and environmental factors increase the vulnerability and the susceptibility of the country’s population to the cholera outbreaks."
who_kenya,Health,https://www.afro.who.int/health-topics/cholera/outbreak/11-december-2017-kenya,2026-07-10,29,"These include regional drought, conflict, and insecurity in the Horn of Africa, and the increased movement within and to the country by people fleeing conflicts in Somalia and South Sudan."
who_kenya,Health,https://www.afro.who.int/health-topics/cholera/outbreak/11-december-2017-kenya,2026-07-10,30,"Overall, the risk of the current outbreak is assessed as high at the national level and low at the regional and global levels."
who_kenya,Health,https://www.afro.who.int/health-topics/cholera/outbreak/11-december-2017-kenya,2026-07-10,31,WHO recommends proper and timely case management in cholera treatment centres.
who_kenya,Health,https://www.afro.who.int/health-topics/cholera/outbreak/11-december-2017-kenya,2026-07-10,32,"The affected communities should have improved access to water, effective sanitation, proper waste management, and enhanced hygiene and food safety practices."
who_kenya,Health,https://www.afro.who.int/health-topics/cholera/outbreak/11-december-2017-kenya,2026-07-10,33,Key public health communication messages should be provided.
who_kenya,Health,https://www.afro.who.int/health-topics/cholera/outbreak/11-december-2017-kenya,2026-07-10,34,WHO encourages travellers to the affected area to take proper hygiene precautions to prevent potential exposure.
who_kenya,Health,https://www.afro.who.int/health-topics/cholera/outbreak/11-december-2017-kenya,2026-07-10,35,WHO does not recommend any restriction on travel and trade to Kenya based on the information available on the current outbreak.
who_kenya,Health,https://www.afro.who.int/health-topics/cholera/outbreak/11-december-2017-kenya,2026-07-10,36,WHO fact sheet on cholera
who_kenya,Health,https://www.afro.who.int/health-topics/cholera/outbreak/21-july-2017-kenya,2026-07-10,0,Disease outbreak - Cholera - Kenya - 21 July 2017 | WHO | Regional Office for Africa
who_kenya,Health,https://www.afro.who.int/health-topics/cholera/outbreak/21-july-2017-kenya,2026-07-10,1,Skip to main content
who_kenya,Health,https://www.afro.who.int/health-topics/cholera/outbreak/21-july-2017-kenya,2026-07-10,2,Disease outbreak - Cholera - Kenya - 21 July 2017
who_kenya,Health,https://www.afro.who.int/health-topics/cholera/outbreak/21-july-2017-kenya,2026-07-10,3,"Since the beginning of 2017, Kenya is experiencing an upsurge of cholera cases."
who_kenya,Health,https://www.afro.who.int/health-topics/cholera/outbreak/21-july-2017-kenya,2026-07-10,4,The first cholera outbreak reported in 2017 was in Tana River County.
who_kenya,Health,https://www.afro.who.int/health-topics/cholera/outbreak/21-july-2017-kenya,2026-07-10,5,The outbreak started on 10 October 2016 and was controlled by April 2017.
who_kenya,Health,https://www.afro.who.int/health-topics/cholera/outbreak/21-july-2017-kenya,2026-07-10,6,"A second wave of cholera outbreaks started in Garissa County on 2 April 2017 and was reported later in nine other counties including Nairobi, Murang’a, Vihiga, Mombasa, Turkana, Kericho, Nakuru, Kiambu, and Narok."
who_kenya,Health,https://www.afro.who.int/health-topics/cholera/outbreak/21-july-2017-kenya,2026-07-10,7,The outbreak is being reported in the general population and in refugee camps.
who_kenya,Health,https://www.afro.who.int/health-topics/cholera/outbreak/21-july-2017-kenya,2026-07-10,8,"In Garissa County, the outbreak is affecting mainly Dadaab refugee camps and cases and deaths are being reported from Hagadera, Dagahaleh, and IFO2 camps."
who_kenya,Health,https://www.afro.who.int/health-topics/cholera/outbreak/21-july-2017-kenya,2026-07-10,9,"In Turkana county, the disease is also affecting Kakuma and Kalobeyei refugee camps."
who_kenya,Health,https://www.afro.who.int/health-topics/cholera/outbreak/21-july-2017-kenya,2026-07-10,10,"In addition to the outbreak reported in the general population, there have been two point source cholera outbreaks in Nairobi County."
who_kenya,Health,https://www.afro.who.int/health-topics/cholera/outbreak/21-july-2017-kenya,2026-07-10,11,One occurred among participants attending a conference in a Nairobi hotel on 22 June 2017.
who_kenya,Health,https://www.afro.who.int/health-topics/cholera/outbreak/21-july-2017-kenya,2026-07-10,12,A total of 146 patients associated with this outbreak have been treated in different hospitals in Nairobi.
who_kenya,Health,https://www.afro.who.int/health-topics/cholera/outbreak/21-july-2017-kenya,2026-07-10,13,A second outbreak occurred at the China Trade Fair held at the KICC Tsavo Ball between 10 and 12 July 2017.
who_kenya,Health,https://www.afro.who.int/health-topics/cholera/outbreak/21-july-2017-kenya,2026-07-10,14,A total of 136 cases were reported and one death.
who_kenya,Health,https://www.afro.who.int/health-topics/cholera/outbreak/21-july-2017-kenya,2026-07-10,15,"Currently, the outbreak is active in two counties, namely Garissa and Nairobi."
who_kenya,Health,https://www.afro.who.int/health-topics/cholera/outbreak/21-july-2017-kenya,2026-07-10,16,"As of 17 July 2017, a total of 1216 suspected cases including 14 deaths (case fatality rate: 1.2%) have been reported since 1 January 2017."
who_kenya,Health,https://www.afro.who.int/health-topics/cholera/outbreak/21-july-2017-kenya,2026-07-10,17,"In the week ending 16 July 2017, a total of 38 cases with no deaths were reported."
who_kenya,Health,https://www.afro.who.int/health-topics/cholera/outbreak/21-july-2017-kenya,2026-07-10,18,A total of 124 cases tested positive for Vibrio cholerae in the reference laboratory.
who_kenya,Health,https://www.afro.who.int/health-topics/cholera/outbreak/21-july-2017-kenya,2026-07-10,19,"In the week ending 25 June 2017, 18 samples out of 25 tested positive for Vibrio cholerae Ogawa by culture at the National Public Health Laboratory in Nairobi."
who_kenya,Health,https://www.afro.who.int/health-topics/cholera/outbreak/21-july-2017-kenya,2026-07-10,20,"The main causative factors of the current outbreak include the high population density that is conducive to the propagation and spread of the disease, mass gatherings (a wedding party held in Karen and in a hotel during an international conference), low access to safe water and proper sanitation and the massive population movements in country and with neighbouring countries."
who_kenya,Health,https://www.afro.who.int/health-topics/cholera/outbreak/21-july-2017-kenya,2026-07-10,21,"Since December 2014, the Republic of Kenya has been experiencing continuous large outbreaks of cholera, with a cumulative total of 17 597 cases reported (10 568 cases reported in 2015 and 6448 in 2016)."
who_kenya,Health,https://www.afro.who.int/health-topics/cholera/outbreak/21-july-2017-kenya,2026-07-10,22,Public health response
who_kenya,Health,https://www.afro.who.int/health-topics/cholera/outbreak/21-july-2017-kenya,2026-07-10,23,The country has activated the national task force to coordinate the response to the outbreak.
who_kenya,Health,https://www.afro.who.int/health-topics/cholera/outbreak/21-july-2017-kenya,2026-07-10,24,"Since January 2017, WHO and partners are providing technical support to the country for the control of the outbreak."
who_kenya,Health,https://www.afro.who.int/health-topics/cholera/outbreak/21-july-2017-kenya,2026-07-10,25,The country will develop a response plan with focus on the preparedness interventions to avert further spread of the outbreak.
who_kenya,Health,https://www.afro.who.int/health-topics/cholera/outbreak/21-july-2017-kenya,2026-07-10,26,The WHO country office will repurpose their staff members and experts deployed in Nairobi for the management of the post El Niño effects in the Horn of Africa to support the quick control of this outbreak.
who_kenya,Health,https://www.afro.who.int/health-topics/cholera/outbreak/21-july-2017-kenya,2026-07-10,27,WHO will also support the five most at risk counties with disease surveillance and response coordination.
who_kenya,Health,https://www.afro.who.int/health-topics/cholera/outbreak/21-july-2017-kenya,2026-07-10,28,Partners on the ground are committed to provide support to the ongoing response efforts including support to primary health care and social mobilization by United Nations Children’s Fund (UNICEF).
who_kenya,Health,https://www.afro.who.int/health-topics/cholera/outbreak/21-july-2017-kenya,2026-07-10,29,WHO risk assessment
who_kenya,Health,https://www.afro.who.int/health-topics/cholera/outbreak/21-july-2017-kenya,2026-07-10,30,Cholera is an acute enteric infection caused by the ingestion of bacterium Vibrio cholerae present in faecally contaminated water or food.
who_kenya,Health,https://www.afro.who.int/health-topics/cholera/outbreak/21-july-2017-kenya,2026-07-10,31,It is primarily linked to insufficient access to safe water and adequate sanitation.
who_kenya,Health,https://www.afro.who.int/health-topics/cholera/outbreak/21-july-2017-kenya,2026-07-10,32,Cholera is always considered a potentially serious infectious disease and can cause high morbidity and mortality.
who_kenya,Health,https://www.afro.who.int/health-topics/cholera/outbreak/21-july-2017-kenya,2026-07-10,33,"It has the potential to spread rapidly, depending on the exposure frequency, population exposed and the context."
who_kenya,Health,https://www.afro.who.int/health-topics/cholera/outbreak/21-july-2017-kenya,2026-07-10,34,Cholera outbreaks have been reported in the Republic of Kenya every year with large cyclical epidemics every five to seven years.
who_kenya,Health,https://www.afro.who.int/health-topics/cholera/outbreak/21-july-2017-kenya,2026-07-10,35,The risk of the current outbreak is assessed as high at national and regional levels and moderate at global level.
who_kenya,Health,https://www.afro.who.int/health-topics/cholera/outbreak/21-july-2017-kenya,2026-07-10,36,"The outbreak occurred in the context of a sub-regional drought, conflicts and insecurity in the Horn of Africa."
who_kenya,Health,https://www.afro.who.int/health-topics/cholera/outbreak/21-july-2017-kenya,2026-07-10,37,"In addition, the outbreak is affecting the densely populated capital city Nairobi, and two large refugee camps (Kakuma and Dadaab) with massive population movements within country and between neighbouring countries."
who_kenya,Health,https://www.afro.who.int/health-topics/cholera/outbreak/21-july-2017-kenya,2026-07-10,38,"Previous large outbreaks in the Republic of Kenya have originated from similar settings, and the risk for propagation of cholera within the affected area as well as to other parts of the country is high."
who_kenya,Health,https://www.afro.who.int/health-topics/cholera/outbreak/21-july-2017-kenya,2026-07-10,39,The country has identified a limited capacity for response and low access to safe water.
who_kenya,Health,https://www.afro.who.int/health-topics/cholera/outbreak/21-july-2017-kenya,2026-07-10,40,There is an opportunity to implement early preparedness and response measures to contain the outbreak and prevent spread.
who_kenya,Health,https://www.afro.who.int/health-topics/cholera/outbreak/21-july-2017-kenya,2026-07-10,41,The current outbreaks linked to mass gathering activities poses additional risk of food safety as well as the need to conduct sanitary inspection in restaurants and hotels.
who_kenya,Health,https://www.afro.who.int/health-topics/cholera/outbreak/21-july-2017-kenya,2026-07-10,42,WHO recommends improving the readiness of counties and health facilities to early detect and respond to the cholera outbreak as well as the reinforcement of coordination and multisectoral approaches.
who_kenya,Health,https://www.afro.who.int/health-topics/cholera/outbreak/21-july-2017-kenya,2026-07-10,43,"In addition, hygiene practices in households, restaurant, hotels, refugee camps and health facilities should be improved and food safety interventions should be strengthened."
who_kenya,Health,https://www.afro.who.int/health-topics/cholera/outbreak/21-july-2017-kenya,2026-07-10,44,WHO does not recommend any restriction on travel and trade to the Republic of Kenya based on the information available on the current outbreak.
ntsa,Security,https://www.ntsa.go.ke/,2026-07-10,0,NTSA | Keep Our Roads Safe
